ARM GAS  C:\Users\MyPC\AppData\Local\Temp\ccdWaBxv.s 			page 1


   1              		.cpu cortex-m4
   2              		.arch armv7e-m
   3              		.fpu fpv4-sp-d16
   4              		.eabi_attribute 27, 1
   5              		.eabi_attribute 28, 1
   6              		.eabi_attribute 20, 1
   7              		.eabi_attribute 21, 1
   8              		.eabi_attribute 23, 3
   9              		.eabi_attribute 24, 1
  10              		.eabi_attribute 25, 1
  11              		.eabi_attribute 26, 1
  12              		.eabi_attribute 30, 1
  13              		.eabi_attribute 34, 1
  14              		.eabi_attribute 18, 4
  15              		.file	"stm32g4xx_hal_flash_ex.c"
  16              		.text
  17              	.Ltext0:
  18              		.cfi_sections	.debug_frame
  19              		.file 1 "Drivers/STM32G4xx_HAL_Driver/Src/stm32g4xx_hal_flash_ex.c"
  20              		.section	.text.FLASH_MassErase,"ax",%progbits
  21              		.align	1
  22              		.syntax unified
  23              		.thumb
  24              		.thumb_func
  26              	FLASH_MassErase:
  27              	.LVL0:
  28              	.LFB139:
   1:Drivers/STM32G4xx_HAL_Driver/Src/stm32g4xx_hal_flash_ex.c **** /**
   2:Drivers/STM32G4xx_HAL_Driver/Src/stm32g4xx_hal_flash_ex.c ****   ******************************************************************************
   3:Drivers/STM32G4xx_HAL_Driver/Src/stm32g4xx_hal_flash_ex.c ****   * @file    stm32g4xx_hal_flash_ex.c
   4:Drivers/STM32G4xx_HAL_Driver/Src/stm32g4xx_hal_flash_ex.c ****   * @author  MCD Application Team
   5:Drivers/STM32G4xx_HAL_Driver/Src/stm32g4xx_hal_flash_ex.c ****   * @brief   Extended FLASH HAL module driver.
   6:Drivers/STM32G4xx_HAL_Driver/Src/stm32g4xx_hal_flash_ex.c ****   *          This file provides firmware functions to manage the following
   7:Drivers/STM32G4xx_HAL_Driver/Src/stm32g4xx_hal_flash_ex.c ****   *          functionalities of the FLASH extended peripheral:
   8:Drivers/STM32G4xx_HAL_Driver/Src/stm32g4xx_hal_flash_ex.c ****   *           + Extended programming operations functions
   9:Drivers/STM32G4xx_HAL_Driver/Src/stm32g4xx_hal_flash_ex.c ****   *
  10:Drivers/STM32G4xx_HAL_Driver/Src/stm32g4xx_hal_flash_ex.c ****   @verbatim
  11:Drivers/STM32G4xx_HAL_Driver/Src/stm32g4xx_hal_flash_ex.c ****   ==============================================================================
  12:Drivers/STM32G4xx_HAL_Driver/Src/stm32g4xx_hal_flash_ex.c ****                    ##### Flash Extended features #####
  13:Drivers/STM32G4xx_HAL_Driver/Src/stm32g4xx_hal_flash_ex.c ****   ==============================================================================
  14:Drivers/STM32G4xx_HAL_Driver/Src/stm32g4xx_hal_flash_ex.c **** 
  15:Drivers/STM32G4xx_HAL_Driver/Src/stm32g4xx_hal_flash_ex.c ****   [..] Comparing to other previous devices, the FLASH interface for STM32G4xx
  16:Drivers/STM32G4xx_HAL_Driver/Src/stm32g4xx_hal_flash_ex.c ****        devices contains the following additional features
  17:Drivers/STM32G4xx_HAL_Driver/Src/stm32g4xx_hal_flash_ex.c **** 
  18:Drivers/STM32G4xx_HAL_Driver/Src/stm32g4xx_hal_flash_ex.c ****        (+) Capacity up to 512 Kbytes with dual bank architecture supporting read-while-write
  19:Drivers/STM32G4xx_HAL_Driver/Src/stm32g4xx_hal_flash_ex.c ****            capability (RWW)
  20:Drivers/STM32G4xx_HAL_Driver/Src/stm32g4xx_hal_flash_ex.c ****        (+) Dual bank 64-bits memory organization with possibility of single bank 128-bits
  21:Drivers/STM32G4xx_HAL_Driver/Src/stm32g4xx_hal_flash_ex.c ****        (+) Protected areas including WRP, PCROP and Securable memory
  22:Drivers/STM32G4xx_HAL_Driver/Src/stm32g4xx_hal_flash_ex.c **** 
  23:Drivers/STM32G4xx_HAL_Driver/Src/stm32g4xx_hal_flash_ex.c ****                         ##### How to use this driver #####
  24:Drivers/STM32G4xx_HAL_Driver/Src/stm32g4xx_hal_flash_ex.c ****   ==============================================================================
  25:Drivers/STM32G4xx_HAL_Driver/Src/stm32g4xx_hal_flash_ex.c ****   [..] This driver provides functions to configure and program the FLASH memory
  26:Drivers/STM32G4xx_HAL_Driver/Src/stm32g4xx_hal_flash_ex.c ****        of all STM32G4xx devices. It includes
  27:Drivers/STM32G4xx_HAL_Driver/Src/stm32g4xx_hal_flash_ex.c ****       (#) Flash Memory Erase functions:
  28:Drivers/STM32G4xx_HAL_Driver/Src/stm32g4xx_hal_flash_ex.c ****            (++) Lock and Unlock the FLASH interface using HAL_FLASH_Unlock() and
  29:Drivers/STM32G4xx_HAL_Driver/Src/stm32g4xx_hal_flash_ex.c ****                 HAL_FLASH_Lock() functions
  30:Drivers/STM32G4xx_HAL_Driver/Src/stm32g4xx_hal_flash_ex.c ****            (++) Erase function: Erase pages, or mass erase banks
ARM GAS  C:\Users\MyPC\AppData\Local\Temp\ccdWaBxv.s 			page 2


  31:Drivers/STM32G4xx_HAL_Driver/Src/stm32g4xx_hal_flash_ex.c ****            (++) There are two modes of erase :
  32:Drivers/STM32G4xx_HAL_Driver/Src/stm32g4xx_hal_flash_ex.c ****              (+++) Polling Mode using HAL_FLASHEx_Erase()
  33:Drivers/STM32G4xx_HAL_Driver/Src/stm32g4xx_hal_flash_ex.c ****              (+++) Interrupt Mode using HAL_FLASHEx_Erase_IT()
  34:Drivers/STM32G4xx_HAL_Driver/Src/stm32g4xx_hal_flash_ex.c **** 
  35:Drivers/STM32G4xx_HAL_Driver/Src/stm32g4xx_hal_flash_ex.c ****       (#) Option Bytes Programming function: Use HAL_FLASHEx_OBProgram() to:
  36:Drivers/STM32G4xx_HAL_Driver/Src/stm32g4xx_hal_flash_ex.c ****         (++) Configure the write protection areas (WRP)
  37:Drivers/STM32G4xx_HAL_Driver/Src/stm32g4xx_hal_flash_ex.c ****         (++) Set the Read protection Level (RDP)
  38:Drivers/STM32G4xx_HAL_Driver/Src/stm32g4xx_hal_flash_ex.c ****         (++) Program the user Option Bytes
  39:Drivers/STM32G4xx_HAL_Driver/Src/stm32g4xx_hal_flash_ex.c ****         (++) Configure the Proprietary Code ReadOut protection areas (PCROP)
  40:Drivers/STM32G4xx_HAL_Driver/Src/stm32g4xx_hal_flash_ex.c ****         (++) Configure the Securable memory areas
  41:Drivers/STM32G4xx_HAL_Driver/Src/stm32g4xx_hal_flash_ex.c ****         (++) Configure the Boot Lock
  42:Drivers/STM32G4xx_HAL_Driver/Src/stm32g4xx_hal_flash_ex.c **** 
  43:Drivers/STM32G4xx_HAL_Driver/Src/stm32g4xx_hal_flash_ex.c ****       (#) Get Option Bytes Configuration function: Use HAL_FLASHEx_OBGetConfig() to:
  44:Drivers/STM32G4xx_HAL_Driver/Src/stm32g4xx_hal_flash_ex.c ****         (++) Get the configuration of write protection areas (WRP)
  45:Drivers/STM32G4xx_HAL_Driver/Src/stm32g4xx_hal_flash_ex.c ****         (++) Get the level of read protection (RDP)
  46:Drivers/STM32G4xx_HAL_Driver/Src/stm32g4xx_hal_flash_ex.c ****         (++) Get the value of the user Option Bytes
  47:Drivers/STM32G4xx_HAL_Driver/Src/stm32g4xx_hal_flash_ex.c ****         (++) Get the configuration of Proprietary Code ReadOut Protection areas (PCROP)
  48:Drivers/STM32G4xx_HAL_Driver/Src/stm32g4xx_hal_flash_ex.c ****         (++) Get the configuration of Securable memory areas
  49:Drivers/STM32G4xx_HAL_Driver/Src/stm32g4xx_hal_flash_ex.c ****         (++) Get the status of Boot Lock
  50:Drivers/STM32G4xx_HAL_Driver/Src/stm32g4xx_hal_flash_ex.c **** 
  51:Drivers/STM32G4xx_HAL_Driver/Src/stm32g4xx_hal_flash_ex.c ****       (#) Activation of Securable memory area: Use HAL_FLASHEx_EnableSecMemProtection()
  52:Drivers/STM32G4xx_HAL_Driver/Src/stm32g4xx_hal_flash_ex.c ****         (++) Deny the access to securable memory area
  53:Drivers/STM32G4xx_HAL_Driver/Src/stm32g4xx_hal_flash_ex.c **** 
  54:Drivers/STM32G4xx_HAL_Driver/Src/stm32g4xx_hal_flash_ex.c ****       (#) Enable or disable debugger: Use HAL_FLASHEx_EnableDebugger() or
  55:Drivers/STM32G4xx_HAL_Driver/Src/stm32g4xx_hal_flash_ex.c ****           HAL_FLASHEx_DisableDebugger()
  56:Drivers/STM32G4xx_HAL_Driver/Src/stm32g4xx_hal_flash_ex.c **** 
  57:Drivers/STM32G4xx_HAL_Driver/Src/stm32g4xx_hal_flash_ex.c ****   @endverbatim
  58:Drivers/STM32G4xx_HAL_Driver/Src/stm32g4xx_hal_flash_ex.c ****   ******************************************************************************
  59:Drivers/STM32G4xx_HAL_Driver/Src/stm32g4xx_hal_flash_ex.c ****   * @attention
  60:Drivers/STM32G4xx_HAL_Driver/Src/stm32g4xx_hal_flash_ex.c ****   *
  61:Drivers/STM32G4xx_HAL_Driver/Src/stm32g4xx_hal_flash_ex.c ****   * Copyright (c) 2019 STMicroelectronics.
  62:Drivers/STM32G4xx_HAL_Driver/Src/stm32g4xx_hal_flash_ex.c ****   * All rights reserved.
  63:Drivers/STM32G4xx_HAL_Driver/Src/stm32g4xx_hal_flash_ex.c ****   *
  64:Drivers/STM32G4xx_HAL_Driver/Src/stm32g4xx_hal_flash_ex.c ****   * This software is licensed under terms that can be found in the LICENSE file in
  65:Drivers/STM32G4xx_HAL_Driver/Src/stm32g4xx_hal_flash_ex.c ****   * the root directory of this software component.
  66:Drivers/STM32G4xx_HAL_Driver/Src/stm32g4xx_hal_flash_ex.c ****   * If no LICENSE file comes with this software, it is provided AS-IS.
  67:Drivers/STM32G4xx_HAL_Driver/Src/stm32g4xx_hal_flash_ex.c ****   ******************************************************************************
  68:Drivers/STM32G4xx_HAL_Driver/Src/stm32g4xx_hal_flash_ex.c ****   */
  69:Drivers/STM32G4xx_HAL_Driver/Src/stm32g4xx_hal_flash_ex.c **** 
  70:Drivers/STM32G4xx_HAL_Driver/Src/stm32g4xx_hal_flash_ex.c **** /* Includes ------------------------------------------------------------------*/
  71:Drivers/STM32G4xx_HAL_Driver/Src/stm32g4xx_hal_flash_ex.c **** #include "stm32g4xx_hal.h"
  72:Drivers/STM32G4xx_HAL_Driver/Src/stm32g4xx_hal_flash_ex.c **** 
  73:Drivers/STM32G4xx_HAL_Driver/Src/stm32g4xx_hal_flash_ex.c **** /** @addtogroup STM32G4xx_HAL_Driver
  74:Drivers/STM32G4xx_HAL_Driver/Src/stm32g4xx_hal_flash_ex.c ****   * @{
  75:Drivers/STM32G4xx_HAL_Driver/Src/stm32g4xx_hal_flash_ex.c ****   */
  76:Drivers/STM32G4xx_HAL_Driver/Src/stm32g4xx_hal_flash_ex.c **** 
  77:Drivers/STM32G4xx_HAL_Driver/Src/stm32g4xx_hal_flash_ex.c **** /** @defgroup FLASHEx FLASHEx
  78:Drivers/STM32G4xx_HAL_Driver/Src/stm32g4xx_hal_flash_ex.c ****   * @brief FLASH Extended HAL module driver
  79:Drivers/STM32G4xx_HAL_Driver/Src/stm32g4xx_hal_flash_ex.c ****   * @{
  80:Drivers/STM32G4xx_HAL_Driver/Src/stm32g4xx_hal_flash_ex.c ****   */
  81:Drivers/STM32G4xx_HAL_Driver/Src/stm32g4xx_hal_flash_ex.c **** 
  82:Drivers/STM32G4xx_HAL_Driver/Src/stm32g4xx_hal_flash_ex.c **** #ifdef HAL_FLASH_MODULE_ENABLED
  83:Drivers/STM32G4xx_HAL_Driver/Src/stm32g4xx_hal_flash_ex.c **** 
  84:Drivers/STM32G4xx_HAL_Driver/Src/stm32g4xx_hal_flash_ex.c **** /* Private typedef -----------------------------------------------------------*/
  85:Drivers/STM32G4xx_HAL_Driver/Src/stm32g4xx_hal_flash_ex.c **** /* Private define ------------------------------------------------------------*/
  86:Drivers/STM32G4xx_HAL_Driver/Src/stm32g4xx_hal_flash_ex.c **** /* Private macro -------------------------------------------------------------*/
  87:Drivers/STM32G4xx_HAL_Driver/Src/stm32g4xx_hal_flash_ex.c **** /* Private variables ---------------------------------------------------------*/
ARM GAS  C:\Users\MyPC\AppData\Local\Temp\ccdWaBxv.s 			page 3


  88:Drivers/STM32G4xx_HAL_Driver/Src/stm32g4xx_hal_flash_ex.c **** /* Private function prototypes -----------------------------------------------*/
  89:Drivers/STM32G4xx_HAL_Driver/Src/stm32g4xx_hal_flash_ex.c **** /** @defgroup FLASHEx_Private_Functions FLASHEx Private Functions
  90:Drivers/STM32G4xx_HAL_Driver/Src/stm32g4xx_hal_flash_ex.c ****   * @{
  91:Drivers/STM32G4xx_HAL_Driver/Src/stm32g4xx_hal_flash_ex.c ****   */
  92:Drivers/STM32G4xx_HAL_Driver/Src/stm32g4xx_hal_flash_ex.c **** static void              FLASH_MassErase(uint32_t Banks);
  93:Drivers/STM32G4xx_HAL_Driver/Src/stm32g4xx_hal_flash_ex.c **** static HAL_StatusTypeDef FLASH_OB_WRPConfig(uint32_t WRPArea, uint32_t WRPStartOffset, uint32_t WRD
  94:Drivers/STM32G4xx_HAL_Driver/Src/stm32g4xx_hal_flash_ex.c **** static HAL_StatusTypeDef FLASH_OB_RDPConfig(uint32_t RDPLevel);
  95:Drivers/STM32G4xx_HAL_Driver/Src/stm32g4xx_hal_flash_ex.c **** static HAL_StatusTypeDef FLASH_OB_UserConfig(uint32_t UserType, uint32_t UserConfig);
  96:Drivers/STM32G4xx_HAL_Driver/Src/stm32g4xx_hal_flash_ex.c **** static HAL_StatusTypeDef FLASH_OB_PCROPConfig(uint32_t PCROPConfig, uint32_t PCROPStartAddr, uint32
  97:Drivers/STM32G4xx_HAL_Driver/Src/stm32g4xx_hal_flash_ex.c **** static void              FLASH_OB_GetWRP(uint32_t WRPArea, uint32_t *WRPStartOffset, uint32_t *WRDP
  98:Drivers/STM32G4xx_HAL_Driver/Src/stm32g4xx_hal_flash_ex.c **** static uint32_t          FLASH_OB_GetRDP(void);
  99:Drivers/STM32G4xx_HAL_Driver/Src/stm32g4xx_hal_flash_ex.c **** static uint32_t          FLASH_OB_GetUser(void);
 100:Drivers/STM32G4xx_HAL_Driver/Src/stm32g4xx_hal_flash_ex.c **** static void              FLASH_OB_GetPCROP(uint32_t *PCROPConfig, uint32_t *PCROPStartAddr, uint32_
 101:Drivers/STM32G4xx_HAL_Driver/Src/stm32g4xx_hal_flash_ex.c **** static HAL_StatusTypeDef FLASH_OB_SecMemConfig(uint32_t SecMemBank, uint32_t SecMemSize);
 102:Drivers/STM32G4xx_HAL_Driver/Src/stm32g4xx_hal_flash_ex.c **** static void              FLASH_OB_GetSecMem(uint32_t SecMemBank, uint32_t *SecMemSize);
 103:Drivers/STM32G4xx_HAL_Driver/Src/stm32g4xx_hal_flash_ex.c **** static HAL_StatusTypeDef FLASH_OB_BootLockConfig(uint32_t BootLockConfig);
 104:Drivers/STM32G4xx_HAL_Driver/Src/stm32g4xx_hal_flash_ex.c **** static uint32_t          FLASH_OB_GetBootLock(void);
 105:Drivers/STM32G4xx_HAL_Driver/Src/stm32g4xx_hal_flash_ex.c **** 
 106:Drivers/STM32G4xx_HAL_Driver/Src/stm32g4xx_hal_flash_ex.c **** /**
 107:Drivers/STM32G4xx_HAL_Driver/Src/stm32g4xx_hal_flash_ex.c ****   * @}
 108:Drivers/STM32G4xx_HAL_Driver/Src/stm32g4xx_hal_flash_ex.c ****   */
 109:Drivers/STM32G4xx_HAL_Driver/Src/stm32g4xx_hal_flash_ex.c **** 
 110:Drivers/STM32G4xx_HAL_Driver/Src/stm32g4xx_hal_flash_ex.c **** /* Exported functions -------------------------------------------------------*/
 111:Drivers/STM32G4xx_HAL_Driver/Src/stm32g4xx_hal_flash_ex.c **** /** @defgroup FLASHEx_Exported_Functions FLASHEx Exported Functions
 112:Drivers/STM32G4xx_HAL_Driver/Src/stm32g4xx_hal_flash_ex.c ****   * @{
 113:Drivers/STM32G4xx_HAL_Driver/Src/stm32g4xx_hal_flash_ex.c ****   */
 114:Drivers/STM32G4xx_HAL_Driver/Src/stm32g4xx_hal_flash_ex.c **** 
 115:Drivers/STM32G4xx_HAL_Driver/Src/stm32g4xx_hal_flash_ex.c **** /** @defgroup FLASHEx_Exported_Functions_Group1 Extended IO operation functions
 116:Drivers/STM32G4xx_HAL_Driver/Src/stm32g4xx_hal_flash_ex.c ****   * @brief   Extended IO operation functions
 117:Drivers/STM32G4xx_HAL_Driver/Src/stm32g4xx_hal_flash_ex.c ****   *
 118:Drivers/STM32G4xx_HAL_Driver/Src/stm32g4xx_hal_flash_ex.c **** @verbatim
 119:Drivers/STM32G4xx_HAL_Driver/Src/stm32g4xx_hal_flash_ex.c ****  ===============================================================================
 120:Drivers/STM32G4xx_HAL_Driver/Src/stm32g4xx_hal_flash_ex.c ****                 ##### Extended programming operation functions #####
 121:Drivers/STM32G4xx_HAL_Driver/Src/stm32g4xx_hal_flash_ex.c ****  ===============================================================================
 122:Drivers/STM32G4xx_HAL_Driver/Src/stm32g4xx_hal_flash_ex.c ****     [..]
 123:Drivers/STM32G4xx_HAL_Driver/Src/stm32g4xx_hal_flash_ex.c ****     This subsection provides a set of functions allowing to manage the Extended FLASH
 124:Drivers/STM32G4xx_HAL_Driver/Src/stm32g4xx_hal_flash_ex.c ****     programming operations Operations.
 125:Drivers/STM32G4xx_HAL_Driver/Src/stm32g4xx_hal_flash_ex.c **** 
 126:Drivers/STM32G4xx_HAL_Driver/Src/stm32g4xx_hal_flash_ex.c **** @endverbatim
 127:Drivers/STM32G4xx_HAL_Driver/Src/stm32g4xx_hal_flash_ex.c ****   * @{
 128:Drivers/STM32G4xx_HAL_Driver/Src/stm32g4xx_hal_flash_ex.c ****   */
 129:Drivers/STM32G4xx_HAL_Driver/Src/stm32g4xx_hal_flash_ex.c **** /**
 130:Drivers/STM32G4xx_HAL_Driver/Src/stm32g4xx_hal_flash_ex.c ****   * @brief  Perform a mass erase or erase the specified FLASH memory pages.
 131:Drivers/STM32G4xx_HAL_Driver/Src/stm32g4xx_hal_flash_ex.c ****   * @param[in]  pEraseInit pointer to an FLASH_EraseInitTypeDef structure that
 132:Drivers/STM32G4xx_HAL_Driver/Src/stm32g4xx_hal_flash_ex.c ****   *         contains the configuration information for the erasing.
 133:Drivers/STM32G4xx_HAL_Driver/Src/stm32g4xx_hal_flash_ex.c ****   * @param[out]  PageError pointer to variable that contains the configuration
 134:Drivers/STM32G4xx_HAL_Driver/Src/stm32g4xx_hal_flash_ex.c ****   *         information on faulty page in case of error (0xFFFFFFFF means that all
 135:Drivers/STM32G4xx_HAL_Driver/Src/stm32g4xx_hal_flash_ex.c ****   *         the pages have been correctly erased).
 136:Drivers/STM32G4xx_HAL_Driver/Src/stm32g4xx_hal_flash_ex.c ****   * @retval HAL_Status
 137:Drivers/STM32G4xx_HAL_Driver/Src/stm32g4xx_hal_flash_ex.c ****   */
 138:Drivers/STM32G4xx_HAL_Driver/Src/stm32g4xx_hal_flash_ex.c **** HAL_StatusTypeDef HAL_FLASHEx_Erase(FLASH_EraseInitTypeDef *pEraseInit, uint32_t *PageError)
 139:Drivers/STM32G4xx_HAL_Driver/Src/stm32g4xx_hal_flash_ex.c **** {
 140:Drivers/STM32G4xx_HAL_Driver/Src/stm32g4xx_hal_flash_ex.c ****   HAL_StatusTypeDef status;
 141:Drivers/STM32G4xx_HAL_Driver/Src/stm32g4xx_hal_flash_ex.c ****   uint32_t page_index;
 142:Drivers/STM32G4xx_HAL_Driver/Src/stm32g4xx_hal_flash_ex.c **** 
 143:Drivers/STM32G4xx_HAL_Driver/Src/stm32g4xx_hal_flash_ex.c ****   /* Check the parameters */
 144:Drivers/STM32G4xx_HAL_Driver/Src/stm32g4xx_hal_flash_ex.c ****   assert_param(IS_FLASH_TYPEERASE(pEraseInit->TypeErase));
ARM GAS  C:\Users\MyPC\AppData\Local\Temp\ccdWaBxv.s 			page 4


 145:Drivers/STM32G4xx_HAL_Driver/Src/stm32g4xx_hal_flash_ex.c **** 
 146:Drivers/STM32G4xx_HAL_Driver/Src/stm32g4xx_hal_flash_ex.c ****   /* Process Locked */
 147:Drivers/STM32G4xx_HAL_Driver/Src/stm32g4xx_hal_flash_ex.c ****   __HAL_LOCK(&pFlash);
 148:Drivers/STM32G4xx_HAL_Driver/Src/stm32g4xx_hal_flash_ex.c **** 
 149:Drivers/STM32G4xx_HAL_Driver/Src/stm32g4xx_hal_flash_ex.c ****   /* Wait for last operation to be completed */
 150:Drivers/STM32G4xx_HAL_Driver/Src/stm32g4xx_hal_flash_ex.c ****   status = FLASH_WaitForLastOperation((uint32_t)FLASH_TIMEOUT_VALUE);
 151:Drivers/STM32G4xx_HAL_Driver/Src/stm32g4xx_hal_flash_ex.c **** 
 152:Drivers/STM32G4xx_HAL_Driver/Src/stm32g4xx_hal_flash_ex.c ****   if (status == HAL_OK)
 153:Drivers/STM32G4xx_HAL_Driver/Src/stm32g4xx_hal_flash_ex.c ****   {
 154:Drivers/STM32G4xx_HAL_Driver/Src/stm32g4xx_hal_flash_ex.c ****     pFlash.ErrorCode = HAL_FLASH_ERROR_NONE;
 155:Drivers/STM32G4xx_HAL_Driver/Src/stm32g4xx_hal_flash_ex.c **** 
 156:Drivers/STM32G4xx_HAL_Driver/Src/stm32g4xx_hal_flash_ex.c ****     /* Deactivate the cache if they are activated to avoid data misbehavior */
 157:Drivers/STM32G4xx_HAL_Driver/Src/stm32g4xx_hal_flash_ex.c ****     if (READ_BIT(FLASH->ACR, FLASH_ACR_ICEN) != 0U)
 158:Drivers/STM32G4xx_HAL_Driver/Src/stm32g4xx_hal_flash_ex.c ****     {
 159:Drivers/STM32G4xx_HAL_Driver/Src/stm32g4xx_hal_flash_ex.c ****       if (READ_BIT(FLASH->ACR, FLASH_ACR_DCEN) != 0U)
 160:Drivers/STM32G4xx_HAL_Driver/Src/stm32g4xx_hal_flash_ex.c ****       {
 161:Drivers/STM32G4xx_HAL_Driver/Src/stm32g4xx_hal_flash_ex.c ****         /* Disable data cache  */
 162:Drivers/STM32G4xx_HAL_Driver/Src/stm32g4xx_hal_flash_ex.c ****         __HAL_FLASH_DATA_CACHE_DISABLE();
 163:Drivers/STM32G4xx_HAL_Driver/Src/stm32g4xx_hal_flash_ex.c ****         pFlash.CacheToReactivate = FLASH_CACHE_ICACHE_DCACHE_ENABLED;
 164:Drivers/STM32G4xx_HAL_Driver/Src/stm32g4xx_hal_flash_ex.c ****       }
 165:Drivers/STM32G4xx_HAL_Driver/Src/stm32g4xx_hal_flash_ex.c ****       else
 166:Drivers/STM32G4xx_HAL_Driver/Src/stm32g4xx_hal_flash_ex.c ****       {
 167:Drivers/STM32G4xx_HAL_Driver/Src/stm32g4xx_hal_flash_ex.c ****         pFlash.CacheToReactivate = FLASH_CACHE_ICACHE_ENABLED;
 168:Drivers/STM32G4xx_HAL_Driver/Src/stm32g4xx_hal_flash_ex.c ****       }
 169:Drivers/STM32G4xx_HAL_Driver/Src/stm32g4xx_hal_flash_ex.c ****     }
 170:Drivers/STM32G4xx_HAL_Driver/Src/stm32g4xx_hal_flash_ex.c ****     else if (READ_BIT(FLASH->ACR, FLASH_ACR_DCEN) != 0U)
 171:Drivers/STM32G4xx_HAL_Driver/Src/stm32g4xx_hal_flash_ex.c ****     {
 172:Drivers/STM32G4xx_HAL_Driver/Src/stm32g4xx_hal_flash_ex.c ****       /* Disable data cache  */
 173:Drivers/STM32G4xx_HAL_Driver/Src/stm32g4xx_hal_flash_ex.c ****       __HAL_FLASH_DATA_CACHE_DISABLE();
 174:Drivers/STM32G4xx_HAL_Driver/Src/stm32g4xx_hal_flash_ex.c ****       pFlash.CacheToReactivate = FLASH_CACHE_DCACHE_ENABLED;
 175:Drivers/STM32G4xx_HAL_Driver/Src/stm32g4xx_hal_flash_ex.c ****     }
 176:Drivers/STM32G4xx_HAL_Driver/Src/stm32g4xx_hal_flash_ex.c ****     else
 177:Drivers/STM32G4xx_HAL_Driver/Src/stm32g4xx_hal_flash_ex.c ****     {
 178:Drivers/STM32G4xx_HAL_Driver/Src/stm32g4xx_hal_flash_ex.c ****       pFlash.CacheToReactivate = FLASH_CACHE_DISABLED;
 179:Drivers/STM32G4xx_HAL_Driver/Src/stm32g4xx_hal_flash_ex.c ****     }
 180:Drivers/STM32G4xx_HAL_Driver/Src/stm32g4xx_hal_flash_ex.c **** 
 181:Drivers/STM32G4xx_HAL_Driver/Src/stm32g4xx_hal_flash_ex.c ****     if (pEraseInit->TypeErase == FLASH_TYPEERASE_MASSERASE)
 182:Drivers/STM32G4xx_HAL_Driver/Src/stm32g4xx_hal_flash_ex.c ****     {
 183:Drivers/STM32G4xx_HAL_Driver/Src/stm32g4xx_hal_flash_ex.c ****       /* Mass erase to be done */
 184:Drivers/STM32G4xx_HAL_Driver/Src/stm32g4xx_hal_flash_ex.c ****       FLASH_MassErase(pEraseInit->Banks);
 185:Drivers/STM32G4xx_HAL_Driver/Src/stm32g4xx_hal_flash_ex.c **** 
 186:Drivers/STM32G4xx_HAL_Driver/Src/stm32g4xx_hal_flash_ex.c ****       /* Wait for last operation to be completed */
 187:Drivers/STM32G4xx_HAL_Driver/Src/stm32g4xx_hal_flash_ex.c ****       status = FLASH_WaitForLastOperation((uint32_t)FLASH_TIMEOUT_VALUE);
 188:Drivers/STM32G4xx_HAL_Driver/Src/stm32g4xx_hal_flash_ex.c **** 
 189:Drivers/STM32G4xx_HAL_Driver/Src/stm32g4xx_hal_flash_ex.c **** #if defined (FLASH_OPTR_DBANK)
 190:Drivers/STM32G4xx_HAL_Driver/Src/stm32g4xx_hal_flash_ex.c ****       /* If the erase operation is completed, disable the MER1 and MER2 Bits */
 191:Drivers/STM32G4xx_HAL_Driver/Src/stm32g4xx_hal_flash_ex.c ****       CLEAR_BIT(FLASH->CR, (FLASH_CR_MER1 | FLASH_CR_MER2));
 192:Drivers/STM32G4xx_HAL_Driver/Src/stm32g4xx_hal_flash_ex.c **** #else
 193:Drivers/STM32G4xx_HAL_Driver/Src/stm32g4xx_hal_flash_ex.c ****       /* If the erase operation is completed, disable the MER1 Bit */
 194:Drivers/STM32G4xx_HAL_Driver/Src/stm32g4xx_hal_flash_ex.c ****       CLEAR_BIT(FLASH->CR, (FLASH_CR_MER1));
 195:Drivers/STM32G4xx_HAL_Driver/Src/stm32g4xx_hal_flash_ex.c **** #endif
 196:Drivers/STM32G4xx_HAL_Driver/Src/stm32g4xx_hal_flash_ex.c ****     }
 197:Drivers/STM32G4xx_HAL_Driver/Src/stm32g4xx_hal_flash_ex.c ****     else
 198:Drivers/STM32G4xx_HAL_Driver/Src/stm32g4xx_hal_flash_ex.c ****     {
 199:Drivers/STM32G4xx_HAL_Driver/Src/stm32g4xx_hal_flash_ex.c ****       /*Initialization of PageError variable*/
 200:Drivers/STM32G4xx_HAL_Driver/Src/stm32g4xx_hal_flash_ex.c ****       *PageError = 0xFFFFFFFFU;
 201:Drivers/STM32G4xx_HAL_Driver/Src/stm32g4xx_hal_flash_ex.c **** 
ARM GAS  C:\Users\MyPC\AppData\Local\Temp\ccdWaBxv.s 			page 5


 202:Drivers/STM32G4xx_HAL_Driver/Src/stm32g4xx_hal_flash_ex.c ****       for (page_index = pEraseInit->Page; page_index < (pEraseInit->Page + pEraseInit->NbPages); pa
 203:Drivers/STM32G4xx_HAL_Driver/Src/stm32g4xx_hal_flash_ex.c ****       {
 204:Drivers/STM32G4xx_HAL_Driver/Src/stm32g4xx_hal_flash_ex.c ****         FLASH_PageErase(page_index, pEraseInit->Banks);
 205:Drivers/STM32G4xx_HAL_Driver/Src/stm32g4xx_hal_flash_ex.c **** 
 206:Drivers/STM32G4xx_HAL_Driver/Src/stm32g4xx_hal_flash_ex.c ****         /* Wait for last operation to be completed */
 207:Drivers/STM32G4xx_HAL_Driver/Src/stm32g4xx_hal_flash_ex.c ****         status = FLASH_WaitForLastOperation((uint32_t)FLASH_TIMEOUT_VALUE);
 208:Drivers/STM32G4xx_HAL_Driver/Src/stm32g4xx_hal_flash_ex.c **** 
 209:Drivers/STM32G4xx_HAL_Driver/Src/stm32g4xx_hal_flash_ex.c ****         /* If the erase operation is completed, disable the PER Bit */
 210:Drivers/STM32G4xx_HAL_Driver/Src/stm32g4xx_hal_flash_ex.c ****         CLEAR_BIT(FLASH->CR, (FLASH_CR_PER | FLASH_CR_PNB));
 211:Drivers/STM32G4xx_HAL_Driver/Src/stm32g4xx_hal_flash_ex.c **** 
 212:Drivers/STM32G4xx_HAL_Driver/Src/stm32g4xx_hal_flash_ex.c ****         if (status != HAL_OK)
 213:Drivers/STM32G4xx_HAL_Driver/Src/stm32g4xx_hal_flash_ex.c ****         {
 214:Drivers/STM32G4xx_HAL_Driver/Src/stm32g4xx_hal_flash_ex.c ****           /* In case of error, stop erase procedure and return the faulty page */
 215:Drivers/STM32G4xx_HAL_Driver/Src/stm32g4xx_hal_flash_ex.c ****           *PageError = page_index;
 216:Drivers/STM32G4xx_HAL_Driver/Src/stm32g4xx_hal_flash_ex.c ****           break;
 217:Drivers/STM32G4xx_HAL_Driver/Src/stm32g4xx_hal_flash_ex.c ****         }
 218:Drivers/STM32G4xx_HAL_Driver/Src/stm32g4xx_hal_flash_ex.c ****       }
 219:Drivers/STM32G4xx_HAL_Driver/Src/stm32g4xx_hal_flash_ex.c ****     }
 220:Drivers/STM32G4xx_HAL_Driver/Src/stm32g4xx_hal_flash_ex.c **** 
 221:Drivers/STM32G4xx_HAL_Driver/Src/stm32g4xx_hal_flash_ex.c ****     /* Flush the caches to be sure of the data consistency */
 222:Drivers/STM32G4xx_HAL_Driver/Src/stm32g4xx_hal_flash_ex.c ****     FLASH_FlushCaches();
 223:Drivers/STM32G4xx_HAL_Driver/Src/stm32g4xx_hal_flash_ex.c ****   }
 224:Drivers/STM32G4xx_HAL_Driver/Src/stm32g4xx_hal_flash_ex.c **** 
 225:Drivers/STM32G4xx_HAL_Driver/Src/stm32g4xx_hal_flash_ex.c ****   /* Process Unlocked */
 226:Drivers/STM32G4xx_HAL_Driver/Src/stm32g4xx_hal_flash_ex.c ****   __HAL_UNLOCK(&pFlash);
 227:Drivers/STM32G4xx_HAL_Driver/Src/stm32g4xx_hal_flash_ex.c **** 
 228:Drivers/STM32G4xx_HAL_Driver/Src/stm32g4xx_hal_flash_ex.c ****   return status;
 229:Drivers/STM32G4xx_HAL_Driver/Src/stm32g4xx_hal_flash_ex.c **** }
 230:Drivers/STM32G4xx_HAL_Driver/Src/stm32g4xx_hal_flash_ex.c **** 
 231:Drivers/STM32G4xx_HAL_Driver/Src/stm32g4xx_hal_flash_ex.c **** /**
 232:Drivers/STM32G4xx_HAL_Driver/Src/stm32g4xx_hal_flash_ex.c ****   * @brief  Perform a mass erase or erase the specified FLASH memory pages with interrupt enabled.
 233:Drivers/STM32G4xx_HAL_Driver/Src/stm32g4xx_hal_flash_ex.c ****   * @param  pEraseInit pointer to an FLASH_EraseInitTypeDef structure that
 234:Drivers/STM32G4xx_HAL_Driver/Src/stm32g4xx_hal_flash_ex.c ****   *         contains the configuration information for the erasing.
 235:Drivers/STM32G4xx_HAL_Driver/Src/stm32g4xx_hal_flash_ex.c ****   * @retval HAL_Status
 236:Drivers/STM32G4xx_HAL_Driver/Src/stm32g4xx_hal_flash_ex.c ****   */
 237:Drivers/STM32G4xx_HAL_Driver/Src/stm32g4xx_hal_flash_ex.c **** HAL_StatusTypeDef HAL_FLASHEx_Erase_IT(FLASH_EraseInitTypeDef *pEraseInit)
 238:Drivers/STM32G4xx_HAL_Driver/Src/stm32g4xx_hal_flash_ex.c **** {
 239:Drivers/STM32G4xx_HAL_Driver/Src/stm32g4xx_hal_flash_ex.c ****   HAL_StatusTypeDef status = HAL_OK;
 240:Drivers/STM32G4xx_HAL_Driver/Src/stm32g4xx_hal_flash_ex.c **** 
 241:Drivers/STM32G4xx_HAL_Driver/Src/stm32g4xx_hal_flash_ex.c ****   /* Process Locked */
 242:Drivers/STM32G4xx_HAL_Driver/Src/stm32g4xx_hal_flash_ex.c ****   __HAL_LOCK(&pFlash);
 243:Drivers/STM32G4xx_HAL_Driver/Src/stm32g4xx_hal_flash_ex.c **** 
 244:Drivers/STM32G4xx_HAL_Driver/Src/stm32g4xx_hal_flash_ex.c ****   /* Check the parameters */
 245:Drivers/STM32G4xx_HAL_Driver/Src/stm32g4xx_hal_flash_ex.c ****   assert_param(IS_FLASH_TYPEERASE(pEraseInit->TypeErase));
 246:Drivers/STM32G4xx_HAL_Driver/Src/stm32g4xx_hal_flash_ex.c **** 
 247:Drivers/STM32G4xx_HAL_Driver/Src/stm32g4xx_hal_flash_ex.c ****   pFlash.ErrorCode = HAL_FLASH_ERROR_NONE;
 248:Drivers/STM32G4xx_HAL_Driver/Src/stm32g4xx_hal_flash_ex.c **** 
 249:Drivers/STM32G4xx_HAL_Driver/Src/stm32g4xx_hal_flash_ex.c ****   /* Deactivate the cache if they are activated to avoid data misbehavior */
 250:Drivers/STM32G4xx_HAL_Driver/Src/stm32g4xx_hal_flash_ex.c ****   if (READ_BIT(FLASH->ACR, FLASH_ACR_ICEN) != 0U)
 251:Drivers/STM32G4xx_HAL_Driver/Src/stm32g4xx_hal_flash_ex.c ****   {
 252:Drivers/STM32G4xx_HAL_Driver/Src/stm32g4xx_hal_flash_ex.c ****     if (READ_BIT(FLASH->ACR, FLASH_ACR_DCEN) != 0U)
 253:Drivers/STM32G4xx_HAL_Driver/Src/stm32g4xx_hal_flash_ex.c ****     {
 254:Drivers/STM32G4xx_HAL_Driver/Src/stm32g4xx_hal_flash_ex.c ****       /* Disable data cache  */
 255:Drivers/STM32G4xx_HAL_Driver/Src/stm32g4xx_hal_flash_ex.c ****       __HAL_FLASH_DATA_CACHE_DISABLE();
 256:Drivers/STM32G4xx_HAL_Driver/Src/stm32g4xx_hal_flash_ex.c ****       pFlash.CacheToReactivate = FLASH_CACHE_ICACHE_DCACHE_ENABLED;
 257:Drivers/STM32G4xx_HAL_Driver/Src/stm32g4xx_hal_flash_ex.c ****     }
 258:Drivers/STM32G4xx_HAL_Driver/Src/stm32g4xx_hal_flash_ex.c ****     else
ARM GAS  C:\Users\MyPC\AppData\Local\Temp\ccdWaBxv.s 			page 6


 259:Drivers/STM32G4xx_HAL_Driver/Src/stm32g4xx_hal_flash_ex.c ****     {
 260:Drivers/STM32G4xx_HAL_Driver/Src/stm32g4xx_hal_flash_ex.c ****       pFlash.CacheToReactivate = FLASH_CACHE_ICACHE_ENABLED;
 261:Drivers/STM32G4xx_HAL_Driver/Src/stm32g4xx_hal_flash_ex.c ****     }
 262:Drivers/STM32G4xx_HAL_Driver/Src/stm32g4xx_hal_flash_ex.c ****   }
 263:Drivers/STM32G4xx_HAL_Driver/Src/stm32g4xx_hal_flash_ex.c ****   else if (READ_BIT(FLASH->ACR, FLASH_ACR_DCEN) != 0U)
 264:Drivers/STM32G4xx_HAL_Driver/Src/stm32g4xx_hal_flash_ex.c ****   {
 265:Drivers/STM32G4xx_HAL_Driver/Src/stm32g4xx_hal_flash_ex.c ****     /* Disable data cache  */
 266:Drivers/STM32G4xx_HAL_Driver/Src/stm32g4xx_hal_flash_ex.c ****     __HAL_FLASH_DATA_CACHE_DISABLE();
 267:Drivers/STM32G4xx_HAL_Driver/Src/stm32g4xx_hal_flash_ex.c ****     pFlash.CacheToReactivate = FLASH_CACHE_DCACHE_ENABLED;
 268:Drivers/STM32G4xx_HAL_Driver/Src/stm32g4xx_hal_flash_ex.c ****   }
 269:Drivers/STM32G4xx_HAL_Driver/Src/stm32g4xx_hal_flash_ex.c ****   else
 270:Drivers/STM32G4xx_HAL_Driver/Src/stm32g4xx_hal_flash_ex.c ****   {
 271:Drivers/STM32G4xx_HAL_Driver/Src/stm32g4xx_hal_flash_ex.c ****     pFlash.CacheToReactivate = FLASH_CACHE_DISABLED;
 272:Drivers/STM32G4xx_HAL_Driver/Src/stm32g4xx_hal_flash_ex.c ****   }
 273:Drivers/STM32G4xx_HAL_Driver/Src/stm32g4xx_hal_flash_ex.c **** 
 274:Drivers/STM32G4xx_HAL_Driver/Src/stm32g4xx_hal_flash_ex.c ****   /* Enable End of Operation and Error interrupts */
 275:Drivers/STM32G4xx_HAL_Driver/Src/stm32g4xx_hal_flash_ex.c ****   __HAL_FLASH_ENABLE_IT(FLASH_IT_EOP | FLASH_IT_OPERR);
 276:Drivers/STM32G4xx_HAL_Driver/Src/stm32g4xx_hal_flash_ex.c **** 
 277:Drivers/STM32G4xx_HAL_Driver/Src/stm32g4xx_hal_flash_ex.c ****   pFlash.Bank = pEraseInit->Banks;
 278:Drivers/STM32G4xx_HAL_Driver/Src/stm32g4xx_hal_flash_ex.c **** 
 279:Drivers/STM32G4xx_HAL_Driver/Src/stm32g4xx_hal_flash_ex.c ****   if (pEraseInit->TypeErase == FLASH_TYPEERASE_MASSERASE)
 280:Drivers/STM32G4xx_HAL_Driver/Src/stm32g4xx_hal_flash_ex.c ****   {
 281:Drivers/STM32G4xx_HAL_Driver/Src/stm32g4xx_hal_flash_ex.c ****     /* Mass erase to be done */
 282:Drivers/STM32G4xx_HAL_Driver/Src/stm32g4xx_hal_flash_ex.c ****     pFlash.ProcedureOnGoing = FLASH_PROC_MASS_ERASE;
 283:Drivers/STM32G4xx_HAL_Driver/Src/stm32g4xx_hal_flash_ex.c ****     FLASH_MassErase(pEraseInit->Banks);
 284:Drivers/STM32G4xx_HAL_Driver/Src/stm32g4xx_hal_flash_ex.c ****   }
 285:Drivers/STM32G4xx_HAL_Driver/Src/stm32g4xx_hal_flash_ex.c ****   else
 286:Drivers/STM32G4xx_HAL_Driver/Src/stm32g4xx_hal_flash_ex.c ****   {
 287:Drivers/STM32G4xx_HAL_Driver/Src/stm32g4xx_hal_flash_ex.c ****     /* Erase by page to be done */
 288:Drivers/STM32G4xx_HAL_Driver/Src/stm32g4xx_hal_flash_ex.c ****     pFlash.ProcedureOnGoing = FLASH_PROC_PAGE_ERASE;
 289:Drivers/STM32G4xx_HAL_Driver/Src/stm32g4xx_hal_flash_ex.c ****     pFlash.NbPagesToErase = pEraseInit->NbPages;
 290:Drivers/STM32G4xx_HAL_Driver/Src/stm32g4xx_hal_flash_ex.c ****     pFlash.Page = pEraseInit->Page;
 291:Drivers/STM32G4xx_HAL_Driver/Src/stm32g4xx_hal_flash_ex.c **** 
 292:Drivers/STM32G4xx_HAL_Driver/Src/stm32g4xx_hal_flash_ex.c ****     /*Erase 1st page and wait for IT */
 293:Drivers/STM32G4xx_HAL_Driver/Src/stm32g4xx_hal_flash_ex.c ****     FLASH_PageErase(pEraseInit->Page, pEraseInit->Banks);
 294:Drivers/STM32G4xx_HAL_Driver/Src/stm32g4xx_hal_flash_ex.c ****   }
 295:Drivers/STM32G4xx_HAL_Driver/Src/stm32g4xx_hal_flash_ex.c **** 
 296:Drivers/STM32G4xx_HAL_Driver/Src/stm32g4xx_hal_flash_ex.c ****   return status;
 297:Drivers/STM32G4xx_HAL_Driver/Src/stm32g4xx_hal_flash_ex.c **** }
 298:Drivers/STM32G4xx_HAL_Driver/Src/stm32g4xx_hal_flash_ex.c **** 
 299:Drivers/STM32G4xx_HAL_Driver/Src/stm32g4xx_hal_flash_ex.c **** /**
 300:Drivers/STM32G4xx_HAL_Driver/Src/stm32g4xx_hal_flash_ex.c ****   * @brief  Program Option bytes.
 301:Drivers/STM32G4xx_HAL_Driver/Src/stm32g4xx_hal_flash_ex.c ****   * @param  pOBInit pointer to an FLASH_OBInitStruct structure that
 302:Drivers/STM32G4xx_HAL_Driver/Src/stm32g4xx_hal_flash_ex.c ****   *         contains the configuration information for the programming.
 303:Drivers/STM32G4xx_HAL_Driver/Src/stm32g4xx_hal_flash_ex.c ****   * @note   To configure any option bytes, the option lock bit OPTLOCK must be
 304:Drivers/STM32G4xx_HAL_Driver/Src/stm32g4xx_hal_flash_ex.c ****   *         cleared with the call of HAL_FLASH_OB_Unlock() function.
 305:Drivers/STM32G4xx_HAL_Driver/Src/stm32g4xx_hal_flash_ex.c ****   * @note   New option bytes configuration will be taken into account in two cases:
 306:Drivers/STM32G4xx_HAL_Driver/Src/stm32g4xx_hal_flash_ex.c ****   *         - after an option bytes launch through the call of HAL_FLASH_OB_Launch()
 307:Drivers/STM32G4xx_HAL_Driver/Src/stm32g4xx_hal_flash_ex.c ****   *         - after a power reset (BOR reset or exit from Standby/Shutdown modes)
 308:Drivers/STM32G4xx_HAL_Driver/Src/stm32g4xx_hal_flash_ex.c ****   * @retval HAL_Status
 309:Drivers/STM32G4xx_HAL_Driver/Src/stm32g4xx_hal_flash_ex.c ****   */
 310:Drivers/STM32G4xx_HAL_Driver/Src/stm32g4xx_hal_flash_ex.c **** HAL_StatusTypeDef HAL_FLASHEx_OBProgram(FLASH_OBProgramInitTypeDef *pOBInit)
 311:Drivers/STM32G4xx_HAL_Driver/Src/stm32g4xx_hal_flash_ex.c **** {
 312:Drivers/STM32G4xx_HAL_Driver/Src/stm32g4xx_hal_flash_ex.c ****   HAL_StatusTypeDef status = HAL_OK;
 313:Drivers/STM32G4xx_HAL_Driver/Src/stm32g4xx_hal_flash_ex.c **** 
 314:Drivers/STM32G4xx_HAL_Driver/Src/stm32g4xx_hal_flash_ex.c ****   /* Check the parameters */
 315:Drivers/STM32G4xx_HAL_Driver/Src/stm32g4xx_hal_flash_ex.c ****   assert_param(IS_OPTIONBYTE(pOBInit->OptionType));
ARM GAS  C:\Users\MyPC\AppData\Local\Temp\ccdWaBxv.s 			page 7


 316:Drivers/STM32G4xx_HAL_Driver/Src/stm32g4xx_hal_flash_ex.c **** 
 317:Drivers/STM32G4xx_HAL_Driver/Src/stm32g4xx_hal_flash_ex.c ****   /* Process Locked */
 318:Drivers/STM32G4xx_HAL_Driver/Src/stm32g4xx_hal_flash_ex.c ****   __HAL_LOCK(&pFlash);
 319:Drivers/STM32G4xx_HAL_Driver/Src/stm32g4xx_hal_flash_ex.c **** 
 320:Drivers/STM32G4xx_HAL_Driver/Src/stm32g4xx_hal_flash_ex.c ****   pFlash.ErrorCode = HAL_FLASH_ERROR_NONE;
 321:Drivers/STM32G4xx_HAL_Driver/Src/stm32g4xx_hal_flash_ex.c **** 
 322:Drivers/STM32G4xx_HAL_Driver/Src/stm32g4xx_hal_flash_ex.c ****   /* Write protection configuration */
 323:Drivers/STM32G4xx_HAL_Driver/Src/stm32g4xx_hal_flash_ex.c ****   if ((pOBInit->OptionType & OPTIONBYTE_WRP) != 0U)
 324:Drivers/STM32G4xx_HAL_Driver/Src/stm32g4xx_hal_flash_ex.c ****   {
 325:Drivers/STM32G4xx_HAL_Driver/Src/stm32g4xx_hal_flash_ex.c ****     /* Configure of Write protection on the selected area */
 326:Drivers/STM32G4xx_HAL_Driver/Src/stm32g4xx_hal_flash_ex.c ****     if (FLASH_OB_WRPConfig(pOBInit->WRPArea, pOBInit->WRPStartOffset, pOBInit->WRPEndOffset) != HAL
 327:Drivers/STM32G4xx_HAL_Driver/Src/stm32g4xx_hal_flash_ex.c ****     {
 328:Drivers/STM32G4xx_HAL_Driver/Src/stm32g4xx_hal_flash_ex.c ****       status = HAL_ERROR;
 329:Drivers/STM32G4xx_HAL_Driver/Src/stm32g4xx_hal_flash_ex.c ****     }
 330:Drivers/STM32G4xx_HAL_Driver/Src/stm32g4xx_hal_flash_ex.c ****   }
 331:Drivers/STM32G4xx_HAL_Driver/Src/stm32g4xx_hal_flash_ex.c **** 
 332:Drivers/STM32G4xx_HAL_Driver/Src/stm32g4xx_hal_flash_ex.c ****   /* Read protection configuration */
 333:Drivers/STM32G4xx_HAL_Driver/Src/stm32g4xx_hal_flash_ex.c ****   if ((pOBInit->OptionType & OPTIONBYTE_RDP) != 0U)
 334:Drivers/STM32G4xx_HAL_Driver/Src/stm32g4xx_hal_flash_ex.c ****   {
 335:Drivers/STM32G4xx_HAL_Driver/Src/stm32g4xx_hal_flash_ex.c ****     /* Configure the Read protection level */
 336:Drivers/STM32G4xx_HAL_Driver/Src/stm32g4xx_hal_flash_ex.c ****     if (FLASH_OB_RDPConfig(pOBInit->RDPLevel) != HAL_OK)
 337:Drivers/STM32G4xx_HAL_Driver/Src/stm32g4xx_hal_flash_ex.c ****     {
 338:Drivers/STM32G4xx_HAL_Driver/Src/stm32g4xx_hal_flash_ex.c ****       status = HAL_ERROR;
 339:Drivers/STM32G4xx_HAL_Driver/Src/stm32g4xx_hal_flash_ex.c ****     }
 340:Drivers/STM32G4xx_HAL_Driver/Src/stm32g4xx_hal_flash_ex.c ****   }
 341:Drivers/STM32G4xx_HAL_Driver/Src/stm32g4xx_hal_flash_ex.c **** 
 342:Drivers/STM32G4xx_HAL_Driver/Src/stm32g4xx_hal_flash_ex.c ****   /* User Configuration */
 343:Drivers/STM32G4xx_HAL_Driver/Src/stm32g4xx_hal_flash_ex.c ****   if ((pOBInit->OptionType & OPTIONBYTE_USER) != 0U)
 344:Drivers/STM32G4xx_HAL_Driver/Src/stm32g4xx_hal_flash_ex.c ****   {
 345:Drivers/STM32G4xx_HAL_Driver/Src/stm32g4xx_hal_flash_ex.c ****     /* Configure the user option bytes */
 346:Drivers/STM32G4xx_HAL_Driver/Src/stm32g4xx_hal_flash_ex.c ****     if (FLASH_OB_UserConfig(pOBInit->USERType, pOBInit->USERConfig) != HAL_OK)
 347:Drivers/STM32G4xx_HAL_Driver/Src/stm32g4xx_hal_flash_ex.c ****     {
 348:Drivers/STM32G4xx_HAL_Driver/Src/stm32g4xx_hal_flash_ex.c ****       status = HAL_ERROR;
 349:Drivers/STM32G4xx_HAL_Driver/Src/stm32g4xx_hal_flash_ex.c ****     }
 350:Drivers/STM32G4xx_HAL_Driver/Src/stm32g4xx_hal_flash_ex.c ****   }
 351:Drivers/STM32G4xx_HAL_Driver/Src/stm32g4xx_hal_flash_ex.c **** 
 352:Drivers/STM32G4xx_HAL_Driver/Src/stm32g4xx_hal_flash_ex.c ****   /* PCROP Configuration */
 353:Drivers/STM32G4xx_HAL_Driver/Src/stm32g4xx_hal_flash_ex.c ****   if ((pOBInit->OptionType & OPTIONBYTE_PCROP) != 0U)
 354:Drivers/STM32G4xx_HAL_Driver/Src/stm32g4xx_hal_flash_ex.c ****   {
 355:Drivers/STM32G4xx_HAL_Driver/Src/stm32g4xx_hal_flash_ex.c ****     if (pOBInit->PCROPStartAddr != pOBInit->PCROPEndAddr)
 356:Drivers/STM32G4xx_HAL_Driver/Src/stm32g4xx_hal_flash_ex.c ****     {
 357:Drivers/STM32G4xx_HAL_Driver/Src/stm32g4xx_hal_flash_ex.c ****       /* Configure the Proprietary code readout protection */
 358:Drivers/STM32G4xx_HAL_Driver/Src/stm32g4xx_hal_flash_ex.c ****       if (FLASH_OB_PCROPConfig(pOBInit->PCROPConfig, pOBInit->PCROPStartAddr, pOBInit->PCROPEndAddr
 359:Drivers/STM32G4xx_HAL_Driver/Src/stm32g4xx_hal_flash_ex.c ****       {
 360:Drivers/STM32G4xx_HAL_Driver/Src/stm32g4xx_hal_flash_ex.c ****         status = HAL_ERROR;
 361:Drivers/STM32G4xx_HAL_Driver/Src/stm32g4xx_hal_flash_ex.c ****       }
 362:Drivers/STM32G4xx_HAL_Driver/Src/stm32g4xx_hal_flash_ex.c ****     }
 363:Drivers/STM32G4xx_HAL_Driver/Src/stm32g4xx_hal_flash_ex.c ****   }
 364:Drivers/STM32G4xx_HAL_Driver/Src/stm32g4xx_hal_flash_ex.c **** 
 365:Drivers/STM32G4xx_HAL_Driver/Src/stm32g4xx_hal_flash_ex.c ****   /* Securable memory Configuration */
 366:Drivers/STM32G4xx_HAL_Driver/Src/stm32g4xx_hal_flash_ex.c ****   if ((pOBInit->OptionType & OPTIONBYTE_SEC) != 0U)
 367:Drivers/STM32G4xx_HAL_Driver/Src/stm32g4xx_hal_flash_ex.c ****   {
 368:Drivers/STM32G4xx_HAL_Driver/Src/stm32g4xx_hal_flash_ex.c ****     /* Configure the securable memory area */
 369:Drivers/STM32G4xx_HAL_Driver/Src/stm32g4xx_hal_flash_ex.c ****     if (FLASH_OB_SecMemConfig(pOBInit->SecBank, pOBInit->SecSize) != HAL_OK)
 370:Drivers/STM32G4xx_HAL_Driver/Src/stm32g4xx_hal_flash_ex.c ****     {
 371:Drivers/STM32G4xx_HAL_Driver/Src/stm32g4xx_hal_flash_ex.c ****       status = HAL_ERROR;
 372:Drivers/STM32G4xx_HAL_Driver/Src/stm32g4xx_hal_flash_ex.c ****     }
ARM GAS  C:\Users\MyPC\AppData\Local\Temp\ccdWaBxv.s 			page 8


 373:Drivers/STM32G4xx_HAL_Driver/Src/stm32g4xx_hal_flash_ex.c ****   }
 374:Drivers/STM32G4xx_HAL_Driver/Src/stm32g4xx_hal_flash_ex.c **** 
 375:Drivers/STM32G4xx_HAL_Driver/Src/stm32g4xx_hal_flash_ex.c ****   /* Boot Entry Point Configuration */
 376:Drivers/STM32G4xx_HAL_Driver/Src/stm32g4xx_hal_flash_ex.c ****   if ((pOBInit->OptionType & OPTIONBYTE_BOOT_LOCK) != 0U)
 377:Drivers/STM32G4xx_HAL_Driver/Src/stm32g4xx_hal_flash_ex.c ****   {
 378:Drivers/STM32G4xx_HAL_Driver/Src/stm32g4xx_hal_flash_ex.c ****     /* Configure the boot unique entry point option */
 379:Drivers/STM32G4xx_HAL_Driver/Src/stm32g4xx_hal_flash_ex.c ****     if (FLASH_OB_BootLockConfig(pOBInit->BootEntryPoint) != HAL_OK)
 380:Drivers/STM32G4xx_HAL_Driver/Src/stm32g4xx_hal_flash_ex.c ****     {
 381:Drivers/STM32G4xx_HAL_Driver/Src/stm32g4xx_hal_flash_ex.c ****       status = HAL_ERROR;
 382:Drivers/STM32G4xx_HAL_Driver/Src/stm32g4xx_hal_flash_ex.c ****     }
 383:Drivers/STM32G4xx_HAL_Driver/Src/stm32g4xx_hal_flash_ex.c ****   }
 384:Drivers/STM32G4xx_HAL_Driver/Src/stm32g4xx_hal_flash_ex.c **** 
 385:Drivers/STM32G4xx_HAL_Driver/Src/stm32g4xx_hal_flash_ex.c ****   /* Process Unlocked */
 386:Drivers/STM32G4xx_HAL_Driver/Src/stm32g4xx_hal_flash_ex.c ****   __HAL_UNLOCK(&pFlash);
 387:Drivers/STM32G4xx_HAL_Driver/Src/stm32g4xx_hal_flash_ex.c **** 
 388:Drivers/STM32G4xx_HAL_Driver/Src/stm32g4xx_hal_flash_ex.c ****   return status;
 389:Drivers/STM32G4xx_HAL_Driver/Src/stm32g4xx_hal_flash_ex.c **** }
 390:Drivers/STM32G4xx_HAL_Driver/Src/stm32g4xx_hal_flash_ex.c **** 
 391:Drivers/STM32G4xx_HAL_Driver/Src/stm32g4xx_hal_flash_ex.c **** /**
 392:Drivers/STM32G4xx_HAL_Driver/Src/stm32g4xx_hal_flash_ex.c ****   * @brief  Get the Option bytes configuration.
 393:Drivers/STM32G4xx_HAL_Driver/Src/stm32g4xx_hal_flash_ex.c ****   * @param  pOBInit pointer to an FLASH_OBInitStruct structure that contains the
 394:Drivers/STM32G4xx_HAL_Driver/Src/stm32g4xx_hal_flash_ex.c ****   *         configuration information.
 395:Drivers/STM32G4xx_HAL_Driver/Src/stm32g4xx_hal_flash_ex.c ****   * @note   The fields pOBInit->WRPArea and pOBInit->PCROPConfig should indicate
 396:Drivers/STM32G4xx_HAL_Driver/Src/stm32g4xx_hal_flash_ex.c ****   *         which area is requested for the WRP and PCROP, else no information will be returned.
 397:Drivers/STM32G4xx_HAL_Driver/Src/stm32g4xx_hal_flash_ex.c ****   * @retval None
 398:Drivers/STM32G4xx_HAL_Driver/Src/stm32g4xx_hal_flash_ex.c ****   */
 399:Drivers/STM32G4xx_HAL_Driver/Src/stm32g4xx_hal_flash_ex.c **** void HAL_FLASHEx_OBGetConfig(FLASH_OBProgramInitTypeDef *pOBInit)
 400:Drivers/STM32G4xx_HAL_Driver/Src/stm32g4xx_hal_flash_ex.c **** {
 401:Drivers/STM32G4xx_HAL_Driver/Src/stm32g4xx_hal_flash_ex.c ****   pOBInit->OptionType = (OPTIONBYTE_RDP | OPTIONBYTE_USER);
 402:Drivers/STM32G4xx_HAL_Driver/Src/stm32g4xx_hal_flash_ex.c **** 
 403:Drivers/STM32G4xx_HAL_Driver/Src/stm32g4xx_hal_flash_ex.c **** #if defined (FLASH_OPTR_DBANK)
 404:Drivers/STM32G4xx_HAL_Driver/Src/stm32g4xx_hal_flash_ex.c ****   if ((pOBInit->WRPArea == OB_WRPAREA_BANK1_AREAA) || (pOBInit->WRPArea == OB_WRPAREA_BANK1_AREAB) 
 405:Drivers/STM32G4xx_HAL_Driver/Src/stm32g4xx_hal_flash_ex.c ****       (pOBInit->WRPArea == OB_WRPAREA_BANK2_AREAA) || (pOBInit->WRPArea == OB_WRPAREA_BANK2_AREAB))
 406:Drivers/STM32G4xx_HAL_Driver/Src/stm32g4xx_hal_flash_ex.c **** #else
 407:Drivers/STM32G4xx_HAL_Driver/Src/stm32g4xx_hal_flash_ex.c ****   if ((pOBInit->WRPArea == OB_WRPAREA_BANK1_AREAA) || (pOBInit->WRPArea == OB_WRPAREA_BANK1_AREAB))
 408:Drivers/STM32G4xx_HAL_Driver/Src/stm32g4xx_hal_flash_ex.c **** #endif
 409:Drivers/STM32G4xx_HAL_Driver/Src/stm32g4xx_hal_flash_ex.c ****   {
 410:Drivers/STM32G4xx_HAL_Driver/Src/stm32g4xx_hal_flash_ex.c ****     pOBInit->OptionType |= OPTIONBYTE_WRP;
 411:Drivers/STM32G4xx_HAL_Driver/Src/stm32g4xx_hal_flash_ex.c ****     /* Get write protection on the selected area */
 412:Drivers/STM32G4xx_HAL_Driver/Src/stm32g4xx_hal_flash_ex.c ****     FLASH_OB_GetWRP(pOBInit->WRPArea, &(pOBInit->WRPStartOffset), &(pOBInit->WRPEndOffset));
 413:Drivers/STM32G4xx_HAL_Driver/Src/stm32g4xx_hal_flash_ex.c ****   }
 414:Drivers/STM32G4xx_HAL_Driver/Src/stm32g4xx_hal_flash_ex.c **** 
 415:Drivers/STM32G4xx_HAL_Driver/Src/stm32g4xx_hal_flash_ex.c ****   /* Get Read protection level */
 416:Drivers/STM32G4xx_HAL_Driver/Src/stm32g4xx_hal_flash_ex.c ****   pOBInit->RDPLevel = FLASH_OB_GetRDP();
 417:Drivers/STM32G4xx_HAL_Driver/Src/stm32g4xx_hal_flash_ex.c **** 
 418:Drivers/STM32G4xx_HAL_Driver/Src/stm32g4xx_hal_flash_ex.c ****   /* Get the user option bytes */
 419:Drivers/STM32G4xx_HAL_Driver/Src/stm32g4xx_hal_flash_ex.c ****   pOBInit->USERConfig = FLASH_OB_GetUser();
 420:Drivers/STM32G4xx_HAL_Driver/Src/stm32g4xx_hal_flash_ex.c **** 
 421:Drivers/STM32G4xx_HAL_Driver/Src/stm32g4xx_hal_flash_ex.c **** #if defined (FLASH_OPTR_DBANK)
 422:Drivers/STM32G4xx_HAL_Driver/Src/stm32g4xx_hal_flash_ex.c ****   if ((pOBInit->PCROPConfig == FLASH_BANK_1) || (pOBInit->PCROPConfig == FLASH_BANK_2))
 423:Drivers/STM32G4xx_HAL_Driver/Src/stm32g4xx_hal_flash_ex.c **** #else
 424:Drivers/STM32G4xx_HAL_Driver/Src/stm32g4xx_hal_flash_ex.c ****   if (pOBInit->PCROPConfig == FLASH_BANK_1)
 425:Drivers/STM32G4xx_HAL_Driver/Src/stm32g4xx_hal_flash_ex.c **** #endif
 426:Drivers/STM32G4xx_HAL_Driver/Src/stm32g4xx_hal_flash_ex.c ****   {
 427:Drivers/STM32G4xx_HAL_Driver/Src/stm32g4xx_hal_flash_ex.c ****     pOBInit->OptionType |= OPTIONBYTE_PCROP;
 428:Drivers/STM32G4xx_HAL_Driver/Src/stm32g4xx_hal_flash_ex.c ****     /* Get the Proprietary code readout protection */
 429:Drivers/STM32G4xx_HAL_Driver/Src/stm32g4xx_hal_flash_ex.c ****     FLASH_OB_GetPCROP(&(pOBInit->PCROPConfig), &(pOBInit->PCROPStartAddr), &(pOBInit->PCROPEndAddr)
ARM GAS  C:\Users\MyPC\AppData\Local\Temp\ccdWaBxv.s 			page 9


 430:Drivers/STM32G4xx_HAL_Driver/Src/stm32g4xx_hal_flash_ex.c ****   }
 431:Drivers/STM32G4xx_HAL_Driver/Src/stm32g4xx_hal_flash_ex.c **** 
 432:Drivers/STM32G4xx_HAL_Driver/Src/stm32g4xx_hal_flash_ex.c ****   pOBInit->OptionType |= OPTIONBYTE_BOOT_LOCK;
 433:Drivers/STM32G4xx_HAL_Driver/Src/stm32g4xx_hal_flash_ex.c **** 
 434:Drivers/STM32G4xx_HAL_Driver/Src/stm32g4xx_hal_flash_ex.c ****   /* Get the boot entry point */
 435:Drivers/STM32G4xx_HAL_Driver/Src/stm32g4xx_hal_flash_ex.c ****   pOBInit->BootEntryPoint = FLASH_OB_GetBootLock();
 436:Drivers/STM32G4xx_HAL_Driver/Src/stm32g4xx_hal_flash_ex.c **** 
 437:Drivers/STM32G4xx_HAL_Driver/Src/stm32g4xx_hal_flash_ex.c ****   /* Get the securable memory area configuration */
 438:Drivers/STM32G4xx_HAL_Driver/Src/stm32g4xx_hal_flash_ex.c **** #if defined (FLASH_OPTR_DBANK)
 439:Drivers/STM32G4xx_HAL_Driver/Src/stm32g4xx_hal_flash_ex.c ****   if ((pOBInit->SecBank == FLASH_BANK_1) || (pOBInit->SecBank == FLASH_BANK_2))
 440:Drivers/STM32G4xx_HAL_Driver/Src/stm32g4xx_hal_flash_ex.c **** #else
 441:Drivers/STM32G4xx_HAL_Driver/Src/stm32g4xx_hal_flash_ex.c ****   if (pOBInit->SecBank == FLASH_BANK_1)
 442:Drivers/STM32G4xx_HAL_Driver/Src/stm32g4xx_hal_flash_ex.c **** #endif
 443:Drivers/STM32G4xx_HAL_Driver/Src/stm32g4xx_hal_flash_ex.c ****   {
 444:Drivers/STM32G4xx_HAL_Driver/Src/stm32g4xx_hal_flash_ex.c ****     pOBInit->OptionType |= OPTIONBYTE_SEC;
 445:Drivers/STM32G4xx_HAL_Driver/Src/stm32g4xx_hal_flash_ex.c ****     FLASH_OB_GetSecMem(pOBInit->SecBank, &(pOBInit->SecSize));
 446:Drivers/STM32G4xx_HAL_Driver/Src/stm32g4xx_hal_flash_ex.c ****   }
 447:Drivers/STM32G4xx_HAL_Driver/Src/stm32g4xx_hal_flash_ex.c **** }
 448:Drivers/STM32G4xx_HAL_Driver/Src/stm32g4xx_hal_flash_ex.c **** 
 449:Drivers/STM32G4xx_HAL_Driver/Src/stm32g4xx_hal_flash_ex.c **** /**
 450:Drivers/STM32G4xx_HAL_Driver/Src/stm32g4xx_hal_flash_ex.c ****   * @brief  Enable the FLASH Securable Memory protection.
 451:Drivers/STM32G4xx_HAL_Driver/Src/stm32g4xx_hal_flash_ex.c ****   * @param  Bank: Bank to be protected
 452:Drivers/STM32G4xx_HAL_Driver/Src/stm32g4xx_hal_flash_ex.c ****   *          This parameter can be one of the following values:
 453:Drivers/STM32G4xx_HAL_Driver/Src/stm32g4xx_hal_flash_ex.c ****   *            @arg FLASH_BANK_1: Bank1 to be protected
 454:Drivers/STM32G4xx_HAL_Driver/Src/stm32g4xx_hal_flash_ex.c ****   *            @arg FLASH_BANK_2: Bank2 to be protected (*)
 455:Drivers/STM32G4xx_HAL_Driver/Src/stm32g4xx_hal_flash_ex.c ****   *            @arg FLASH_BANK_BOTH: Bank1 and Bank2 to be protected (*)
 456:Drivers/STM32G4xx_HAL_Driver/Src/stm32g4xx_hal_flash_ex.c ****   * @note   (*) availability depends on devices
 457:Drivers/STM32G4xx_HAL_Driver/Src/stm32g4xx_hal_flash_ex.c ****   * @retval HAL Status
 458:Drivers/STM32G4xx_HAL_Driver/Src/stm32g4xx_hal_flash_ex.c ****   */
 459:Drivers/STM32G4xx_HAL_Driver/Src/stm32g4xx_hal_flash_ex.c **** HAL_StatusTypeDef HAL_FLASHEx_EnableSecMemProtection(uint32_t Bank)
 460:Drivers/STM32G4xx_HAL_Driver/Src/stm32g4xx_hal_flash_ex.c **** {
 461:Drivers/STM32G4xx_HAL_Driver/Src/stm32g4xx_hal_flash_ex.c **** #if defined (FLASH_OPTR_DBANK)
 462:Drivers/STM32G4xx_HAL_Driver/Src/stm32g4xx_hal_flash_ex.c ****   if (READ_BIT(FLASH->OPTR, FLASH_OPTR_DBANK) != 0U)
 463:Drivers/STM32G4xx_HAL_Driver/Src/stm32g4xx_hal_flash_ex.c ****   {
 464:Drivers/STM32G4xx_HAL_Driver/Src/stm32g4xx_hal_flash_ex.c ****     /* Check the parameters */
 465:Drivers/STM32G4xx_HAL_Driver/Src/stm32g4xx_hal_flash_ex.c ****     assert_param(IS_FLASH_BANK(Bank));
 466:Drivers/STM32G4xx_HAL_Driver/Src/stm32g4xx_hal_flash_ex.c **** 
 467:Drivers/STM32G4xx_HAL_Driver/Src/stm32g4xx_hal_flash_ex.c ****     /* Enable the Securable Memory Protection Bit for the bank 1 if requested */
 468:Drivers/STM32G4xx_HAL_Driver/Src/stm32g4xx_hal_flash_ex.c ****     if ((Bank & FLASH_BANK_1) != 0U)
 469:Drivers/STM32G4xx_HAL_Driver/Src/stm32g4xx_hal_flash_ex.c ****     {
 470:Drivers/STM32G4xx_HAL_Driver/Src/stm32g4xx_hal_flash_ex.c ****       SET_BIT(FLASH->CR, FLASH_CR_SEC_PROT1);
 471:Drivers/STM32G4xx_HAL_Driver/Src/stm32g4xx_hal_flash_ex.c ****     }
 472:Drivers/STM32G4xx_HAL_Driver/Src/stm32g4xx_hal_flash_ex.c **** 
 473:Drivers/STM32G4xx_HAL_Driver/Src/stm32g4xx_hal_flash_ex.c ****     /* Enable the Securable Memory Protection Bit for the bank 2 if requested */
 474:Drivers/STM32G4xx_HAL_Driver/Src/stm32g4xx_hal_flash_ex.c ****     if ((Bank & FLASH_BANK_2) != 0U)
 475:Drivers/STM32G4xx_HAL_Driver/Src/stm32g4xx_hal_flash_ex.c ****     {
 476:Drivers/STM32G4xx_HAL_Driver/Src/stm32g4xx_hal_flash_ex.c ****       SET_BIT(FLASH->CR, FLASH_CR_SEC_PROT2);
 477:Drivers/STM32G4xx_HAL_Driver/Src/stm32g4xx_hal_flash_ex.c ****     }
 478:Drivers/STM32G4xx_HAL_Driver/Src/stm32g4xx_hal_flash_ex.c ****   }
 479:Drivers/STM32G4xx_HAL_Driver/Src/stm32g4xx_hal_flash_ex.c ****   else
 480:Drivers/STM32G4xx_HAL_Driver/Src/stm32g4xx_hal_flash_ex.c ****   {
 481:Drivers/STM32G4xx_HAL_Driver/Src/stm32g4xx_hal_flash_ex.c ****     SET_BIT(FLASH->CR, FLASH_CR_SEC_PROT1);
 482:Drivers/STM32G4xx_HAL_Driver/Src/stm32g4xx_hal_flash_ex.c ****   }
 483:Drivers/STM32G4xx_HAL_Driver/Src/stm32g4xx_hal_flash_ex.c **** #else
 484:Drivers/STM32G4xx_HAL_Driver/Src/stm32g4xx_hal_flash_ex.c ****   /* Prevent unused argument(s) compilation warning */
 485:Drivers/STM32G4xx_HAL_Driver/Src/stm32g4xx_hal_flash_ex.c ****   UNUSED(Bank);
 486:Drivers/STM32G4xx_HAL_Driver/Src/stm32g4xx_hal_flash_ex.c ****   SET_BIT(FLASH->CR, FLASH_CR_SEC_PROT1);
ARM GAS  C:\Users\MyPC\AppData\Local\Temp\ccdWaBxv.s 			page 10


 487:Drivers/STM32G4xx_HAL_Driver/Src/stm32g4xx_hal_flash_ex.c **** #endif /* FLASH_OPTR_DBANK */
 488:Drivers/STM32G4xx_HAL_Driver/Src/stm32g4xx_hal_flash_ex.c **** 
 489:Drivers/STM32G4xx_HAL_Driver/Src/stm32g4xx_hal_flash_ex.c ****   return HAL_OK;
 490:Drivers/STM32G4xx_HAL_Driver/Src/stm32g4xx_hal_flash_ex.c **** }
 491:Drivers/STM32G4xx_HAL_Driver/Src/stm32g4xx_hal_flash_ex.c **** 
 492:Drivers/STM32G4xx_HAL_Driver/Src/stm32g4xx_hal_flash_ex.c **** /**
 493:Drivers/STM32G4xx_HAL_Driver/Src/stm32g4xx_hal_flash_ex.c ****   * @brief  Enable Debugger.
 494:Drivers/STM32G4xx_HAL_Driver/Src/stm32g4xx_hal_flash_ex.c ****   * @note   After calling this API, flash interface allow debugger intrusion.
 495:Drivers/STM32G4xx_HAL_Driver/Src/stm32g4xx_hal_flash_ex.c ****   * @retval None
 496:Drivers/STM32G4xx_HAL_Driver/Src/stm32g4xx_hal_flash_ex.c ****   */
 497:Drivers/STM32G4xx_HAL_Driver/Src/stm32g4xx_hal_flash_ex.c **** void HAL_FLASHEx_EnableDebugger(void)
 498:Drivers/STM32G4xx_HAL_Driver/Src/stm32g4xx_hal_flash_ex.c **** {
 499:Drivers/STM32G4xx_HAL_Driver/Src/stm32g4xx_hal_flash_ex.c ****   FLASH->ACR |= FLASH_ACR_DBG_SWEN;
 500:Drivers/STM32G4xx_HAL_Driver/Src/stm32g4xx_hal_flash_ex.c **** }
 501:Drivers/STM32G4xx_HAL_Driver/Src/stm32g4xx_hal_flash_ex.c **** 
 502:Drivers/STM32G4xx_HAL_Driver/Src/stm32g4xx_hal_flash_ex.c **** 
 503:Drivers/STM32G4xx_HAL_Driver/Src/stm32g4xx_hal_flash_ex.c **** /**
 504:Drivers/STM32G4xx_HAL_Driver/Src/stm32g4xx_hal_flash_ex.c ****   * @brief  Disable Debugger.
 505:Drivers/STM32G4xx_HAL_Driver/Src/stm32g4xx_hal_flash_ex.c ****   * @note   After calling this API, Debugger is disabled: it's no more possible to
 506:Drivers/STM32G4xx_HAL_Driver/Src/stm32g4xx_hal_flash_ex.c ****   *         break, see CPU register, etc...
 507:Drivers/STM32G4xx_HAL_Driver/Src/stm32g4xx_hal_flash_ex.c ****   * @retval None
 508:Drivers/STM32G4xx_HAL_Driver/Src/stm32g4xx_hal_flash_ex.c ****   */
 509:Drivers/STM32G4xx_HAL_Driver/Src/stm32g4xx_hal_flash_ex.c **** void HAL_FLASHEx_DisableDebugger(void)
 510:Drivers/STM32G4xx_HAL_Driver/Src/stm32g4xx_hal_flash_ex.c **** {
 511:Drivers/STM32G4xx_HAL_Driver/Src/stm32g4xx_hal_flash_ex.c ****   FLASH->ACR &= ~FLASH_ACR_DBG_SWEN;
 512:Drivers/STM32G4xx_HAL_Driver/Src/stm32g4xx_hal_flash_ex.c **** }
 513:Drivers/STM32G4xx_HAL_Driver/Src/stm32g4xx_hal_flash_ex.c **** 
 514:Drivers/STM32G4xx_HAL_Driver/Src/stm32g4xx_hal_flash_ex.c **** /**
 515:Drivers/STM32G4xx_HAL_Driver/Src/stm32g4xx_hal_flash_ex.c ****   * @}
 516:Drivers/STM32G4xx_HAL_Driver/Src/stm32g4xx_hal_flash_ex.c ****   */
 517:Drivers/STM32G4xx_HAL_Driver/Src/stm32g4xx_hal_flash_ex.c **** 
 518:Drivers/STM32G4xx_HAL_Driver/Src/stm32g4xx_hal_flash_ex.c **** /**
 519:Drivers/STM32G4xx_HAL_Driver/Src/stm32g4xx_hal_flash_ex.c ****   * @}
 520:Drivers/STM32G4xx_HAL_Driver/Src/stm32g4xx_hal_flash_ex.c ****   */
 521:Drivers/STM32G4xx_HAL_Driver/Src/stm32g4xx_hal_flash_ex.c **** 
 522:Drivers/STM32G4xx_HAL_Driver/Src/stm32g4xx_hal_flash_ex.c **** /* Private functions ---------------------------------------------------------*/
 523:Drivers/STM32G4xx_HAL_Driver/Src/stm32g4xx_hal_flash_ex.c **** 
 524:Drivers/STM32G4xx_HAL_Driver/Src/stm32g4xx_hal_flash_ex.c **** /** @addtogroup FLASHEx_Private_Functions
 525:Drivers/STM32G4xx_HAL_Driver/Src/stm32g4xx_hal_flash_ex.c ****   * @{
 526:Drivers/STM32G4xx_HAL_Driver/Src/stm32g4xx_hal_flash_ex.c ****   */
 527:Drivers/STM32G4xx_HAL_Driver/Src/stm32g4xx_hal_flash_ex.c **** /**
 528:Drivers/STM32G4xx_HAL_Driver/Src/stm32g4xx_hal_flash_ex.c ****   * @brief  Mass erase of FLASH memory.
 529:Drivers/STM32G4xx_HAL_Driver/Src/stm32g4xx_hal_flash_ex.c ****   * @param  Banks Banks to be erased.
 530:Drivers/STM32G4xx_HAL_Driver/Src/stm32g4xx_hal_flash_ex.c ****   *         This parameter can be one of the following values:
 531:Drivers/STM32G4xx_HAL_Driver/Src/stm32g4xx_hal_flash_ex.c ****   *            @arg FLASH_BANK_1: Bank1 to be erased
 532:Drivers/STM32G4xx_HAL_Driver/Src/stm32g4xx_hal_flash_ex.c ****   *            @arg FLASH_BANK_2: Bank2 to be erased (*)
 533:Drivers/STM32G4xx_HAL_Driver/Src/stm32g4xx_hal_flash_ex.c ****   *            @arg FLASH_BANK_BOTH: Bank1 and Bank2 to be erased (*)
 534:Drivers/STM32G4xx_HAL_Driver/Src/stm32g4xx_hal_flash_ex.c ****   * @note   (*) availability depends on devices
 535:Drivers/STM32G4xx_HAL_Driver/Src/stm32g4xx_hal_flash_ex.c ****   * @retval None
 536:Drivers/STM32G4xx_HAL_Driver/Src/stm32g4xx_hal_flash_ex.c ****   */
 537:Drivers/STM32G4xx_HAL_Driver/Src/stm32g4xx_hal_flash_ex.c **** static void FLASH_MassErase(uint32_t Banks)
 538:Drivers/STM32G4xx_HAL_Driver/Src/stm32g4xx_hal_flash_ex.c **** {
  29              		.loc 1 538 1 view -0
  30              		.cfi_startproc
  31              		@ args = 0, pretend = 0, frame = 0
  32              		@ frame_needed = 0, uses_anonymous_args = 0
  33              		@ link register save eliminated.
ARM GAS  C:\Users\MyPC\AppData\Local\Temp\ccdWaBxv.s 			page 11


 539:Drivers/STM32G4xx_HAL_Driver/Src/stm32g4xx_hal_flash_ex.c **** #if defined (FLASH_OPTR_DBANK)
 540:Drivers/STM32G4xx_HAL_Driver/Src/stm32g4xx_hal_flash_ex.c ****   if (READ_BIT(FLASH->OPTR, FLASH_OPTR_DBANK) != 0U)
 541:Drivers/STM32G4xx_HAL_Driver/Src/stm32g4xx_hal_flash_ex.c **** #endif
 542:Drivers/STM32G4xx_HAL_Driver/Src/stm32g4xx_hal_flash_ex.c ****   {
 543:Drivers/STM32G4xx_HAL_Driver/Src/stm32g4xx_hal_flash_ex.c ****     /* Check the parameters */
 544:Drivers/STM32G4xx_HAL_Driver/Src/stm32g4xx_hal_flash_ex.c ****     assert_param(IS_FLASH_BANK(Banks));
  34              		.loc 1 544 5 view .LVU1
 545:Drivers/STM32G4xx_HAL_Driver/Src/stm32g4xx_hal_flash_ex.c **** 
 546:Drivers/STM32G4xx_HAL_Driver/Src/stm32g4xx_hal_flash_ex.c ****     /* Set the Mass Erase Bit for the bank 1 if requested */
 547:Drivers/STM32G4xx_HAL_Driver/Src/stm32g4xx_hal_flash_ex.c ****     if ((Banks & FLASH_BANK_1) != 0U)
  35              		.loc 1 547 5 view .LVU2
  36              		.loc 1 547 8 is_stmt 0 view .LVU3
  37 0000 10F0010F 		tst	r0, #1
  38 0004 04D0     		beq	.L2
 548:Drivers/STM32G4xx_HAL_Driver/Src/stm32g4xx_hal_flash_ex.c ****     {
 549:Drivers/STM32G4xx_HAL_Driver/Src/stm32g4xx_hal_flash_ex.c ****       SET_BIT(FLASH->CR, FLASH_CR_MER1);
  39              		.loc 1 549 7 is_stmt 1 view .LVU4
  40 0006 054A     		ldr	r2, .L3
  41 0008 5369     		ldr	r3, [r2, #20]
  42 000a 43F00403 		orr	r3, r3, #4
  43 000e 5361     		str	r3, [r2, #20]
  44              	.L2:
 550:Drivers/STM32G4xx_HAL_Driver/Src/stm32g4xx_hal_flash_ex.c ****     }
 551:Drivers/STM32G4xx_HAL_Driver/Src/stm32g4xx_hal_flash_ex.c **** 
 552:Drivers/STM32G4xx_HAL_Driver/Src/stm32g4xx_hal_flash_ex.c **** #if defined (FLASH_OPTR_DBANK)
 553:Drivers/STM32G4xx_HAL_Driver/Src/stm32g4xx_hal_flash_ex.c ****     /* Set the Mass Erase Bit for the bank 2 if requested */
 554:Drivers/STM32G4xx_HAL_Driver/Src/stm32g4xx_hal_flash_ex.c ****     if ((Banks & FLASH_BANK_2) != 0U)
 555:Drivers/STM32G4xx_HAL_Driver/Src/stm32g4xx_hal_flash_ex.c ****     {
 556:Drivers/STM32G4xx_HAL_Driver/Src/stm32g4xx_hal_flash_ex.c ****       SET_BIT(FLASH->CR, FLASH_CR_MER2);
 557:Drivers/STM32G4xx_HAL_Driver/Src/stm32g4xx_hal_flash_ex.c ****     }
 558:Drivers/STM32G4xx_HAL_Driver/Src/stm32g4xx_hal_flash_ex.c **** #endif
 559:Drivers/STM32G4xx_HAL_Driver/Src/stm32g4xx_hal_flash_ex.c ****   }
 560:Drivers/STM32G4xx_HAL_Driver/Src/stm32g4xx_hal_flash_ex.c **** #if defined (FLASH_OPTR_DBANK)
 561:Drivers/STM32G4xx_HAL_Driver/Src/stm32g4xx_hal_flash_ex.c ****   else
 562:Drivers/STM32G4xx_HAL_Driver/Src/stm32g4xx_hal_flash_ex.c ****   {
 563:Drivers/STM32G4xx_HAL_Driver/Src/stm32g4xx_hal_flash_ex.c ****     SET_BIT(FLASH->CR, (FLASH_CR_MER1 | FLASH_CR_MER2));
 564:Drivers/STM32G4xx_HAL_Driver/Src/stm32g4xx_hal_flash_ex.c ****   }
 565:Drivers/STM32G4xx_HAL_Driver/Src/stm32g4xx_hal_flash_ex.c **** #endif
 566:Drivers/STM32G4xx_HAL_Driver/Src/stm32g4xx_hal_flash_ex.c **** 
 567:Drivers/STM32G4xx_HAL_Driver/Src/stm32g4xx_hal_flash_ex.c ****   /* Proceed to erase all sectors */
 568:Drivers/STM32G4xx_HAL_Driver/Src/stm32g4xx_hal_flash_ex.c ****   SET_BIT(FLASH->CR, FLASH_CR_STRT);
  45              		.loc 1 568 3 view .LVU5
  46 0010 024A     		ldr	r2, .L3
  47 0012 5369     		ldr	r3, [r2, #20]
  48 0014 43F48033 		orr	r3, r3, #65536
  49 0018 5361     		str	r3, [r2, #20]
 569:Drivers/STM32G4xx_HAL_Driver/Src/stm32g4xx_hal_flash_ex.c **** }
  50              		.loc 1 569 1 is_stmt 0 view .LVU6
  51 001a 7047     		bx	lr
  52              	.L4:
  53              		.align	2
  54              	.L3:
  55 001c 00200240 		.word	1073881088
  56              		.cfi_endproc
  57              	.LFE139:
  59              		.section	.text.FLASH_OB_GetSecMem,"ax",%progbits
  60              		.align	1
ARM GAS  C:\Users\MyPC\AppData\Local\Temp\ccdWaBxv.s 			page 12


  61              		.syntax unified
  62              		.thumb
  63              		.thumb_func
  65              	FLASH_OB_GetSecMem:
  66              	.LVL1:
  67              	.LFB148:
 570:Drivers/STM32G4xx_HAL_Driver/Src/stm32g4xx_hal_flash_ex.c **** 
 571:Drivers/STM32G4xx_HAL_Driver/Src/stm32g4xx_hal_flash_ex.c **** /**
 572:Drivers/STM32G4xx_HAL_Driver/Src/stm32g4xx_hal_flash_ex.c ****   * @brief  Erase the specified FLASH memory page.
 573:Drivers/STM32G4xx_HAL_Driver/Src/stm32g4xx_hal_flash_ex.c ****   * @param  Page FLASH page to erase.
 574:Drivers/STM32G4xx_HAL_Driver/Src/stm32g4xx_hal_flash_ex.c ****   *         This parameter must be a value between 0 and (max number of pages in the bank - 1).
 575:Drivers/STM32G4xx_HAL_Driver/Src/stm32g4xx_hal_flash_ex.c ****   * @param  Banks Bank where the page will be erased.
 576:Drivers/STM32G4xx_HAL_Driver/Src/stm32g4xx_hal_flash_ex.c ****   *         This parameter can be one of the following values:
 577:Drivers/STM32G4xx_HAL_Driver/Src/stm32g4xx_hal_flash_ex.c ****   *            @arg FLASH_BANK_1: Page in bank 1 to be erased
 578:Drivers/STM32G4xx_HAL_Driver/Src/stm32g4xx_hal_flash_ex.c ****   *            @arg FLASH_BANK_2: Page in bank 2 to be erased (*)
 579:Drivers/STM32G4xx_HAL_Driver/Src/stm32g4xx_hal_flash_ex.c ****   * @note   (*) availability depends on devices
 580:Drivers/STM32G4xx_HAL_Driver/Src/stm32g4xx_hal_flash_ex.c ****   * @retval None
 581:Drivers/STM32G4xx_HAL_Driver/Src/stm32g4xx_hal_flash_ex.c ****   */
 582:Drivers/STM32G4xx_HAL_Driver/Src/stm32g4xx_hal_flash_ex.c **** void FLASH_PageErase(uint32_t Page, uint32_t Banks)
 583:Drivers/STM32G4xx_HAL_Driver/Src/stm32g4xx_hal_flash_ex.c **** {
 584:Drivers/STM32G4xx_HAL_Driver/Src/stm32g4xx_hal_flash_ex.c ****   /* Check the parameters */
 585:Drivers/STM32G4xx_HAL_Driver/Src/stm32g4xx_hal_flash_ex.c ****   assert_param(IS_FLASH_PAGE(Page));
 586:Drivers/STM32G4xx_HAL_Driver/Src/stm32g4xx_hal_flash_ex.c **** 
 587:Drivers/STM32G4xx_HAL_Driver/Src/stm32g4xx_hal_flash_ex.c **** #if defined (FLASH_OPTR_DBANK)
 588:Drivers/STM32G4xx_HAL_Driver/Src/stm32g4xx_hal_flash_ex.c ****   if (READ_BIT(FLASH->OPTR, FLASH_OPTR_DBANK) == 0U)
 589:Drivers/STM32G4xx_HAL_Driver/Src/stm32g4xx_hal_flash_ex.c ****   {
 590:Drivers/STM32G4xx_HAL_Driver/Src/stm32g4xx_hal_flash_ex.c ****     CLEAR_BIT(FLASH->CR, FLASH_CR_BKER);
 591:Drivers/STM32G4xx_HAL_Driver/Src/stm32g4xx_hal_flash_ex.c ****   }
 592:Drivers/STM32G4xx_HAL_Driver/Src/stm32g4xx_hal_flash_ex.c ****   else
 593:Drivers/STM32G4xx_HAL_Driver/Src/stm32g4xx_hal_flash_ex.c ****   {
 594:Drivers/STM32G4xx_HAL_Driver/Src/stm32g4xx_hal_flash_ex.c ****     assert_param(IS_FLASH_BANK_EXCLUSIVE(Banks));
 595:Drivers/STM32G4xx_HAL_Driver/Src/stm32g4xx_hal_flash_ex.c **** 
 596:Drivers/STM32G4xx_HAL_Driver/Src/stm32g4xx_hal_flash_ex.c ****     if ((Banks & FLASH_BANK_1) != 0U)
 597:Drivers/STM32G4xx_HAL_Driver/Src/stm32g4xx_hal_flash_ex.c ****     {
 598:Drivers/STM32G4xx_HAL_Driver/Src/stm32g4xx_hal_flash_ex.c ****       CLEAR_BIT(FLASH->CR, FLASH_CR_BKER);
 599:Drivers/STM32G4xx_HAL_Driver/Src/stm32g4xx_hal_flash_ex.c ****     }
 600:Drivers/STM32G4xx_HAL_Driver/Src/stm32g4xx_hal_flash_ex.c ****     else
 601:Drivers/STM32G4xx_HAL_Driver/Src/stm32g4xx_hal_flash_ex.c ****     {
 602:Drivers/STM32G4xx_HAL_Driver/Src/stm32g4xx_hal_flash_ex.c ****       SET_BIT(FLASH->CR, FLASH_CR_BKER);
 603:Drivers/STM32G4xx_HAL_Driver/Src/stm32g4xx_hal_flash_ex.c ****     }
 604:Drivers/STM32G4xx_HAL_Driver/Src/stm32g4xx_hal_flash_ex.c ****   }
 605:Drivers/STM32G4xx_HAL_Driver/Src/stm32g4xx_hal_flash_ex.c **** #else
 606:Drivers/STM32G4xx_HAL_Driver/Src/stm32g4xx_hal_flash_ex.c ****   /* Prevent unused argument(s) compilation warning */
 607:Drivers/STM32G4xx_HAL_Driver/Src/stm32g4xx_hal_flash_ex.c ****   UNUSED(Banks);
 608:Drivers/STM32G4xx_HAL_Driver/Src/stm32g4xx_hal_flash_ex.c **** #endif /* FLASH_OPTR_DBANK */
 609:Drivers/STM32G4xx_HAL_Driver/Src/stm32g4xx_hal_flash_ex.c **** 
 610:Drivers/STM32G4xx_HAL_Driver/Src/stm32g4xx_hal_flash_ex.c ****   /* Proceed to erase the page */
 611:Drivers/STM32G4xx_HAL_Driver/Src/stm32g4xx_hal_flash_ex.c ****   MODIFY_REG(FLASH->CR, FLASH_CR_PNB, ((Page & 0xFFU) << FLASH_CR_PNB_Pos));
 612:Drivers/STM32G4xx_HAL_Driver/Src/stm32g4xx_hal_flash_ex.c ****   SET_BIT(FLASH->CR, FLASH_CR_PER);
 613:Drivers/STM32G4xx_HAL_Driver/Src/stm32g4xx_hal_flash_ex.c ****   SET_BIT(FLASH->CR, FLASH_CR_STRT);
 614:Drivers/STM32G4xx_HAL_Driver/Src/stm32g4xx_hal_flash_ex.c **** }
 615:Drivers/STM32G4xx_HAL_Driver/Src/stm32g4xx_hal_flash_ex.c **** 
 616:Drivers/STM32G4xx_HAL_Driver/Src/stm32g4xx_hal_flash_ex.c **** /**
 617:Drivers/STM32G4xx_HAL_Driver/Src/stm32g4xx_hal_flash_ex.c ****   * @brief  Flush the instruction and data caches.
 618:Drivers/STM32G4xx_HAL_Driver/Src/stm32g4xx_hal_flash_ex.c ****   * @retval None
 619:Drivers/STM32G4xx_HAL_Driver/Src/stm32g4xx_hal_flash_ex.c ****   */
 620:Drivers/STM32G4xx_HAL_Driver/Src/stm32g4xx_hal_flash_ex.c **** void FLASH_FlushCaches(void)
ARM GAS  C:\Users\MyPC\AppData\Local\Temp\ccdWaBxv.s 			page 13


 621:Drivers/STM32G4xx_HAL_Driver/Src/stm32g4xx_hal_flash_ex.c **** {
 622:Drivers/STM32G4xx_HAL_Driver/Src/stm32g4xx_hal_flash_ex.c ****   FLASH_CacheTypeDef cache = pFlash.CacheToReactivate;
 623:Drivers/STM32G4xx_HAL_Driver/Src/stm32g4xx_hal_flash_ex.c **** 
 624:Drivers/STM32G4xx_HAL_Driver/Src/stm32g4xx_hal_flash_ex.c ****   /* Flush instruction cache  */
 625:Drivers/STM32G4xx_HAL_Driver/Src/stm32g4xx_hal_flash_ex.c ****   if ((cache == FLASH_CACHE_ICACHE_ENABLED) ||
 626:Drivers/STM32G4xx_HAL_Driver/Src/stm32g4xx_hal_flash_ex.c ****       (cache == FLASH_CACHE_ICACHE_DCACHE_ENABLED))
 627:Drivers/STM32G4xx_HAL_Driver/Src/stm32g4xx_hal_flash_ex.c ****   {
 628:Drivers/STM32G4xx_HAL_Driver/Src/stm32g4xx_hal_flash_ex.c ****     /* Disable instruction cache */
 629:Drivers/STM32G4xx_HAL_Driver/Src/stm32g4xx_hal_flash_ex.c ****     __HAL_FLASH_INSTRUCTION_CACHE_DISABLE();
 630:Drivers/STM32G4xx_HAL_Driver/Src/stm32g4xx_hal_flash_ex.c ****     /* Reset instruction cache */
 631:Drivers/STM32G4xx_HAL_Driver/Src/stm32g4xx_hal_flash_ex.c ****     __HAL_FLASH_INSTRUCTION_CACHE_RESET();
 632:Drivers/STM32G4xx_HAL_Driver/Src/stm32g4xx_hal_flash_ex.c ****     /* Enable instruction cache */
 633:Drivers/STM32G4xx_HAL_Driver/Src/stm32g4xx_hal_flash_ex.c ****     __HAL_FLASH_INSTRUCTION_CACHE_ENABLE();
 634:Drivers/STM32G4xx_HAL_Driver/Src/stm32g4xx_hal_flash_ex.c ****   }
 635:Drivers/STM32G4xx_HAL_Driver/Src/stm32g4xx_hal_flash_ex.c **** 
 636:Drivers/STM32G4xx_HAL_Driver/Src/stm32g4xx_hal_flash_ex.c ****   /* Flush data cache */
 637:Drivers/STM32G4xx_HAL_Driver/Src/stm32g4xx_hal_flash_ex.c ****   if ((cache == FLASH_CACHE_DCACHE_ENABLED) ||
 638:Drivers/STM32G4xx_HAL_Driver/Src/stm32g4xx_hal_flash_ex.c ****       (cache == FLASH_CACHE_ICACHE_DCACHE_ENABLED))
 639:Drivers/STM32G4xx_HAL_Driver/Src/stm32g4xx_hal_flash_ex.c ****   {
 640:Drivers/STM32G4xx_HAL_Driver/Src/stm32g4xx_hal_flash_ex.c ****     /* Reset data cache */
 641:Drivers/STM32G4xx_HAL_Driver/Src/stm32g4xx_hal_flash_ex.c ****     __HAL_FLASH_DATA_CACHE_RESET();
 642:Drivers/STM32G4xx_HAL_Driver/Src/stm32g4xx_hal_flash_ex.c ****     /* Enable data cache */
 643:Drivers/STM32G4xx_HAL_Driver/Src/stm32g4xx_hal_flash_ex.c ****     __HAL_FLASH_DATA_CACHE_ENABLE();
 644:Drivers/STM32G4xx_HAL_Driver/Src/stm32g4xx_hal_flash_ex.c ****   }
 645:Drivers/STM32G4xx_HAL_Driver/Src/stm32g4xx_hal_flash_ex.c **** 
 646:Drivers/STM32G4xx_HAL_Driver/Src/stm32g4xx_hal_flash_ex.c ****   /* Reset internal variable */
 647:Drivers/STM32G4xx_HAL_Driver/Src/stm32g4xx_hal_flash_ex.c ****   pFlash.CacheToReactivate = FLASH_CACHE_DISABLED;
 648:Drivers/STM32G4xx_HAL_Driver/Src/stm32g4xx_hal_flash_ex.c **** }
 649:Drivers/STM32G4xx_HAL_Driver/Src/stm32g4xx_hal_flash_ex.c **** 
 650:Drivers/STM32G4xx_HAL_Driver/Src/stm32g4xx_hal_flash_ex.c **** /**
 651:Drivers/STM32G4xx_HAL_Driver/Src/stm32g4xx_hal_flash_ex.c ****   * @brief  Configure the write protection area into Option Bytes.
 652:Drivers/STM32G4xx_HAL_Driver/Src/stm32g4xx_hal_flash_ex.c ****   * @note   When the memory read protection level is selected (RDP level = 1),
 653:Drivers/STM32G4xx_HAL_Driver/Src/stm32g4xx_hal_flash_ex.c ****   *         it is not possible to program or erase Flash memory if the CPU debug
 654:Drivers/STM32G4xx_HAL_Driver/Src/stm32g4xx_hal_flash_ex.c ****   *         features are connected (JTAG or single wire) or boot code is being
 655:Drivers/STM32G4xx_HAL_Driver/Src/stm32g4xx_hal_flash_ex.c ****   *         executed from RAM or System flash, even if WRP is not activated.
 656:Drivers/STM32G4xx_HAL_Driver/Src/stm32g4xx_hal_flash_ex.c ****   * @note   To configure any option bytes, the option lock bit OPTLOCK must be
 657:Drivers/STM32G4xx_HAL_Driver/Src/stm32g4xx_hal_flash_ex.c ****   *         cleared with the call of HAL_FLASH_OB_Unlock() function.
 658:Drivers/STM32G4xx_HAL_Driver/Src/stm32g4xx_hal_flash_ex.c ****   * @note   New option bytes configuration will be taken into account in two cases:
 659:Drivers/STM32G4xx_HAL_Driver/Src/stm32g4xx_hal_flash_ex.c ****   *         - after an option bytes launch through the call of HAL_FLASH_OB_Launch()
 660:Drivers/STM32G4xx_HAL_Driver/Src/stm32g4xx_hal_flash_ex.c ****   *         - after a power reset (BOR reset or exit from Standby/Shutdown modes)
 661:Drivers/STM32G4xx_HAL_Driver/Src/stm32g4xx_hal_flash_ex.c ****   * @param  WRPArea specifies the area to be configured.
 662:Drivers/STM32G4xx_HAL_Driver/Src/stm32g4xx_hal_flash_ex.c ****   *         This parameter can be one of the following values:
 663:Drivers/STM32G4xx_HAL_Driver/Src/stm32g4xx_hal_flash_ex.c ****   *            @arg OB_WRPAREA_BANK1_AREAA: Flash Bank 1 Area A
 664:Drivers/STM32G4xx_HAL_Driver/Src/stm32g4xx_hal_flash_ex.c ****   *            @arg OB_WRPAREA_BANK1_AREAB: Flash Bank 1 Area B
 665:Drivers/STM32G4xx_HAL_Driver/Src/stm32g4xx_hal_flash_ex.c ****   *            @arg OB_WRPAREA_BANK2_AREAA: Flash Bank 2 Area A (*)
 666:Drivers/STM32G4xx_HAL_Driver/Src/stm32g4xx_hal_flash_ex.c ****   *            @arg OB_WRPAREA_BANK2_AREAB: Flash Bank 2 Area B (*)
 667:Drivers/STM32G4xx_HAL_Driver/Src/stm32g4xx_hal_flash_ex.c ****   * @note   (*) availability depends on devices
 668:Drivers/STM32G4xx_HAL_Driver/Src/stm32g4xx_hal_flash_ex.c ****   * @param  WRPStartOffset specifies the start page of the write protected area.
 669:Drivers/STM32G4xx_HAL_Driver/Src/stm32g4xx_hal_flash_ex.c ****   *         This parameter can be page number between 0 and (max number of pages in the bank - 1).
 670:Drivers/STM32G4xx_HAL_Driver/Src/stm32g4xx_hal_flash_ex.c ****   * @param  WRDPEndOffset specifies the end page of the write protected area.
 671:Drivers/STM32G4xx_HAL_Driver/Src/stm32g4xx_hal_flash_ex.c ****   *         This parameter can be page number between WRPStartOffset and (max number of pages in th
 672:Drivers/STM32G4xx_HAL_Driver/Src/stm32g4xx_hal_flash_ex.c ****   * @retval HAL_Status
 673:Drivers/STM32G4xx_HAL_Driver/Src/stm32g4xx_hal_flash_ex.c ****   */
 674:Drivers/STM32G4xx_HAL_Driver/Src/stm32g4xx_hal_flash_ex.c **** static HAL_StatusTypeDef FLASH_OB_WRPConfig(uint32_t WRPArea, uint32_t WRPStartOffset, uint32_t WRD
 675:Drivers/STM32G4xx_HAL_Driver/Src/stm32g4xx_hal_flash_ex.c **** {
 676:Drivers/STM32G4xx_HAL_Driver/Src/stm32g4xx_hal_flash_ex.c ****   HAL_StatusTypeDef status;
 677:Drivers/STM32G4xx_HAL_Driver/Src/stm32g4xx_hal_flash_ex.c **** 
ARM GAS  C:\Users\MyPC\AppData\Local\Temp\ccdWaBxv.s 			page 14


 678:Drivers/STM32G4xx_HAL_Driver/Src/stm32g4xx_hal_flash_ex.c ****   /* Check the parameters */
 679:Drivers/STM32G4xx_HAL_Driver/Src/stm32g4xx_hal_flash_ex.c ****   assert_param(IS_OB_WRPAREA(WRPArea));
 680:Drivers/STM32G4xx_HAL_Driver/Src/stm32g4xx_hal_flash_ex.c ****   assert_param(IS_FLASH_PAGE(WRPStartOffset));
 681:Drivers/STM32G4xx_HAL_Driver/Src/stm32g4xx_hal_flash_ex.c ****   assert_param(IS_FLASH_PAGE(WRDPEndOffset));
 682:Drivers/STM32G4xx_HAL_Driver/Src/stm32g4xx_hal_flash_ex.c **** 
 683:Drivers/STM32G4xx_HAL_Driver/Src/stm32g4xx_hal_flash_ex.c ****   /* Wait for last operation to be completed */
 684:Drivers/STM32G4xx_HAL_Driver/Src/stm32g4xx_hal_flash_ex.c ****   status = FLASH_WaitForLastOperation((uint32_t)FLASH_TIMEOUT_VALUE);
 685:Drivers/STM32G4xx_HAL_Driver/Src/stm32g4xx_hal_flash_ex.c **** 
 686:Drivers/STM32G4xx_HAL_Driver/Src/stm32g4xx_hal_flash_ex.c ****   if (status == HAL_OK)
 687:Drivers/STM32G4xx_HAL_Driver/Src/stm32g4xx_hal_flash_ex.c ****   {
 688:Drivers/STM32G4xx_HAL_Driver/Src/stm32g4xx_hal_flash_ex.c ****     /* Configure the write protected area */
 689:Drivers/STM32G4xx_HAL_Driver/Src/stm32g4xx_hal_flash_ex.c ****     if (WRPArea == OB_WRPAREA_BANK1_AREAA)
 690:Drivers/STM32G4xx_HAL_Driver/Src/stm32g4xx_hal_flash_ex.c ****     {
 691:Drivers/STM32G4xx_HAL_Driver/Src/stm32g4xx_hal_flash_ex.c ****       FLASH->WRP1AR = ((WRDPEndOffset << FLASH_WRP1AR_WRP1A_END_Pos) | WRPStartOffset);
 692:Drivers/STM32G4xx_HAL_Driver/Src/stm32g4xx_hal_flash_ex.c ****     }
 693:Drivers/STM32G4xx_HAL_Driver/Src/stm32g4xx_hal_flash_ex.c ****     else if (WRPArea == OB_WRPAREA_BANK1_AREAB)
 694:Drivers/STM32G4xx_HAL_Driver/Src/stm32g4xx_hal_flash_ex.c ****     {
 695:Drivers/STM32G4xx_HAL_Driver/Src/stm32g4xx_hal_flash_ex.c ****       FLASH->WRP1BR = ((WRDPEndOffset << FLASH_WRP1BR_WRP1B_END_Pos) | WRPStartOffset);
 696:Drivers/STM32G4xx_HAL_Driver/Src/stm32g4xx_hal_flash_ex.c ****     }
 697:Drivers/STM32G4xx_HAL_Driver/Src/stm32g4xx_hal_flash_ex.c **** #if defined (FLASH_OPTR_DBANK)
 698:Drivers/STM32G4xx_HAL_Driver/Src/stm32g4xx_hal_flash_ex.c ****     else if (WRPArea == OB_WRPAREA_BANK2_AREAA)
 699:Drivers/STM32G4xx_HAL_Driver/Src/stm32g4xx_hal_flash_ex.c ****     {
 700:Drivers/STM32G4xx_HAL_Driver/Src/stm32g4xx_hal_flash_ex.c ****       FLASH->WRP2AR = ((WRDPEndOffset << FLASH_WRP2AR_WRP2A_END_Pos) | WRPStartOffset);
 701:Drivers/STM32G4xx_HAL_Driver/Src/stm32g4xx_hal_flash_ex.c ****     }
 702:Drivers/STM32G4xx_HAL_Driver/Src/stm32g4xx_hal_flash_ex.c ****     else if (WRPArea == OB_WRPAREA_BANK2_AREAB)
 703:Drivers/STM32G4xx_HAL_Driver/Src/stm32g4xx_hal_flash_ex.c ****     {
 704:Drivers/STM32G4xx_HAL_Driver/Src/stm32g4xx_hal_flash_ex.c ****       FLASH->WRP2BR = ((WRDPEndOffset << FLASH_WRP2BR_WRP2B_END_Pos) | WRPStartOffset);
 705:Drivers/STM32G4xx_HAL_Driver/Src/stm32g4xx_hal_flash_ex.c ****     }
 706:Drivers/STM32G4xx_HAL_Driver/Src/stm32g4xx_hal_flash_ex.c **** #endif
 707:Drivers/STM32G4xx_HAL_Driver/Src/stm32g4xx_hal_flash_ex.c ****     else
 708:Drivers/STM32G4xx_HAL_Driver/Src/stm32g4xx_hal_flash_ex.c ****     {
 709:Drivers/STM32G4xx_HAL_Driver/Src/stm32g4xx_hal_flash_ex.c ****       /* Nothing to do */
 710:Drivers/STM32G4xx_HAL_Driver/Src/stm32g4xx_hal_flash_ex.c ****     }
 711:Drivers/STM32G4xx_HAL_Driver/Src/stm32g4xx_hal_flash_ex.c **** 
 712:Drivers/STM32G4xx_HAL_Driver/Src/stm32g4xx_hal_flash_ex.c ****     /* Set OPTSTRT Bit */
 713:Drivers/STM32G4xx_HAL_Driver/Src/stm32g4xx_hal_flash_ex.c ****     SET_BIT(FLASH->CR, FLASH_CR_OPTSTRT);
 714:Drivers/STM32G4xx_HAL_Driver/Src/stm32g4xx_hal_flash_ex.c **** 
 715:Drivers/STM32G4xx_HAL_Driver/Src/stm32g4xx_hal_flash_ex.c ****     /* Wait for last operation to be completed */
 716:Drivers/STM32G4xx_HAL_Driver/Src/stm32g4xx_hal_flash_ex.c ****     status = FLASH_WaitForLastOperation((uint32_t)FLASH_TIMEOUT_VALUE);
 717:Drivers/STM32G4xx_HAL_Driver/Src/stm32g4xx_hal_flash_ex.c ****   }
 718:Drivers/STM32G4xx_HAL_Driver/Src/stm32g4xx_hal_flash_ex.c **** 
 719:Drivers/STM32G4xx_HAL_Driver/Src/stm32g4xx_hal_flash_ex.c ****   return status;
 720:Drivers/STM32G4xx_HAL_Driver/Src/stm32g4xx_hal_flash_ex.c **** }
 721:Drivers/STM32G4xx_HAL_Driver/Src/stm32g4xx_hal_flash_ex.c **** 
 722:Drivers/STM32G4xx_HAL_Driver/Src/stm32g4xx_hal_flash_ex.c **** /**
 723:Drivers/STM32G4xx_HAL_Driver/Src/stm32g4xx_hal_flash_ex.c ****   * @brief  Set the read protection level into Option Bytes.
 724:Drivers/STM32G4xx_HAL_Driver/Src/stm32g4xx_hal_flash_ex.c ****   * @note   To configure any option bytes, the option lock bit OPTLOCK must be
 725:Drivers/STM32G4xx_HAL_Driver/Src/stm32g4xx_hal_flash_ex.c ****   *         cleared with the call of HAL_FLASH_OB_Unlock() function.
 726:Drivers/STM32G4xx_HAL_Driver/Src/stm32g4xx_hal_flash_ex.c ****   * @note   New option bytes configuration will be taken into account in two cases:
 727:Drivers/STM32G4xx_HAL_Driver/Src/stm32g4xx_hal_flash_ex.c ****   *         - after an option bytes launch through the call of HAL_FLASH_OB_Launch()
 728:Drivers/STM32G4xx_HAL_Driver/Src/stm32g4xx_hal_flash_ex.c ****   *         - after a power reset (BOR reset or exit from Standby/Shutdown modes)
 729:Drivers/STM32G4xx_HAL_Driver/Src/stm32g4xx_hal_flash_ex.c ****   * @note   !!! Warning : When enabling OB_RDP level 2 it's no more possible
 730:Drivers/STM32G4xx_HAL_Driver/Src/stm32g4xx_hal_flash_ex.c ****   *         to go back to level 1 or 0 !!!
 731:Drivers/STM32G4xx_HAL_Driver/Src/stm32g4xx_hal_flash_ex.c ****   * @param  RDPLevel specifies the read protection level.
 732:Drivers/STM32G4xx_HAL_Driver/Src/stm32g4xx_hal_flash_ex.c ****   *         This parameter can be one of the following values:
 733:Drivers/STM32G4xx_HAL_Driver/Src/stm32g4xx_hal_flash_ex.c ****   *            @arg OB_RDP_LEVEL_0: No protection
 734:Drivers/STM32G4xx_HAL_Driver/Src/stm32g4xx_hal_flash_ex.c ****   *            @arg OB_RDP_LEVEL_1: Memory Read protection
ARM GAS  C:\Users\MyPC\AppData\Local\Temp\ccdWaBxv.s 			page 15


 735:Drivers/STM32G4xx_HAL_Driver/Src/stm32g4xx_hal_flash_ex.c ****   *            @arg OB_RDP_LEVEL_2: Full chip protection
 736:Drivers/STM32G4xx_HAL_Driver/Src/stm32g4xx_hal_flash_ex.c ****   *
 737:Drivers/STM32G4xx_HAL_Driver/Src/stm32g4xx_hal_flash_ex.c ****   * @retval HAL_Status
 738:Drivers/STM32G4xx_HAL_Driver/Src/stm32g4xx_hal_flash_ex.c ****   */
 739:Drivers/STM32G4xx_HAL_Driver/Src/stm32g4xx_hal_flash_ex.c **** static HAL_StatusTypeDef FLASH_OB_RDPConfig(uint32_t RDPLevel)
 740:Drivers/STM32G4xx_HAL_Driver/Src/stm32g4xx_hal_flash_ex.c **** {
 741:Drivers/STM32G4xx_HAL_Driver/Src/stm32g4xx_hal_flash_ex.c ****   HAL_StatusTypeDef status;
 742:Drivers/STM32G4xx_HAL_Driver/Src/stm32g4xx_hal_flash_ex.c **** 
 743:Drivers/STM32G4xx_HAL_Driver/Src/stm32g4xx_hal_flash_ex.c ****   /* Check the parameters */
 744:Drivers/STM32G4xx_HAL_Driver/Src/stm32g4xx_hal_flash_ex.c ****   assert_param(IS_OB_RDP_LEVEL(RDPLevel));
 745:Drivers/STM32G4xx_HAL_Driver/Src/stm32g4xx_hal_flash_ex.c **** 
 746:Drivers/STM32G4xx_HAL_Driver/Src/stm32g4xx_hal_flash_ex.c ****   /* Wait for last operation to be completed */
 747:Drivers/STM32G4xx_HAL_Driver/Src/stm32g4xx_hal_flash_ex.c ****   status = FLASH_WaitForLastOperation((uint32_t)FLASH_TIMEOUT_VALUE);
 748:Drivers/STM32G4xx_HAL_Driver/Src/stm32g4xx_hal_flash_ex.c **** 
 749:Drivers/STM32G4xx_HAL_Driver/Src/stm32g4xx_hal_flash_ex.c ****   if (status == HAL_OK)
 750:Drivers/STM32G4xx_HAL_Driver/Src/stm32g4xx_hal_flash_ex.c ****   {
 751:Drivers/STM32G4xx_HAL_Driver/Src/stm32g4xx_hal_flash_ex.c ****     /* Configure the RDP level in the option bytes register */
 752:Drivers/STM32G4xx_HAL_Driver/Src/stm32g4xx_hal_flash_ex.c ****     MODIFY_REG(FLASH->OPTR, FLASH_OPTR_RDP, RDPLevel);
 753:Drivers/STM32G4xx_HAL_Driver/Src/stm32g4xx_hal_flash_ex.c **** 
 754:Drivers/STM32G4xx_HAL_Driver/Src/stm32g4xx_hal_flash_ex.c ****     /* Set OPTSTRT Bit */
 755:Drivers/STM32G4xx_HAL_Driver/Src/stm32g4xx_hal_flash_ex.c ****     SET_BIT(FLASH->CR, FLASH_CR_OPTSTRT);
 756:Drivers/STM32G4xx_HAL_Driver/Src/stm32g4xx_hal_flash_ex.c **** 
 757:Drivers/STM32G4xx_HAL_Driver/Src/stm32g4xx_hal_flash_ex.c ****     /* Wait for last operation to be completed */
 758:Drivers/STM32G4xx_HAL_Driver/Src/stm32g4xx_hal_flash_ex.c ****     status = FLASH_WaitForLastOperation((uint32_t)FLASH_TIMEOUT_VALUE);
 759:Drivers/STM32G4xx_HAL_Driver/Src/stm32g4xx_hal_flash_ex.c ****   }
 760:Drivers/STM32G4xx_HAL_Driver/Src/stm32g4xx_hal_flash_ex.c **** 
 761:Drivers/STM32G4xx_HAL_Driver/Src/stm32g4xx_hal_flash_ex.c ****   return status;
 762:Drivers/STM32G4xx_HAL_Driver/Src/stm32g4xx_hal_flash_ex.c **** }
 763:Drivers/STM32G4xx_HAL_Driver/Src/stm32g4xx_hal_flash_ex.c **** 
 764:Drivers/STM32G4xx_HAL_Driver/Src/stm32g4xx_hal_flash_ex.c **** /**
 765:Drivers/STM32G4xx_HAL_Driver/Src/stm32g4xx_hal_flash_ex.c ****   * @brief  Program the FLASH User Option Bytes.
 766:Drivers/STM32G4xx_HAL_Driver/Src/stm32g4xx_hal_flash_ex.c ****   * @note   To configure any option bytes, the option lock bit OPTLOCK must be
 767:Drivers/STM32G4xx_HAL_Driver/Src/stm32g4xx_hal_flash_ex.c ****   *         cleared with the call of HAL_FLASH_OB_Unlock() function.
 768:Drivers/STM32G4xx_HAL_Driver/Src/stm32g4xx_hal_flash_ex.c ****   * @note   New option bytes configuration will be taken into account in two cases:
 769:Drivers/STM32G4xx_HAL_Driver/Src/stm32g4xx_hal_flash_ex.c ****   *         - after an option bytes launch through the call of HAL_FLASH_OB_Launch()
 770:Drivers/STM32G4xx_HAL_Driver/Src/stm32g4xx_hal_flash_ex.c ****   *         - after a power reset (BOR reset or exit from Standby/Shutdown modes)
 771:Drivers/STM32G4xx_HAL_Driver/Src/stm32g4xx_hal_flash_ex.c ****   * @param  UserType The FLASH User Option Bytes to be modified.
 772:Drivers/STM32G4xx_HAL_Driver/Src/stm32g4xx_hal_flash_ex.c ****   *         This parameter can be a combination of @ref FLASH_OB_USER_Type.
 773:Drivers/STM32G4xx_HAL_Driver/Src/stm32g4xx_hal_flash_ex.c ****   * @param  UserConfig The selected User Option Bytes values:
 774:Drivers/STM32G4xx_HAL_Driver/Src/stm32g4xx_hal_flash_ex.c ****   *         This parameter can be a combination of @ref FLASH_OB_USER_BOR_LEVEL,
 775:Drivers/STM32G4xx_HAL_Driver/Src/stm32g4xx_hal_flash_ex.c ****   *         @ref FLASH_OB_USER_nRST_STOP, @ref FLASH_OB_USER_nRST_STANDBY ,
 776:Drivers/STM32G4xx_HAL_Driver/Src/stm32g4xx_hal_flash_ex.c ****   *         @ref FLASH_OB_USER_nRST_SHUTDOWN, @ref FLASH_OB_USER_IWDG_SW,
 777:Drivers/STM32G4xx_HAL_Driver/Src/stm32g4xx_hal_flash_ex.c ****   *         @ref FLASH_OB_USER_IWDG_STOP, @ref FLASH_OB_USER_IWDG_STANDBY,
 778:Drivers/STM32G4xx_HAL_Driver/Src/stm32g4xx_hal_flash_ex.c ****   *         @ref FLASH_OB_USER_WWDG_SW, @ref FLASH_OB_USER_WWDG_SW,
 779:Drivers/STM32G4xx_HAL_Driver/Src/stm32g4xx_hal_flash_ex.c ****   *         @ref FLASH_OB_USER_BFB2 (*), @ref FLASH_OB_USER_nBOOT1,
 780:Drivers/STM32G4xx_HAL_Driver/Src/stm32g4xx_hal_flash_ex.c ****   *         @ref FLASH_OB_USER_SRAM_PE, @ref FLASH_OB_USER_CCMSRAM_RST,
 781:Drivers/STM32G4xx_HAL_Driver/Src/stm32g4xx_hal_flash_ex.c ****   *         @ref FLASH_OB_USER_nSWBOOT0, @ref FLASH_OB_USER_nBOOT0,
 782:Drivers/STM32G4xx_HAL_Driver/Src/stm32g4xx_hal_flash_ex.c ****   *         @ref FLASH_OB_USER_NRST_MODE, @ref FLASH_OB_USER_INTERNAL_RESET_HOLDER
 783:Drivers/STM32G4xx_HAL_Driver/Src/stm32g4xx_hal_flash_ex.c ****   * @note   (*) availability depends on devices
 784:Drivers/STM32G4xx_HAL_Driver/Src/stm32g4xx_hal_flash_ex.c ****   * @retval HAL_Status
 785:Drivers/STM32G4xx_HAL_Driver/Src/stm32g4xx_hal_flash_ex.c ****   */
 786:Drivers/STM32G4xx_HAL_Driver/Src/stm32g4xx_hal_flash_ex.c **** static HAL_StatusTypeDef FLASH_OB_UserConfig(uint32_t UserType, uint32_t UserConfig)
 787:Drivers/STM32G4xx_HAL_Driver/Src/stm32g4xx_hal_flash_ex.c **** {
 788:Drivers/STM32G4xx_HAL_Driver/Src/stm32g4xx_hal_flash_ex.c ****   uint32_t optr_reg_val = 0;
 789:Drivers/STM32G4xx_HAL_Driver/Src/stm32g4xx_hal_flash_ex.c ****   uint32_t optr_reg_mask = 0;
 790:Drivers/STM32G4xx_HAL_Driver/Src/stm32g4xx_hal_flash_ex.c ****   HAL_StatusTypeDef status;
 791:Drivers/STM32G4xx_HAL_Driver/Src/stm32g4xx_hal_flash_ex.c **** 
ARM GAS  C:\Users\MyPC\AppData\Local\Temp\ccdWaBxv.s 			page 16


 792:Drivers/STM32G4xx_HAL_Driver/Src/stm32g4xx_hal_flash_ex.c ****   /* Check the parameters */
 793:Drivers/STM32G4xx_HAL_Driver/Src/stm32g4xx_hal_flash_ex.c ****   assert_param(IS_OB_USER_TYPE(UserType));
 794:Drivers/STM32G4xx_HAL_Driver/Src/stm32g4xx_hal_flash_ex.c **** 
 795:Drivers/STM32G4xx_HAL_Driver/Src/stm32g4xx_hal_flash_ex.c ****   /* Wait for last operation to be completed */
 796:Drivers/STM32G4xx_HAL_Driver/Src/stm32g4xx_hal_flash_ex.c ****   status = FLASH_WaitForLastOperation((uint32_t)FLASH_TIMEOUT_VALUE);
 797:Drivers/STM32G4xx_HAL_Driver/Src/stm32g4xx_hal_flash_ex.c **** 
 798:Drivers/STM32G4xx_HAL_Driver/Src/stm32g4xx_hal_flash_ex.c ****   if (status == HAL_OK)
 799:Drivers/STM32G4xx_HAL_Driver/Src/stm32g4xx_hal_flash_ex.c ****   {
 800:Drivers/STM32G4xx_HAL_Driver/Src/stm32g4xx_hal_flash_ex.c **** #if defined(FLASH_OPTR_PB4_PUPEN)
 801:Drivers/STM32G4xx_HAL_Driver/Src/stm32g4xx_hal_flash_ex.c ****     if ((UserType & OB_USER_PB4_PUPEN) != 0U)
 802:Drivers/STM32G4xx_HAL_Driver/Src/stm32g4xx_hal_flash_ex.c ****     {
 803:Drivers/STM32G4xx_HAL_Driver/Src/stm32g4xx_hal_flash_ex.c ****       /* PB4_PUPEN option byte should be modified */
 804:Drivers/STM32G4xx_HAL_Driver/Src/stm32g4xx_hal_flash_ex.c ****       assert_param(IS_OB_USER_PB4_PUPEN(UserConfig & FLASH_OPTR_PB4_PUPEN));
 805:Drivers/STM32G4xx_HAL_Driver/Src/stm32g4xx_hal_flash_ex.c **** 
 806:Drivers/STM32G4xx_HAL_Driver/Src/stm32g4xx_hal_flash_ex.c ****       /* Set value and mask for PB4_PUPEN option byte */
 807:Drivers/STM32G4xx_HAL_Driver/Src/stm32g4xx_hal_flash_ex.c ****       optr_reg_val |= (UserConfig & FLASH_OPTR_PB4_PUPEN);
 808:Drivers/STM32G4xx_HAL_Driver/Src/stm32g4xx_hal_flash_ex.c ****       optr_reg_mask |= FLASH_OPTR_PB4_PUPEN;
 809:Drivers/STM32G4xx_HAL_Driver/Src/stm32g4xx_hal_flash_ex.c ****     }
 810:Drivers/STM32G4xx_HAL_Driver/Src/stm32g4xx_hal_flash_ex.c **** #endif /* FLASH_OPTR_PB4_PUPEN */
 811:Drivers/STM32G4xx_HAL_Driver/Src/stm32g4xx_hal_flash_ex.c **** 
 812:Drivers/STM32G4xx_HAL_Driver/Src/stm32g4xx_hal_flash_ex.c ****     if ((UserType & OB_USER_BOR_LEV) != 0U)
 813:Drivers/STM32G4xx_HAL_Driver/Src/stm32g4xx_hal_flash_ex.c ****     {
 814:Drivers/STM32G4xx_HAL_Driver/Src/stm32g4xx_hal_flash_ex.c ****       /* BOR level option byte should be modified */
 815:Drivers/STM32G4xx_HAL_Driver/Src/stm32g4xx_hal_flash_ex.c ****       assert_param(IS_OB_USER_BOR_LEVEL(UserConfig & FLASH_OPTR_BOR_LEV));
 816:Drivers/STM32G4xx_HAL_Driver/Src/stm32g4xx_hal_flash_ex.c **** 
 817:Drivers/STM32G4xx_HAL_Driver/Src/stm32g4xx_hal_flash_ex.c ****       /* Set value and mask for BOR level option byte */
 818:Drivers/STM32G4xx_HAL_Driver/Src/stm32g4xx_hal_flash_ex.c ****       optr_reg_val |= (UserConfig & FLASH_OPTR_BOR_LEV);
 819:Drivers/STM32G4xx_HAL_Driver/Src/stm32g4xx_hal_flash_ex.c ****       optr_reg_mask |= FLASH_OPTR_BOR_LEV;
 820:Drivers/STM32G4xx_HAL_Driver/Src/stm32g4xx_hal_flash_ex.c ****     }
 821:Drivers/STM32G4xx_HAL_Driver/Src/stm32g4xx_hal_flash_ex.c **** 
 822:Drivers/STM32G4xx_HAL_Driver/Src/stm32g4xx_hal_flash_ex.c ****     if ((UserType & OB_USER_nRST_STOP) != 0U)
 823:Drivers/STM32G4xx_HAL_Driver/Src/stm32g4xx_hal_flash_ex.c ****     {
 824:Drivers/STM32G4xx_HAL_Driver/Src/stm32g4xx_hal_flash_ex.c ****       /* nRST_STOP option byte should be modified */
 825:Drivers/STM32G4xx_HAL_Driver/Src/stm32g4xx_hal_flash_ex.c ****       assert_param(IS_OB_USER_STOP(UserConfig & FLASH_OPTR_nRST_STOP));
 826:Drivers/STM32G4xx_HAL_Driver/Src/stm32g4xx_hal_flash_ex.c **** 
 827:Drivers/STM32G4xx_HAL_Driver/Src/stm32g4xx_hal_flash_ex.c ****       /* Set value and mask for nRST_STOP option byte */
 828:Drivers/STM32G4xx_HAL_Driver/Src/stm32g4xx_hal_flash_ex.c ****       optr_reg_val |= (UserConfig & FLASH_OPTR_nRST_STOP);
 829:Drivers/STM32G4xx_HAL_Driver/Src/stm32g4xx_hal_flash_ex.c ****       optr_reg_mask |= FLASH_OPTR_nRST_STOP;
 830:Drivers/STM32G4xx_HAL_Driver/Src/stm32g4xx_hal_flash_ex.c ****     }
 831:Drivers/STM32G4xx_HAL_Driver/Src/stm32g4xx_hal_flash_ex.c **** 
 832:Drivers/STM32G4xx_HAL_Driver/Src/stm32g4xx_hal_flash_ex.c ****     if ((UserType & OB_USER_nRST_STDBY) != 0U)
 833:Drivers/STM32G4xx_HAL_Driver/Src/stm32g4xx_hal_flash_ex.c ****     {
 834:Drivers/STM32G4xx_HAL_Driver/Src/stm32g4xx_hal_flash_ex.c ****       /* nRST_STDBY option byte should be modified */
 835:Drivers/STM32G4xx_HAL_Driver/Src/stm32g4xx_hal_flash_ex.c ****       assert_param(IS_OB_USER_STANDBY(UserConfig & FLASH_OPTR_nRST_STDBY));
 836:Drivers/STM32G4xx_HAL_Driver/Src/stm32g4xx_hal_flash_ex.c **** 
 837:Drivers/STM32G4xx_HAL_Driver/Src/stm32g4xx_hal_flash_ex.c ****       /* Set value and mask for nRST_STDBY option byte */
 838:Drivers/STM32G4xx_HAL_Driver/Src/stm32g4xx_hal_flash_ex.c ****       optr_reg_val |= (UserConfig & FLASH_OPTR_nRST_STDBY);
 839:Drivers/STM32G4xx_HAL_Driver/Src/stm32g4xx_hal_flash_ex.c ****       optr_reg_mask |= FLASH_OPTR_nRST_STDBY;
 840:Drivers/STM32G4xx_HAL_Driver/Src/stm32g4xx_hal_flash_ex.c ****     }
 841:Drivers/STM32G4xx_HAL_Driver/Src/stm32g4xx_hal_flash_ex.c **** 
 842:Drivers/STM32G4xx_HAL_Driver/Src/stm32g4xx_hal_flash_ex.c ****     if ((UserType & OB_USER_nRST_SHDW) != 0U)
 843:Drivers/STM32G4xx_HAL_Driver/Src/stm32g4xx_hal_flash_ex.c ****     {
 844:Drivers/STM32G4xx_HAL_Driver/Src/stm32g4xx_hal_flash_ex.c ****       /* nRST_SHDW option byte should be modified */
 845:Drivers/STM32G4xx_HAL_Driver/Src/stm32g4xx_hal_flash_ex.c ****       assert_param(IS_OB_USER_SHUTDOWN(UserConfig & FLASH_OPTR_nRST_SHDW));
 846:Drivers/STM32G4xx_HAL_Driver/Src/stm32g4xx_hal_flash_ex.c **** 
 847:Drivers/STM32G4xx_HAL_Driver/Src/stm32g4xx_hal_flash_ex.c ****       /* Set value and mask for nRST_SHDW option byte */
 848:Drivers/STM32G4xx_HAL_Driver/Src/stm32g4xx_hal_flash_ex.c ****       optr_reg_val |= (UserConfig & FLASH_OPTR_nRST_SHDW);
ARM GAS  C:\Users\MyPC\AppData\Local\Temp\ccdWaBxv.s 			page 17


 849:Drivers/STM32G4xx_HAL_Driver/Src/stm32g4xx_hal_flash_ex.c ****       optr_reg_mask |= FLASH_OPTR_nRST_SHDW;
 850:Drivers/STM32G4xx_HAL_Driver/Src/stm32g4xx_hal_flash_ex.c ****     }
 851:Drivers/STM32G4xx_HAL_Driver/Src/stm32g4xx_hal_flash_ex.c **** 
 852:Drivers/STM32G4xx_HAL_Driver/Src/stm32g4xx_hal_flash_ex.c ****     if ((UserType & OB_USER_IWDG_SW) != 0U)
 853:Drivers/STM32G4xx_HAL_Driver/Src/stm32g4xx_hal_flash_ex.c ****     {
 854:Drivers/STM32G4xx_HAL_Driver/Src/stm32g4xx_hal_flash_ex.c ****       /* IWDG_SW option byte should be modified */
 855:Drivers/STM32G4xx_HAL_Driver/Src/stm32g4xx_hal_flash_ex.c ****       assert_param(IS_OB_USER_IWDG(UserConfig & FLASH_OPTR_IWDG_SW));
 856:Drivers/STM32G4xx_HAL_Driver/Src/stm32g4xx_hal_flash_ex.c **** 
 857:Drivers/STM32G4xx_HAL_Driver/Src/stm32g4xx_hal_flash_ex.c ****       /* Set value and mask for IWDG_SW option byte */
 858:Drivers/STM32G4xx_HAL_Driver/Src/stm32g4xx_hal_flash_ex.c ****       optr_reg_val |= (UserConfig & FLASH_OPTR_IWDG_SW);
 859:Drivers/STM32G4xx_HAL_Driver/Src/stm32g4xx_hal_flash_ex.c ****       optr_reg_mask |= FLASH_OPTR_IWDG_SW;
 860:Drivers/STM32G4xx_HAL_Driver/Src/stm32g4xx_hal_flash_ex.c ****     }
 861:Drivers/STM32G4xx_HAL_Driver/Src/stm32g4xx_hal_flash_ex.c **** 
 862:Drivers/STM32G4xx_HAL_Driver/Src/stm32g4xx_hal_flash_ex.c ****     if ((UserType & OB_USER_IWDG_STOP) != 0U)
 863:Drivers/STM32G4xx_HAL_Driver/Src/stm32g4xx_hal_flash_ex.c ****     {
 864:Drivers/STM32G4xx_HAL_Driver/Src/stm32g4xx_hal_flash_ex.c ****       /* IWDG_STOP option byte should be modified */
 865:Drivers/STM32G4xx_HAL_Driver/Src/stm32g4xx_hal_flash_ex.c ****       assert_param(IS_OB_USER_IWDG_STOP(UserConfig & FLASH_OPTR_IWDG_STOP));
 866:Drivers/STM32G4xx_HAL_Driver/Src/stm32g4xx_hal_flash_ex.c **** 
 867:Drivers/STM32G4xx_HAL_Driver/Src/stm32g4xx_hal_flash_ex.c ****       /* Set value and mask for IWDG_STOP option byte */
 868:Drivers/STM32G4xx_HAL_Driver/Src/stm32g4xx_hal_flash_ex.c ****       optr_reg_val |= (UserConfig & FLASH_OPTR_IWDG_STOP);
 869:Drivers/STM32G4xx_HAL_Driver/Src/stm32g4xx_hal_flash_ex.c ****       optr_reg_mask |= FLASH_OPTR_IWDG_STOP;
 870:Drivers/STM32G4xx_HAL_Driver/Src/stm32g4xx_hal_flash_ex.c ****     }
 871:Drivers/STM32G4xx_HAL_Driver/Src/stm32g4xx_hal_flash_ex.c **** 
 872:Drivers/STM32G4xx_HAL_Driver/Src/stm32g4xx_hal_flash_ex.c ****     if ((UserType & OB_USER_IWDG_STDBY) != 0U)
 873:Drivers/STM32G4xx_HAL_Driver/Src/stm32g4xx_hal_flash_ex.c ****     {
 874:Drivers/STM32G4xx_HAL_Driver/Src/stm32g4xx_hal_flash_ex.c ****       /* IWDG_STDBY option byte should be modified */
 875:Drivers/STM32G4xx_HAL_Driver/Src/stm32g4xx_hal_flash_ex.c ****       assert_param(IS_OB_USER_IWDG_STDBY(UserConfig & FLASH_OPTR_IWDG_STDBY));
 876:Drivers/STM32G4xx_HAL_Driver/Src/stm32g4xx_hal_flash_ex.c **** 
 877:Drivers/STM32G4xx_HAL_Driver/Src/stm32g4xx_hal_flash_ex.c ****       /* Set value and mask for IWDG_STDBY option byte */
 878:Drivers/STM32G4xx_HAL_Driver/Src/stm32g4xx_hal_flash_ex.c ****       optr_reg_val |= (UserConfig & FLASH_OPTR_IWDG_STDBY);
 879:Drivers/STM32G4xx_HAL_Driver/Src/stm32g4xx_hal_flash_ex.c ****       optr_reg_mask |= FLASH_OPTR_IWDG_STDBY;
 880:Drivers/STM32G4xx_HAL_Driver/Src/stm32g4xx_hal_flash_ex.c ****     }
 881:Drivers/STM32G4xx_HAL_Driver/Src/stm32g4xx_hal_flash_ex.c **** 
 882:Drivers/STM32G4xx_HAL_Driver/Src/stm32g4xx_hal_flash_ex.c ****     if ((UserType & OB_USER_WWDG_SW) != 0U)
 883:Drivers/STM32G4xx_HAL_Driver/Src/stm32g4xx_hal_flash_ex.c ****     {
 884:Drivers/STM32G4xx_HAL_Driver/Src/stm32g4xx_hal_flash_ex.c ****       /* WWDG_SW option byte should be modified */
 885:Drivers/STM32G4xx_HAL_Driver/Src/stm32g4xx_hal_flash_ex.c ****       assert_param(IS_OB_USER_WWDG(UserConfig & FLASH_OPTR_WWDG_SW));
 886:Drivers/STM32G4xx_HAL_Driver/Src/stm32g4xx_hal_flash_ex.c **** 
 887:Drivers/STM32G4xx_HAL_Driver/Src/stm32g4xx_hal_flash_ex.c ****       /* Set value and mask for WWDG_SW option byte */
 888:Drivers/STM32G4xx_HAL_Driver/Src/stm32g4xx_hal_flash_ex.c ****       optr_reg_val |= (UserConfig & FLASH_OPTR_WWDG_SW);
 889:Drivers/STM32G4xx_HAL_Driver/Src/stm32g4xx_hal_flash_ex.c ****       optr_reg_mask |= FLASH_OPTR_WWDG_SW;
 890:Drivers/STM32G4xx_HAL_Driver/Src/stm32g4xx_hal_flash_ex.c ****     }
 891:Drivers/STM32G4xx_HAL_Driver/Src/stm32g4xx_hal_flash_ex.c **** 
 892:Drivers/STM32G4xx_HAL_Driver/Src/stm32g4xx_hal_flash_ex.c **** #if defined (FLASH_OPTR_BFB2)
 893:Drivers/STM32G4xx_HAL_Driver/Src/stm32g4xx_hal_flash_ex.c ****     if ((UserType & OB_USER_BFB2) != 0U)
 894:Drivers/STM32G4xx_HAL_Driver/Src/stm32g4xx_hal_flash_ex.c ****     {
 895:Drivers/STM32G4xx_HAL_Driver/Src/stm32g4xx_hal_flash_ex.c ****       /* BFB2 option byte should be modified */
 896:Drivers/STM32G4xx_HAL_Driver/Src/stm32g4xx_hal_flash_ex.c ****       assert_param(IS_OB_USER_BFB2(UserConfig & FLASH_OPTR_BFB2));
 897:Drivers/STM32G4xx_HAL_Driver/Src/stm32g4xx_hal_flash_ex.c **** 
 898:Drivers/STM32G4xx_HAL_Driver/Src/stm32g4xx_hal_flash_ex.c ****       /* Set value and mask for BFB2 option byte */
 899:Drivers/STM32G4xx_HAL_Driver/Src/stm32g4xx_hal_flash_ex.c ****       optr_reg_val |= (UserConfig & FLASH_OPTR_BFB2);
 900:Drivers/STM32G4xx_HAL_Driver/Src/stm32g4xx_hal_flash_ex.c ****       optr_reg_mask |= FLASH_OPTR_BFB2;
 901:Drivers/STM32G4xx_HAL_Driver/Src/stm32g4xx_hal_flash_ex.c ****     }
 902:Drivers/STM32G4xx_HAL_Driver/Src/stm32g4xx_hal_flash_ex.c **** #endif
 903:Drivers/STM32G4xx_HAL_Driver/Src/stm32g4xx_hal_flash_ex.c **** 
 904:Drivers/STM32G4xx_HAL_Driver/Src/stm32g4xx_hal_flash_ex.c ****     if ((UserType & OB_USER_nBOOT1) != 0U)
 905:Drivers/STM32G4xx_HAL_Driver/Src/stm32g4xx_hal_flash_ex.c ****     {
ARM GAS  C:\Users\MyPC\AppData\Local\Temp\ccdWaBxv.s 			page 18


 906:Drivers/STM32G4xx_HAL_Driver/Src/stm32g4xx_hal_flash_ex.c ****       /* nBOOT1 option byte should be modified */
 907:Drivers/STM32G4xx_HAL_Driver/Src/stm32g4xx_hal_flash_ex.c ****       assert_param(IS_OB_USER_BOOT1(UserConfig & FLASH_OPTR_nBOOT1));
 908:Drivers/STM32G4xx_HAL_Driver/Src/stm32g4xx_hal_flash_ex.c **** 
 909:Drivers/STM32G4xx_HAL_Driver/Src/stm32g4xx_hal_flash_ex.c ****       /* Set value and mask for nBOOT1 option byte */
 910:Drivers/STM32G4xx_HAL_Driver/Src/stm32g4xx_hal_flash_ex.c ****       optr_reg_val |= (UserConfig & FLASH_OPTR_nBOOT1);
 911:Drivers/STM32G4xx_HAL_Driver/Src/stm32g4xx_hal_flash_ex.c ****       optr_reg_mask |= FLASH_OPTR_nBOOT1;
 912:Drivers/STM32G4xx_HAL_Driver/Src/stm32g4xx_hal_flash_ex.c ****     }
 913:Drivers/STM32G4xx_HAL_Driver/Src/stm32g4xx_hal_flash_ex.c **** 
 914:Drivers/STM32G4xx_HAL_Driver/Src/stm32g4xx_hal_flash_ex.c ****     if ((UserType & OB_USER_SRAM_PE) != 0U)
 915:Drivers/STM32G4xx_HAL_Driver/Src/stm32g4xx_hal_flash_ex.c ****     {
 916:Drivers/STM32G4xx_HAL_Driver/Src/stm32g4xx_hal_flash_ex.c ****       /* SRAM_PE option byte should be modified */
 917:Drivers/STM32G4xx_HAL_Driver/Src/stm32g4xx_hal_flash_ex.c ****       assert_param(IS_OB_USER_SRAM_PARITY(UserConfig & FLASH_OPTR_SRAM_PE));
 918:Drivers/STM32G4xx_HAL_Driver/Src/stm32g4xx_hal_flash_ex.c **** 
 919:Drivers/STM32G4xx_HAL_Driver/Src/stm32g4xx_hal_flash_ex.c ****       /* Set value and mask for SRAM_PE option byte */
 920:Drivers/STM32G4xx_HAL_Driver/Src/stm32g4xx_hal_flash_ex.c ****       optr_reg_val |= (UserConfig & FLASH_OPTR_SRAM_PE);
 921:Drivers/STM32G4xx_HAL_Driver/Src/stm32g4xx_hal_flash_ex.c ****       optr_reg_mask |= FLASH_OPTR_SRAM_PE;
 922:Drivers/STM32G4xx_HAL_Driver/Src/stm32g4xx_hal_flash_ex.c ****     }
 923:Drivers/STM32G4xx_HAL_Driver/Src/stm32g4xx_hal_flash_ex.c ****     if ((UserType & OB_USER_CCMSRAM_RST) != 0U)
 924:Drivers/STM32G4xx_HAL_Driver/Src/stm32g4xx_hal_flash_ex.c ****     {
 925:Drivers/STM32G4xx_HAL_Driver/Src/stm32g4xx_hal_flash_ex.c ****       /* CCMSRAM_RST option byte should be modified */
 926:Drivers/STM32G4xx_HAL_Driver/Src/stm32g4xx_hal_flash_ex.c ****       assert_param(IS_OB_USER_CCMSRAM_RST(UserConfig & FLASH_OPTR_CCMSRAM_RST));
 927:Drivers/STM32G4xx_HAL_Driver/Src/stm32g4xx_hal_flash_ex.c **** 
 928:Drivers/STM32G4xx_HAL_Driver/Src/stm32g4xx_hal_flash_ex.c ****       /* Set value and mask for CCMSRAM_RST option byte */
 929:Drivers/STM32G4xx_HAL_Driver/Src/stm32g4xx_hal_flash_ex.c ****       optr_reg_val |= (UserConfig & FLASH_OPTR_CCMSRAM_RST);
 930:Drivers/STM32G4xx_HAL_Driver/Src/stm32g4xx_hal_flash_ex.c ****       optr_reg_mask |= FLASH_OPTR_CCMSRAM_RST;
 931:Drivers/STM32G4xx_HAL_Driver/Src/stm32g4xx_hal_flash_ex.c ****     }
 932:Drivers/STM32G4xx_HAL_Driver/Src/stm32g4xx_hal_flash_ex.c ****     if ((UserType & OB_USER_nSWBOOT0) != 0U)
 933:Drivers/STM32G4xx_HAL_Driver/Src/stm32g4xx_hal_flash_ex.c ****     {
 934:Drivers/STM32G4xx_HAL_Driver/Src/stm32g4xx_hal_flash_ex.c ****       /* nSWBOOT0 option byte should be modified */
 935:Drivers/STM32G4xx_HAL_Driver/Src/stm32g4xx_hal_flash_ex.c ****       assert_param(IS_OB_USER_SWBOOT0(UserConfig & FLASH_OPTR_nSWBOOT0));
 936:Drivers/STM32G4xx_HAL_Driver/Src/stm32g4xx_hal_flash_ex.c **** 
 937:Drivers/STM32G4xx_HAL_Driver/Src/stm32g4xx_hal_flash_ex.c ****       /* Set value and mask for nSWBOOT0 option byte */
 938:Drivers/STM32G4xx_HAL_Driver/Src/stm32g4xx_hal_flash_ex.c ****       optr_reg_val |= (UserConfig & FLASH_OPTR_nSWBOOT0);
 939:Drivers/STM32G4xx_HAL_Driver/Src/stm32g4xx_hal_flash_ex.c ****       optr_reg_mask |= FLASH_OPTR_nSWBOOT0;
 940:Drivers/STM32G4xx_HAL_Driver/Src/stm32g4xx_hal_flash_ex.c ****     }
 941:Drivers/STM32G4xx_HAL_Driver/Src/stm32g4xx_hal_flash_ex.c **** 
 942:Drivers/STM32G4xx_HAL_Driver/Src/stm32g4xx_hal_flash_ex.c ****     if ((UserType & OB_USER_nBOOT0) != 0U)
 943:Drivers/STM32G4xx_HAL_Driver/Src/stm32g4xx_hal_flash_ex.c ****     {
 944:Drivers/STM32G4xx_HAL_Driver/Src/stm32g4xx_hal_flash_ex.c ****       /* nBOOT0 option byte should be modified */
 945:Drivers/STM32G4xx_HAL_Driver/Src/stm32g4xx_hal_flash_ex.c ****       assert_param(IS_OB_USER_BOOT0(UserConfig & FLASH_OPTR_nBOOT0));
 946:Drivers/STM32G4xx_HAL_Driver/Src/stm32g4xx_hal_flash_ex.c **** 
 947:Drivers/STM32G4xx_HAL_Driver/Src/stm32g4xx_hal_flash_ex.c ****       /* Set value and mask for nBOOT0 option byte */
 948:Drivers/STM32G4xx_HAL_Driver/Src/stm32g4xx_hal_flash_ex.c ****       optr_reg_val |= (UserConfig & FLASH_OPTR_nBOOT0);
 949:Drivers/STM32G4xx_HAL_Driver/Src/stm32g4xx_hal_flash_ex.c ****       optr_reg_mask |= FLASH_OPTR_nBOOT0;
 950:Drivers/STM32G4xx_HAL_Driver/Src/stm32g4xx_hal_flash_ex.c ****     }
 951:Drivers/STM32G4xx_HAL_Driver/Src/stm32g4xx_hal_flash_ex.c **** 
 952:Drivers/STM32G4xx_HAL_Driver/Src/stm32g4xx_hal_flash_ex.c ****     if ((UserType & OB_USER_NRST_MODE) != 0U)
 953:Drivers/STM32G4xx_HAL_Driver/Src/stm32g4xx_hal_flash_ex.c ****     {
 954:Drivers/STM32G4xx_HAL_Driver/Src/stm32g4xx_hal_flash_ex.c ****       /* Reset Configuration option byte should be modified */
 955:Drivers/STM32G4xx_HAL_Driver/Src/stm32g4xx_hal_flash_ex.c ****       assert_param(IS_OB_USER_NRST_MODE(UserConfig & FLASH_OPTR_NRST_MODE));
 956:Drivers/STM32G4xx_HAL_Driver/Src/stm32g4xx_hal_flash_ex.c **** 
 957:Drivers/STM32G4xx_HAL_Driver/Src/stm32g4xx_hal_flash_ex.c ****       /* Set value and mask for Reset Configuration option byte */
 958:Drivers/STM32G4xx_HAL_Driver/Src/stm32g4xx_hal_flash_ex.c ****       optr_reg_val |= (UserConfig & FLASH_OPTR_NRST_MODE);
 959:Drivers/STM32G4xx_HAL_Driver/Src/stm32g4xx_hal_flash_ex.c ****       optr_reg_mask |= FLASH_OPTR_NRST_MODE;
 960:Drivers/STM32G4xx_HAL_Driver/Src/stm32g4xx_hal_flash_ex.c ****     }
 961:Drivers/STM32G4xx_HAL_Driver/Src/stm32g4xx_hal_flash_ex.c **** 
 962:Drivers/STM32G4xx_HAL_Driver/Src/stm32g4xx_hal_flash_ex.c ****     if ((UserType & OB_USER_IRHEN) != 0U)
ARM GAS  C:\Users\MyPC\AppData\Local\Temp\ccdWaBxv.s 			page 19


 963:Drivers/STM32G4xx_HAL_Driver/Src/stm32g4xx_hal_flash_ex.c ****     {
 964:Drivers/STM32G4xx_HAL_Driver/Src/stm32g4xx_hal_flash_ex.c ****       /* IRH option byte should be modified */
 965:Drivers/STM32G4xx_HAL_Driver/Src/stm32g4xx_hal_flash_ex.c ****       assert_param(IS_OB_USER_IRHEN(UserConfig & FLASH_OPTR_IRHEN));
 966:Drivers/STM32G4xx_HAL_Driver/Src/stm32g4xx_hal_flash_ex.c **** 
 967:Drivers/STM32G4xx_HAL_Driver/Src/stm32g4xx_hal_flash_ex.c ****       /* Set value and mask for IRH option byte */
 968:Drivers/STM32G4xx_HAL_Driver/Src/stm32g4xx_hal_flash_ex.c ****       optr_reg_val |= (UserConfig & FLASH_OPTR_IRHEN);
 969:Drivers/STM32G4xx_HAL_Driver/Src/stm32g4xx_hal_flash_ex.c ****       optr_reg_mask |= FLASH_OPTR_IRHEN;
 970:Drivers/STM32G4xx_HAL_Driver/Src/stm32g4xx_hal_flash_ex.c ****     }
 971:Drivers/STM32G4xx_HAL_Driver/Src/stm32g4xx_hal_flash_ex.c **** 
 972:Drivers/STM32G4xx_HAL_Driver/Src/stm32g4xx_hal_flash_ex.c ****     /* Configure the option bytes register */
 973:Drivers/STM32G4xx_HAL_Driver/Src/stm32g4xx_hal_flash_ex.c ****     MODIFY_REG(FLASH->OPTR, optr_reg_mask, optr_reg_val);
 974:Drivers/STM32G4xx_HAL_Driver/Src/stm32g4xx_hal_flash_ex.c **** 
 975:Drivers/STM32G4xx_HAL_Driver/Src/stm32g4xx_hal_flash_ex.c ****     /* Set OPTSTRT Bit */
 976:Drivers/STM32G4xx_HAL_Driver/Src/stm32g4xx_hal_flash_ex.c ****     SET_BIT(FLASH->CR, FLASH_CR_OPTSTRT);
 977:Drivers/STM32G4xx_HAL_Driver/Src/stm32g4xx_hal_flash_ex.c **** 
 978:Drivers/STM32G4xx_HAL_Driver/Src/stm32g4xx_hal_flash_ex.c ****     /* Wait for last operation to be completed */
 979:Drivers/STM32G4xx_HAL_Driver/Src/stm32g4xx_hal_flash_ex.c ****     status = FLASH_WaitForLastOperation((uint32_t)FLASH_TIMEOUT_VALUE);
 980:Drivers/STM32G4xx_HAL_Driver/Src/stm32g4xx_hal_flash_ex.c ****   }
 981:Drivers/STM32G4xx_HAL_Driver/Src/stm32g4xx_hal_flash_ex.c **** 
 982:Drivers/STM32G4xx_HAL_Driver/Src/stm32g4xx_hal_flash_ex.c ****   return status;
 983:Drivers/STM32G4xx_HAL_Driver/Src/stm32g4xx_hal_flash_ex.c **** }
 984:Drivers/STM32G4xx_HAL_Driver/Src/stm32g4xx_hal_flash_ex.c **** 
 985:Drivers/STM32G4xx_HAL_Driver/Src/stm32g4xx_hal_flash_ex.c **** /**
 986:Drivers/STM32G4xx_HAL_Driver/Src/stm32g4xx_hal_flash_ex.c ****   * @brief  Configure the Proprietary code readout protection area into Option Bytes.
 987:Drivers/STM32G4xx_HAL_Driver/Src/stm32g4xx_hal_flash_ex.c ****   * @note   To configure any option bytes, the option lock bit OPTLOCK must be
 988:Drivers/STM32G4xx_HAL_Driver/Src/stm32g4xx_hal_flash_ex.c ****   *         cleared with the call of HAL_FLASH_OB_Unlock() function.
 989:Drivers/STM32G4xx_HAL_Driver/Src/stm32g4xx_hal_flash_ex.c ****   * @note   New option bytes configuration will be taken into account in two cases:
 990:Drivers/STM32G4xx_HAL_Driver/Src/stm32g4xx_hal_flash_ex.c ****   *         - after an option bytes launch through the call of HAL_FLASH_OB_Launch()
 991:Drivers/STM32G4xx_HAL_Driver/Src/stm32g4xx_hal_flash_ex.c ****   *         - after a power reset (BOR reset or exit from Standby/Shutdown modes)
 992:Drivers/STM32G4xx_HAL_Driver/Src/stm32g4xx_hal_flash_ex.c ****   * @param  PCROPConfig specifies the configuration (Bank to be configured and PCROP_RDP option).
 993:Drivers/STM32G4xx_HAL_Driver/Src/stm32g4xx_hal_flash_ex.c ****   *         This parameter must be a combination of FLASH_BANK_1 or FLASH_BANK_2 (*)
 994:Drivers/STM32G4xx_HAL_Driver/Src/stm32g4xx_hal_flash_ex.c ****   *         with OB_PCROP_RDP_NOT_ERASE or OB_PCROP_RDP_ERASE.
 995:Drivers/STM32G4xx_HAL_Driver/Src/stm32g4xx_hal_flash_ex.c ****   * @note   (*) availability depends on devices
 996:Drivers/STM32G4xx_HAL_Driver/Src/stm32g4xx_hal_flash_ex.c ****   * @param  PCROPStartAddr specifies the start address of the Proprietary code readout protection.
 997:Drivers/STM32G4xx_HAL_Driver/Src/stm32g4xx_hal_flash_ex.c ****   *         This parameter can be an address between begin and end of the bank.
 998:Drivers/STM32G4xx_HAL_Driver/Src/stm32g4xx_hal_flash_ex.c ****   * @param  PCROPEndAddr specifies the end address of the Proprietary code readout protection.
 999:Drivers/STM32G4xx_HAL_Driver/Src/stm32g4xx_hal_flash_ex.c ****   *         This parameter can be an address between PCROPStartAddr and end of the bank.
1000:Drivers/STM32G4xx_HAL_Driver/Src/stm32g4xx_hal_flash_ex.c ****   * @retval HAL_Status
1001:Drivers/STM32G4xx_HAL_Driver/Src/stm32g4xx_hal_flash_ex.c ****   */
1002:Drivers/STM32G4xx_HAL_Driver/Src/stm32g4xx_hal_flash_ex.c **** static HAL_StatusTypeDef FLASH_OB_PCROPConfig(uint32_t PCROPConfig, uint32_t PCROPStartAddr, uint32
1003:Drivers/STM32G4xx_HAL_Driver/Src/stm32g4xx_hal_flash_ex.c **** {
1004:Drivers/STM32G4xx_HAL_Driver/Src/stm32g4xx_hal_flash_ex.c ****   HAL_StatusTypeDef status;
1005:Drivers/STM32G4xx_HAL_Driver/Src/stm32g4xx_hal_flash_ex.c ****   uint32_t reg_value;
1006:Drivers/STM32G4xx_HAL_Driver/Src/stm32g4xx_hal_flash_ex.c ****   uint32_t bank1_addr;
1007:Drivers/STM32G4xx_HAL_Driver/Src/stm32g4xx_hal_flash_ex.c **** #if defined (FLASH_OPTR_DBANK)
1008:Drivers/STM32G4xx_HAL_Driver/Src/stm32g4xx_hal_flash_ex.c ****   uint32_t bank2_addr;
1009:Drivers/STM32G4xx_HAL_Driver/Src/stm32g4xx_hal_flash_ex.c **** #endif
1010:Drivers/STM32G4xx_HAL_Driver/Src/stm32g4xx_hal_flash_ex.c **** 
1011:Drivers/STM32G4xx_HAL_Driver/Src/stm32g4xx_hal_flash_ex.c ****   /* Check the parameters */
1012:Drivers/STM32G4xx_HAL_Driver/Src/stm32g4xx_hal_flash_ex.c ****   assert_param(IS_FLASH_BANK_EXCLUSIVE(PCROPConfig & FLASH_BANK_BOTH));
1013:Drivers/STM32G4xx_HAL_Driver/Src/stm32g4xx_hal_flash_ex.c ****   assert_param(IS_OB_PCROP_RDP(PCROPConfig & FLASH_PCROP1ER_PCROP_RDP));
1014:Drivers/STM32G4xx_HAL_Driver/Src/stm32g4xx_hal_flash_ex.c ****   assert_param(IS_FLASH_MAIN_MEM_ADDRESS(PCROPStartAddr));
1015:Drivers/STM32G4xx_HAL_Driver/Src/stm32g4xx_hal_flash_ex.c ****   assert_param(IS_FLASH_MAIN_MEM_ADDRESS(PCROPEndAddr));
1016:Drivers/STM32G4xx_HAL_Driver/Src/stm32g4xx_hal_flash_ex.c **** 
1017:Drivers/STM32G4xx_HAL_Driver/Src/stm32g4xx_hal_flash_ex.c ****   /* Wait for last operation to be completed */
1018:Drivers/STM32G4xx_HAL_Driver/Src/stm32g4xx_hal_flash_ex.c ****   status = FLASH_WaitForLastOperation((uint32_t)FLASH_TIMEOUT_VALUE);
1019:Drivers/STM32G4xx_HAL_Driver/Src/stm32g4xx_hal_flash_ex.c **** 
ARM GAS  C:\Users\MyPC\AppData\Local\Temp\ccdWaBxv.s 			page 20


1020:Drivers/STM32G4xx_HAL_Driver/Src/stm32g4xx_hal_flash_ex.c ****   if (status == HAL_OK)
1021:Drivers/STM32G4xx_HAL_Driver/Src/stm32g4xx_hal_flash_ex.c ****   {
1022:Drivers/STM32G4xx_HAL_Driver/Src/stm32g4xx_hal_flash_ex.c **** #if defined (FLASH_OPTR_DBANK)
1023:Drivers/STM32G4xx_HAL_Driver/Src/stm32g4xx_hal_flash_ex.c ****     /* Get the information about the bank swapping */
1024:Drivers/STM32G4xx_HAL_Driver/Src/stm32g4xx_hal_flash_ex.c ****     if (READ_BIT(SYSCFG->MEMRMP, SYSCFG_MEMRMP_FB_MODE) == 0U)
1025:Drivers/STM32G4xx_HAL_Driver/Src/stm32g4xx_hal_flash_ex.c ****     {
1026:Drivers/STM32G4xx_HAL_Driver/Src/stm32g4xx_hal_flash_ex.c ****       bank1_addr = FLASH_BASE;
1027:Drivers/STM32G4xx_HAL_Driver/Src/stm32g4xx_hal_flash_ex.c ****       bank2_addr = FLASH_BASE + FLASH_BANK_SIZE;
1028:Drivers/STM32G4xx_HAL_Driver/Src/stm32g4xx_hal_flash_ex.c ****     }
1029:Drivers/STM32G4xx_HAL_Driver/Src/stm32g4xx_hal_flash_ex.c ****     else
1030:Drivers/STM32G4xx_HAL_Driver/Src/stm32g4xx_hal_flash_ex.c ****     {
1031:Drivers/STM32G4xx_HAL_Driver/Src/stm32g4xx_hal_flash_ex.c ****       bank1_addr = FLASH_BASE + FLASH_BANK_SIZE;
1032:Drivers/STM32G4xx_HAL_Driver/Src/stm32g4xx_hal_flash_ex.c ****       bank2_addr = FLASH_BASE;
1033:Drivers/STM32G4xx_HAL_Driver/Src/stm32g4xx_hal_flash_ex.c ****     }
1034:Drivers/STM32G4xx_HAL_Driver/Src/stm32g4xx_hal_flash_ex.c **** #else
1035:Drivers/STM32G4xx_HAL_Driver/Src/stm32g4xx_hal_flash_ex.c ****     bank1_addr = FLASH_BASE;
1036:Drivers/STM32G4xx_HAL_Driver/Src/stm32g4xx_hal_flash_ex.c **** #endif
1037:Drivers/STM32G4xx_HAL_Driver/Src/stm32g4xx_hal_flash_ex.c **** 
1038:Drivers/STM32G4xx_HAL_Driver/Src/stm32g4xx_hal_flash_ex.c **** #if defined (FLASH_OPTR_DBANK)
1039:Drivers/STM32G4xx_HAL_Driver/Src/stm32g4xx_hal_flash_ex.c ****     if (READ_BIT(FLASH->OPTR, FLASH_OPTR_DBANK) == 0U)
1040:Drivers/STM32G4xx_HAL_Driver/Src/stm32g4xx_hal_flash_ex.c ****     {
1041:Drivers/STM32G4xx_HAL_Driver/Src/stm32g4xx_hal_flash_ex.c ****       /* Configure the Proprietary code readout protection */
1042:Drivers/STM32G4xx_HAL_Driver/Src/stm32g4xx_hal_flash_ex.c ****       if ((PCROPConfig & FLASH_BANK_BOTH) == FLASH_BANK_1)
1043:Drivers/STM32G4xx_HAL_Driver/Src/stm32g4xx_hal_flash_ex.c ****       {
1044:Drivers/STM32G4xx_HAL_Driver/Src/stm32g4xx_hal_flash_ex.c ****         reg_value = ((PCROPStartAddr - FLASH_BASE) >> 4);
1045:Drivers/STM32G4xx_HAL_Driver/Src/stm32g4xx_hal_flash_ex.c ****         MODIFY_REG(FLASH->PCROP1SR, FLASH_PCROP1SR_PCROP1_STRT, reg_value);
1046:Drivers/STM32G4xx_HAL_Driver/Src/stm32g4xx_hal_flash_ex.c **** 
1047:Drivers/STM32G4xx_HAL_Driver/Src/stm32g4xx_hal_flash_ex.c ****         reg_value = ((PCROPEndAddr - FLASH_BASE) >> 4);
1048:Drivers/STM32G4xx_HAL_Driver/Src/stm32g4xx_hal_flash_ex.c ****         MODIFY_REG(FLASH->PCROP1ER, FLASH_PCROP1ER_PCROP1_END, reg_value);
1049:Drivers/STM32G4xx_HAL_Driver/Src/stm32g4xx_hal_flash_ex.c ****       }
1050:Drivers/STM32G4xx_HAL_Driver/Src/stm32g4xx_hal_flash_ex.c ****       else if ((PCROPConfig & FLASH_BANK_BOTH) == FLASH_BANK_2)
1051:Drivers/STM32G4xx_HAL_Driver/Src/stm32g4xx_hal_flash_ex.c ****       {
1052:Drivers/STM32G4xx_HAL_Driver/Src/stm32g4xx_hal_flash_ex.c ****         reg_value = ((PCROPStartAddr - FLASH_BASE) >> 4);
1053:Drivers/STM32G4xx_HAL_Driver/Src/stm32g4xx_hal_flash_ex.c ****         MODIFY_REG(FLASH->PCROP2SR, FLASH_PCROP2SR_PCROP2_STRT, reg_value);
1054:Drivers/STM32G4xx_HAL_Driver/Src/stm32g4xx_hal_flash_ex.c **** 
1055:Drivers/STM32G4xx_HAL_Driver/Src/stm32g4xx_hal_flash_ex.c ****         reg_value = ((PCROPEndAddr - FLASH_BASE) >> 4);
1056:Drivers/STM32G4xx_HAL_Driver/Src/stm32g4xx_hal_flash_ex.c ****         MODIFY_REG(FLASH->PCROP2ER, FLASH_PCROP2ER_PCROP2_END, reg_value);
1057:Drivers/STM32G4xx_HAL_Driver/Src/stm32g4xx_hal_flash_ex.c ****       }
1058:Drivers/STM32G4xx_HAL_Driver/Src/stm32g4xx_hal_flash_ex.c ****       else
1059:Drivers/STM32G4xx_HAL_Driver/Src/stm32g4xx_hal_flash_ex.c ****       {
1060:Drivers/STM32G4xx_HAL_Driver/Src/stm32g4xx_hal_flash_ex.c ****         /* Nothing to do */
1061:Drivers/STM32G4xx_HAL_Driver/Src/stm32g4xx_hal_flash_ex.c ****       }
1062:Drivers/STM32G4xx_HAL_Driver/Src/stm32g4xx_hal_flash_ex.c ****     }
1063:Drivers/STM32G4xx_HAL_Driver/Src/stm32g4xx_hal_flash_ex.c ****     else
1064:Drivers/STM32G4xx_HAL_Driver/Src/stm32g4xx_hal_flash_ex.c **** #endif
1065:Drivers/STM32G4xx_HAL_Driver/Src/stm32g4xx_hal_flash_ex.c ****     {
1066:Drivers/STM32G4xx_HAL_Driver/Src/stm32g4xx_hal_flash_ex.c ****       /* Configure the Proprietary code readout protection */
1067:Drivers/STM32G4xx_HAL_Driver/Src/stm32g4xx_hal_flash_ex.c ****       if ((PCROPConfig & FLASH_BANK_BOTH) == FLASH_BANK_1)
1068:Drivers/STM32G4xx_HAL_Driver/Src/stm32g4xx_hal_flash_ex.c ****       {
1069:Drivers/STM32G4xx_HAL_Driver/Src/stm32g4xx_hal_flash_ex.c ****         reg_value = ((PCROPStartAddr - bank1_addr) >> 3);
1070:Drivers/STM32G4xx_HAL_Driver/Src/stm32g4xx_hal_flash_ex.c ****         MODIFY_REG(FLASH->PCROP1SR, FLASH_PCROP1SR_PCROP1_STRT, reg_value);
1071:Drivers/STM32G4xx_HAL_Driver/Src/stm32g4xx_hal_flash_ex.c **** 
1072:Drivers/STM32G4xx_HAL_Driver/Src/stm32g4xx_hal_flash_ex.c ****         reg_value = ((PCROPEndAddr - bank1_addr) >> 3);
1073:Drivers/STM32G4xx_HAL_Driver/Src/stm32g4xx_hal_flash_ex.c ****         MODIFY_REG(FLASH->PCROP1ER, FLASH_PCROP1ER_PCROP1_END, reg_value);
1074:Drivers/STM32G4xx_HAL_Driver/Src/stm32g4xx_hal_flash_ex.c ****       }
1075:Drivers/STM32G4xx_HAL_Driver/Src/stm32g4xx_hal_flash_ex.c **** #if defined (FLASH_OPTR_DBANK)
1076:Drivers/STM32G4xx_HAL_Driver/Src/stm32g4xx_hal_flash_ex.c ****       else if ((PCROPConfig & FLASH_BANK_BOTH) == FLASH_BANK_2)
ARM GAS  C:\Users\MyPC\AppData\Local\Temp\ccdWaBxv.s 			page 21


1077:Drivers/STM32G4xx_HAL_Driver/Src/stm32g4xx_hal_flash_ex.c ****       {
1078:Drivers/STM32G4xx_HAL_Driver/Src/stm32g4xx_hal_flash_ex.c ****         reg_value = ((PCROPStartAddr - bank2_addr) >> 3);
1079:Drivers/STM32G4xx_HAL_Driver/Src/stm32g4xx_hal_flash_ex.c ****         MODIFY_REG(FLASH->PCROP2SR, FLASH_PCROP2SR_PCROP2_STRT, reg_value);
1080:Drivers/STM32G4xx_HAL_Driver/Src/stm32g4xx_hal_flash_ex.c **** 
1081:Drivers/STM32G4xx_HAL_Driver/Src/stm32g4xx_hal_flash_ex.c ****         reg_value = ((PCROPEndAddr - bank2_addr) >> 3);
1082:Drivers/STM32G4xx_HAL_Driver/Src/stm32g4xx_hal_flash_ex.c ****         MODIFY_REG(FLASH->PCROP2ER, FLASH_PCROP2ER_PCROP2_END, reg_value);
1083:Drivers/STM32G4xx_HAL_Driver/Src/stm32g4xx_hal_flash_ex.c ****       }
1084:Drivers/STM32G4xx_HAL_Driver/Src/stm32g4xx_hal_flash_ex.c **** #endif
1085:Drivers/STM32G4xx_HAL_Driver/Src/stm32g4xx_hal_flash_ex.c ****       else
1086:Drivers/STM32G4xx_HAL_Driver/Src/stm32g4xx_hal_flash_ex.c ****       {
1087:Drivers/STM32G4xx_HAL_Driver/Src/stm32g4xx_hal_flash_ex.c ****         /* Nothing to do */
1088:Drivers/STM32G4xx_HAL_Driver/Src/stm32g4xx_hal_flash_ex.c ****       }
1089:Drivers/STM32G4xx_HAL_Driver/Src/stm32g4xx_hal_flash_ex.c ****     }
1090:Drivers/STM32G4xx_HAL_Driver/Src/stm32g4xx_hal_flash_ex.c **** 
1091:Drivers/STM32G4xx_HAL_Driver/Src/stm32g4xx_hal_flash_ex.c ****     MODIFY_REG(FLASH->PCROP1ER, FLASH_PCROP1ER_PCROP_RDP, (PCROPConfig & FLASH_PCROP1ER_PCROP_RDP))
1092:Drivers/STM32G4xx_HAL_Driver/Src/stm32g4xx_hal_flash_ex.c **** 
1093:Drivers/STM32G4xx_HAL_Driver/Src/stm32g4xx_hal_flash_ex.c ****     /* Set OPTSTRT Bit */
1094:Drivers/STM32G4xx_HAL_Driver/Src/stm32g4xx_hal_flash_ex.c ****     SET_BIT(FLASH->CR, FLASH_CR_OPTSTRT);
1095:Drivers/STM32G4xx_HAL_Driver/Src/stm32g4xx_hal_flash_ex.c **** 
1096:Drivers/STM32G4xx_HAL_Driver/Src/stm32g4xx_hal_flash_ex.c ****     /* Wait for last operation to be completed */
1097:Drivers/STM32G4xx_HAL_Driver/Src/stm32g4xx_hal_flash_ex.c ****     status = FLASH_WaitForLastOperation((uint32_t)FLASH_TIMEOUT_VALUE);
1098:Drivers/STM32G4xx_HAL_Driver/Src/stm32g4xx_hal_flash_ex.c ****   }
1099:Drivers/STM32G4xx_HAL_Driver/Src/stm32g4xx_hal_flash_ex.c **** 
1100:Drivers/STM32G4xx_HAL_Driver/Src/stm32g4xx_hal_flash_ex.c ****   return status;
1101:Drivers/STM32G4xx_HAL_Driver/Src/stm32g4xx_hal_flash_ex.c **** }
1102:Drivers/STM32G4xx_HAL_Driver/Src/stm32g4xx_hal_flash_ex.c **** 
1103:Drivers/STM32G4xx_HAL_Driver/Src/stm32g4xx_hal_flash_ex.c **** /**
1104:Drivers/STM32G4xx_HAL_Driver/Src/stm32g4xx_hal_flash_ex.c ****   * @brief  Configure the Securable memory area into Option Bytes.
1105:Drivers/STM32G4xx_HAL_Driver/Src/stm32g4xx_hal_flash_ex.c ****   * @note   To configure any option bytes, the option lock bit OPTLOCK must be
1106:Drivers/STM32G4xx_HAL_Driver/Src/stm32g4xx_hal_flash_ex.c ****   *         cleared with the call of HAL_FLASH_OB_Unlock() function.
1107:Drivers/STM32G4xx_HAL_Driver/Src/stm32g4xx_hal_flash_ex.c ****   * @note   New option bytes configuration will be taken into account in two cases:
1108:Drivers/STM32G4xx_HAL_Driver/Src/stm32g4xx_hal_flash_ex.c ****   *         - after an option bytes launch through the call of HAL_FLASH_OB_Launch()
1109:Drivers/STM32G4xx_HAL_Driver/Src/stm32g4xx_hal_flash_ex.c ****   *         - after a power reset (BOR reset or exit from Standby/Shutdown modes)
1110:Drivers/STM32G4xx_HAL_Driver/Src/stm32g4xx_hal_flash_ex.c ****   * @param  SecBank specifies bank of securable memory area to be configured.
1111:Drivers/STM32G4xx_HAL_Driver/Src/stm32g4xx_hal_flash_ex.c ****   *          This parameter can be one of the following values:
1112:Drivers/STM32G4xx_HAL_Driver/Src/stm32g4xx_hal_flash_ex.c ****   *            @arg FLASH_BANK_1: Securable memory in Bank1 to be configured
1113:Drivers/STM32G4xx_HAL_Driver/Src/stm32g4xx_hal_flash_ex.c ****   *            @arg FLASH_BANK_2: Securable memory in Bank2 to be configured (*)
1114:Drivers/STM32G4xx_HAL_Driver/Src/stm32g4xx_hal_flash_ex.c ****   * @note   (*) availability depends on devices
1115:Drivers/STM32G4xx_HAL_Driver/Src/stm32g4xx_hal_flash_ex.c ****   * @param  SecSize specifies the number of pages of the Securable memory area,
1116:Drivers/STM32G4xx_HAL_Driver/Src/stm32g4xx_hal_flash_ex.c ****   *         starting from first page of the bank.
1117:Drivers/STM32G4xx_HAL_Driver/Src/stm32g4xx_hal_flash_ex.c ****   *         This parameter can be page number between 0 and (max number of pages in the bank - 1)
1118:Drivers/STM32G4xx_HAL_Driver/Src/stm32g4xx_hal_flash_ex.c ****   * @retval HAL Status
1119:Drivers/STM32G4xx_HAL_Driver/Src/stm32g4xx_hal_flash_ex.c ****   */
1120:Drivers/STM32G4xx_HAL_Driver/Src/stm32g4xx_hal_flash_ex.c **** static HAL_StatusTypeDef FLASH_OB_SecMemConfig(uint32_t SecBank, uint32_t SecSize)
1121:Drivers/STM32G4xx_HAL_Driver/Src/stm32g4xx_hal_flash_ex.c **** {
1122:Drivers/STM32G4xx_HAL_Driver/Src/stm32g4xx_hal_flash_ex.c ****   HAL_StatusTypeDef status;
1123:Drivers/STM32G4xx_HAL_Driver/Src/stm32g4xx_hal_flash_ex.c **** 
1124:Drivers/STM32G4xx_HAL_Driver/Src/stm32g4xx_hal_flash_ex.c ****   /* Check the parameters */
1125:Drivers/STM32G4xx_HAL_Driver/Src/stm32g4xx_hal_flash_ex.c ****   assert_param(IS_FLASH_BANK_EXCLUSIVE(SecBank));
1126:Drivers/STM32G4xx_HAL_Driver/Src/stm32g4xx_hal_flash_ex.c ****   assert_param(IS_OB_SECMEM_SIZE(SecSize));
1127:Drivers/STM32G4xx_HAL_Driver/Src/stm32g4xx_hal_flash_ex.c **** 
1128:Drivers/STM32G4xx_HAL_Driver/Src/stm32g4xx_hal_flash_ex.c ****   /* Wait for last operation to be completed */
1129:Drivers/STM32G4xx_HAL_Driver/Src/stm32g4xx_hal_flash_ex.c ****   status = FLASH_WaitForLastOperation((uint32_t)FLASH_TIMEOUT_VALUE);
1130:Drivers/STM32G4xx_HAL_Driver/Src/stm32g4xx_hal_flash_ex.c **** 
1131:Drivers/STM32G4xx_HAL_Driver/Src/stm32g4xx_hal_flash_ex.c ****   if (status == HAL_OK)
1132:Drivers/STM32G4xx_HAL_Driver/Src/stm32g4xx_hal_flash_ex.c ****   {
1133:Drivers/STM32G4xx_HAL_Driver/Src/stm32g4xx_hal_flash_ex.c ****     /* Configure the write protected area */
ARM GAS  C:\Users\MyPC\AppData\Local\Temp\ccdWaBxv.s 			page 22


1134:Drivers/STM32G4xx_HAL_Driver/Src/stm32g4xx_hal_flash_ex.c ****     if (SecBank == FLASH_BANK_1)
1135:Drivers/STM32G4xx_HAL_Driver/Src/stm32g4xx_hal_flash_ex.c ****     {
1136:Drivers/STM32G4xx_HAL_Driver/Src/stm32g4xx_hal_flash_ex.c ****       MODIFY_REG(FLASH->SEC1R, FLASH_SEC1R_SEC_SIZE1, SecSize);
1137:Drivers/STM32G4xx_HAL_Driver/Src/stm32g4xx_hal_flash_ex.c ****     }
1138:Drivers/STM32G4xx_HAL_Driver/Src/stm32g4xx_hal_flash_ex.c **** #if defined (FLASH_OPTR_DBANK)
1139:Drivers/STM32G4xx_HAL_Driver/Src/stm32g4xx_hal_flash_ex.c ****     else if (SecBank == FLASH_BANK_2)
1140:Drivers/STM32G4xx_HAL_Driver/Src/stm32g4xx_hal_flash_ex.c ****     {
1141:Drivers/STM32G4xx_HAL_Driver/Src/stm32g4xx_hal_flash_ex.c ****       MODIFY_REG(FLASH->SEC2R, FLASH_SEC2R_SEC_SIZE2, SecSize);
1142:Drivers/STM32G4xx_HAL_Driver/Src/stm32g4xx_hal_flash_ex.c ****     }
1143:Drivers/STM32G4xx_HAL_Driver/Src/stm32g4xx_hal_flash_ex.c ****     else
1144:Drivers/STM32G4xx_HAL_Driver/Src/stm32g4xx_hal_flash_ex.c ****     {
1145:Drivers/STM32G4xx_HAL_Driver/Src/stm32g4xx_hal_flash_ex.c ****       /* Nothing to do */
1146:Drivers/STM32G4xx_HAL_Driver/Src/stm32g4xx_hal_flash_ex.c ****     }
1147:Drivers/STM32G4xx_HAL_Driver/Src/stm32g4xx_hal_flash_ex.c **** #endif
1148:Drivers/STM32G4xx_HAL_Driver/Src/stm32g4xx_hal_flash_ex.c **** 
1149:Drivers/STM32G4xx_HAL_Driver/Src/stm32g4xx_hal_flash_ex.c ****     /* Set OPTSTRT Bit */
1150:Drivers/STM32G4xx_HAL_Driver/Src/stm32g4xx_hal_flash_ex.c ****     SET_BIT(FLASH->CR, FLASH_CR_OPTSTRT);
1151:Drivers/STM32G4xx_HAL_Driver/Src/stm32g4xx_hal_flash_ex.c **** 
1152:Drivers/STM32G4xx_HAL_Driver/Src/stm32g4xx_hal_flash_ex.c ****     /* Wait for last operation to be completed */
1153:Drivers/STM32G4xx_HAL_Driver/Src/stm32g4xx_hal_flash_ex.c ****     status = FLASH_WaitForLastOperation((uint32_t)FLASH_TIMEOUT_VALUE);
1154:Drivers/STM32G4xx_HAL_Driver/Src/stm32g4xx_hal_flash_ex.c ****   }
1155:Drivers/STM32G4xx_HAL_Driver/Src/stm32g4xx_hal_flash_ex.c **** 
1156:Drivers/STM32G4xx_HAL_Driver/Src/stm32g4xx_hal_flash_ex.c ****   return status;
1157:Drivers/STM32G4xx_HAL_Driver/Src/stm32g4xx_hal_flash_ex.c **** }
1158:Drivers/STM32G4xx_HAL_Driver/Src/stm32g4xx_hal_flash_ex.c **** 
1159:Drivers/STM32G4xx_HAL_Driver/Src/stm32g4xx_hal_flash_ex.c **** /**
1160:Drivers/STM32G4xx_HAL_Driver/Src/stm32g4xx_hal_flash_ex.c ****   * @brief  Configure the Boot Lock into Option Bytes.
1161:Drivers/STM32G4xx_HAL_Driver/Src/stm32g4xx_hal_flash_ex.c ****   * @note   To configure any option bytes, the option lock bit OPTLOCK must be
1162:Drivers/STM32G4xx_HAL_Driver/Src/stm32g4xx_hal_flash_ex.c ****   *         cleared with the call of HAL_FLASH_OB_Unlock() function.
1163:Drivers/STM32G4xx_HAL_Driver/Src/stm32g4xx_hal_flash_ex.c ****   * @note   New option bytes configuration will be taken into account in two cases:
1164:Drivers/STM32G4xx_HAL_Driver/Src/stm32g4xx_hal_flash_ex.c ****   *         - after an option bytes launch through the call of HAL_FLASH_OB_Launch()
1165:Drivers/STM32G4xx_HAL_Driver/Src/stm32g4xx_hal_flash_ex.c ****   *         - after a power reset (BOR reset or exit from Standby/Shutdown modes)
1166:Drivers/STM32G4xx_HAL_Driver/Src/stm32g4xx_hal_flash_ex.c ****   * @param  BootLockConfig specifies the boot lock configuration.
1167:Drivers/STM32G4xx_HAL_Driver/Src/stm32g4xx_hal_flash_ex.c ****   *          This parameter can be one of the following values:
1168:Drivers/STM32G4xx_HAL_Driver/Src/stm32g4xx_hal_flash_ex.c ****   *            @arg OB_BOOT_LOCK_ENABLE: Enable Boot Lock
1169:Drivers/STM32G4xx_HAL_Driver/Src/stm32g4xx_hal_flash_ex.c ****   *            @arg OB_BOOT_LOCK_DISABLE: Disable Boot Lock
1170:Drivers/STM32G4xx_HAL_Driver/Src/stm32g4xx_hal_flash_ex.c ****   *
1171:Drivers/STM32G4xx_HAL_Driver/Src/stm32g4xx_hal_flash_ex.c ****   * @retval HAL_Status
1172:Drivers/STM32G4xx_HAL_Driver/Src/stm32g4xx_hal_flash_ex.c ****   */
1173:Drivers/STM32G4xx_HAL_Driver/Src/stm32g4xx_hal_flash_ex.c **** static HAL_StatusTypeDef FLASH_OB_BootLockConfig(uint32_t BootLockConfig)
1174:Drivers/STM32G4xx_HAL_Driver/Src/stm32g4xx_hal_flash_ex.c **** {
1175:Drivers/STM32G4xx_HAL_Driver/Src/stm32g4xx_hal_flash_ex.c ****   HAL_StatusTypeDef status;
1176:Drivers/STM32G4xx_HAL_Driver/Src/stm32g4xx_hal_flash_ex.c **** 
1177:Drivers/STM32G4xx_HAL_Driver/Src/stm32g4xx_hal_flash_ex.c ****   /* Check the parameters */
1178:Drivers/STM32G4xx_HAL_Driver/Src/stm32g4xx_hal_flash_ex.c ****   assert_param(IS_OB_BOOT_LOCK(BootLockConfig));
1179:Drivers/STM32G4xx_HAL_Driver/Src/stm32g4xx_hal_flash_ex.c **** 
1180:Drivers/STM32G4xx_HAL_Driver/Src/stm32g4xx_hal_flash_ex.c ****   /* Wait for last operation to be completed */
1181:Drivers/STM32G4xx_HAL_Driver/Src/stm32g4xx_hal_flash_ex.c ****   status = FLASH_WaitForLastOperation((uint32_t)FLASH_TIMEOUT_VALUE);
1182:Drivers/STM32G4xx_HAL_Driver/Src/stm32g4xx_hal_flash_ex.c **** 
1183:Drivers/STM32G4xx_HAL_Driver/Src/stm32g4xx_hal_flash_ex.c ****   if (status == HAL_OK)
1184:Drivers/STM32G4xx_HAL_Driver/Src/stm32g4xx_hal_flash_ex.c ****   {
1185:Drivers/STM32G4xx_HAL_Driver/Src/stm32g4xx_hal_flash_ex.c ****     MODIFY_REG(FLASH->SEC1R, FLASH_SEC1R_BOOT_LOCK, BootLockConfig);
1186:Drivers/STM32G4xx_HAL_Driver/Src/stm32g4xx_hal_flash_ex.c **** 
1187:Drivers/STM32G4xx_HAL_Driver/Src/stm32g4xx_hal_flash_ex.c ****     /* Set OPTSTRT Bit */
1188:Drivers/STM32G4xx_HAL_Driver/Src/stm32g4xx_hal_flash_ex.c ****     SET_BIT(FLASH->CR, FLASH_CR_OPTSTRT);
1189:Drivers/STM32G4xx_HAL_Driver/Src/stm32g4xx_hal_flash_ex.c **** 
1190:Drivers/STM32G4xx_HAL_Driver/Src/stm32g4xx_hal_flash_ex.c ****     /* Wait for last operation to be completed */
ARM GAS  C:\Users\MyPC\AppData\Local\Temp\ccdWaBxv.s 			page 23


1191:Drivers/STM32G4xx_HAL_Driver/Src/stm32g4xx_hal_flash_ex.c ****     status = FLASH_WaitForLastOperation((uint32_t)FLASH_TIMEOUT_VALUE);
1192:Drivers/STM32G4xx_HAL_Driver/Src/stm32g4xx_hal_flash_ex.c ****   }
1193:Drivers/STM32G4xx_HAL_Driver/Src/stm32g4xx_hal_flash_ex.c **** 
1194:Drivers/STM32G4xx_HAL_Driver/Src/stm32g4xx_hal_flash_ex.c ****   return status;
1195:Drivers/STM32G4xx_HAL_Driver/Src/stm32g4xx_hal_flash_ex.c **** }
1196:Drivers/STM32G4xx_HAL_Driver/Src/stm32g4xx_hal_flash_ex.c **** 
1197:Drivers/STM32G4xx_HAL_Driver/Src/stm32g4xx_hal_flash_ex.c **** /**
1198:Drivers/STM32G4xx_HAL_Driver/Src/stm32g4xx_hal_flash_ex.c ****   * @brief  Return the Securable memory area configuration into Option Bytes.
1199:Drivers/STM32G4xx_HAL_Driver/Src/stm32g4xx_hal_flash_ex.c ****   * @param[in]  SecBank specifies the bank where securable memory area is located.
1200:Drivers/STM32G4xx_HAL_Driver/Src/stm32g4xx_hal_flash_ex.c ****   *          This parameter can be one of the following values:
1201:Drivers/STM32G4xx_HAL_Driver/Src/stm32g4xx_hal_flash_ex.c ****   *            @arg FLASH_BANK_1: Securable memory in Bank1
1202:Drivers/STM32G4xx_HAL_Driver/Src/stm32g4xx_hal_flash_ex.c ****   *            @arg FLASH_BANK_2: Securable memory in Bank2 (*)
1203:Drivers/STM32G4xx_HAL_Driver/Src/stm32g4xx_hal_flash_ex.c ****   * @note   (*) availability depends on devices
1204:Drivers/STM32G4xx_HAL_Driver/Src/stm32g4xx_hal_flash_ex.c ****   * @param[out]  SecSize specifies the number of pages used in the securable
1205:Drivers/STM32G4xx_HAL_Driver/Src/stm32g4xx_hal_flash_ex.c ****                  memory area of the bank.
1206:Drivers/STM32G4xx_HAL_Driver/Src/stm32g4xx_hal_flash_ex.c ****   * @retval None
1207:Drivers/STM32G4xx_HAL_Driver/Src/stm32g4xx_hal_flash_ex.c ****   */
1208:Drivers/STM32G4xx_HAL_Driver/Src/stm32g4xx_hal_flash_ex.c **** static void FLASH_OB_GetSecMem(uint32_t SecBank, uint32_t *SecSize)
1209:Drivers/STM32G4xx_HAL_Driver/Src/stm32g4xx_hal_flash_ex.c **** {
  68              		.loc 1 1209 1 is_stmt 1 view -0
  69              		.cfi_startproc
  70              		@ args = 0, pretend = 0, frame = 0
  71              		@ frame_needed = 0, uses_anonymous_args = 0
  72              		@ link register save eliminated.
1210:Drivers/STM32G4xx_HAL_Driver/Src/stm32g4xx_hal_flash_ex.c ****   /* Get the configuration of the securable memory area */
1211:Drivers/STM32G4xx_HAL_Driver/Src/stm32g4xx_hal_flash_ex.c ****   if (SecBank == FLASH_BANK_1)
  73              		.loc 1 1211 3 view .LVU8
  74              		.loc 1 1211 6 is_stmt 0 view .LVU9
  75 0000 0128     		cmp	r0, #1
  76 0002 00D0     		beq	.L7
  77              	.L5:
1212:Drivers/STM32G4xx_HAL_Driver/Src/stm32g4xx_hal_flash_ex.c ****   {
1213:Drivers/STM32G4xx_HAL_Driver/Src/stm32g4xx_hal_flash_ex.c ****     *SecSize = READ_BIT(FLASH->SEC1R, FLASH_SEC1R_SEC_SIZE1);
1214:Drivers/STM32G4xx_HAL_Driver/Src/stm32g4xx_hal_flash_ex.c ****   }
1215:Drivers/STM32G4xx_HAL_Driver/Src/stm32g4xx_hal_flash_ex.c **** #if defined (FLASH_OPTR_DBANK)
1216:Drivers/STM32G4xx_HAL_Driver/Src/stm32g4xx_hal_flash_ex.c ****   else if (SecBank == FLASH_BANK_2)
1217:Drivers/STM32G4xx_HAL_Driver/Src/stm32g4xx_hal_flash_ex.c ****   {
1218:Drivers/STM32G4xx_HAL_Driver/Src/stm32g4xx_hal_flash_ex.c ****     *SecSize = READ_BIT(FLASH->SEC2R, FLASH_SEC2R_SEC_SIZE2);
1219:Drivers/STM32G4xx_HAL_Driver/Src/stm32g4xx_hal_flash_ex.c ****   }
1220:Drivers/STM32G4xx_HAL_Driver/Src/stm32g4xx_hal_flash_ex.c ****   else
1221:Drivers/STM32G4xx_HAL_Driver/Src/stm32g4xx_hal_flash_ex.c ****   {
1222:Drivers/STM32G4xx_HAL_Driver/Src/stm32g4xx_hal_flash_ex.c ****     /* Nothing to do */
1223:Drivers/STM32G4xx_HAL_Driver/Src/stm32g4xx_hal_flash_ex.c ****   }
1224:Drivers/STM32G4xx_HAL_Driver/Src/stm32g4xx_hal_flash_ex.c **** #endif
1225:Drivers/STM32G4xx_HAL_Driver/Src/stm32g4xx_hal_flash_ex.c **** }
  78              		.loc 1 1225 1 view .LVU10
  79 0004 7047     		bx	lr
  80              	.L7:
1213:Drivers/STM32G4xx_HAL_Driver/Src/stm32g4xx_hal_flash_ex.c ****   }
  81              		.loc 1 1213 5 is_stmt 1 view .LVU11
1213:Drivers/STM32G4xx_HAL_Driver/Src/stm32g4xx_hal_flash_ex.c ****   }
  82              		.loc 1 1213 16 is_stmt 0 view .LVU12
  83 0006 034B     		ldr	r3, .L8
  84 0008 1B6F     		ldr	r3, [r3, #112]
  85 000a 03F07F03 		and	r3, r3, #127
1213:Drivers/STM32G4xx_HAL_Driver/Src/stm32g4xx_hal_flash_ex.c ****   }
  86              		.loc 1 1213 14 view .LVU13
ARM GAS  C:\Users\MyPC\AppData\Local\Temp\ccdWaBxv.s 			page 24


  87 000e 0B60     		str	r3, [r1]
  88              		.loc 1 1225 1 view .LVU14
  89 0010 F8E7     		b	.L5
  90              	.L9:
  91 0012 00BF     		.align	2
  92              	.L8:
  93 0014 00200240 		.word	1073881088
  94              		.cfi_endproc
  95              	.LFE148:
  97              		.section	.text.FLASH_OB_GetBootLock,"ax",%progbits
  98              		.align	1
  99              		.syntax unified
 100              		.thumb
 101              		.thumb_func
 103              	FLASH_OB_GetBootLock:
 104              	.LFB149:
1226:Drivers/STM32G4xx_HAL_Driver/Src/stm32g4xx_hal_flash_ex.c **** 
1227:Drivers/STM32G4xx_HAL_Driver/Src/stm32g4xx_hal_flash_ex.c **** /**
1228:Drivers/STM32G4xx_HAL_Driver/Src/stm32g4xx_hal_flash_ex.c ****   * @brief  Return the Boot Lock configuration into Option Byte.
1229:Drivers/STM32G4xx_HAL_Driver/Src/stm32g4xx_hal_flash_ex.c ****   * @retval BootLockConfig.
1230:Drivers/STM32G4xx_HAL_Driver/Src/stm32g4xx_hal_flash_ex.c ****   *         This return value can be one of the following values:
1231:Drivers/STM32G4xx_HAL_Driver/Src/stm32g4xx_hal_flash_ex.c ****   *            @arg OB_BOOT_LOCK_ENABLE: Boot lock enabled
1232:Drivers/STM32G4xx_HAL_Driver/Src/stm32g4xx_hal_flash_ex.c ****   *            @arg OB_BOOT_LOCK_DISABLE: Boot lock disabled
1233:Drivers/STM32G4xx_HAL_Driver/Src/stm32g4xx_hal_flash_ex.c ****   */
1234:Drivers/STM32G4xx_HAL_Driver/Src/stm32g4xx_hal_flash_ex.c **** static uint32_t FLASH_OB_GetBootLock(void)
1235:Drivers/STM32G4xx_HAL_Driver/Src/stm32g4xx_hal_flash_ex.c **** {
 105              		.loc 1 1235 1 is_stmt 1 view -0
 106              		.cfi_startproc
 107              		@ args = 0, pretend = 0, frame = 0
 108              		@ frame_needed = 0, uses_anonymous_args = 0
 109              		@ link register save eliminated.
1236:Drivers/STM32G4xx_HAL_Driver/Src/stm32g4xx_hal_flash_ex.c ****   return (READ_REG(FLASH->SEC1R) & FLASH_SEC1R_BOOT_LOCK);
 110              		.loc 1 1236 3 view .LVU16
 111              		.loc 1 1236 11 is_stmt 0 view .LVU17
 112 0000 024B     		ldr	r3, .L11
 113 0002 186F     		ldr	r0, [r3, #112]
1237:Drivers/STM32G4xx_HAL_Driver/Src/stm32g4xx_hal_flash_ex.c **** }
 114              		.loc 1 1237 1 view .LVU18
 115 0004 00F48030 		and	r0, r0, #65536
 116 0008 7047     		bx	lr
 117              	.L12:
 118 000a 00BF     		.align	2
 119              	.L11:
 120 000c 00200240 		.word	1073881088
 121              		.cfi_endproc
 122              	.LFE149:
 124              		.section	.text.FLASH_OB_GetWRP,"ax",%progbits
 125              		.align	1
 126              		.syntax unified
 127              		.thumb
 128              		.thumb_func
 130              	FLASH_OB_GetWRP:
 131              	.LVL2:
 132              	.LFB150:
1238:Drivers/STM32G4xx_HAL_Driver/Src/stm32g4xx_hal_flash_ex.c **** 
1239:Drivers/STM32G4xx_HAL_Driver/Src/stm32g4xx_hal_flash_ex.c **** /**
1240:Drivers/STM32G4xx_HAL_Driver/Src/stm32g4xx_hal_flash_ex.c ****   * @brief  Return the Write Protection configuration into Option Bytes.
ARM GAS  C:\Users\MyPC\AppData\Local\Temp\ccdWaBxv.s 			page 25


1241:Drivers/STM32G4xx_HAL_Driver/Src/stm32g4xx_hal_flash_ex.c ****   * @param[in]  WRPArea specifies the area to be returned.
1242:Drivers/STM32G4xx_HAL_Driver/Src/stm32g4xx_hal_flash_ex.c ****   *          This parameter can be one of the following values:
1243:Drivers/STM32G4xx_HAL_Driver/Src/stm32g4xx_hal_flash_ex.c ****   *            @arg OB_WRPAREA_BANK1_AREAA: Flash Bank 1 Area A
1244:Drivers/STM32G4xx_HAL_Driver/Src/stm32g4xx_hal_flash_ex.c ****   *            @arg OB_WRPAREA_BANK1_AREAB: Flash Bank 1 Area B
1245:Drivers/STM32G4xx_HAL_Driver/Src/stm32g4xx_hal_flash_ex.c ****   *            @arg OB_WRPAREA_BANK2_AREAA: Flash Bank 2 Area A (don't apply to STM32G43x/STM32G44x
1246:Drivers/STM32G4xx_HAL_Driver/Src/stm32g4xx_hal_flash_ex.c ****   *            @arg OB_WRPAREA_BANK2_AREAB: Flash Bank 2 Area B (don't apply to STM32G43x/STM32G44x
1247:Drivers/STM32G4xx_HAL_Driver/Src/stm32g4xx_hal_flash_ex.c ****   * @param[out]  WRPStartOffset specifies the address where to copied the start page
1248:Drivers/STM32G4xx_HAL_Driver/Src/stm32g4xx_hal_flash_ex.c ****   *              of the write protected area.
1249:Drivers/STM32G4xx_HAL_Driver/Src/stm32g4xx_hal_flash_ex.c ****   * @param[out]  WRDPEndOffset specifies the address where to copied the end page of
1250:Drivers/STM32G4xx_HAL_Driver/Src/stm32g4xx_hal_flash_ex.c ****   *              the write protected area.
1251:Drivers/STM32G4xx_HAL_Driver/Src/stm32g4xx_hal_flash_ex.c ****   * @retval None
1252:Drivers/STM32G4xx_HAL_Driver/Src/stm32g4xx_hal_flash_ex.c ****   */
1253:Drivers/STM32G4xx_HAL_Driver/Src/stm32g4xx_hal_flash_ex.c **** static void FLASH_OB_GetWRP(uint32_t WRPArea, uint32_t *WRPStartOffset, uint32_t *WRDPEndOffset)
1254:Drivers/STM32G4xx_HAL_Driver/Src/stm32g4xx_hal_flash_ex.c **** {
 133              		.loc 1 1254 1 is_stmt 1 view -0
 134              		.cfi_startproc
 135              		@ args = 0, pretend = 0, frame = 0
 136              		@ frame_needed = 0, uses_anonymous_args = 0
 137              		@ link register save eliminated.
1255:Drivers/STM32G4xx_HAL_Driver/Src/stm32g4xx_hal_flash_ex.c ****   /* Get the configuration of the write protected area */
1256:Drivers/STM32G4xx_HAL_Driver/Src/stm32g4xx_hal_flash_ex.c ****   if (WRPArea == OB_WRPAREA_BANK1_AREAA)
 138              		.loc 1 1256 3 view .LVU20
 139              		.loc 1 1256 6 is_stmt 0 view .LVU21
 140 0000 48B9     		cbnz	r0, .L14
1257:Drivers/STM32G4xx_HAL_Driver/Src/stm32g4xx_hal_flash_ex.c ****   {
1258:Drivers/STM32G4xx_HAL_Driver/Src/stm32g4xx_hal_flash_ex.c ****     *WRPStartOffset = READ_BIT(FLASH->WRP1AR, FLASH_WRP1AR_WRP1A_STRT);
 141              		.loc 1 1258 5 is_stmt 1 view .LVU22
 142              		.loc 1 1258 23 is_stmt 0 view .LVU23
 143 0002 0B48     		ldr	r0, .L17
 144              	.LVL3:
 145              		.loc 1 1258 23 view .LVU24
 146 0004 C36A     		ldr	r3, [r0, #44]
 147 0006 03F03F03 		and	r3, r3, #63
 148              		.loc 1 1258 21 view .LVU25
 149 000a 0B60     		str	r3, [r1]
1259:Drivers/STM32G4xx_HAL_Driver/Src/stm32g4xx_hal_flash_ex.c ****     *WRDPEndOffset = (READ_BIT(FLASH->WRP1AR, FLASH_WRP1AR_WRP1A_END) >> FLASH_WRP1AR_WRP1A_END_Pos
 150              		.loc 1 1259 5 is_stmt 1 view .LVU26
 151              		.loc 1 1259 23 is_stmt 0 view .LVU27
 152 000c C36A     		ldr	r3, [r0, #44]
 153              		.loc 1 1259 71 view .LVU28
 154 000e C3F30543 		ubfx	r3, r3, #16, #6
 155              		.loc 1 1259 20 view .LVU29
 156 0012 1360     		str	r3, [r2]
 157 0014 7047     		bx	lr
 158              	.LVL4:
 159              	.L14:
1260:Drivers/STM32G4xx_HAL_Driver/Src/stm32g4xx_hal_flash_ex.c ****   }
1261:Drivers/STM32G4xx_HAL_Driver/Src/stm32g4xx_hal_flash_ex.c ****   else if (WRPArea == OB_WRPAREA_BANK1_AREAB)
 160              		.loc 1 1261 8 is_stmt 1 view .LVU30
 161              		.loc 1 1261 11 is_stmt 0 view .LVU31
 162 0016 0128     		cmp	r0, #1
 163 0018 00D0     		beq	.L16
 164              	.LVL5:
 165              	.L13:
1262:Drivers/STM32G4xx_HAL_Driver/Src/stm32g4xx_hal_flash_ex.c ****   {
1263:Drivers/STM32G4xx_HAL_Driver/Src/stm32g4xx_hal_flash_ex.c ****     *WRPStartOffset = READ_BIT(FLASH->WRP1BR, FLASH_WRP1BR_WRP1B_STRT);
1264:Drivers/STM32G4xx_HAL_Driver/Src/stm32g4xx_hal_flash_ex.c ****     *WRDPEndOffset = (READ_BIT(FLASH->WRP1BR, FLASH_WRP1BR_WRP1B_END) >> FLASH_WRP1BR_WRP1B_END_Pos
ARM GAS  C:\Users\MyPC\AppData\Local\Temp\ccdWaBxv.s 			page 26


1265:Drivers/STM32G4xx_HAL_Driver/Src/stm32g4xx_hal_flash_ex.c ****   }
1266:Drivers/STM32G4xx_HAL_Driver/Src/stm32g4xx_hal_flash_ex.c **** #if defined (FLASH_OPTR_DBANK)
1267:Drivers/STM32G4xx_HAL_Driver/Src/stm32g4xx_hal_flash_ex.c ****   else if (WRPArea == OB_WRPAREA_BANK2_AREAA)
1268:Drivers/STM32G4xx_HAL_Driver/Src/stm32g4xx_hal_flash_ex.c ****   {
1269:Drivers/STM32G4xx_HAL_Driver/Src/stm32g4xx_hal_flash_ex.c ****     *WRPStartOffset = READ_BIT(FLASH->WRP2AR, FLASH_WRP2AR_WRP2A_STRT);
1270:Drivers/STM32G4xx_HAL_Driver/Src/stm32g4xx_hal_flash_ex.c ****     *WRDPEndOffset = (READ_BIT(FLASH->WRP2AR, FLASH_WRP2AR_WRP2A_END) >> FLASH_WRP2AR_WRP2A_END_Pos
1271:Drivers/STM32G4xx_HAL_Driver/Src/stm32g4xx_hal_flash_ex.c ****   }
1272:Drivers/STM32G4xx_HAL_Driver/Src/stm32g4xx_hal_flash_ex.c ****   else if (WRPArea == OB_WRPAREA_BANK2_AREAB)
1273:Drivers/STM32G4xx_HAL_Driver/Src/stm32g4xx_hal_flash_ex.c ****   {
1274:Drivers/STM32G4xx_HAL_Driver/Src/stm32g4xx_hal_flash_ex.c ****     *WRPStartOffset = READ_BIT(FLASH->WRP2BR, FLASH_WRP2BR_WRP2B_STRT);
1275:Drivers/STM32G4xx_HAL_Driver/Src/stm32g4xx_hal_flash_ex.c ****     *WRDPEndOffset = (READ_BIT(FLASH->WRP2BR, FLASH_WRP2BR_WRP2B_END) >> FLASH_WRP2BR_WRP2B_END_Pos
1276:Drivers/STM32G4xx_HAL_Driver/Src/stm32g4xx_hal_flash_ex.c ****   }
1277:Drivers/STM32G4xx_HAL_Driver/Src/stm32g4xx_hal_flash_ex.c **** #endif
1278:Drivers/STM32G4xx_HAL_Driver/Src/stm32g4xx_hal_flash_ex.c ****   else
1279:Drivers/STM32G4xx_HAL_Driver/Src/stm32g4xx_hal_flash_ex.c ****   {
1280:Drivers/STM32G4xx_HAL_Driver/Src/stm32g4xx_hal_flash_ex.c ****     /* Nothing to do */
1281:Drivers/STM32G4xx_HAL_Driver/Src/stm32g4xx_hal_flash_ex.c ****   }
1282:Drivers/STM32G4xx_HAL_Driver/Src/stm32g4xx_hal_flash_ex.c **** }
 166              		.loc 1 1282 1 view .LVU32
 167 001a 7047     		bx	lr
 168              	.LVL6:
 169              	.L16:
1263:Drivers/STM32G4xx_HAL_Driver/Src/stm32g4xx_hal_flash_ex.c ****     *WRDPEndOffset = (READ_BIT(FLASH->WRP1BR, FLASH_WRP1BR_WRP1B_END) >> FLASH_WRP1BR_WRP1B_END_Pos
 170              		.loc 1 1263 5 is_stmt 1 view .LVU33
1263:Drivers/STM32G4xx_HAL_Driver/Src/stm32g4xx_hal_flash_ex.c ****     *WRDPEndOffset = (READ_BIT(FLASH->WRP1BR, FLASH_WRP1BR_WRP1B_END) >> FLASH_WRP1BR_WRP1B_END_Pos
 171              		.loc 1 1263 23 is_stmt 0 view .LVU34
 172 001c 0448     		ldr	r0, .L17
 173              	.LVL7:
1263:Drivers/STM32G4xx_HAL_Driver/Src/stm32g4xx_hal_flash_ex.c ****     *WRDPEndOffset = (READ_BIT(FLASH->WRP1BR, FLASH_WRP1BR_WRP1B_END) >> FLASH_WRP1BR_WRP1B_END_Pos
 174              		.loc 1 1263 23 view .LVU35
 175 001e 036B     		ldr	r3, [r0, #48]
 176 0020 03F03F03 		and	r3, r3, #63
1263:Drivers/STM32G4xx_HAL_Driver/Src/stm32g4xx_hal_flash_ex.c ****     *WRDPEndOffset = (READ_BIT(FLASH->WRP1BR, FLASH_WRP1BR_WRP1B_END) >> FLASH_WRP1BR_WRP1B_END_Pos
 177              		.loc 1 1263 21 view .LVU36
 178 0024 0B60     		str	r3, [r1]
1264:Drivers/STM32G4xx_HAL_Driver/Src/stm32g4xx_hal_flash_ex.c ****   }
 179              		.loc 1 1264 5 is_stmt 1 view .LVU37
1264:Drivers/STM32G4xx_HAL_Driver/Src/stm32g4xx_hal_flash_ex.c ****   }
 180              		.loc 1 1264 23 is_stmt 0 view .LVU38
 181 0026 036B     		ldr	r3, [r0, #48]
1264:Drivers/STM32G4xx_HAL_Driver/Src/stm32g4xx_hal_flash_ex.c ****   }
 182              		.loc 1 1264 71 view .LVU39
 183 0028 C3F30543 		ubfx	r3, r3, #16, #6
1264:Drivers/STM32G4xx_HAL_Driver/Src/stm32g4xx_hal_flash_ex.c ****   }
 184              		.loc 1 1264 20 view .LVU40
 185 002c 1360     		str	r3, [r2]
1281:Drivers/STM32G4xx_HAL_Driver/Src/stm32g4xx_hal_flash_ex.c **** }
 186              		.loc 1 1281 3 is_stmt 1 view .LVU41
 187              		.loc 1 1282 1 is_stmt 0 view .LVU42
 188 002e F4E7     		b	.L13
 189              	.L18:
 190              		.align	2
 191              	.L17:
 192 0030 00200240 		.word	1073881088
 193              		.cfi_endproc
 194              	.LFE150:
 196              		.section	.text.FLASH_OB_GetRDP,"ax",%progbits
ARM GAS  C:\Users\MyPC\AppData\Local\Temp\ccdWaBxv.s 			page 27


 197              		.align	1
 198              		.syntax unified
 199              		.thumb
 200              		.thumb_func
 202              	FLASH_OB_GetRDP:
 203              	.LFB151:
1283:Drivers/STM32G4xx_HAL_Driver/Src/stm32g4xx_hal_flash_ex.c **** 
1284:Drivers/STM32G4xx_HAL_Driver/Src/stm32g4xx_hal_flash_ex.c **** /**
1285:Drivers/STM32G4xx_HAL_Driver/Src/stm32g4xx_hal_flash_ex.c ****   * @brief  Return the FLASH Read Protection level into Option Bytes.
1286:Drivers/STM32G4xx_HAL_Driver/Src/stm32g4xx_hal_flash_ex.c ****   * @retval RDP_Level
1287:Drivers/STM32G4xx_HAL_Driver/Src/stm32g4xx_hal_flash_ex.c ****   *         This return value can be one of the following values:
1288:Drivers/STM32G4xx_HAL_Driver/Src/stm32g4xx_hal_flash_ex.c ****   *            @arg OB_RDP_LEVEL_0: No protection
1289:Drivers/STM32G4xx_HAL_Driver/Src/stm32g4xx_hal_flash_ex.c ****   *            @arg OB_RDP_LEVEL_1: Read protection of the memory
1290:Drivers/STM32G4xx_HAL_Driver/Src/stm32g4xx_hal_flash_ex.c ****   *            @arg OB_RDP_LEVEL_2: Full chip protection
1291:Drivers/STM32G4xx_HAL_Driver/Src/stm32g4xx_hal_flash_ex.c ****   */
1292:Drivers/STM32G4xx_HAL_Driver/Src/stm32g4xx_hal_flash_ex.c **** static uint32_t FLASH_OB_GetRDP(void)
1293:Drivers/STM32G4xx_HAL_Driver/Src/stm32g4xx_hal_flash_ex.c **** {
 204              		.loc 1 1293 1 is_stmt 1 view -0
 205              		.cfi_startproc
 206              		@ args = 0, pretend = 0, frame = 0
 207              		@ frame_needed = 0, uses_anonymous_args = 0
 208              		@ link register save eliminated.
1294:Drivers/STM32G4xx_HAL_Driver/Src/stm32g4xx_hal_flash_ex.c ****   uint32_t rdp_level = READ_BIT(FLASH->OPTR, FLASH_OPTR_RDP);
 209              		.loc 1 1294 3 view .LVU44
 210              		.loc 1 1294 24 is_stmt 0 view .LVU45
 211 0000 044B     		ldr	r3, .L22
 212 0002 186A     		ldr	r0, [r3, #32]
 213              		.loc 1 1294 12 view .LVU46
 214 0004 C0B2     		uxtb	r0, r0
 215              	.LVL8:
1295:Drivers/STM32G4xx_HAL_Driver/Src/stm32g4xx_hal_flash_ex.c **** 
1296:Drivers/STM32G4xx_HAL_Driver/Src/stm32g4xx_hal_flash_ex.c ****   if ((rdp_level != OB_RDP_LEVEL_0) && (rdp_level != OB_RDP_LEVEL_2))
 216              		.loc 1 1296 3 is_stmt 1 view .LVU47
 217              		.loc 1 1296 6 is_stmt 0 view .LVU48
 218 0006 AA28     		cmp	r0, #170
 219 0008 02D0     		beq	.L19
 220              		.loc 1 1296 37 discriminator 1 view .LVU49
 221 000a CC28     		cmp	r0, #204
 222 000c 00D0     		beq	.L19
1297:Drivers/STM32G4xx_HAL_Driver/Src/stm32g4xx_hal_flash_ex.c ****   {
1298:Drivers/STM32G4xx_HAL_Driver/Src/stm32g4xx_hal_flash_ex.c ****     return (OB_RDP_LEVEL_1);
 223              		.loc 1 1298 12 view .LVU50
 224 000e BB20     		movs	r0, #187
 225              	.LVL9:
 226              	.L19:
1299:Drivers/STM32G4xx_HAL_Driver/Src/stm32g4xx_hal_flash_ex.c ****   }
1300:Drivers/STM32G4xx_HAL_Driver/Src/stm32g4xx_hal_flash_ex.c ****   else
1301:Drivers/STM32G4xx_HAL_Driver/Src/stm32g4xx_hal_flash_ex.c ****   {
1302:Drivers/STM32G4xx_HAL_Driver/Src/stm32g4xx_hal_flash_ex.c ****     return rdp_level;
1303:Drivers/STM32G4xx_HAL_Driver/Src/stm32g4xx_hal_flash_ex.c ****   }
1304:Drivers/STM32G4xx_HAL_Driver/Src/stm32g4xx_hal_flash_ex.c **** }
 227              		.loc 1 1304 1 view .LVU51
 228 0010 7047     		bx	lr
 229              	.L23:
 230 0012 00BF     		.align	2
 231              	.L22:
 232 0014 00200240 		.word	1073881088
ARM GAS  C:\Users\MyPC\AppData\Local\Temp\ccdWaBxv.s 			page 28


 233              		.cfi_endproc
 234              	.LFE151:
 236              		.section	.text.FLASH_OB_GetUser,"ax",%progbits
 237              		.align	1
 238              		.syntax unified
 239              		.thumb
 240              		.thumb_func
 242              	FLASH_OB_GetUser:
 243              	.LFB152:
1305:Drivers/STM32G4xx_HAL_Driver/Src/stm32g4xx_hal_flash_ex.c **** 
1306:Drivers/STM32G4xx_HAL_Driver/Src/stm32g4xx_hal_flash_ex.c **** /**
1307:Drivers/STM32G4xx_HAL_Driver/Src/stm32g4xx_hal_flash_ex.c ****   * @brief  Return the FLASH User Option Byte value.
1308:Drivers/STM32G4xx_HAL_Driver/Src/stm32g4xx_hal_flash_ex.c ****   * @retval OB_user_config
1309:Drivers/STM32G4xx_HAL_Driver/Src/stm32g4xx_hal_flash_ex.c ****   *         This return value is a combination of @ref FLASH_OB_USER_BOR_LEVEL,
1310:Drivers/STM32G4xx_HAL_Driver/Src/stm32g4xx_hal_flash_ex.c ****   *         @ref FLASH_OB_USER_nRST_STOP, @ref FLASH_OB_USER_nRST_STANDBY,
1311:Drivers/STM32G4xx_HAL_Driver/Src/stm32g4xx_hal_flash_ex.c ****   *         @ref FLASH_OB_USER_nRST_SHUTDOWN, @ref FLASH_OB_USER_IWDG_SW,
1312:Drivers/STM32G4xx_HAL_Driver/Src/stm32g4xx_hal_flash_ex.c ****   *         @ref FLASH_OB_USER_IWDG_STOP, @ref FLASH_OB_USER_IWDG_STANDBY,
1313:Drivers/STM32G4xx_HAL_Driver/Src/stm32g4xx_hal_flash_ex.c ****   *         @ref FLASH_OB_USER_WWDG_SW, @ref FLASH_OB_USER_WWDG_SW,
1314:Drivers/STM32G4xx_HAL_Driver/Src/stm32g4xx_hal_flash_ex.c ****   *         @ref FLASH_OB_USER_BFB2 (*), @ref FLASH_OB_USER_DBANK (*),
1315:Drivers/STM32G4xx_HAL_Driver/Src/stm32g4xx_hal_flash_ex.c ****   *         @ref FLASH_OB_USER_nBOOT1, @ref FLASH_OB_USER_SRAM_PE,
1316:Drivers/STM32G4xx_HAL_Driver/Src/stm32g4xx_hal_flash_ex.c ****   *         @ref FLASH_OB_USER_CCMSRAM_RST, @ref OB_USER_nSWBOOT0,@ref FLASH_OB_USER_nBOOT0,
1317:Drivers/STM32G4xx_HAL_Driver/Src/stm32g4xx_hal_flash_ex.c ****   *         @ref FLASH_OB_USER_NRST_MODE, @ref FLASH_OB_USER_INTERNAL_RESET_HOLDER
1318:Drivers/STM32G4xx_HAL_Driver/Src/stm32g4xx_hal_flash_ex.c ****   * @note  (*) availability depends on devices
1319:Drivers/STM32G4xx_HAL_Driver/Src/stm32g4xx_hal_flash_ex.c ****   */
1320:Drivers/STM32G4xx_HAL_Driver/Src/stm32g4xx_hal_flash_ex.c **** static uint32_t FLASH_OB_GetUser(void)
1321:Drivers/STM32G4xx_HAL_Driver/Src/stm32g4xx_hal_flash_ex.c **** {
 244              		.loc 1 1321 1 is_stmt 1 view -0
 245              		.cfi_startproc
 246              		@ args = 0, pretend = 0, frame = 0
 247              		@ frame_needed = 0, uses_anonymous_args = 0
 248              		@ link register save eliminated.
1322:Drivers/STM32G4xx_HAL_Driver/Src/stm32g4xx_hal_flash_ex.c ****   uint32_t user_config = READ_REG(FLASH->OPTR);
 249              		.loc 1 1322 3 view .LVU53
 250              		.loc 1 1322 12 is_stmt 0 view .LVU54
 251 0000 024B     		ldr	r3, .L25
 252 0002 186A     		ldr	r0, [r3, #32]
 253              	.LVL10:
1323:Drivers/STM32G4xx_HAL_Driver/Src/stm32g4xx_hal_flash_ex.c ****   CLEAR_BIT(user_config, FLASH_OPTR_RDP);
 254              		.loc 1 1323 3 is_stmt 1 view .LVU55
1324:Drivers/STM32G4xx_HAL_Driver/Src/stm32g4xx_hal_flash_ex.c **** 
1325:Drivers/STM32G4xx_HAL_Driver/Src/stm32g4xx_hal_flash_ex.c ****   return user_config;
 255              		.loc 1 1325 3 view .LVU56
1326:Drivers/STM32G4xx_HAL_Driver/Src/stm32g4xx_hal_flash_ex.c **** }
 256              		.loc 1 1326 1 is_stmt 0 view .LVU57
 257 0004 20F0FF00 		bic	r0, r0, #255
 258              	.LVL11:
 259              		.loc 1 1326 1 view .LVU58
 260 0008 7047     		bx	lr
 261              	.L26:
 262 000a 00BF     		.align	2
 263              	.L25:
 264 000c 00200240 		.word	1073881088
 265              		.cfi_endproc
 266              	.LFE152:
 268              		.section	.text.FLASH_OB_GetPCROP,"ax",%progbits
 269              		.align	1
 270              		.syntax unified
ARM GAS  C:\Users\MyPC\AppData\Local\Temp\ccdWaBxv.s 			page 29


 271              		.thumb
 272              		.thumb_func
 274              	FLASH_OB_GetPCROP:
 275              	.LVL12:
 276              	.LFB153:
1327:Drivers/STM32G4xx_HAL_Driver/Src/stm32g4xx_hal_flash_ex.c **** 
1328:Drivers/STM32G4xx_HAL_Driver/Src/stm32g4xx_hal_flash_ex.c **** /**
1329:Drivers/STM32G4xx_HAL_Driver/Src/stm32g4xx_hal_flash_ex.c ****   * @brief  Return the FLASH PCROP configuration into Option Bytes.
1330:Drivers/STM32G4xx_HAL_Driver/Src/stm32g4xx_hal_flash_ex.c ****   * @param[in,out] PCROPConfig specifies the configuration (Bank to be configured and PCROP_RDP opt
1331:Drivers/STM32G4xx_HAL_Driver/Src/stm32g4xx_hal_flash_ex.c ****   *        This parameter must be a combination of FLASH_BANK_1 or FLASH_BANK_2
1332:Drivers/STM32G4xx_HAL_Driver/Src/stm32g4xx_hal_flash_ex.c ****   *        with OB_PCROP_RDP_NOT_ERASE or OB_PCROP_RDP_ERASE.
1333:Drivers/STM32G4xx_HAL_Driver/Src/stm32g4xx_hal_flash_ex.c ****   * @param[out] PCROPStartAddr specifies the address where to copied the start address
1334:Drivers/STM32G4xx_HAL_Driver/Src/stm32g4xx_hal_flash_ex.c ****   *        of the Proprietary code readout protection.
1335:Drivers/STM32G4xx_HAL_Driver/Src/stm32g4xx_hal_flash_ex.c ****   * @param[out] PCROPEndAddr specifies the address where to copied the end address of
1336:Drivers/STM32G4xx_HAL_Driver/Src/stm32g4xx_hal_flash_ex.c ****   *        the Proprietary code readout protection.
1337:Drivers/STM32G4xx_HAL_Driver/Src/stm32g4xx_hal_flash_ex.c ****   * @retval None
1338:Drivers/STM32G4xx_HAL_Driver/Src/stm32g4xx_hal_flash_ex.c ****   */
1339:Drivers/STM32G4xx_HAL_Driver/Src/stm32g4xx_hal_flash_ex.c **** static void FLASH_OB_GetPCROP(uint32_t *PCROPConfig, uint32_t *PCROPStartAddr, uint32_t *PCROPEndAd
1340:Drivers/STM32G4xx_HAL_Driver/Src/stm32g4xx_hal_flash_ex.c **** {
 277              		.loc 1 1340 1 is_stmt 1 view -0
 278              		.cfi_startproc
 279              		@ args = 0, pretend = 0, frame = 0
 280              		@ frame_needed = 0, uses_anonymous_args = 0
 281              		.loc 1 1340 1 is_stmt 0 view .LVU60
 282 0000 00B5     		push	{lr}
 283              	.LCFI0:
 284              		.cfi_def_cfa_offset 4
 285              		.cfi_offset 14, -4
1341:Drivers/STM32G4xx_HAL_Driver/Src/stm32g4xx_hal_flash_ex.c ****   uint32_t reg_value;
 286              		.loc 1 1341 3 is_stmt 1 view .LVU61
1342:Drivers/STM32G4xx_HAL_Driver/Src/stm32g4xx_hal_flash_ex.c ****   uint32_t bank1_addr;
 287              		.loc 1 1342 3 view .LVU62
1343:Drivers/STM32G4xx_HAL_Driver/Src/stm32g4xx_hal_flash_ex.c **** #if defined (FLASH_OPTR_DBANK)
1344:Drivers/STM32G4xx_HAL_Driver/Src/stm32g4xx_hal_flash_ex.c ****   uint32_t bank2_addr;
1345:Drivers/STM32G4xx_HAL_Driver/Src/stm32g4xx_hal_flash_ex.c **** 
1346:Drivers/STM32G4xx_HAL_Driver/Src/stm32g4xx_hal_flash_ex.c ****   /* Get the information about the bank swapping */
1347:Drivers/STM32G4xx_HAL_Driver/Src/stm32g4xx_hal_flash_ex.c ****   if (READ_BIT(SYSCFG->MEMRMP, SYSCFG_MEMRMP_FB_MODE) == 0U)
1348:Drivers/STM32G4xx_HAL_Driver/Src/stm32g4xx_hal_flash_ex.c ****   {
1349:Drivers/STM32G4xx_HAL_Driver/Src/stm32g4xx_hal_flash_ex.c ****     bank1_addr = FLASH_BASE;
1350:Drivers/STM32G4xx_HAL_Driver/Src/stm32g4xx_hal_flash_ex.c ****     bank2_addr = FLASH_BASE + FLASH_BANK_SIZE;
1351:Drivers/STM32G4xx_HAL_Driver/Src/stm32g4xx_hal_flash_ex.c ****   }
1352:Drivers/STM32G4xx_HAL_Driver/Src/stm32g4xx_hal_flash_ex.c ****   else
1353:Drivers/STM32G4xx_HAL_Driver/Src/stm32g4xx_hal_flash_ex.c ****   {
1354:Drivers/STM32G4xx_HAL_Driver/Src/stm32g4xx_hal_flash_ex.c ****     bank1_addr = FLASH_BASE + FLASH_BANK_SIZE;
1355:Drivers/STM32G4xx_HAL_Driver/Src/stm32g4xx_hal_flash_ex.c ****     bank2_addr = FLASH_BASE;
1356:Drivers/STM32G4xx_HAL_Driver/Src/stm32g4xx_hal_flash_ex.c ****   }
1357:Drivers/STM32G4xx_HAL_Driver/Src/stm32g4xx_hal_flash_ex.c **** #else
1358:Drivers/STM32G4xx_HAL_Driver/Src/stm32g4xx_hal_flash_ex.c ****   bank1_addr = FLASH_BASE;
 288              		.loc 1 1358 3 view .LVU63
 289              	.LVL13:
1359:Drivers/STM32G4xx_HAL_Driver/Src/stm32g4xx_hal_flash_ex.c **** #endif
1360:Drivers/STM32G4xx_HAL_Driver/Src/stm32g4xx_hal_flash_ex.c **** 
1361:Drivers/STM32G4xx_HAL_Driver/Src/stm32g4xx_hal_flash_ex.c **** #if defined (FLASH_OPTR_DBANK)
1362:Drivers/STM32G4xx_HAL_Driver/Src/stm32g4xx_hal_flash_ex.c ****   if (READ_BIT(FLASH->OPTR, FLASH_OPTR_DBANK) == 0U)
1363:Drivers/STM32G4xx_HAL_Driver/Src/stm32g4xx_hal_flash_ex.c ****   {
1364:Drivers/STM32G4xx_HAL_Driver/Src/stm32g4xx_hal_flash_ex.c ****     if (((*PCROPConfig) & FLASH_BANK_BOTH) == FLASH_BANK_1)
1365:Drivers/STM32G4xx_HAL_Driver/Src/stm32g4xx_hal_flash_ex.c ****     {
ARM GAS  C:\Users\MyPC\AppData\Local\Temp\ccdWaBxv.s 			page 30


1366:Drivers/STM32G4xx_HAL_Driver/Src/stm32g4xx_hal_flash_ex.c ****       reg_value       = (READ_REG(FLASH->PCROP1SR) & FLASH_PCROP1SR_PCROP1_STRT);
1367:Drivers/STM32G4xx_HAL_Driver/Src/stm32g4xx_hal_flash_ex.c ****       *PCROPStartAddr = (reg_value << 4) + FLASH_BASE;
1368:Drivers/STM32G4xx_HAL_Driver/Src/stm32g4xx_hal_flash_ex.c **** 
1369:Drivers/STM32G4xx_HAL_Driver/Src/stm32g4xx_hal_flash_ex.c ****       reg_value     = (READ_REG(FLASH->PCROP1ER) & FLASH_PCROP1ER_PCROP1_END);
1370:Drivers/STM32G4xx_HAL_Driver/Src/stm32g4xx_hal_flash_ex.c ****       *PCROPEndAddr = (reg_value << 4) + FLASH_BASE;
1371:Drivers/STM32G4xx_HAL_Driver/Src/stm32g4xx_hal_flash_ex.c ****     }
1372:Drivers/STM32G4xx_HAL_Driver/Src/stm32g4xx_hal_flash_ex.c ****     else if (((*PCROPConfig) & FLASH_BANK_BOTH) == FLASH_BANK_2)
1373:Drivers/STM32G4xx_HAL_Driver/Src/stm32g4xx_hal_flash_ex.c ****     {
1374:Drivers/STM32G4xx_HAL_Driver/Src/stm32g4xx_hal_flash_ex.c ****       reg_value       = (READ_REG(FLASH->PCROP2SR) & FLASH_PCROP2SR_PCROP2_STRT);
1375:Drivers/STM32G4xx_HAL_Driver/Src/stm32g4xx_hal_flash_ex.c ****       *PCROPStartAddr = (reg_value << 4) + FLASH_BASE;
1376:Drivers/STM32G4xx_HAL_Driver/Src/stm32g4xx_hal_flash_ex.c **** 
1377:Drivers/STM32G4xx_HAL_Driver/Src/stm32g4xx_hal_flash_ex.c ****       reg_value     = (READ_REG(FLASH->PCROP2ER) & FLASH_PCROP2ER_PCROP2_END);
1378:Drivers/STM32G4xx_HAL_Driver/Src/stm32g4xx_hal_flash_ex.c ****       *PCROPEndAddr = (reg_value << 4) + FLASH_BASE;
1379:Drivers/STM32G4xx_HAL_Driver/Src/stm32g4xx_hal_flash_ex.c ****     }
1380:Drivers/STM32G4xx_HAL_Driver/Src/stm32g4xx_hal_flash_ex.c ****     else
1381:Drivers/STM32G4xx_HAL_Driver/Src/stm32g4xx_hal_flash_ex.c ****     {
1382:Drivers/STM32G4xx_HAL_Driver/Src/stm32g4xx_hal_flash_ex.c ****       /* Nothing to do */
1383:Drivers/STM32G4xx_HAL_Driver/Src/stm32g4xx_hal_flash_ex.c ****     }
1384:Drivers/STM32G4xx_HAL_Driver/Src/stm32g4xx_hal_flash_ex.c ****   }
1385:Drivers/STM32G4xx_HAL_Driver/Src/stm32g4xx_hal_flash_ex.c ****   else
1386:Drivers/STM32G4xx_HAL_Driver/Src/stm32g4xx_hal_flash_ex.c **** #endif
1387:Drivers/STM32G4xx_HAL_Driver/Src/stm32g4xx_hal_flash_ex.c ****   {
1388:Drivers/STM32G4xx_HAL_Driver/Src/stm32g4xx_hal_flash_ex.c ****     if (((*PCROPConfig) & FLASH_BANK_BOTH) == FLASH_BANK_1)
 290              		.loc 1 1388 5 view .LVU64
 291              		.loc 1 1388 11 is_stmt 0 view .LVU65
 292 0002 0368     		ldr	r3, [r0]
 293              		.loc 1 1388 8 view .LVU66
 294 0004 13F0010F 		tst	r3, #1
 295 0008 11D0     		beq	.L28
1389:Drivers/STM32G4xx_HAL_Driver/Src/stm32g4xx_hal_flash_ex.c ****     {
1390:Drivers/STM32G4xx_HAL_Driver/Src/stm32g4xx_hal_flash_ex.c ****       reg_value       = (READ_REG(FLASH->PCROP1SR) & FLASH_PCROP1SR_PCROP1_STRT);
 296              		.loc 1 1390 7 is_stmt 1 view .LVU67
 297              		.loc 1 1390 26 is_stmt 0 view .LVU68
 298 000a DFF838E0 		ldr	lr, .L30+4
 299 000e DEF824C0 		ldr	ip, [lr, #36]
 300              	.LVL14:
1391:Drivers/STM32G4xx_HAL_Driver/Src/stm32g4xx_hal_flash_ex.c ****       *PCROPStartAddr = (reg_value << 3) + bank1_addr;
 301              		.loc 1 1391 7 is_stmt 1 view .LVU69
 302              		.loc 1 1391 36 is_stmt 0 view .LVU70
 303 0012 0B4B     		ldr	r3, .L30
 304 0014 03EACC0C 		and	ip, r3, ip, lsl #3
 305              	.LVL15:
 306              		.loc 1 1391 42 view .LVU71
 307 0018 0CF1006C 		add	ip, ip, #134217728
 308              		.loc 1 1391 23 view .LVU72
 309 001c C1F800C0 		str	ip, [r1]
1392:Drivers/STM32G4xx_HAL_Driver/Src/stm32g4xx_hal_flash_ex.c **** 
1393:Drivers/STM32G4xx_HAL_Driver/Src/stm32g4xx_hal_flash_ex.c ****       reg_value     = (READ_REG(FLASH->PCROP1ER) & FLASH_PCROP1ER_PCROP1_END);
 310              		.loc 1 1393 7 is_stmt 1 view .LVU73
 311              		.loc 1 1393 24 is_stmt 0 view .LVU74
 312 0020 DEF82810 		ldr	r1, [lr, #40]
 313              	.LVL16:
1394:Drivers/STM32G4xx_HAL_Driver/Src/stm32g4xx_hal_flash_ex.c ****       *PCROPEndAddr = (reg_value << 3) + bank1_addr;
 314              		.loc 1 1394 7 is_stmt 1 view .LVU75
 315              		.loc 1 1394 34 is_stmt 0 view .LVU76
 316 0024 03EAC103 		and	r3, r3, r1, lsl #3
 317              		.loc 1 1394 40 view .LVU77
ARM GAS  C:\Users\MyPC\AppData\Local\Temp\ccdWaBxv.s 			page 31


 318 0028 03F10063 		add	r3, r3, #134217728
 319              		.loc 1 1394 21 view .LVU78
 320 002c 1360     		str	r3, [r2]
 321              	.LVL17:
 322              	.L28:
1395:Drivers/STM32G4xx_HAL_Driver/Src/stm32g4xx_hal_flash_ex.c ****     }
1396:Drivers/STM32G4xx_HAL_Driver/Src/stm32g4xx_hal_flash_ex.c **** #if defined (FLASH_OPTR_DBANK)
1397:Drivers/STM32G4xx_HAL_Driver/Src/stm32g4xx_hal_flash_ex.c ****     else if (((*PCROPConfig) & FLASH_BANK_BOTH) == FLASH_BANK_2)
1398:Drivers/STM32G4xx_HAL_Driver/Src/stm32g4xx_hal_flash_ex.c ****     {
1399:Drivers/STM32G4xx_HAL_Driver/Src/stm32g4xx_hal_flash_ex.c ****       reg_value       = (READ_REG(FLASH->PCROP2SR) & FLASH_PCROP2SR_PCROP2_STRT);
1400:Drivers/STM32G4xx_HAL_Driver/Src/stm32g4xx_hal_flash_ex.c ****       *PCROPStartAddr = (reg_value << 3) + bank2_addr;
1401:Drivers/STM32G4xx_HAL_Driver/Src/stm32g4xx_hal_flash_ex.c **** 
1402:Drivers/STM32G4xx_HAL_Driver/Src/stm32g4xx_hal_flash_ex.c ****       reg_value     = (READ_REG(FLASH->PCROP2ER) & FLASH_PCROP2ER_PCROP2_END);
1403:Drivers/STM32G4xx_HAL_Driver/Src/stm32g4xx_hal_flash_ex.c ****       *PCROPEndAddr = (reg_value << 3) + bank2_addr;
1404:Drivers/STM32G4xx_HAL_Driver/Src/stm32g4xx_hal_flash_ex.c ****     }
1405:Drivers/STM32G4xx_HAL_Driver/Src/stm32g4xx_hal_flash_ex.c **** #endif
1406:Drivers/STM32G4xx_HAL_Driver/Src/stm32g4xx_hal_flash_ex.c ****     else
1407:Drivers/STM32G4xx_HAL_Driver/Src/stm32g4xx_hal_flash_ex.c ****     {
1408:Drivers/STM32G4xx_HAL_Driver/Src/stm32g4xx_hal_flash_ex.c ****       /* Nothing to do */
1409:Drivers/STM32G4xx_HAL_Driver/Src/stm32g4xx_hal_flash_ex.c ****     }
 323              		.loc 1 1409 5 is_stmt 1 view .LVU79
1410:Drivers/STM32G4xx_HAL_Driver/Src/stm32g4xx_hal_flash_ex.c ****   }
1411:Drivers/STM32G4xx_HAL_Driver/Src/stm32g4xx_hal_flash_ex.c **** 
1412:Drivers/STM32G4xx_HAL_Driver/Src/stm32g4xx_hal_flash_ex.c ****   *PCROPConfig |= (READ_REG(FLASH->PCROP1ER) & FLASH_PCROP1ER_PCROP_RDP);
 324              		.loc 1 1412 3 view .LVU80
 325              		.loc 1 1412 20 is_stmt 0 view .LVU81
 326 002e 054B     		ldr	r3, .L30+4
 327 0030 9A6A     		ldr	r2, [r3, #40]
 328              	.LVL18:
 329              		.loc 1 1412 46 view .LVU82
 330 0032 02F00042 		and	r2, r2, #-2147483648
 331              		.loc 1 1412 3 view .LVU83
 332 0036 0368     		ldr	r3, [r0]
 333              		.loc 1 1412 16 view .LVU84
 334 0038 1343     		orrs	r3, r3, r2
 335 003a 0360     		str	r3, [r0]
1413:Drivers/STM32G4xx_HAL_Driver/Src/stm32g4xx_hal_flash_ex.c **** }
 336              		.loc 1 1413 1 view .LVU85
 337 003c 00BD     		pop	{pc}
 338              	.L31:
 339 003e 00BF     		.align	2
 340              	.L30:
 341 0040 F8FF0100 		.word	131064
 342 0044 00200240 		.word	1073881088
 343              		.cfi_endproc
 344              	.LFE153:
 346              		.section	.text.FLASH_OB_WRPConfig,"ax",%progbits
 347              		.align	1
 348              		.syntax unified
 349              		.thumb
 350              		.thumb_func
 352              	FLASH_OB_WRPConfig:
 353              	.LVL19:
 354              	.LFB142:
 675:Drivers/STM32G4xx_HAL_Driver/Src/stm32g4xx_hal_flash_ex.c ****   HAL_StatusTypeDef status;
 355              		.loc 1 675 1 is_stmt 1 view -0
 356              		.cfi_startproc
ARM GAS  C:\Users\MyPC\AppData\Local\Temp\ccdWaBxv.s 			page 32


 357              		@ args = 0, pretend = 0, frame = 0
 358              		@ frame_needed = 0, uses_anonymous_args = 0
 675:Drivers/STM32G4xx_HAL_Driver/Src/stm32g4xx_hal_flash_ex.c ****   HAL_StatusTypeDef status;
 359              		.loc 1 675 1 is_stmt 0 view .LVU87
 360 0000 70B5     		push	{r4, r5, r6, lr}
 361              	.LCFI1:
 362              		.cfi_def_cfa_offset 16
 363              		.cfi_offset 4, -16
 364              		.cfi_offset 5, -12
 365              		.cfi_offset 6, -8
 366              		.cfi_offset 14, -4
 367 0002 0446     		mov	r4, r0
 368 0004 0E46     		mov	r6, r1
 369 0006 1546     		mov	r5, r2
 676:Drivers/STM32G4xx_HAL_Driver/Src/stm32g4xx_hal_flash_ex.c **** 
 370              		.loc 1 676 3 is_stmt 1 view .LVU88
 679:Drivers/STM32G4xx_HAL_Driver/Src/stm32g4xx_hal_flash_ex.c ****   assert_param(IS_FLASH_PAGE(WRPStartOffset));
 371              		.loc 1 679 3 view .LVU89
 680:Drivers/STM32G4xx_HAL_Driver/Src/stm32g4xx_hal_flash_ex.c ****   assert_param(IS_FLASH_PAGE(WRDPEndOffset));
 372              		.loc 1 680 3 view .LVU90
 681:Drivers/STM32G4xx_HAL_Driver/Src/stm32g4xx_hal_flash_ex.c **** 
 373              		.loc 1 681 3 view .LVU91
 684:Drivers/STM32G4xx_HAL_Driver/Src/stm32g4xx_hal_flash_ex.c **** 
 374              		.loc 1 684 3 view .LVU92
 684:Drivers/STM32G4xx_HAL_Driver/Src/stm32g4xx_hal_flash_ex.c **** 
 375              		.loc 1 684 12 is_stmt 0 view .LVU93
 376 0008 4FF47A70 		mov	r0, #1000
 377              	.LVL20:
 684:Drivers/STM32G4xx_HAL_Driver/Src/stm32g4xx_hal_flash_ex.c **** 
 378              		.loc 1 684 12 view .LVU94
 379 000c FFF7FEFF 		bl	FLASH_WaitForLastOperation
 380              	.LVL21:
 686:Drivers/STM32G4xx_HAL_Driver/Src/stm32g4xx_hal_flash_ex.c ****   {
 381              		.loc 1 686 3 is_stmt 1 view .LVU95
 686:Drivers/STM32G4xx_HAL_Driver/Src/stm32g4xx_hal_flash_ex.c ****   {
 382              		.loc 1 686 6 is_stmt 0 view .LVU96
 383 0010 68B9     		cbnz	r0, .L33
 689:Drivers/STM32G4xx_HAL_Driver/Src/stm32g4xx_hal_flash_ex.c ****     {
 384              		.loc 1 689 5 is_stmt 1 view .LVU97
 689:Drivers/STM32G4xx_HAL_Driver/Src/stm32g4xx_hal_flash_ex.c ****     {
 385              		.loc 1 689 8 is_stmt 0 view .LVU98
 386 0012 6CB9     		cbnz	r4, .L34
 691:Drivers/STM32G4xx_HAL_Driver/Src/stm32g4xx_hal_flash_ex.c ****     }
 387              		.loc 1 691 7 is_stmt 1 view .LVU99
 691:Drivers/STM32G4xx_HAL_Driver/Src/stm32g4xx_hal_flash_ex.c ****     }
 388              		.loc 1 691 70 is_stmt 0 view .LVU100
 389 0014 46EA0542 		orr	r2, r6, r5, lsl #16
 691:Drivers/STM32G4xx_HAL_Driver/Src/stm32g4xx_hal_flash_ex.c ****     }
 390              		.loc 1 691 21 view .LVU101
 391 0018 094B     		ldr	r3, .L37
 392 001a DA62     		str	r2, [r3, #44]
 393              	.L35:
 710:Drivers/STM32G4xx_HAL_Driver/Src/stm32g4xx_hal_flash_ex.c **** 
 394              		.loc 1 710 5 is_stmt 1 view .LVU102
 713:Drivers/STM32G4xx_HAL_Driver/Src/stm32g4xx_hal_flash_ex.c **** 
 395              		.loc 1 713 5 view .LVU103
 396 001c 084A     		ldr	r2, .L37
ARM GAS  C:\Users\MyPC\AppData\Local\Temp\ccdWaBxv.s 			page 33


 397 001e 5369     		ldr	r3, [r2, #20]
 398 0020 43F40033 		orr	r3, r3, #131072
 399 0024 5361     		str	r3, [r2, #20]
 716:Drivers/STM32G4xx_HAL_Driver/Src/stm32g4xx_hal_flash_ex.c ****   }
 400              		.loc 1 716 5 view .LVU104
 716:Drivers/STM32G4xx_HAL_Driver/Src/stm32g4xx_hal_flash_ex.c ****   }
 401              		.loc 1 716 14 is_stmt 0 view .LVU105
 402 0026 4FF47A70 		mov	r0, #1000
 403 002a FFF7FEFF 		bl	FLASH_WaitForLastOperation
 404              	.LVL22:
 405              	.L33:
 719:Drivers/STM32G4xx_HAL_Driver/Src/stm32g4xx_hal_flash_ex.c **** }
 406              		.loc 1 719 3 is_stmt 1 view .LVU106
 720:Drivers/STM32G4xx_HAL_Driver/Src/stm32g4xx_hal_flash_ex.c **** 
 407              		.loc 1 720 1 is_stmt 0 view .LVU107
 408 002e 70BD     		pop	{r4, r5, r6, pc}
 409              	.LVL23:
 410              	.L34:
 693:Drivers/STM32G4xx_HAL_Driver/Src/stm32g4xx_hal_flash_ex.c ****     {
 411              		.loc 1 693 10 is_stmt 1 view .LVU108
 693:Drivers/STM32G4xx_HAL_Driver/Src/stm32g4xx_hal_flash_ex.c ****     {
 412              		.loc 1 693 13 is_stmt 0 view .LVU109
 413 0030 012C     		cmp	r4, #1
 414 0032 F3D1     		bne	.L35
 695:Drivers/STM32G4xx_HAL_Driver/Src/stm32g4xx_hal_flash_ex.c ****     }
 415              		.loc 1 695 7 is_stmt 1 view .LVU110
 695:Drivers/STM32G4xx_HAL_Driver/Src/stm32g4xx_hal_flash_ex.c ****     }
 416              		.loc 1 695 70 is_stmt 0 view .LVU111
 417 0034 46EA0541 		orr	r1, r6, r5, lsl #16
 695:Drivers/STM32G4xx_HAL_Driver/Src/stm32g4xx_hal_flash_ex.c ****     }
 418              		.loc 1 695 21 view .LVU112
 419 0038 014B     		ldr	r3, .L37
 420 003a 1963     		str	r1, [r3, #48]
 421 003c EEE7     		b	.L35
 422              	.L38:
 423 003e 00BF     		.align	2
 424              	.L37:
 425 0040 00200240 		.word	1073881088
 426              		.cfi_endproc
 427              	.LFE142:
 429              		.section	.text.FLASH_OB_RDPConfig,"ax",%progbits
 430              		.align	1
 431              		.syntax unified
 432              		.thumb
 433              		.thumb_func
 435              	FLASH_OB_RDPConfig:
 436              	.LVL24:
 437              	.LFB143:
 740:Drivers/STM32G4xx_HAL_Driver/Src/stm32g4xx_hal_flash_ex.c ****   HAL_StatusTypeDef status;
 438              		.loc 1 740 1 is_stmt 1 view -0
 439              		.cfi_startproc
 440              		@ args = 0, pretend = 0, frame = 0
 441              		@ frame_needed = 0, uses_anonymous_args = 0
 740:Drivers/STM32G4xx_HAL_Driver/Src/stm32g4xx_hal_flash_ex.c ****   HAL_StatusTypeDef status;
 442              		.loc 1 740 1 is_stmt 0 view .LVU114
 443 0000 10B5     		push	{r4, lr}
 444              	.LCFI2:
ARM GAS  C:\Users\MyPC\AppData\Local\Temp\ccdWaBxv.s 			page 34


 445              		.cfi_def_cfa_offset 8
 446              		.cfi_offset 4, -8
 447              		.cfi_offset 14, -4
 448 0002 0446     		mov	r4, r0
 741:Drivers/STM32G4xx_HAL_Driver/Src/stm32g4xx_hal_flash_ex.c **** 
 449              		.loc 1 741 3 is_stmt 1 view .LVU115
 744:Drivers/STM32G4xx_HAL_Driver/Src/stm32g4xx_hal_flash_ex.c **** 
 450              		.loc 1 744 3 view .LVU116
 747:Drivers/STM32G4xx_HAL_Driver/Src/stm32g4xx_hal_flash_ex.c **** 
 451              		.loc 1 747 3 view .LVU117
 747:Drivers/STM32G4xx_HAL_Driver/Src/stm32g4xx_hal_flash_ex.c **** 
 452              		.loc 1 747 12 is_stmt 0 view .LVU118
 453 0004 4FF47A70 		mov	r0, #1000
 454              	.LVL25:
 747:Drivers/STM32G4xx_HAL_Driver/Src/stm32g4xx_hal_flash_ex.c **** 
 455              		.loc 1 747 12 view .LVU119
 456 0008 FFF7FEFF 		bl	FLASH_WaitForLastOperation
 457              	.LVL26:
 749:Drivers/STM32G4xx_HAL_Driver/Src/stm32g4xx_hal_flash_ex.c ****   {
 458              		.loc 1 749 3 is_stmt 1 view .LVU120
 749:Drivers/STM32G4xx_HAL_Driver/Src/stm32g4xx_hal_flash_ex.c ****   {
 459              		.loc 1 749 6 is_stmt 0 view .LVU121
 460 000c 00B1     		cbz	r0, .L42
 461              	.L40:
 462              	.LVL27:
 761:Drivers/STM32G4xx_HAL_Driver/Src/stm32g4xx_hal_flash_ex.c **** }
 463              		.loc 1 761 3 is_stmt 1 view .LVU122
 762:Drivers/STM32G4xx_HAL_Driver/Src/stm32g4xx_hal_flash_ex.c **** 
 464              		.loc 1 762 1 is_stmt 0 view .LVU123
 465 000e 10BD     		pop	{r4, pc}
 466              	.LVL28:
 467              	.L42:
 752:Drivers/STM32G4xx_HAL_Driver/Src/stm32g4xx_hal_flash_ex.c **** 
 468              		.loc 1 752 5 is_stmt 1 view .LVU124
 469 0010 074A     		ldr	r2, .L43
 470 0012 136A     		ldr	r3, [r2, #32]
 471 0014 23F0FF03 		bic	r3, r3, #255
 472 0018 2343     		orrs	r3, r3, r4
 473 001a 1362     		str	r3, [r2, #32]
 755:Drivers/STM32G4xx_HAL_Driver/Src/stm32g4xx_hal_flash_ex.c **** 
 474              		.loc 1 755 5 view .LVU125
 475 001c 5369     		ldr	r3, [r2, #20]
 476 001e 43F40033 		orr	r3, r3, #131072
 477 0022 5361     		str	r3, [r2, #20]
 758:Drivers/STM32G4xx_HAL_Driver/Src/stm32g4xx_hal_flash_ex.c ****   }
 478              		.loc 1 758 5 view .LVU126
 758:Drivers/STM32G4xx_HAL_Driver/Src/stm32g4xx_hal_flash_ex.c ****   }
 479              		.loc 1 758 14 is_stmt 0 view .LVU127
 480 0024 4FF47A70 		mov	r0, #1000
 481 0028 FFF7FEFF 		bl	FLASH_WaitForLastOperation
 482              	.LVL29:
 483 002c EFE7     		b	.L40
 484              	.L44:
 485 002e 00BF     		.align	2
 486              	.L43:
 487 0030 00200240 		.word	1073881088
 488              		.cfi_endproc
ARM GAS  C:\Users\MyPC\AppData\Local\Temp\ccdWaBxv.s 			page 35


 489              	.LFE143:
 491              		.section	.text.FLASH_OB_UserConfig,"ax",%progbits
 492              		.align	1
 493              		.syntax unified
 494              		.thumb
 495              		.thumb_func
 497              	FLASH_OB_UserConfig:
 498              	.LVL30:
 499              	.LFB144:
 787:Drivers/STM32G4xx_HAL_Driver/Src/stm32g4xx_hal_flash_ex.c ****   uint32_t optr_reg_val = 0;
 500              		.loc 1 787 1 is_stmt 1 view -0
 501              		.cfi_startproc
 502              		@ args = 0, pretend = 0, frame = 0
 503              		@ frame_needed = 0, uses_anonymous_args = 0
 787:Drivers/STM32G4xx_HAL_Driver/Src/stm32g4xx_hal_flash_ex.c ****   uint32_t optr_reg_val = 0;
 504              		.loc 1 787 1 is_stmt 0 view .LVU129
 505 0000 38B5     		push	{r3, r4, r5, lr}
 506              	.LCFI3:
 507              		.cfi_def_cfa_offset 16
 508              		.cfi_offset 3, -16
 509              		.cfi_offset 4, -12
 510              		.cfi_offset 5, -8
 511              		.cfi_offset 14, -4
 512 0002 0446     		mov	r4, r0
 513 0004 0D46     		mov	r5, r1
 788:Drivers/STM32G4xx_HAL_Driver/Src/stm32g4xx_hal_flash_ex.c ****   uint32_t optr_reg_mask = 0;
 514              		.loc 1 788 3 is_stmt 1 view .LVU130
 515              	.LVL31:
 789:Drivers/STM32G4xx_HAL_Driver/Src/stm32g4xx_hal_flash_ex.c ****   HAL_StatusTypeDef status;
 516              		.loc 1 789 3 view .LVU131
 790:Drivers/STM32G4xx_HAL_Driver/Src/stm32g4xx_hal_flash_ex.c **** 
 517              		.loc 1 790 3 view .LVU132
 793:Drivers/STM32G4xx_HAL_Driver/Src/stm32g4xx_hal_flash_ex.c **** 
 518              		.loc 1 793 3 view .LVU133
 796:Drivers/STM32G4xx_HAL_Driver/Src/stm32g4xx_hal_flash_ex.c **** 
 519              		.loc 1 796 3 view .LVU134
 796:Drivers/STM32G4xx_HAL_Driver/Src/stm32g4xx_hal_flash_ex.c **** 
 520              		.loc 1 796 12 is_stmt 0 view .LVU135
 521 0006 4FF47A70 		mov	r0, #1000
 522              	.LVL32:
 796:Drivers/STM32G4xx_HAL_Driver/Src/stm32g4xx_hal_flash_ex.c **** 
 523              		.loc 1 796 12 view .LVU136
 524 000a FFF7FEFF 		bl	FLASH_WaitForLastOperation
 525              	.LVL33:
 798:Drivers/STM32G4xx_HAL_Driver/Src/stm32g4xx_hal_flash_ex.c ****   {
 526              		.loc 1 798 3 is_stmt 1 view .LVU137
 798:Drivers/STM32G4xx_HAL_Driver/Src/stm32g4xx_hal_flash_ex.c ****   {
 527              		.loc 1 798 6 is_stmt 0 view .LVU138
 528 000e 0028     		cmp	r0, #0
 529 0010 40F08680 		bne	.L46
 812:Drivers/STM32G4xx_HAL_Driver/Src/stm32g4xx_hal_flash_ex.c ****     {
 530              		.loc 1 812 5 is_stmt 1 view .LVU139
 812:Drivers/STM32G4xx_HAL_Driver/Src/stm32g4xx_hal_flash_ex.c ****     {
 531              		.loc 1 812 8 is_stmt 0 view .LVU140
 532 0014 14F00103 		ands	r3, r4, #1
 533 0018 00F08380 		beq	.L62
 815:Drivers/STM32G4xx_HAL_Driver/Src/stm32g4xx_hal_flash_ex.c **** 
ARM GAS  C:\Users\MyPC\AppData\Local\Temp\ccdWaBxv.s 			page 36


 534              		.loc 1 815 7 is_stmt 1 view .LVU141
 818:Drivers/STM32G4xx_HAL_Driver/Src/stm32g4xx_hal_flash_ex.c ****       optr_reg_mask |= FLASH_OPTR_BOR_LEV;
 535              		.loc 1 818 7 view .LVU142
 818:Drivers/STM32G4xx_HAL_Driver/Src/stm32g4xx_hal_flash_ex.c ****       optr_reg_mask |= FLASH_OPTR_BOR_LEV;
 536              		.loc 1 818 35 is_stmt 0 view .LVU143
 537 001c 05F4E063 		and	r3, r5, #1792
 538              	.LVL34:
 819:Drivers/STM32G4xx_HAL_Driver/Src/stm32g4xx_hal_flash_ex.c ****     }
 539              		.loc 1 819 7 is_stmt 1 view .LVU144
 819:Drivers/STM32G4xx_HAL_Driver/Src/stm32g4xx_hal_flash_ex.c ****     }
 540              		.loc 1 819 21 is_stmt 0 view .LVU145
 541 0020 4FF4E062 		mov	r2, #1792
 542              	.LVL35:
 543              	.L47:
 822:Drivers/STM32G4xx_HAL_Driver/Src/stm32g4xx_hal_flash_ex.c ****     {
 544              		.loc 1 822 5 is_stmt 1 view .LVU146
 822:Drivers/STM32G4xx_HAL_Driver/Src/stm32g4xx_hal_flash_ex.c ****     {
 545              		.loc 1 822 8 is_stmt 0 view .LVU147
 546 0024 14F0020F 		tst	r4, #2
 547 0028 04D0     		beq	.L48
 825:Drivers/STM32G4xx_HAL_Driver/Src/stm32g4xx_hal_flash_ex.c **** 
 548              		.loc 1 825 7 is_stmt 1 view .LVU148
 828:Drivers/STM32G4xx_HAL_Driver/Src/stm32g4xx_hal_flash_ex.c ****       optr_reg_mask |= FLASH_OPTR_nRST_STOP;
 549              		.loc 1 828 7 view .LVU149
 828:Drivers/STM32G4xx_HAL_Driver/Src/stm32g4xx_hal_flash_ex.c ****       optr_reg_mask |= FLASH_OPTR_nRST_STOP;
 550              		.loc 1 828 35 is_stmt 0 view .LVU150
 551 002a 05F48051 		and	r1, r5, #4096
 828:Drivers/STM32G4xx_HAL_Driver/Src/stm32g4xx_hal_flash_ex.c ****       optr_reg_mask |= FLASH_OPTR_nRST_STOP;
 552              		.loc 1 828 20 view .LVU151
 553 002e 0B43     		orrs	r3, r3, r1
 554              	.LVL36:
 829:Drivers/STM32G4xx_HAL_Driver/Src/stm32g4xx_hal_flash_ex.c ****     }
 555              		.loc 1 829 7 is_stmt 1 view .LVU152
 829:Drivers/STM32G4xx_HAL_Driver/Src/stm32g4xx_hal_flash_ex.c ****     }
 556              		.loc 1 829 21 is_stmt 0 view .LVU153
 557 0030 42F48052 		orr	r2, r2, #4096
 558              	.LVL37:
 559              	.L48:
 832:Drivers/STM32G4xx_HAL_Driver/Src/stm32g4xx_hal_flash_ex.c ****     {
 560              		.loc 1 832 5 is_stmt 1 view .LVU154
 832:Drivers/STM32G4xx_HAL_Driver/Src/stm32g4xx_hal_flash_ex.c ****     {
 561              		.loc 1 832 8 is_stmt 0 view .LVU155
 562 0034 14F0040F 		tst	r4, #4
 563 0038 04D0     		beq	.L49
 835:Drivers/STM32G4xx_HAL_Driver/Src/stm32g4xx_hal_flash_ex.c **** 
 564              		.loc 1 835 7 is_stmt 1 view .LVU156
 838:Drivers/STM32G4xx_HAL_Driver/Src/stm32g4xx_hal_flash_ex.c ****       optr_reg_mask |= FLASH_OPTR_nRST_STDBY;
 565              		.loc 1 838 7 view .LVU157
 838:Drivers/STM32G4xx_HAL_Driver/Src/stm32g4xx_hal_flash_ex.c ****       optr_reg_mask |= FLASH_OPTR_nRST_STDBY;
 566              		.loc 1 838 35 is_stmt 0 view .LVU158
 567 003a 05F40051 		and	r1, r5, #8192
 838:Drivers/STM32G4xx_HAL_Driver/Src/stm32g4xx_hal_flash_ex.c ****       optr_reg_mask |= FLASH_OPTR_nRST_STDBY;
 568              		.loc 1 838 20 view .LVU159
 569 003e 0B43     		orrs	r3, r3, r1
 570              	.LVL38:
 839:Drivers/STM32G4xx_HAL_Driver/Src/stm32g4xx_hal_flash_ex.c ****     }
 571              		.loc 1 839 7 is_stmt 1 view .LVU160
ARM GAS  C:\Users\MyPC\AppData\Local\Temp\ccdWaBxv.s 			page 37


 839:Drivers/STM32G4xx_HAL_Driver/Src/stm32g4xx_hal_flash_ex.c ****     }
 572              		.loc 1 839 21 is_stmt 0 view .LVU161
 573 0040 42F40052 		orr	r2, r2, #8192
 574              	.LVL39:
 575              	.L49:
 842:Drivers/STM32G4xx_HAL_Driver/Src/stm32g4xx_hal_flash_ex.c ****     {
 576              		.loc 1 842 5 is_stmt 1 view .LVU162
 842:Drivers/STM32G4xx_HAL_Driver/Src/stm32g4xx_hal_flash_ex.c ****     {
 577              		.loc 1 842 8 is_stmt 0 view .LVU163
 578 0044 14F4805F 		tst	r4, #4096
 579 0048 04D0     		beq	.L50
 845:Drivers/STM32G4xx_HAL_Driver/Src/stm32g4xx_hal_flash_ex.c **** 
 580              		.loc 1 845 7 is_stmt 1 view .LVU164
 848:Drivers/STM32G4xx_HAL_Driver/Src/stm32g4xx_hal_flash_ex.c ****       optr_reg_mask |= FLASH_OPTR_nRST_SHDW;
 581              		.loc 1 848 7 view .LVU165
 848:Drivers/STM32G4xx_HAL_Driver/Src/stm32g4xx_hal_flash_ex.c ****       optr_reg_mask |= FLASH_OPTR_nRST_SHDW;
 582              		.loc 1 848 35 is_stmt 0 view .LVU166
 583 004a 05F48041 		and	r1, r5, #16384
 848:Drivers/STM32G4xx_HAL_Driver/Src/stm32g4xx_hal_flash_ex.c ****       optr_reg_mask |= FLASH_OPTR_nRST_SHDW;
 584              		.loc 1 848 20 view .LVU167
 585 004e 0B43     		orrs	r3, r3, r1
 586              	.LVL40:
 849:Drivers/STM32G4xx_HAL_Driver/Src/stm32g4xx_hal_flash_ex.c ****     }
 587              		.loc 1 849 7 is_stmt 1 view .LVU168
 849:Drivers/STM32G4xx_HAL_Driver/Src/stm32g4xx_hal_flash_ex.c ****     }
 588              		.loc 1 849 21 is_stmt 0 view .LVU169
 589 0050 42F48042 		orr	r2, r2, #16384
 590              	.LVL41:
 591              	.L50:
 852:Drivers/STM32G4xx_HAL_Driver/Src/stm32g4xx_hal_flash_ex.c ****     {
 592              		.loc 1 852 5 is_stmt 1 view .LVU170
 852:Drivers/STM32G4xx_HAL_Driver/Src/stm32g4xx_hal_flash_ex.c ****     {
 593              		.loc 1 852 8 is_stmt 0 view .LVU171
 594 0054 14F0080F 		tst	r4, #8
 595 0058 04D0     		beq	.L51
 855:Drivers/STM32G4xx_HAL_Driver/Src/stm32g4xx_hal_flash_ex.c **** 
 596              		.loc 1 855 7 is_stmt 1 view .LVU172
 858:Drivers/STM32G4xx_HAL_Driver/Src/stm32g4xx_hal_flash_ex.c ****       optr_reg_mask |= FLASH_OPTR_IWDG_SW;
 597              		.loc 1 858 7 view .LVU173
 858:Drivers/STM32G4xx_HAL_Driver/Src/stm32g4xx_hal_flash_ex.c ****       optr_reg_mask |= FLASH_OPTR_IWDG_SW;
 598              		.loc 1 858 35 is_stmt 0 view .LVU174
 599 005a 05F48031 		and	r1, r5, #65536
 858:Drivers/STM32G4xx_HAL_Driver/Src/stm32g4xx_hal_flash_ex.c ****       optr_reg_mask |= FLASH_OPTR_IWDG_SW;
 600              		.loc 1 858 20 view .LVU175
 601 005e 0B43     		orrs	r3, r3, r1
 602              	.LVL42:
 859:Drivers/STM32G4xx_HAL_Driver/Src/stm32g4xx_hal_flash_ex.c ****     }
 603              		.loc 1 859 7 is_stmt 1 view .LVU176
 859:Drivers/STM32G4xx_HAL_Driver/Src/stm32g4xx_hal_flash_ex.c ****     }
 604              		.loc 1 859 21 is_stmt 0 view .LVU177
 605 0060 42F48032 		orr	r2, r2, #65536
 606              	.LVL43:
 607              	.L51:
 862:Drivers/STM32G4xx_HAL_Driver/Src/stm32g4xx_hal_flash_ex.c ****     {
 608              		.loc 1 862 5 is_stmt 1 view .LVU178
 862:Drivers/STM32G4xx_HAL_Driver/Src/stm32g4xx_hal_flash_ex.c ****     {
 609              		.loc 1 862 8 is_stmt 0 view .LVU179
ARM GAS  C:\Users\MyPC\AppData\Local\Temp\ccdWaBxv.s 			page 38


 610 0064 14F0100F 		tst	r4, #16
 611 0068 04D0     		beq	.L52
 865:Drivers/STM32G4xx_HAL_Driver/Src/stm32g4xx_hal_flash_ex.c **** 
 612              		.loc 1 865 7 is_stmt 1 view .LVU180
 868:Drivers/STM32G4xx_HAL_Driver/Src/stm32g4xx_hal_flash_ex.c ****       optr_reg_mask |= FLASH_OPTR_IWDG_STOP;
 613              		.loc 1 868 7 view .LVU181
 868:Drivers/STM32G4xx_HAL_Driver/Src/stm32g4xx_hal_flash_ex.c ****       optr_reg_mask |= FLASH_OPTR_IWDG_STOP;
 614              		.loc 1 868 35 is_stmt 0 view .LVU182
 615 006a 05F40031 		and	r1, r5, #131072
 868:Drivers/STM32G4xx_HAL_Driver/Src/stm32g4xx_hal_flash_ex.c ****       optr_reg_mask |= FLASH_OPTR_IWDG_STOP;
 616              		.loc 1 868 20 view .LVU183
 617 006e 0B43     		orrs	r3, r3, r1
 618              	.LVL44:
 869:Drivers/STM32G4xx_HAL_Driver/Src/stm32g4xx_hal_flash_ex.c ****     }
 619              		.loc 1 869 7 is_stmt 1 view .LVU184
 869:Drivers/STM32G4xx_HAL_Driver/Src/stm32g4xx_hal_flash_ex.c ****     }
 620              		.loc 1 869 21 is_stmt 0 view .LVU185
 621 0070 42F40032 		orr	r2, r2, #131072
 622              	.LVL45:
 623              	.L52:
 872:Drivers/STM32G4xx_HAL_Driver/Src/stm32g4xx_hal_flash_ex.c ****     {
 624              		.loc 1 872 5 is_stmt 1 view .LVU186
 872:Drivers/STM32G4xx_HAL_Driver/Src/stm32g4xx_hal_flash_ex.c ****     {
 625              		.loc 1 872 8 is_stmt 0 view .LVU187
 626 0074 14F0200F 		tst	r4, #32
 627 0078 04D0     		beq	.L53
 875:Drivers/STM32G4xx_HAL_Driver/Src/stm32g4xx_hal_flash_ex.c **** 
 628              		.loc 1 875 7 is_stmt 1 view .LVU188
 878:Drivers/STM32G4xx_HAL_Driver/Src/stm32g4xx_hal_flash_ex.c ****       optr_reg_mask |= FLASH_OPTR_IWDG_STDBY;
 629              		.loc 1 878 7 view .LVU189
 878:Drivers/STM32G4xx_HAL_Driver/Src/stm32g4xx_hal_flash_ex.c ****       optr_reg_mask |= FLASH_OPTR_IWDG_STDBY;
 630              		.loc 1 878 35 is_stmt 0 view .LVU190
 631 007a 05F48021 		and	r1, r5, #262144
 878:Drivers/STM32G4xx_HAL_Driver/Src/stm32g4xx_hal_flash_ex.c ****       optr_reg_mask |= FLASH_OPTR_IWDG_STDBY;
 632              		.loc 1 878 20 view .LVU191
 633 007e 0B43     		orrs	r3, r3, r1
 634              	.LVL46:
 879:Drivers/STM32G4xx_HAL_Driver/Src/stm32g4xx_hal_flash_ex.c ****     }
 635              		.loc 1 879 7 is_stmt 1 view .LVU192
 879:Drivers/STM32G4xx_HAL_Driver/Src/stm32g4xx_hal_flash_ex.c ****     }
 636              		.loc 1 879 21 is_stmt 0 view .LVU193
 637 0080 42F48022 		orr	r2, r2, #262144
 638              	.LVL47:
 639              	.L53:
 882:Drivers/STM32G4xx_HAL_Driver/Src/stm32g4xx_hal_flash_ex.c ****     {
 640              		.loc 1 882 5 is_stmt 1 view .LVU194
 882:Drivers/STM32G4xx_HAL_Driver/Src/stm32g4xx_hal_flash_ex.c ****     {
 641              		.loc 1 882 8 is_stmt 0 view .LVU195
 642 0084 14F0400F 		tst	r4, #64
 643 0088 04D0     		beq	.L54
 885:Drivers/STM32G4xx_HAL_Driver/Src/stm32g4xx_hal_flash_ex.c **** 
 644              		.loc 1 885 7 is_stmt 1 view .LVU196
 888:Drivers/STM32G4xx_HAL_Driver/Src/stm32g4xx_hal_flash_ex.c ****       optr_reg_mask |= FLASH_OPTR_WWDG_SW;
 645              		.loc 1 888 7 view .LVU197
 888:Drivers/STM32G4xx_HAL_Driver/Src/stm32g4xx_hal_flash_ex.c ****       optr_reg_mask |= FLASH_OPTR_WWDG_SW;
 646              		.loc 1 888 35 is_stmt 0 view .LVU198
 647 008a 05F40021 		and	r1, r5, #524288
ARM GAS  C:\Users\MyPC\AppData\Local\Temp\ccdWaBxv.s 			page 39


 888:Drivers/STM32G4xx_HAL_Driver/Src/stm32g4xx_hal_flash_ex.c ****       optr_reg_mask |= FLASH_OPTR_WWDG_SW;
 648              		.loc 1 888 20 view .LVU199
 649 008e 0B43     		orrs	r3, r3, r1
 650              	.LVL48:
 889:Drivers/STM32G4xx_HAL_Driver/Src/stm32g4xx_hal_flash_ex.c ****     }
 651              		.loc 1 889 7 is_stmt 1 view .LVU200
 889:Drivers/STM32G4xx_HAL_Driver/Src/stm32g4xx_hal_flash_ex.c ****     }
 652              		.loc 1 889 21 is_stmt 0 view .LVU201
 653 0090 42F40022 		orr	r2, r2, #524288
 654              	.LVL49:
 655              	.L54:
 904:Drivers/STM32G4xx_HAL_Driver/Src/stm32g4xx_hal_flash_ex.c ****     {
 656              		.loc 1 904 5 is_stmt 1 view .LVU202
 904:Drivers/STM32G4xx_HAL_Driver/Src/stm32g4xx_hal_flash_ex.c ****     {
 657              		.loc 1 904 8 is_stmt 0 view .LVU203
 658 0094 14F4007F 		tst	r4, #512
 659 0098 04D0     		beq	.L55
 907:Drivers/STM32G4xx_HAL_Driver/Src/stm32g4xx_hal_flash_ex.c **** 
 660              		.loc 1 907 7 is_stmt 1 view .LVU204
 910:Drivers/STM32G4xx_HAL_Driver/Src/stm32g4xx_hal_flash_ex.c ****       optr_reg_mask |= FLASH_OPTR_nBOOT1;
 661              		.loc 1 910 7 view .LVU205
 910:Drivers/STM32G4xx_HAL_Driver/Src/stm32g4xx_hal_flash_ex.c ****       optr_reg_mask |= FLASH_OPTR_nBOOT1;
 662              		.loc 1 910 35 is_stmt 0 view .LVU206
 663 009a 05F40001 		and	r1, r5, #8388608
 910:Drivers/STM32G4xx_HAL_Driver/Src/stm32g4xx_hal_flash_ex.c ****       optr_reg_mask |= FLASH_OPTR_nBOOT1;
 664              		.loc 1 910 20 view .LVU207
 665 009e 0B43     		orrs	r3, r3, r1
 666              	.LVL50:
 911:Drivers/STM32G4xx_HAL_Driver/Src/stm32g4xx_hal_flash_ex.c ****     }
 667              		.loc 1 911 7 is_stmt 1 view .LVU208
 911:Drivers/STM32G4xx_HAL_Driver/Src/stm32g4xx_hal_flash_ex.c ****     }
 668              		.loc 1 911 21 is_stmt 0 view .LVU209
 669 00a0 42F40002 		orr	r2, r2, #8388608
 670              	.LVL51:
 671              	.L55:
 914:Drivers/STM32G4xx_HAL_Driver/Src/stm32g4xx_hal_flash_ex.c ****     {
 672              		.loc 1 914 5 is_stmt 1 view .LVU210
 914:Drivers/STM32G4xx_HAL_Driver/Src/stm32g4xx_hal_flash_ex.c ****     {
 673              		.loc 1 914 8 is_stmt 0 view .LVU211
 674 00a4 14F4806F 		tst	r4, #1024
 675 00a8 04D0     		beq	.L56
 917:Drivers/STM32G4xx_HAL_Driver/Src/stm32g4xx_hal_flash_ex.c **** 
 676              		.loc 1 917 7 is_stmt 1 view .LVU212
 920:Drivers/STM32G4xx_HAL_Driver/Src/stm32g4xx_hal_flash_ex.c ****       optr_reg_mask |= FLASH_OPTR_SRAM_PE;
 677              		.loc 1 920 7 view .LVU213
 920:Drivers/STM32G4xx_HAL_Driver/Src/stm32g4xx_hal_flash_ex.c ****       optr_reg_mask |= FLASH_OPTR_SRAM_PE;
 678              		.loc 1 920 35 is_stmt 0 view .LVU214
 679 00aa 05F08071 		and	r1, r5, #16777216
 920:Drivers/STM32G4xx_HAL_Driver/Src/stm32g4xx_hal_flash_ex.c ****       optr_reg_mask |= FLASH_OPTR_SRAM_PE;
 680              		.loc 1 920 20 view .LVU215
 681 00ae 0B43     		orrs	r3, r3, r1
 682              	.LVL52:
 921:Drivers/STM32G4xx_HAL_Driver/Src/stm32g4xx_hal_flash_ex.c ****     }
 683              		.loc 1 921 7 is_stmt 1 view .LVU216
 921:Drivers/STM32G4xx_HAL_Driver/Src/stm32g4xx_hal_flash_ex.c ****     }
 684              		.loc 1 921 21 is_stmt 0 view .LVU217
 685 00b0 42F08072 		orr	r2, r2, #16777216
ARM GAS  C:\Users\MyPC\AppData\Local\Temp\ccdWaBxv.s 			page 40


 686              	.LVL53:
 687              	.L56:
 923:Drivers/STM32G4xx_HAL_Driver/Src/stm32g4xx_hal_flash_ex.c ****     {
 688              		.loc 1 923 5 is_stmt 1 view .LVU218
 923:Drivers/STM32G4xx_HAL_Driver/Src/stm32g4xx_hal_flash_ex.c ****     {
 689              		.loc 1 923 8 is_stmt 0 view .LVU219
 690 00b4 14F4006F 		tst	r4, #2048
 691 00b8 04D0     		beq	.L57
 926:Drivers/STM32G4xx_HAL_Driver/Src/stm32g4xx_hal_flash_ex.c **** 
 692              		.loc 1 926 7 is_stmt 1 view .LVU220
 929:Drivers/STM32G4xx_HAL_Driver/Src/stm32g4xx_hal_flash_ex.c ****       optr_reg_mask |= FLASH_OPTR_CCMSRAM_RST;
 693              		.loc 1 929 7 view .LVU221
 929:Drivers/STM32G4xx_HAL_Driver/Src/stm32g4xx_hal_flash_ex.c ****       optr_reg_mask |= FLASH_OPTR_CCMSRAM_RST;
 694              		.loc 1 929 35 is_stmt 0 view .LVU222
 695 00ba 05F00071 		and	r1, r5, #33554432
 929:Drivers/STM32G4xx_HAL_Driver/Src/stm32g4xx_hal_flash_ex.c ****       optr_reg_mask |= FLASH_OPTR_CCMSRAM_RST;
 696              		.loc 1 929 20 view .LVU223
 697 00be 0B43     		orrs	r3, r3, r1
 698              	.LVL54:
 930:Drivers/STM32G4xx_HAL_Driver/Src/stm32g4xx_hal_flash_ex.c ****     }
 699              		.loc 1 930 7 is_stmt 1 view .LVU224
 930:Drivers/STM32G4xx_HAL_Driver/Src/stm32g4xx_hal_flash_ex.c ****     }
 700              		.loc 1 930 21 is_stmt 0 view .LVU225
 701 00c0 42F00072 		orr	r2, r2, #33554432
 702              	.LVL55:
 703              	.L57:
 932:Drivers/STM32G4xx_HAL_Driver/Src/stm32g4xx_hal_flash_ex.c ****     {
 704              		.loc 1 932 5 is_stmt 1 view .LVU226
 932:Drivers/STM32G4xx_HAL_Driver/Src/stm32g4xx_hal_flash_ex.c ****     {
 705              		.loc 1 932 8 is_stmt 0 view .LVU227
 706 00c4 14F4005F 		tst	r4, #8192
 707 00c8 04D0     		beq	.L58
 935:Drivers/STM32G4xx_HAL_Driver/Src/stm32g4xx_hal_flash_ex.c **** 
 708              		.loc 1 935 7 is_stmt 1 view .LVU228
 938:Drivers/STM32G4xx_HAL_Driver/Src/stm32g4xx_hal_flash_ex.c ****       optr_reg_mask |= FLASH_OPTR_nSWBOOT0;
 709              		.loc 1 938 7 view .LVU229
 938:Drivers/STM32G4xx_HAL_Driver/Src/stm32g4xx_hal_flash_ex.c ****       optr_reg_mask |= FLASH_OPTR_nSWBOOT0;
 710              		.loc 1 938 35 is_stmt 0 view .LVU230
 711 00ca 05F08061 		and	r1, r5, #67108864
 938:Drivers/STM32G4xx_HAL_Driver/Src/stm32g4xx_hal_flash_ex.c ****       optr_reg_mask |= FLASH_OPTR_nSWBOOT0;
 712              		.loc 1 938 20 view .LVU231
 713 00ce 0B43     		orrs	r3, r3, r1
 714              	.LVL56:
 939:Drivers/STM32G4xx_HAL_Driver/Src/stm32g4xx_hal_flash_ex.c ****     }
 715              		.loc 1 939 7 is_stmt 1 view .LVU232
 939:Drivers/STM32G4xx_HAL_Driver/Src/stm32g4xx_hal_flash_ex.c ****     }
 716              		.loc 1 939 21 is_stmt 0 view .LVU233
 717 00d0 42F08062 		orr	r2, r2, #67108864
 718              	.LVL57:
 719              	.L58:
 942:Drivers/STM32G4xx_HAL_Driver/Src/stm32g4xx_hal_flash_ex.c ****     {
 720              		.loc 1 942 5 is_stmt 1 view .LVU234
 942:Drivers/STM32G4xx_HAL_Driver/Src/stm32g4xx_hal_flash_ex.c ****     {
 721              		.loc 1 942 8 is_stmt 0 view .LVU235
 722 00d4 14F4804F 		tst	r4, #16384
 723 00d8 04D0     		beq	.L59
 945:Drivers/STM32G4xx_HAL_Driver/Src/stm32g4xx_hal_flash_ex.c **** 
ARM GAS  C:\Users\MyPC\AppData\Local\Temp\ccdWaBxv.s 			page 41


 724              		.loc 1 945 7 is_stmt 1 view .LVU236
 948:Drivers/STM32G4xx_HAL_Driver/Src/stm32g4xx_hal_flash_ex.c ****       optr_reg_mask |= FLASH_OPTR_nBOOT0;
 725              		.loc 1 948 7 view .LVU237
 948:Drivers/STM32G4xx_HAL_Driver/Src/stm32g4xx_hal_flash_ex.c ****       optr_reg_mask |= FLASH_OPTR_nBOOT0;
 726              		.loc 1 948 35 is_stmt 0 view .LVU238
 727 00da 05F00061 		and	r1, r5, #134217728
 948:Drivers/STM32G4xx_HAL_Driver/Src/stm32g4xx_hal_flash_ex.c ****       optr_reg_mask |= FLASH_OPTR_nBOOT0;
 728              		.loc 1 948 20 view .LVU239
 729 00de 0B43     		orrs	r3, r3, r1
 730              	.LVL58:
 949:Drivers/STM32G4xx_HAL_Driver/Src/stm32g4xx_hal_flash_ex.c ****     }
 731              		.loc 1 949 7 is_stmt 1 view .LVU240
 949:Drivers/STM32G4xx_HAL_Driver/Src/stm32g4xx_hal_flash_ex.c ****     }
 732              		.loc 1 949 21 is_stmt 0 view .LVU241
 733 00e0 42F00062 		orr	r2, r2, #134217728
 734              	.LVL59:
 735              	.L59:
 952:Drivers/STM32G4xx_HAL_Driver/Src/stm32g4xx_hal_flash_ex.c ****     {
 736              		.loc 1 952 5 is_stmt 1 view .LVU242
 952:Drivers/STM32G4xx_HAL_Driver/Src/stm32g4xx_hal_flash_ex.c ****     {
 737              		.loc 1 952 8 is_stmt 0 view .LVU243
 738 00e4 14F4004F 		tst	r4, #32768
 739 00e8 04D0     		beq	.L60
 955:Drivers/STM32G4xx_HAL_Driver/Src/stm32g4xx_hal_flash_ex.c **** 
 740              		.loc 1 955 7 is_stmt 1 view .LVU244
 958:Drivers/STM32G4xx_HAL_Driver/Src/stm32g4xx_hal_flash_ex.c ****       optr_reg_mask |= FLASH_OPTR_NRST_MODE;
 741              		.loc 1 958 7 view .LVU245
 958:Drivers/STM32G4xx_HAL_Driver/Src/stm32g4xx_hal_flash_ex.c ****       optr_reg_mask |= FLASH_OPTR_NRST_MODE;
 742              		.loc 1 958 35 is_stmt 0 view .LVU246
 743 00ea 05F04051 		and	r1, r5, #805306368
 958:Drivers/STM32G4xx_HAL_Driver/Src/stm32g4xx_hal_flash_ex.c ****       optr_reg_mask |= FLASH_OPTR_NRST_MODE;
 744              		.loc 1 958 20 view .LVU247
 745 00ee 0B43     		orrs	r3, r3, r1
 746              	.LVL60:
 959:Drivers/STM32G4xx_HAL_Driver/Src/stm32g4xx_hal_flash_ex.c ****     }
 747              		.loc 1 959 7 is_stmt 1 view .LVU248
 959:Drivers/STM32G4xx_HAL_Driver/Src/stm32g4xx_hal_flash_ex.c ****     }
 748              		.loc 1 959 21 is_stmt 0 view .LVU249
 749 00f0 42F04052 		orr	r2, r2, #805306368
 750              	.LVL61:
 751              	.L60:
 962:Drivers/STM32G4xx_HAL_Driver/Src/stm32g4xx_hal_flash_ex.c ****     {
 752              		.loc 1 962 5 is_stmt 1 view .LVU250
 962:Drivers/STM32G4xx_HAL_Driver/Src/stm32g4xx_hal_flash_ex.c ****     {
 753              		.loc 1 962 8 is_stmt 0 view .LVU251
 754 00f4 14F4803F 		tst	r4, #65536
 755 00f8 04D0     		beq	.L61
 965:Drivers/STM32G4xx_HAL_Driver/Src/stm32g4xx_hal_flash_ex.c **** 
 756              		.loc 1 965 7 is_stmt 1 view .LVU252
 968:Drivers/STM32G4xx_HAL_Driver/Src/stm32g4xx_hal_flash_ex.c ****       optr_reg_mask |= FLASH_OPTR_IRHEN;
 757              		.loc 1 968 7 view .LVU253
 968:Drivers/STM32G4xx_HAL_Driver/Src/stm32g4xx_hal_flash_ex.c ****       optr_reg_mask |= FLASH_OPTR_IRHEN;
 758              		.loc 1 968 35 is_stmt 0 view .LVU254
 759 00fa 05F08045 		and	r5, r5, #1073741824
 760              	.LVL62:
 968:Drivers/STM32G4xx_HAL_Driver/Src/stm32g4xx_hal_flash_ex.c ****       optr_reg_mask |= FLASH_OPTR_IRHEN;
 761              		.loc 1 968 20 view .LVU255
ARM GAS  C:\Users\MyPC\AppData\Local\Temp\ccdWaBxv.s 			page 42


 762 00fe 2B43     		orrs	r3, r3, r5
 763              	.LVL63:
 969:Drivers/STM32G4xx_HAL_Driver/Src/stm32g4xx_hal_flash_ex.c ****     }
 764              		.loc 1 969 7 is_stmt 1 view .LVU256
 969:Drivers/STM32G4xx_HAL_Driver/Src/stm32g4xx_hal_flash_ex.c ****     }
 765              		.loc 1 969 21 is_stmt 0 view .LVU257
 766 0100 42F08042 		orr	r2, r2, #1073741824
 767              	.LVL64:
 768              	.L61:
 973:Drivers/STM32G4xx_HAL_Driver/Src/stm32g4xx_hal_flash_ex.c **** 
 769              		.loc 1 973 5 is_stmt 1 view .LVU258
 770 0104 0848     		ldr	r0, .L64
 771 0106 016A     		ldr	r1, [r0, #32]
 772 0108 21EA0202 		bic	r2, r1, r2
 773              	.LVL65:
 973:Drivers/STM32G4xx_HAL_Driver/Src/stm32g4xx_hal_flash_ex.c **** 
 774              		.loc 1 973 5 is_stmt 0 view .LVU259
 775 010c 1343     		orrs	r3, r3, r2
 776              	.LVL66:
 973:Drivers/STM32G4xx_HAL_Driver/Src/stm32g4xx_hal_flash_ex.c **** 
 777              		.loc 1 973 5 view .LVU260
 778 010e 0362     		str	r3, [r0, #32]
 976:Drivers/STM32G4xx_HAL_Driver/Src/stm32g4xx_hal_flash_ex.c **** 
 779              		.loc 1 976 5 is_stmt 1 view .LVU261
 780 0110 4369     		ldr	r3, [r0, #20]
 781 0112 43F40033 		orr	r3, r3, #131072
 782 0116 4361     		str	r3, [r0, #20]
 979:Drivers/STM32G4xx_HAL_Driver/Src/stm32g4xx_hal_flash_ex.c ****   }
 783              		.loc 1 979 5 view .LVU262
 979:Drivers/STM32G4xx_HAL_Driver/Src/stm32g4xx_hal_flash_ex.c ****   }
 784              		.loc 1 979 14 is_stmt 0 view .LVU263
 785 0118 4FF47A70 		mov	r0, #1000
 786 011c FFF7FEFF 		bl	FLASH_WaitForLastOperation
 787              	.LVL67:
 788              	.L46:
 982:Drivers/STM32G4xx_HAL_Driver/Src/stm32g4xx_hal_flash_ex.c **** }
 789              		.loc 1 982 3 is_stmt 1 view .LVU264
 983:Drivers/STM32G4xx_HAL_Driver/Src/stm32g4xx_hal_flash_ex.c **** 
 790              		.loc 1 983 1 is_stmt 0 view .LVU265
 791 0120 38BD     		pop	{r3, r4, r5, pc}
 792              	.LVL68:
 793              	.L62:
 789:Drivers/STM32G4xx_HAL_Driver/Src/stm32g4xx_hal_flash_ex.c ****   HAL_StatusTypeDef status;
 794              		.loc 1 789 12 view .LVU266
 795 0122 1A46     		mov	r2, r3
 796 0124 7EE7     		b	.L47
 797              	.L65:
 798 0126 00BF     		.align	2
 799              	.L64:
 800 0128 00200240 		.word	1073881088
 801              		.cfi_endproc
 802              	.LFE144:
 804              		.section	.text.FLASH_OB_PCROPConfig,"ax",%progbits
 805              		.align	1
 806              		.syntax unified
 807              		.thumb
 808              		.thumb_func
ARM GAS  C:\Users\MyPC\AppData\Local\Temp\ccdWaBxv.s 			page 43


 810              	FLASH_OB_PCROPConfig:
 811              	.LVL69:
 812              	.LFB145:
1003:Drivers/STM32G4xx_HAL_Driver/Src/stm32g4xx_hal_flash_ex.c ****   HAL_StatusTypeDef status;
 813              		.loc 1 1003 1 is_stmt 1 view -0
 814              		.cfi_startproc
 815              		@ args = 0, pretend = 0, frame = 0
 816              		@ frame_needed = 0, uses_anonymous_args = 0
1003:Drivers/STM32G4xx_HAL_Driver/Src/stm32g4xx_hal_flash_ex.c ****   HAL_StatusTypeDef status;
 817              		.loc 1 1003 1 is_stmt 0 view .LVU268
 818 0000 70B5     		push	{r4, r5, r6, lr}
 819              	.LCFI4:
 820              		.cfi_def_cfa_offset 16
 821              		.cfi_offset 4, -16
 822              		.cfi_offset 5, -12
 823              		.cfi_offset 6, -8
 824              		.cfi_offset 14, -4
 825 0002 0446     		mov	r4, r0
 826 0004 0E46     		mov	r6, r1
 827 0006 1546     		mov	r5, r2
1004:Drivers/STM32G4xx_HAL_Driver/Src/stm32g4xx_hal_flash_ex.c ****   uint32_t reg_value;
 828              		.loc 1 1004 3 is_stmt 1 view .LVU269
1005:Drivers/STM32G4xx_HAL_Driver/Src/stm32g4xx_hal_flash_ex.c ****   uint32_t bank1_addr;
 829              		.loc 1 1005 3 view .LVU270
1006:Drivers/STM32G4xx_HAL_Driver/Src/stm32g4xx_hal_flash_ex.c **** #if defined (FLASH_OPTR_DBANK)
 830              		.loc 1 1006 3 view .LVU271
1012:Drivers/STM32G4xx_HAL_Driver/Src/stm32g4xx_hal_flash_ex.c ****   assert_param(IS_OB_PCROP_RDP(PCROPConfig & FLASH_PCROP1ER_PCROP_RDP));
 831              		.loc 1 1012 3 view .LVU272
1013:Drivers/STM32G4xx_HAL_Driver/Src/stm32g4xx_hal_flash_ex.c ****   assert_param(IS_FLASH_MAIN_MEM_ADDRESS(PCROPStartAddr));
 832              		.loc 1 1013 3 view .LVU273
1014:Drivers/STM32G4xx_HAL_Driver/Src/stm32g4xx_hal_flash_ex.c ****   assert_param(IS_FLASH_MAIN_MEM_ADDRESS(PCROPEndAddr));
 833              		.loc 1 1014 3 view .LVU274
1015:Drivers/STM32G4xx_HAL_Driver/Src/stm32g4xx_hal_flash_ex.c **** 
 834              		.loc 1 1015 3 view .LVU275
1018:Drivers/STM32G4xx_HAL_Driver/Src/stm32g4xx_hal_flash_ex.c **** 
 835              		.loc 1 1018 3 view .LVU276
1018:Drivers/STM32G4xx_HAL_Driver/Src/stm32g4xx_hal_flash_ex.c **** 
 836              		.loc 1 1018 12 is_stmt 0 view .LVU277
 837 0008 4FF47A70 		mov	r0, #1000
 838              	.LVL70:
1018:Drivers/STM32G4xx_HAL_Driver/Src/stm32g4xx_hal_flash_ex.c **** 
 839              		.loc 1 1018 12 view .LVU278
 840 000c FFF7FEFF 		bl	FLASH_WaitForLastOperation
 841              	.LVL71:
1020:Drivers/STM32G4xx_HAL_Driver/Src/stm32g4xx_hal_flash_ex.c ****   {
 842              		.loc 1 1020 3 is_stmt 1 view .LVU279
1020:Drivers/STM32G4xx_HAL_Driver/Src/stm32g4xx_hal_flash_ex.c ****   {
 843              		.loc 1 1020 6 is_stmt 0 view .LVU280
 844 0010 18BB     		cbnz	r0, .L67
1035:Drivers/STM32G4xx_HAL_Driver/Src/stm32g4xx_hal_flash_ex.c **** #endif
 845              		.loc 1 1035 5 is_stmt 1 view .LVU281
 846              	.LVL72:
1067:Drivers/STM32G4xx_HAL_Driver/Src/stm32g4xx_hal_flash_ex.c ****       {
 847              		.loc 1 1067 7 view .LVU282
1067:Drivers/STM32G4xx_HAL_Driver/Src/stm32g4xx_hal_flash_ex.c ****       {
 848              		.loc 1 1067 10 is_stmt 0 view .LVU283
 849 0012 14F0010F 		tst	r4, #1
ARM GAS  C:\Users\MyPC\AppData\Local\Temp\ccdWaBxv.s 			page 44


 850 0016 10D0     		beq	.L68
1069:Drivers/STM32G4xx_HAL_Driver/Src/stm32g4xx_hal_flash_ex.c ****         MODIFY_REG(FLASH->PCROP1SR, FLASH_PCROP1SR_PCROP1_STRT, reg_value);
 851              		.loc 1 1069 9 is_stmt 1 view .LVU284
1069:Drivers/STM32G4xx_HAL_Driver/Src/stm32g4xx_hal_flash_ex.c ****         MODIFY_REG(FLASH->PCROP1SR, FLASH_PCROP1SR_PCROP1_STRT, reg_value);
 852              		.loc 1 1069 38 is_stmt 0 view .LVU285
 853 0018 06F17841 		add	r1, r6, #-134217728
 854              	.LVL73:
1070:Drivers/STM32G4xx_HAL_Driver/Src/stm32g4xx_hal_flash_ex.c **** 
 855              		.loc 1 1070 9 is_stmt 1 view .LVU286
 856 001c 0F48     		ldr	r0, .L70
 857 001e 436A     		ldr	r3, [r0, #36]
 858 0020 6FF30D03 		bfc	r3, #0, #14
 859 0024 43EAD103 		orr	r3, r3, r1, lsr #3
 860 0028 4362     		str	r3, [r0, #36]
1072:Drivers/STM32G4xx_HAL_Driver/Src/stm32g4xx_hal_flash_ex.c ****         MODIFY_REG(FLASH->PCROP1ER, FLASH_PCROP1ER_PCROP1_END, reg_value);
 861              		.loc 1 1072 9 view .LVU287
1072:Drivers/STM32G4xx_HAL_Driver/Src/stm32g4xx_hal_flash_ex.c ****         MODIFY_REG(FLASH->PCROP1ER, FLASH_PCROP1ER_PCROP1_END, reg_value);
 862              		.loc 1 1072 36 is_stmt 0 view .LVU288
 863 002a 05F17842 		add	r2, r5, #-134217728
 864              	.LVL74:
1073:Drivers/STM32G4xx_HAL_Driver/Src/stm32g4xx_hal_flash_ex.c ****       }
 865              		.loc 1 1073 9 is_stmt 1 view .LVU289
 866 002e 836A     		ldr	r3, [r0, #40]
 867 0030 6FF30D03 		bfc	r3, #0, #14
 868 0034 43EAD203 		orr	r3, r3, r2, lsr #3
 869 0038 8362     		str	r3, [r0, #40]
 870              	.LVL75:
 871              	.L68:
1088:Drivers/STM32G4xx_HAL_Driver/Src/stm32g4xx_hal_flash_ex.c ****     }
 872              		.loc 1 1088 7 view .LVU290
1091:Drivers/STM32G4xx_HAL_Driver/Src/stm32g4xx_hal_flash_ex.c **** 
 873              		.loc 1 1091 5 view .LVU291
 874 003a 0849     		ldr	r1, .L70
 875 003c 8B6A     		ldr	r3, [r1, #40]
 876 003e 23F00043 		bic	r3, r3, #-2147483648
 877 0042 04F00042 		and	r2, r4, #-2147483648
 878 0046 1343     		orrs	r3, r3, r2
 879 0048 8B62     		str	r3, [r1, #40]
1094:Drivers/STM32G4xx_HAL_Driver/Src/stm32g4xx_hal_flash_ex.c **** 
 880              		.loc 1 1094 5 view .LVU292
 881 004a 4B69     		ldr	r3, [r1, #20]
 882 004c 43F40033 		orr	r3, r3, #131072
 883 0050 4B61     		str	r3, [r1, #20]
1097:Drivers/STM32G4xx_HAL_Driver/Src/stm32g4xx_hal_flash_ex.c ****   }
 884              		.loc 1 1097 5 view .LVU293
1097:Drivers/STM32G4xx_HAL_Driver/Src/stm32g4xx_hal_flash_ex.c ****   }
 885              		.loc 1 1097 14 is_stmt 0 view .LVU294
 886 0052 4FF47A70 		mov	r0, #1000
 887 0056 FFF7FEFF 		bl	FLASH_WaitForLastOperation
 888              	.LVL76:
 889              	.L67:
1100:Drivers/STM32G4xx_HAL_Driver/Src/stm32g4xx_hal_flash_ex.c **** }
 890              		.loc 1 1100 3 is_stmt 1 view .LVU295
1101:Drivers/STM32G4xx_HAL_Driver/Src/stm32g4xx_hal_flash_ex.c **** 
 891              		.loc 1 1101 1 is_stmt 0 view .LVU296
 892 005a 70BD     		pop	{r4, r5, r6, pc}
 893              	.LVL77:
ARM GAS  C:\Users\MyPC\AppData\Local\Temp\ccdWaBxv.s 			page 45


 894              	.L71:
1101:Drivers/STM32G4xx_HAL_Driver/Src/stm32g4xx_hal_flash_ex.c **** 
 895              		.loc 1 1101 1 view .LVU297
 896              		.align	2
 897              	.L70:
 898 005c 00200240 		.word	1073881088
 899              		.cfi_endproc
 900              	.LFE145:
 902              		.section	.text.FLASH_OB_SecMemConfig,"ax",%progbits
 903              		.align	1
 904              		.syntax unified
 905              		.thumb
 906              		.thumb_func
 908              	FLASH_OB_SecMemConfig:
 909              	.LVL78:
 910              	.LFB146:
1121:Drivers/STM32G4xx_HAL_Driver/Src/stm32g4xx_hal_flash_ex.c ****   HAL_StatusTypeDef status;
 911              		.loc 1 1121 1 is_stmt 1 view -0
 912              		.cfi_startproc
 913              		@ args = 0, pretend = 0, frame = 0
 914              		@ frame_needed = 0, uses_anonymous_args = 0
1121:Drivers/STM32G4xx_HAL_Driver/Src/stm32g4xx_hal_flash_ex.c ****   HAL_StatusTypeDef status;
 915              		.loc 1 1121 1 is_stmt 0 view .LVU299
 916 0000 38B5     		push	{r3, r4, r5, lr}
 917              	.LCFI5:
 918              		.cfi_def_cfa_offset 16
 919              		.cfi_offset 3, -16
 920              		.cfi_offset 4, -12
 921              		.cfi_offset 5, -8
 922              		.cfi_offset 14, -4
 923 0002 0446     		mov	r4, r0
 924 0004 0D46     		mov	r5, r1
1122:Drivers/STM32G4xx_HAL_Driver/Src/stm32g4xx_hal_flash_ex.c **** 
 925              		.loc 1 1122 3 is_stmt 1 view .LVU300
1125:Drivers/STM32G4xx_HAL_Driver/Src/stm32g4xx_hal_flash_ex.c ****   assert_param(IS_OB_SECMEM_SIZE(SecSize));
 926              		.loc 1 1125 3 view .LVU301
1126:Drivers/STM32G4xx_HAL_Driver/Src/stm32g4xx_hal_flash_ex.c **** 
 927              		.loc 1 1126 3 view .LVU302
1129:Drivers/STM32G4xx_HAL_Driver/Src/stm32g4xx_hal_flash_ex.c **** 
 928              		.loc 1 1129 3 view .LVU303
1129:Drivers/STM32G4xx_HAL_Driver/Src/stm32g4xx_hal_flash_ex.c **** 
 929              		.loc 1 1129 12 is_stmt 0 view .LVU304
 930 0006 4FF47A70 		mov	r0, #1000
 931              	.LVL79:
1129:Drivers/STM32G4xx_HAL_Driver/Src/stm32g4xx_hal_flash_ex.c **** 
 932              		.loc 1 1129 12 view .LVU305
 933 000a FFF7FEFF 		bl	FLASH_WaitForLastOperation
 934              	.LVL80:
1131:Drivers/STM32G4xx_HAL_Driver/Src/stm32g4xx_hal_flash_ex.c ****   {
 935              		.loc 1 1131 3 is_stmt 1 view .LVU306
1131:Drivers/STM32G4xx_HAL_Driver/Src/stm32g4xx_hal_flash_ex.c ****   {
 936              		.loc 1 1131 6 is_stmt 0 view .LVU307
 937 000e 50B9     		cbnz	r0, .L73
1134:Drivers/STM32G4xx_HAL_Driver/Src/stm32g4xx_hal_flash_ex.c ****     {
 938              		.loc 1 1134 5 is_stmt 1 view .LVU308
1134:Drivers/STM32G4xx_HAL_Driver/Src/stm32g4xx_hal_flash_ex.c ****     {
 939              		.loc 1 1134 8 is_stmt 0 view .LVU309
ARM GAS  C:\Users\MyPC\AppData\Local\Temp\ccdWaBxv.s 			page 46


 940 0010 012C     		cmp	r4, #1
 941 0012 09D0     		beq	.L76
 942              	.L74:
1150:Drivers/STM32G4xx_HAL_Driver/Src/stm32g4xx_hal_flash_ex.c **** 
 943              		.loc 1 1150 5 is_stmt 1 view .LVU310
 944 0014 084A     		ldr	r2, .L77
 945 0016 5369     		ldr	r3, [r2, #20]
 946 0018 43F40033 		orr	r3, r3, #131072
 947 001c 5361     		str	r3, [r2, #20]
1153:Drivers/STM32G4xx_HAL_Driver/Src/stm32g4xx_hal_flash_ex.c ****   }
 948              		.loc 1 1153 5 view .LVU311
1153:Drivers/STM32G4xx_HAL_Driver/Src/stm32g4xx_hal_flash_ex.c ****   }
 949              		.loc 1 1153 14 is_stmt 0 view .LVU312
 950 001e 4FF47A70 		mov	r0, #1000
 951 0022 FFF7FEFF 		bl	FLASH_WaitForLastOperation
 952              	.LVL81:
 953              	.L73:
1156:Drivers/STM32G4xx_HAL_Driver/Src/stm32g4xx_hal_flash_ex.c **** }
 954              		.loc 1 1156 3 is_stmt 1 view .LVU313
1157:Drivers/STM32G4xx_HAL_Driver/Src/stm32g4xx_hal_flash_ex.c **** 
 955              		.loc 1 1157 1 is_stmt 0 view .LVU314
 956 0026 38BD     		pop	{r3, r4, r5, pc}
 957              	.LVL82:
 958              	.L76:
1136:Drivers/STM32G4xx_HAL_Driver/Src/stm32g4xx_hal_flash_ex.c ****     }
 959              		.loc 1 1136 7 is_stmt 1 view .LVU315
 960 0028 034A     		ldr	r2, .L77
 961 002a 136F     		ldr	r3, [r2, #112]
 962 002c 23F07F03 		bic	r3, r3, #127
 963 0030 2B43     		orrs	r3, r3, r5
 964 0032 1367     		str	r3, [r2, #112]
 965 0034 EEE7     		b	.L74
 966              	.L78:
 967 0036 00BF     		.align	2
 968              	.L77:
 969 0038 00200240 		.word	1073881088
 970              		.cfi_endproc
 971              	.LFE146:
 973              		.section	.text.FLASH_OB_BootLockConfig,"ax",%progbits
 974              		.align	1
 975              		.syntax unified
 976              		.thumb
 977              		.thumb_func
 979              	FLASH_OB_BootLockConfig:
 980              	.LVL83:
 981              	.LFB147:
1174:Drivers/STM32G4xx_HAL_Driver/Src/stm32g4xx_hal_flash_ex.c ****   HAL_StatusTypeDef status;
 982              		.loc 1 1174 1 view -0
 983              		.cfi_startproc
 984              		@ args = 0, pretend = 0, frame = 0
 985              		@ frame_needed = 0, uses_anonymous_args = 0
1174:Drivers/STM32G4xx_HAL_Driver/Src/stm32g4xx_hal_flash_ex.c ****   HAL_StatusTypeDef status;
 986              		.loc 1 1174 1 is_stmt 0 view .LVU317
 987 0000 10B5     		push	{r4, lr}
 988              	.LCFI6:
 989              		.cfi_def_cfa_offset 8
 990              		.cfi_offset 4, -8
ARM GAS  C:\Users\MyPC\AppData\Local\Temp\ccdWaBxv.s 			page 47


 991              		.cfi_offset 14, -4
 992 0002 0446     		mov	r4, r0
1175:Drivers/STM32G4xx_HAL_Driver/Src/stm32g4xx_hal_flash_ex.c **** 
 993              		.loc 1 1175 3 is_stmt 1 view .LVU318
1178:Drivers/STM32G4xx_HAL_Driver/Src/stm32g4xx_hal_flash_ex.c **** 
 994              		.loc 1 1178 3 view .LVU319
1181:Drivers/STM32G4xx_HAL_Driver/Src/stm32g4xx_hal_flash_ex.c **** 
 995              		.loc 1 1181 3 view .LVU320
1181:Drivers/STM32G4xx_HAL_Driver/Src/stm32g4xx_hal_flash_ex.c **** 
 996              		.loc 1 1181 12 is_stmt 0 view .LVU321
 997 0004 4FF47A70 		mov	r0, #1000
 998              	.LVL84:
1181:Drivers/STM32G4xx_HAL_Driver/Src/stm32g4xx_hal_flash_ex.c **** 
 999              		.loc 1 1181 12 view .LVU322
 1000 0008 FFF7FEFF 		bl	FLASH_WaitForLastOperation
 1001              	.LVL85:
1183:Drivers/STM32G4xx_HAL_Driver/Src/stm32g4xx_hal_flash_ex.c ****   {
 1002              		.loc 1 1183 3 is_stmt 1 view .LVU323
1183:Drivers/STM32G4xx_HAL_Driver/Src/stm32g4xx_hal_flash_ex.c ****   {
 1003              		.loc 1 1183 6 is_stmt 0 view .LVU324
 1004 000c 00B1     		cbz	r0, .L82
 1005              	.L80:
 1006              	.LVL86:
1194:Drivers/STM32G4xx_HAL_Driver/Src/stm32g4xx_hal_flash_ex.c **** }
 1007              		.loc 1 1194 3 is_stmt 1 view .LVU325
1195:Drivers/STM32G4xx_HAL_Driver/Src/stm32g4xx_hal_flash_ex.c **** 
 1008              		.loc 1 1195 1 is_stmt 0 view .LVU326
 1009 000e 10BD     		pop	{r4, pc}
 1010              	.LVL87:
 1011              	.L82:
1185:Drivers/STM32G4xx_HAL_Driver/Src/stm32g4xx_hal_flash_ex.c **** 
 1012              		.loc 1 1185 5 is_stmt 1 view .LVU327
 1013 0010 074A     		ldr	r2, .L83
 1014 0012 136F     		ldr	r3, [r2, #112]
 1015 0014 23F48033 		bic	r3, r3, #65536
 1016 0018 2343     		orrs	r3, r3, r4
 1017 001a 1367     		str	r3, [r2, #112]
1188:Drivers/STM32G4xx_HAL_Driver/Src/stm32g4xx_hal_flash_ex.c **** 
 1018              		.loc 1 1188 5 view .LVU328
 1019 001c 5369     		ldr	r3, [r2, #20]
 1020 001e 43F40033 		orr	r3, r3, #131072
 1021 0022 5361     		str	r3, [r2, #20]
1191:Drivers/STM32G4xx_HAL_Driver/Src/stm32g4xx_hal_flash_ex.c ****   }
 1022              		.loc 1 1191 5 view .LVU329
1191:Drivers/STM32G4xx_HAL_Driver/Src/stm32g4xx_hal_flash_ex.c ****   }
 1023              		.loc 1 1191 14 is_stmt 0 view .LVU330
 1024 0024 4FF47A70 		mov	r0, #1000
 1025 0028 FFF7FEFF 		bl	FLASH_WaitForLastOperation
 1026              	.LVL88:
 1027 002c EFE7     		b	.L80
 1028              	.L84:
 1029 002e 00BF     		.align	2
 1030              	.L83:
 1031 0030 00200240 		.word	1073881088
 1032              		.cfi_endproc
 1033              	.LFE147:
 1035              		.section	.text.HAL_FLASHEx_OBProgram,"ax",%progbits
ARM GAS  C:\Users\MyPC\AppData\Local\Temp\ccdWaBxv.s 			page 48


 1036              		.align	1
 1037              		.global	HAL_FLASHEx_OBProgram
 1038              		.syntax unified
 1039              		.thumb
 1040              		.thumb_func
 1042              	HAL_FLASHEx_OBProgram:
 1043              	.LVL89:
 1044              	.LFB134:
 311:Drivers/STM32G4xx_HAL_Driver/Src/stm32g4xx_hal_flash_ex.c ****   HAL_StatusTypeDef status = HAL_OK;
 1045              		.loc 1 311 1 is_stmt 1 view -0
 1046              		.cfi_startproc
 1047              		@ args = 0, pretend = 0, frame = 0
 1048              		@ frame_needed = 0, uses_anonymous_args = 0
 311:Drivers/STM32G4xx_HAL_Driver/Src/stm32g4xx_hal_flash_ex.c ****   HAL_StatusTypeDef status = HAL_OK;
 1049              		.loc 1 311 1 is_stmt 0 view .LVU332
 1050 0000 38B5     		push	{r3, r4, r5, lr}
 1051              	.LCFI7:
 1052              		.cfi_def_cfa_offset 16
 1053              		.cfi_offset 3, -16
 1054              		.cfi_offset 4, -12
 1055              		.cfi_offset 5, -8
 1056              		.cfi_offset 14, -4
 312:Drivers/STM32G4xx_HAL_Driver/Src/stm32g4xx_hal_flash_ex.c **** 
 1057              		.loc 1 312 3 is_stmt 1 view .LVU333
 1058              	.LVL90:
 315:Drivers/STM32G4xx_HAL_Driver/Src/stm32g4xx_hal_flash_ex.c **** 
 1059              		.loc 1 315 3 view .LVU334
 318:Drivers/STM32G4xx_HAL_Driver/Src/stm32g4xx_hal_flash_ex.c **** 
 1060              		.loc 1 318 3 view .LVU335
 318:Drivers/STM32G4xx_HAL_Driver/Src/stm32g4xx_hal_flash_ex.c **** 
 1061              		.loc 1 318 3 view .LVU336
 1062 0002 324B     		ldr	r3, .L108
 1063 0004 1B78     		ldrb	r3, [r3]	@ zero_extendqisi2
 1064 0006 012B     		cmp	r3, #1
 1065 0008 5DD0     		beq	.L93
 1066 000a 0446     		mov	r4, r0
 318:Drivers/STM32G4xx_HAL_Driver/Src/stm32g4xx_hal_flash_ex.c **** 
 1067              		.loc 1 318 3 discriminator 2 view .LVU337
 1068 000c 2F4B     		ldr	r3, .L108
 1069 000e 0122     		movs	r2, #1
 1070 0010 1A70     		strb	r2, [r3]
 318:Drivers/STM32G4xx_HAL_Driver/Src/stm32g4xx_hal_flash_ex.c **** 
 1071              		.loc 1 318 3 view .LVU338
 320:Drivers/STM32G4xx_HAL_Driver/Src/stm32g4xx_hal_flash_ex.c **** 
 1072              		.loc 1 320 3 view .LVU339
 320:Drivers/STM32G4xx_HAL_Driver/Src/stm32g4xx_hal_flash_ex.c **** 
 1073              		.loc 1 320 20 is_stmt 0 view .LVU340
 1074 0012 0022     		movs	r2, #0
 1075 0014 5A60     		str	r2, [r3, #4]
 323:Drivers/STM32G4xx_HAL_Driver/Src/stm32g4xx_hal_flash_ex.c ****   {
 1076              		.loc 1 323 3 is_stmt 1 view .LVU341
 323:Drivers/STM32G4xx_HAL_Driver/Src/stm32g4xx_hal_flash_ex.c ****   {
 1077              		.loc 1 323 15 is_stmt 0 view .LVU342
 1078 0016 0368     		ldr	r3, [r0]
 323:Drivers/STM32G4xx_HAL_Driver/Src/stm32g4xx_hal_flash_ex.c ****   {
 1079              		.loc 1 323 6 view .LVU343
 1080 0018 13F0010F 		tst	r3, #1
ARM GAS  C:\Users\MyPC\AppData\Local\Temp\ccdWaBxv.s 			page 49


 1081 001c 1ED1     		bne	.L102
 312:Drivers/STM32G4xx_HAL_Driver/Src/stm32g4xx_hal_flash_ex.c **** 
 1082              		.loc 1 312 21 view .LVU344
 1083 001e 0023     		movs	r3, #0
 1084 0020 1D46     		mov	r5, r3
 1085              	.LVL91:
 1086              	.L87:
 333:Drivers/STM32G4xx_HAL_Driver/Src/stm32g4xx_hal_flash_ex.c ****   {
 1087              		.loc 1 333 3 is_stmt 1 view .LVU345
 333:Drivers/STM32G4xx_HAL_Driver/Src/stm32g4xx_hal_flash_ex.c ****   {
 1088              		.loc 1 333 15 is_stmt 0 view .LVU346
 1089 0022 2368     		ldr	r3, [r4]
 333:Drivers/STM32G4xx_HAL_Driver/Src/stm32g4xx_hal_flash_ex.c ****   {
 1090              		.loc 1 333 6 view .LVU347
 1091 0024 13F0020F 		tst	r3, #2
 1092 0028 23D1     		bne	.L103
 1093              	.LVL92:
 1094              	.L88:
 343:Drivers/STM32G4xx_HAL_Driver/Src/stm32g4xx_hal_flash_ex.c ****   {
 1095              		.loc 1 343 3 is_stmt 1 view .LVU348
 343:Drivers/STM32G4xx_HAL_Driver/Src/stm32g4xx_hal_flash_ex.c ****   {
 1096              		.loc 1 343 15 is_stmt 0 view .LVU349
 1097 002a 2368     		ldr	r3, [r4]
 343:Drivers/STM32G4xx_HAL_Driver/Src/stm32g4xx_hal_flash_ex.c ****   {
 1098              		.loc 1 343 6 view .LVU350
 1099 002c 13F0040F 		tst	r3, #4
 1100 0030 27D1     		bne	.L104
 1101              	.LVL93:
 1102              	.L89:
 353:Drivers/STM32G4xx_HAL_Driver/Src/stm32g4xx_hal_flash_ex.c ****   {
 1103              		.loc 1 353 3 is_stmt 1 view .LVU351
 353:Drivers/STM32G4xx_HAL_Driver/Src/stm32g4xx_hal_flash_ex.c ****   {
 1104              		.loc 1 353 15 is_stmt 0 view .LVU352
 1105 0032 2368     		ldr	r3, [r4]
 353:Drivers/STM32G4xx_HAL_Driver/Src/stm32g4xx_hal_flash_ex.c ****   {
 1106              		.loc 1 353 6 view .LVU353
 1107 0034 13F0080F 		tst	r3, #8
 1108 0038 03D0     		beq	.L90
 355:Drivers/STM32G4xx_HAL_Driver/Src/stm32g4xx_hal_flash_ex.c ****     {
 1109              		.loc 1 355 5 is_stmt 1 view .LVU354
 355:Drivers/STM32G4xx_HAL_Driver/Src/stm32g4xx_hal_flash_ex.c ****     {
 1110              		.loc 1 355 16 is_stmt 0 view .LVU355
 1111 003a 216A     		ldr	r1, [r4, #32]
 355:Drivers/STM32G4xx_HAL_Driver/Src/stm32g4xx_hal_flash_ex.c ****     {
 1112              		.loc 1 355 43 view .LVU356
 1113 003c 626A     		ldr	r2, [r4, #36]
 355:Drivers/STM32G4xx_HAL_Driver/Src/stm32g4xx_hal_flash_ex.c ****     {
 1114              		.loc 1 355 8 view .LVU357
 1115 003e 9142     		cmp	r1, r2
 1116 0040 28D1     		bne	.L105
 1117              	.LVL94:
 1118              	.L90:
 366:Drivers/STM32G4xx_HAL_Driver/Src/stm32g4xx_hal_flash_ex.c ****   {
 1119              		.loc 1 366 3 is_stmt 1 view .LVU358
 366:Drivers/STM32G4xx_HAL_Driver/Src/stm32g4xx_hal_flash_ex.c ****   {
 1120              		.loc 1 366 15 is_stmt 0 view .LVU359
 1121 0042 2368     		ldr	r3, [r4]
ARM GAS  C:\Users\MyPC\AppData\Local\Temp\ccdWaBxv.s 			page 50


 366:Drivers/STM32G4xx_HAL_Driver/Src/stm32g4xx_hal_flash_ex.c ****   {
 1122              		.loc 1 366 6 view .LVU360
 1123 0044 13F0200F 		tst	r3, #32
 1124 0048 2CD1     		bne	.L106
 1125              	.LVL95:
 1126              	.L91:
 376:Drivers/STM32G4xx_HAL_Driver/Src/stm32g4xx_hal_flash_ex.c ****   {
 1127              		.loc 1 376 3 is_stmt 1 view .LVU361
 376:Drivers/STM32G4xx_HAL_Driver/Src/stm32g4xx_hal_flash_ex.c ****   {
 1128              		.loc 1 376 15 is_stmt 0 view .LVU362
 1129 004a 2368     		ldr	r3, [r4]
 376:Drivers/STM32G4xx_HAL_Driver/Src/stm32g4xx_hal_flash_ex.c ****   {
 1130              		.loc 1 376 6 view .LVU363
 1131 004c 13F0100F 		tst	r3, #16
 1132 0050 31D1     		bne	.L107
 1133              	.LVL96:
 1134              	.L92:
 386:Drivers/STM32G4xx_HAL_Driver/Src/stm32g4xx_hal_flash_ex.c **** 
 1135              		.loc 1 386 3 is_stmt 1 view .LVU364
 386:Drivers/STM32G4xx_HAL_Driver/Src/stm32g4xx_hal_flash_ex.c **** 
 1136              		.loc 1 386 3 view .LVU365
 1137 0052 1E4B     		ldr	r3, .L108
 1138 0054 0022     		movs	r2, #0
 1139 0056 1A70     		strb	r2, [r3]
 386:Drivers/STM32G4xx_HAL_Driver/Src/stm32g4xx_hal_flash_ex.c **** 
 1140              		.loc 1 386 3 view .LVU366
 388:Drivers/STM32G4xx_HAL_Driver/Src/stm32g4xx_hal_flash_ex.c **** }
 1141              		.loc 1 388 3 view .LVU367
 1142              	.LVL97:
 1143              	.L86:
 389:Drivers/STM32G4xx_HAL_Driver/Src/stm32g4xx_hal_flash_ex.c **** 
 1144              		.loc 1 389 1 is_stmt 0 view .LVU368
 1145 0058 2846     		mov	r0, r5
 1146 005a 38BD     		pop	{r3, r4, r5, pc}
 1147              	.LVL98:
 1148              	.L102:
 326:Drivers/STM32G4xx_HAL_Driver/Src/stm32g4xx_hal_flash_ex.c ****     {
 1149              		.loc 1 326 5 is_stmt 1 view .LVU369
 326:Drivers/STM32G4xx_HAL_Driver/Src/stm32g4xx_hal_flash_ex.c ****     {
 1150              		.loc 1 326 9 is_stmt 0 view .LVU370
 1151 005c C268     		ldr	r2, [r0, #12]
 1152 005e 8168     		ldr	r1, [r0, #8]
 1153 0060 4068     		ldr	r0, [r0, #4]
 1154              	.LVL99:
 326:Drivers/STM32G4xx_HAL_Driver/Src/stm32g4xx_hal_flash_ex.c ****     {
 1155              		.loc 1 326 9 view .LVU371
 1156 0062 FFF7FEFF 		bl	FLASH_OB_WRPConfig
 1157              	.LVL100:
 326:Drivers/STM32G4xx_HAL_Driver/Src/stm32g4xx_hal_flash_ex.c ****     {
 1158              		.loc 1 326 8 discriminator 1 view .LVU372
 1159 0066 0546     		mov	r5, r0
 1160 0068 0028     		cmp	r0, #0
 1161 006a DAD0     		beq	.L87
 328:Drivers/STM32G4xx_HAL_Driver/Src/stm32g4xx_hal_flash_ex.c ****     }
 1162              		.loc 1 328 14 view .LVU373
 1163 006c 0123     		movs	r3, #1
 1164 006e 1D46     		mov	r5, r3
ARM GAS  C:\Users\MyPC\AppData\Local\Temp\ccdWaBxv.s 			page 51


 1165 0070 D7E7     		b	.L87
 1166              	.LVL101:
 1167              	.L103:
 336:Drivers/STM32G4xx_HAL_Driver/Src/stm32g4xx_hal_flash_ex.c ****     {
 1168              		.loc 1 336 5 is_stmt 1 view .LVU374
 336:Drivers/STM32G4xx_HAL_Driver/Src/stm32g4xx_hal_flash_ex.c ****     {
 1169              		.loc 1 336 9 is_stmt 0 view .LVU375
 1170 0072 2069     		ldr	r0, [r4, #16]
 1171 0074 FFF7FEFF 		bl	FLASH_OB_RDPConfig
 1172              	.LVL102:
 336:Drivers/STM32G4xx_HAL_Driver/Src/stm32g4xx_hal_flash_ex.c ****     {
 1173              		.loc 1 336 8 discriminator 1 view .LVU376
 1174 0078 0028     		cmp	r0, #0
 1175 007a D6D0     		beq	.L88
 338:Drivers/STM32G4xx_HAL_Driver/Src/stm32g4xx_hal_flash_ex.c ****     }
 1176              		.loc 1 338 14 view .LVU377
 1177 007c 0123     		movs	r3, #1
 1178 007e 1D46     		mov	r5, r3
 1179              	.LVL103:
 338:Drivers/STM32G4xx_HAL_Driver/Src/stm32g4xx_hal_flash_ex.c ****     }
 1180              		.loc 1 338 14 view .LVU378
 1181 0080 D3E7     		b	.L88
 1182              	.LVL104:
 1183              	.L104:
 346:Drivers/STM32G4xx_HAL_Driver/Src/stm32g4xx_hal_flash_ex.c ****     {
 1184              		.loc 1 346 5 is_stmt 1 view .LVU379
 346:Drivers/STM32G4xx_HAL_Driver/Src/stm32g4xx_hal_flash_ex.c ****     {
 1185              		.loc 1 346 9 is_stmt 0 view .LVU380
 1186 0082 A169     		ldr	r1, [r4, #24]
 1187 0084 6069     		ldr	r0, [r4, #20]
 1188 0086 FFF7FEFF 		bl	FLASH_OB_UserConfig
 1189              	.LVL105:
 346:Drivers/STM32G4xx_HAL_Driver/Src/stm32g4xx_hal_flash_ex.c ****     {
 1190              		.loc 1 346 8 discriminator 1 view .LVU381
 1191 008a 0028     		cmp	r0, #0
 1192 008c D1D0     		beq	.L89
 348:Drivers/STM32G4xx_HAL_Driver/Src/stm32g4xx_hal_flash_ex.c ****     }
 1193              		.loc 1 348 14 view .LVU382
 1194 008e 0123     		movs	r3, #1
 1195 0090 1D46     		mov	r5, r3
 1196              	.LVL106:
 348:Drivers/STM32G4xx_HAL_Driver/Src/stm32g4xx_hal_flash_ex.c ****     }
 1197              		.loc 1 348 14 view .LVU383
 1198 0092 CEE7     		b	.L89
 1199              	.LVL107:
 1200              	.L105:
 358:Drivers/STM32G4xx_HAL_Driver/Src/stm32g4xx_hal_flash_ex.c ****       {
 1201              		.loc 1 358 7 is_stmt 1 view .LVU384
 358:Drivers/STM32G4xx_HAL_Driver/Src/stm32g4xx_hal_flash_ex.c ****       {
 1202              		.loc 1 358 11 is_stmt 0 view .LVU385
 1203 0094 E069     		ldr	r0, [r4, #28]
 1204 0096 FFF7FEFF 		bl	FLASH_OB_PCROPConfig
 1205              	.LVL108:
 358:Drivers/STM32G4xx_HAL_Driver/Src/stm32g4xx_hal_flash_ex.c ****       {
 1206              		.loc 1 358 10 discriminator 1 view .LVU386
 1207 009a 0028     		cmp	r0, #0
 1208 009c D1D0     		beq	.L90
ARM GAS  C:\Users\MyPC\AppData\Local\Temp\ccdWaBxv.s 			page 52


 360:Drivers/STM32G4xx_HAL_Driver/Src/stm32g4xx_hal_flash_ex.c ****       }
 1209              		.loc 1 360 16 view .LVU387
 1210 009e 0123     		movs	r3, #1
 1211 00a0 1D46     		mov	r5, r3
 1212              	.LVL109:
 360:Drivers/STM32G4xx_HAL_Driver/Src/stm32g4xx_hal_flash_ex.c ****       }
 1213              		.loc 1 360 16 view .LVU388
 1214 00a2 CEE7     		b	.L90
 1215              	.LVL110:
 1216              	.L106:
 369:Drivers/STM32G4xx_HAL_Driver/Src/stm32g4xx_hal_flash_ex.c ****     {
 1217              		.loc 1 369 5 is_stmt 1 view .LVU389
 369:Drivers/STM32G4xx_HAL_Driver/Src/stm32g4xx_hal_flash_ex.c ****     {
 1218              		.loc 1 369 9 is_stmt 0 view .LVU390
 1219 00a4 216B     		ldr	r1, [r4, #48]
 1220 00a6 E06A     		ldr	r0, [r4, #44]
 1221 00a8 FFF7FEFF 		bl	FLASH_OB_SecMemConfig
 1222              	.LVL111:
 369:Drivers/STM32G4xx_HAL_Driver/Src/stm32g4xx_hal_flash_ex.c ****     {
 1223              		.loc 1 369 8 discriminator 1 view .LVU391
 1224 00ac 0028     		cmp	r0, #0
 1225 00ae CCD0     		beq	.L91
 371:Drivers/STM32G4xx_HAL_Driver/Src/stm32g4xx_hal_flash_ex.c ****     }
 1226              		.loc 1 371 14 view .LVU392
 1227 00b0 0123     		movs	r3, #1
 1228 00b2 1D46     		mov	r5, r3
 1229              	.LVL112:
 371:Drivers/STM32G4xx_HAL_Driver/Src/stm32g4xx_hal_flash_ex.c ****     }
 1230              		.loc 1 371 14 view .LVU393
 1231 00b4 C9E7     		b	.L91
 1232              	.LVL113:
 1233              	.L107:
 379:Drivers/STM32G4xx_HAL_Driver/Src/stm32g4xx_hal_flash_ex.c ****     {
 1234              		.loc 1 379 5 is_stmt 1 view .LVU394
 379:Drivers/STM32G4xx_HAL_Driver/Src/stm32g4xx_hal_flash_ex.c ****     {
 1235              		.loc 1 379 9 is_stmt 0 view .LVU395
 1236 00b6 A06A     		ldr	r0, [r4, #40]
 1237 00b8 FFF7FEFF 		bl	FLASH_OB_BootLockConfig
 1238              	.LVL114:
 379:Drivers/STM32G4xx_HAL_Driver/Src/stm32g4xx_hal_flash_ex.c ****     {
 1239              		.loc 1 379 8 discriminator 1 view .LVU396
 1240 00bc 0028     		cmp	r0, #0
 1241 00be C8D0     		beq	.L92
 381:Drivers/STM32G4xx_HAL_Driver/Src/stm32g4xx_hal_flash_ex.c ****     }
 1242              		.loc 1 381 14 view .LVU397
 1243 00c0 0123     		movs	r3, #1
 1244 00c2 1D46     		mov	r5, r3
 1245              	.LVL115:
 381:Drivers/STM32G4xx_HAL_Driver/Src/stm32g4xx_hal_flash_ex.c ****     }
 1246              		.loc 1 381 14 view .LVU398
 1247 00c4 C5E7     		b	.L92
 1248              	.LVL116:
 1249              	.L93:
 318:Drivers/STM32G4xx_HAL_Driver/Src/stm32g4xx_hal_flash_ex.c **** 
 1250              		.loc 1 318 3 discriminator 1 view .LVU399
 1251 00c6 0223     		movs	r3, #2
 1252 00c8 1D46     		mov	r5, r3
ARM GAS  C:\Users\MyPC\AppData\Local\Temp\ccdWaBxv.s 			page 53


 1253 00ca C5E7     		b	.L86
 1254              	.L109:
 1255              		.align	2
 1256              	.L108:
 1257 00cc 00000000 		.word	pFlash
 1258              		.cfi_endproc
 1259              	.LFE134:
 1261              		.section	.text.HAL_FLASHEx_OBGetConfig,"ax",%progbits
 1262              		.align	1
 1263              		.global	HAL_FLASHEx_OBGetConfig
 1264              		.syntax unified
 1265              		.thumb
 1266              		.thumb_func
 1268              	HAL_FLASHEx_OBGetConfig:
 1269              	.LVL117:
 1270              	.LFB135:
 400:Drivers/STM32G4xx_HAL_Driver/Src/stm32g4xx_hal_flash_ex.c ****   pOBInit->OptionType = (OPTIONBYTE_RDP | OPTIONBYTE_USER);
 1271              		.loc 1 400 1 is_stmt 1 view -0
 1272              		.cfi_startproc
 1273              		@ args = 0, pretend = 0, frame = 0
 1274              		@ frame_needed = 0, uses_anonymous_args = 0
 400:Drivers/STM32G4xx_HAL_Driver/Src/stm32g4xx_hal_flash_ex.c ****   pOBInit->OptionType = (OPTIONBYTE_RDP | OPTIONBYTE_USER);
 1275              		.loc 1 400 1 is_stmt 0 view .LVU401
 1276 0000 10B5     		push	{r4, lr}
 1277              	.LCFI8:
 1278              		.cfi_def_cfa_offset 8
 1279              		.cfi_offset 4, -8
 1280              		.cfi_offset 14, -4
 1281 0002 0446     		mov	r4, r0
 401:Drivers/STM32G4xx_HAL_Driver/Src/stm32g4xx_hal_flash_ex.c **** 
 1282              		.loc 1 401 3 is_stmt 1 view .LVU402
 401:Drivers/STM32G4xx_HAL_Driver/Src/stm32g4xx_hal_flash_ex.c **** 
 1283              		.loc 1 401 23 is_stmt 0 view .LVU403
 1284 0004 0623     		movs	r3, #6
 1285 0006 0360     		str	r3, [r0]
 407:Drivers/STM32G4xx_HAL_Driver/Src/stm32g4xx_hal_flash_ex.c **** #endif
 1286              		.loc 1 407 3 is_stmt 1 view .LVU404
 407:Drivers/STM32G4xx_HAL_Driver/Src/stm32g4xx_hal_flash_ex.c **** #endif
 1287              		.loc 1 407 15 is_stmt 0 view .LVU405
 1288 0008 4068     		ldr	r0, [r0, #4]
 1289              	.LVL118:
 407:Drivers/STM32G4xx_HAL_Driver/Src/stm32g4xx_hal_flash_ex.c **** #endif
 1290              		.loc 1 407 6 view .LVU406
 1291 000a 0128     		cmp	r0, #1
 1292 000c 13D9     		bls	.L115
 1293              	.L111:
 416:Drivers/STM32G4xx_HAL_Driver/Src/stm32g4xx_hal_flash_ex.c **** 
 1294              		.loc 1 416 3 is_stmt 1 view .LVU407
 416:Drivers/STM32G4xx_HAL_Driver/Src/stm32g4xx_hal_flash_ex.c **** 
 1295              		.loc 1 416 23 is_stmt 0 view .LVU408
 1296 000e FFF7FEFF 		bl	FLASH_OB_GetRDP
 1297              	.LVL119:
 416:Drivers/STM32G4xx_HAL_Driver/Src/stm32g4xx_hal_flash_ex.c **** 
 1298              		.loc 1 416 21 discriminator 1 view .LVU409
 1299 0012 2061     		str	r0, [r4, #16]
 419:Drivers/STM32G4xx_HAL_Driver/Src/stm32g4xx_hal_flash_ex.c **** 
 1300              		.loc 1 419 3 is_stmt 1 view .LVU410
ARM GAS  C:\Users\MyPC\AppData\Local\Temp\ccdWaBxv.s 			page 54


 419:Drivers/STM32G4xx_HAL_Driver/Src/stm32g4xx_hal_flash_ex.c **** 
 1301              		.loc 1 419 25 is_stmt 0 view .LVU411
 1302 0014 FFF7FEFF 		bl	FLASH_OB_GetUser
 1303              	.LVL120:
 419:Drivers/STM32G4xx_HAL_Driver/Src/stm32g4xx_hal_flash_ex.c **** 
 1304              		.loc 1 419 23 discriminator 1 view .LVU412
 1305 0018 A061     		str	r0, [r4, #24]
 424:Drivers/STM32G4xx_HAL_Driver/Src/stm32g4xx_hal_flash_ex.c **** #endif
 1306              		.loc 1 424 3 is_stmt 1 view .LVU413
 424:Drivers/STM32G4xx_HAL_Driver/Src/stm32g4xx_hal_flash_ex.c **** #endif
 1307              		.loc 1 424 14 is_stmt 0 view .LVU414
 1308 001a E369     		ldr	r3, [r4, #28]
 424:Drivers/STM32G4xx_HAL_Driver/Src/stm32g4xx_hal_flash_ex.c **** #endif
 1309              		.loc 1 424 6 view .LVU415
 1310 001c 012B     		cmp	r3, #1
 1311 001e 13D0     		beq	.L116
 1312              	.L112:
 432:Drivers/STM32G4xx_HAL_Driver/Src/stm32g4xx_hal_flash_ex.c **** 
 1313              		.loc 1 432 3 is_stmt 1 view .LVU416
 432:Drivers/STM32G4xx_HAL_Driver/Src/stm32g4xx_hal_flash_ex.c **** 
 1314              		.loc 1 432 10 is_stmt 0 view .LVU417
 1315 0020 2368     		ldr	r3, [r4]
 432:Drivers/STM32G4xx_HAL_Driver/Src/stm32g4xx_hal_flash_ex.c **** 
 1316              		.loc 1 432 23 view .LVU418
 1317 0022 43F01003 		orr	r3, r3, #16
 1318 0026 2360     		str	r3, [r4]
 435:Drivers/STM32G4xx_HAL_Driver/Src/stm32g4xx_hal_flash_ex.c **** 
 1319              		.loc 1 435 3 is_stmt 1 view .LVU419
 435:Drivers/STM32G4xx_HAL_Driver/Src/stm32g4xx_hal_flash_ex.c **** 
 1320              		.loc 1 435 29 is_stmt 0 view .LVU420
 1321 0028 FFF7FEFF 		bl	FLASH_OB_GetBootLock
 1322              	.LVL121:
 435:Drivers/STM32G4xx_HAL_Driver/Src/stm32g4xx_hal_flash_ex.c **** 
 1323              		.loc 1 435 27 discriminator 1 view .LVU421
 1324 002c A062     		str	r0, [r4, #40]
 441:Drivers/STM32G4xx_HAL_Driver/Src/stm32g4xx_hal_flash_ex.c **** #endif
 1325              		.loc 1 441 3 is_stmt 1 view .LVU422
 441:Drivers/STM32G4xx_HAL_Driver/Src/stm32g4xx_hal_flash_ex.c **** #endif
 1326              		.loc 1 441 14 is_stmt 0 view .LVU423
 1327 002e E06A     		ldr	r0, [r4, #44]
 441:Drivers/STM32G4xx_HAL_Driver/Src/stm32g4xx_hal_flash_ex.c **** #endif
 1328              		.loc 1 441 6 view .LVU424
 1329 0030 0128     		cmp	r0, #1
 1330 0032 16D0     		beq	.L117
 1331              	.L110:
 447:Drivers/STM32G4xx_HAL_Driver/Src/stm32g4xx_hal_flash_ex.c **** 
 1332              		.loc 1 447 1 view .LVU425
 1333 0034 10BD     		pop	{r4, pc}
 1334              	.LVL122:
 1335              	.L115:
 410:Drivers/STM32G4xx_HAL_Driver/Src/stm32g4xx_hal_flash_ex.c ****     /* Get write protection on the selected area */
 1336              		.loc 1 410 5 is_stmt 1 view .LVU426
 410:Drivers/STM32G4xx_HAL_Driver/Src/stm32g4xx_hal_flash_ex.c ****     /* Get write protection on the selected area */
 1337              		.loc 1 410 25 is_stmt 0 view .LVU427
 1338 0036 2246     		mov	r2, r4
 1339 0038 0723     		movs	r3, #7
 1340 003a 42F80C3B 		str	r3, [r2], #12
ARM GAS  C:\Users\MyPC\AppData\Local\Temp\ccdWaBxv.s 			page 55


 412:Drivers/STM32G4xx_HAL_Driver/Src/stm32g4xx_hal_flash_ex.c ****   }
 1341              		.loc 1 412 5 is_stmt 1 view .LVU428
 1342 003e 04F10801 		add	r1, r4, #8
 1343 0042 FFF7FEFF 		bl	FLASH_OB_GetWRP
 1344              	.LVL123:
 1345 0046 E2E7     		b	.L111
 1346              	.L116:
 427:Drivers/STM32G4xx_HAL_Driver/Src/stm32g4xx_hal_flash_ex.c ****     /* Get the Proprietary code readout protection */
 1347              		.loc 1 427 5 view .LVU429
 427:Drivers/STM32G4xx_HAL_Driver/Src/stm32g4xx_hal_flash_ex.c ****     /* Get the Proprietary code readout protection */
 1348              		.loc 1 427 12 is_stmt 0 view .LVU430
 1349 0048 2368     		ldr	r3, [r4]
 427:Drivers/STM32G4xx_HAL_Driver/Src/stm32g4xx_hal_flash_ex.c ****     /* Get the Proprietary code readout protection */
 1350              		.loc 1 427 25 view .LVU431
 1351 004a 43F00803 		orr	r3, r3, #8
 1352 004e 2246     		mov	r2, r4
 1353 0050 42F8243B 		str	r3, [r2], #36
 429:Drivers/STM32G4xx_HAL_Driver/Src/stm32g4xx_hal_flash_ex.c ****   }
 1354              		.loc 1 429 5 is_stmt 1 view .LVU432
 1355 0054 04F12001 		add	r1, r4, #32
 1356 0058 04F11C00 		add	r0, r4, #28
 1357 005c FFF7FEFF 		bl	FLASH_OB_GetPCROP
 1358              	.LVL124:
 1359 0060 DEE7     		b	.L112
 1360              	.L117:
 444:Drivers/STM32G4xx_HAL_Driver/Src/stm32g4xx_hal_flash_ex.c ****     FLASH_OB_GetSecMem(pOBInit->SecBank, &(pOBInit->SecSize));
 1361              		.loc 1 444 5 view .LVU433
 444:Drivers/STM32G4xx_HAL_Driver/Src/stm32g4xx_hal_flash_ex.c ****     FLASH_OB_GetSecMem(pOBInit->SecBank, &(pOBInit->SecSize));
 1362              		.loc 1 444 12 is_stmt 0 view .LVU434
 1363 0062 2368     		ldr	r3, [r4]
 444:Drivers/STM32G4xx_HAL_Driver/Src/stm32g4xx_hal_flash_ex.c ****     FLASH_OB_GetSecMem(pOBInit->SecBank, &(pOBInit->SecSize));
 1364              		.loc 1 444 25 view .LVU435
 1365 0064 43F02003 		orr	r3, r3, #32
 1366 0068 2146     		mov	r1, r4
 1367 006a 41F8303B 		str	r3, [r1], #48
 445:Drivers/STM32G4xx_HAL_Driver/Src/stm32g4xx_hal_flash_ex.c ****   }
 1368              		.loc 1 445 5 is_stmt 1 view .LVU436
 1369 006e FFF7FEFF 		bl	FLASH_OB_GetSecMem
 1370              	.LVL125:
 447:Drivers/STM32G4xx_HAL_Driver/Src/stm32g4xx_hal_flash_ex.c **** 
 1371              		.loc 1 447 1 is_stmt 0 view .LVU437
 1372 0072 DFE7     		b	.L110
 1373              		.cfi_endproc
 1374              	.LFE135:
 1376              		.section	.text.HAL_FLASHEx_EnableSecMemProtection,"ax",%progbits
 1377              		.align	1
 1378              		.global	HAL_FLASHEx_EnableSecMemProtection
 1379              		.syntax unified
 1380              		.thumb
 1381              		.thumb_func
 1383              	HAL_FLASHEx_EnableSecMemProtection:
 1384              	.LVL126:
 1385              	.LFB136:
 460:Drivers/STM32G4xx_HAL_Driver/Src/stm32g4xx_hal_flash_ex.c **** #if defined (FLASH_OPTR_DBANK)
 1386              		.loc 1 460 1 is_stmt 1 view -0
 1387              		.cfi_startproc
 1388              		@ args = 0, pretend = 0, frame = 0
ARM GAS  C:\Users\MyPC\AppData\Local\Temp\ccdWaBxv.s 			page 56


 1389              		@ frame_needed = 0, uses_anonymous_args = 0
 1390              		@ link register save eliminated.
 485:Drivers/STM32G4xx_HAL_Driver/Src/stm32g4xx_hal_flash_ex.c ****   SET_BIT(FLASH->CR, FLASH_CR_SEC_PROT1);
 1391              		.loc 1 485 3 view .LVU439
 486:Drivers/STM32G4xx_HAL_Driver/Src/stm32g4xx_hal_flash_ex.c **** #endif /* FLASH_OPTR_DBANK */
 1392              		.loc 1 486 3 view .LVU440
 1393 0000 034A     		ldr	r2, .L119
 1394 0002 5369     		ldr	r3, [r2, #20]
 1395 0004 43F08053 		orr	r3, r3, #268435456
 1396 0008 5361     		str	r3, [r2, #20]
 489:Drivers/STM32G4xx_HAL_Driver/Src/stm32g4xx_hal_flash_ex.c **** }
 1397              		.loc 1 489 3 view .LVU441
 490:Drivers/STM32G4xx_HAL_Driver/Src/stm32g4xx_hal_flash_ex.c **** 
 1398              		.loc 1 490 1 is_stmt 0 view .LVU442
 1399 000a 0020     		movs	r0, #0
 1400              	.LVL127:
 490:Drivers/STM32G4xx_HAL_Driver/Src/stm32g4xx_hal_flash_ex.c **** 
 1401              		.loc 1 490 1 view .LVU443
 1402 000c 7047     		bx	lr
 1403              	.L120:
 1404 000e 00BF     		.align	2
 1405              	.L119:
 1406 0010 00200240 		.word	1073881088
 1407              		.cfi_endproc
 1408              	.LFE136:
 1410              		.section	.text.HAL_FLASHEx_EnableDebugger,"ax",%progbits
 1411              		.align	1
 1412              		.global	HAL_FLASHEx_EnableDebugger
 1413              		.syntax unified
 1414              		.thumb
 1415              		.thumb_func
 1417              	HAL_FLASHEx_EnableDebugger:
 1418              	.LFB137:
 498:Drivers/STM32G4xx_HAL_Driver/Src/stm32g4xx_hal_flash_ex.c ****   FLASH->ACR |= FLASH_ACR_DBG_SWEN;
 1419              		.loc 1 498 1 is_stmt 1 view -0
 1420              		.cfi_startproc
 1421              		@ args = 0, pretend = 0, frame = 0
 1422              		@ frame_needed = 0, uses_anonymous_args = 0
 1423              		@ link register save eliminated.
 499:Drivers/STM32G4xx_HAL_Driver/Src/stm32g4xx_hal_flash_ex.c **** }
 1424              		.loc 1 499 3 view .LVU445
 499:Drivers/STM32G4xx_HAL_Driver/Src/stm32g4xx_hal_flash_ex.c **** }
 1425              		.loc 1 499 8 is_stmt 0 view .LVU446
 1426 0000 024A     		ldr	r2, .L122
 1427 0002 1368     		ldr	r3, [r2]
 499:Drivers/STM32G4xx_HAL_Driver/Src/stm32g4xx_hal_flash_ex.c **** }
 1428              		.loc 1 499 14 view .LVU447
 1429 0004 43F48023 		orr	r3, r3, #262144
 1430 0008 1360     		str	r3, [r2]
 500:Drivers/STM32G4xx_HAL_Driver/Src/stm32g4xx_hal_flash_ex.c **** 
 1431              		.loc 1 500 1 view .LVU448
 1432 000a 7047     		bx	lr
 1433              	.L123:
 1434              		.align	2
 1435              	.L122:
 1436 000c 00200240 		.word	1073881088
 1437              		.cfi_endproc
ARM GAS  C:\Users\MyPC\AppData\Local\Temp\ccdWaBxv.s 			page 57


 1438              	.LFE137:
 1440              		.section	.text.HAL_FLASHEx_DisableDebugger,"ax",%progbits
 1441              		.align	1
 1442              		.global	HAL_FLASHEx_DisableDebugger
 1443              		.syntax unified
 1444              		.thumb
 1445              		.thumb_func
 1447              	HAL_FLASHEx_DisableDebugger:
 1448              	.LFB138:
 510:Drivers/STM32G4xx_HAL_Driver/Src/stm32g4xx_hal_flash_ex.c ****   FLASH->ACR &= ~FLASH_ACR_DBG_SWEN;
 1449              		.loc 1 510 1 is_stmt 1 view -0
 1450              		.cfi_startproc
 1451              		@ args = 0, pretend = 0, frame = 0
 1452              		@ frame_needed = 0, uses_anonymous_args = 0
 1453              		@ link register save eliminated.
 511:Drivers/STM32G4xx_HAL_Driver/Src/stm32g4xx_hal_flash_ex.c **** }
 1454              		.loc 1 511 3 view .LVU450
 511:Drivers/STM32G4xx_HAL_Driver/Src/stm32g4xx_hal_flash_ex.c **** }
 1455              		.loc 1 511 8 is_stmt 0 view .LVU451
 1456 0000 024A     		ldr	r2, .L125
 1457 0002 1368     		ldr	r3, [r2]
 511:Drivers/STM32G4xx_HAL_Driver/Src/stm32g4xx_hal_flash_ex.c **** }
 1458              		.loc 1 511 14 view .LVU452
 1459 0004 23F48023 		bic	r3, r3, #262144
 1460 0008 1360     		str	r3, [r2]
 512:Drivers/STM32G4xx_HAL_Driver/Src/stm32g4xx_hal_flash_ex.c **** 
 1461              		.loc 1 512 1 view .LVU453
 1462 000a 7047     		bx	lr
 1463              	.L126:
 1464              		.align	2
 1465              	.L125:
 1466 000c 00200240 		.word	1073881088
 1467              		.cfi_endproc
 1468              	.LFE138:
 1470              		.section	.text.FLASH_PageErase,"ax",%progbits
 1471              		.align	1
 1472              		.global	FLASH_PageErase
 1473              		.syntax unified
 1474              		.thumb
 1475              		.thumb_func
 1477              	FLASH_PageErase:
 1478              	.LVL128:
 1479              	.LFB140:
 583:Drivers/STM32G4xx_HAL_Driver/Src/stm32g4xx_hal_flash_ex.c ****   /* Check the parameters */
 1480              		.loc 1 583 1 is_stmt 1 view -0
 1481              		.cfi_startproc
 1482              		@ args = 0, pretend = 0, frame = 0
 1483              		@ frame_needed = 0, uses_anonymous_args = 0
 1484              		@ link register save eliminated.
 585:Drivers/STM32G4xx_HAL_Driver/Src/stm32g4xx_hal_flash_ex.c **** 
 1485              		.loc 1 585 3 view .LVU455
 607:Drivers/STM32G4xx_HAL_Driver/Src/stm32g4xx_hal_flash_ex.c **** #endif /* FLASH_OPTR_DBANK */
 1486              		.loc 1 607 3 view .LVU456
 611:Drivers/STM32G4xx_HAL_Driver/Src/stm32g4xx_hal_flash_ex.c ****   SET_BIT(FLASH->CR, FLASH_CR_PER);
 1487              		.loc 1 611 3 view .LVU457
 1488 0000 084B     		ldr	r3, .L128
 1489 0002 5A69     		ldr	r2, [r3, #20]
ARM GAS  C:\Users\MyPC\AppData\Local\Temp\ccdWaBxv.s 			page 58


 1490 0004 22F4FC72 		bic	r2, r2, #504
 1491 0008 C000     		lsls	r0, r0, #3
 1492              	.LVL129:
 611:Drivers/STM32G4xx_HAL_Driver/Src/stm32g4xx_hal_flash_ex.c ****   SET_BIT(FLASH->CR, FLASH_CR_PER);
 1493              		.loc 1 611 3 is_stmt 0 view .LVU458
 1494 000a 00F4FF60 		and	r0, r0, #2040
 1495 000e 0243     		orrs	r2, r2, r0
 1496 0010 5A61     		str	r2, [r3, #20]
 612:Drivers/STM32G4xx_HAL_Driver/Src/stm32g4xx_hal_flash_ex.c ****   SET_BIT(FLASH->CR, FLASH_CR_STRT);
 1497              		.loc 1 612 3 is_stmt 1 view .LVU459
 1498 0012 5A69     		ldr	r2, [r3, #20]
 1499 0014 42F00202 		orr	r2, r2, #2
 1500 0018 5A61     		str	r2, [r3, #20]
 613:Drivers/STM32G4xx_HAL_Driver/Src/stm32g4xx_hal_flash_ex.c **** }
 1501              		.loc 1 613 3 view .LVU460
 1502 001a 5A69     		ldr	r2, [r3, #20]
 1503 001c 42F48032 		orr	r2, r2, #65536
 1504 0020 5A61     		str	r2, [r3, #20]
 614:Drivers/STM32G4xx_HAL_Driver/Src/stm32g4xx_hal_flash_ex.c **** 
 1505              		.loc 1 614 1 is_stmt 0 view .LVU461
 1506 0022 7047     		bx	lr
 1507              	.L129:
 1508              		.align	2
 1509              	.L128:
 1510 0024 00200240 		.word	1073881088
 1511              		.cfi_endproc
 1512              	.LFE140:
 1514              		.section	.text.HAL_FLASHEx_Erase_IT,"ax",%progbits
 1515              		.align	1
 1516              		.global	HAL_FLASHEx_Erase_IT
 1517              		.syntax unified
 1518              		.thumb
 1519              		.thumb_func
 1521              	HAL_FLASHEx_Erase_IT:
 1522              	.LVL130:
 1523              	.LFB133:
 238:Drivers/STM32G4xx_HAL_Driver/Src/stm32g4xx_hal_flash_ex.c ****   HAL_StatusTypeDef status = HAL_OK;
 1524              		.loc 1 238 1 is_stmt 1 view -0
 1525              		.cfi_startproc
 1526              		@ args = 0, pretend = 0, frame = 0
 1527              		@ frame_needed = 0, uses_anonymous_args = 0
 238:Drivers/STM32G4xx_HAL_Driver/Src/stm32g4xx_hal_flash_ex.c ****   HAL_StatusTypeDef status = HAL_OK;
 1528              		.loc 1 238 1 is_stmt 0 view .LVU463
 1529 0000 08B5     		push	{r3, lr}
 1530              	.LCFI9:
 1531              		.cfi_def_cfa_offset 8
 1532              		.cfi_offset 3, -8
 1533              		.cfi_offset 14, -4
 239:Drivers/STM32G4xx_HAL_Driver/Src/stm32g4xx_hal_flash_ex.c **** 
 1534              		.loc 1 239 3 is_stmt 1 view .LVU464
 1535              	.LVL131:
 242:Drivers/STM32G4xx_HAL_Driver/Src/stm32g4xx_hal_flash_ex.c **** 
 1536              		.loc 1 242 3 view .LVU465
 242:Drivers/STM32G4xx_HAL_Driver/Src/stm32g4xx_hal_flash_ex.c **** 
 1537              		.loc 1 242 3 view .LVU466
 1538 0002 294B     		ldr	r3, .L140
 1539 0004 1B78     		ldrb	r3, [r3]	@ zero_extendqisi2
ARM GAS  C:\Users\MyPC\AppData\Local\Temp\ccdWaBxv.s 			page 59


 1540 0006 012B     		cmp	r3, #1
 1541 0008 4CD0     		beq	.L137
 242:Drivers/STM32G4xx_HAL_Driver/Src/stm32g4xx_hal_flash_ex.c **** 
 1542              		.loc 1 242 3 discriminator 2 view .LVU467
 1543 000a 274B     		ldr	r3, .L140
 1544 000c 0122     		movs	r2, #1
 1545 000e 1A70     		strb	r2, [r3]
 242:Drivers/STM32G4xx_HAL_Driver/Src/stm32g4xx_hal_flash_ex.c **** 
 1546              		.loc 1 242 3 view .LVU468
 245:Drivers/STM32G4xx_HAL_Driver/Src/stm32g4xx_hal_flash_ex.c **** 
 1547              		.loc 1 245 3 view .LVU469
 247:Drivers/STM32G4xx_HAL_Driver/Src/stm32g4xx_hal_flash_ex.c **** 
 1548              		.loc 1 247 3 view .LVU470
 247:Drivers/STM32G4xx_HAL_Driver/Src/stm32g4xx_hal_flash_ex.c **** 
 1549              		.loc 1 247 20 is_stmt 0 view .LVU471
 1550 0010 0022     		movs	r2, #0
 1551 0012 5A60     		str	r2, [r3, #4]
 250:Drivers/STM32G4xx_HAL_Driver/Src/stm32g4xx_hal_flash_ex.c ****   {
 1552              		.loc 1 250 3 is_stmt 1 view .LVU472
 250:Drivers/STM32G4xx_HAL_Driver/Src/stm32g4xx_hal_flash_ex.c ****   {
 1553              		.loc 1 250 7 is_stmt 0 view .LVU473
 1554 0014 254B     		ldr	r3, .L140+4
 1555 0016 1B68     		ldr	r3, [r3]
 250:Drivers/STM32G4xx_HAL_Driver/Src/stm32g4xx_hal_flash_ex.c ****   {
 1556              		.loc 1 250 6 view .LVU474
 1557 0018 13F4007F 		tst	r3, #512
 1558 001c 28D0     		beq	.L132
 252:Drivers/STM32G4xx_HAL_Driver/Src/stm32g4xx_hal_flash_ex.c ****     {
 1559              		.loc 1 252 5 is_stmt 1 view .LVU475
 252:Drivers/STM32G4xx_HAL_Driver/Src/stm32g4xx_hal_flash_ex.c ****     {
 1560              		.loc 1 252 9 is_stmt 0 view .LVU476
 1561 001e 234B     		ldr	r3, .L140+4
 1562 0020 1B68     		ldr	r3, [r3]
 252:Drivers/STM32G4xx_HAL_Driver/Src/stm32g4xx_hal_flash_ex.c ****     {
 1563              		.loc 1 252 8 view .LVU477
 1564 0022 13F4806F 		tst	r3, #1024
 1565 0026 1FD0     		beq	.L133
 255:Drivers/STM32G4xx_HAL_Driver/Src/stm32g4xx_hal_flash_ex.c ****       pFlash.CacheToReactivate = FLASH_CACHE_ICACHE_DCACHE_ENABLED;
 1566              		.loc 1 255 7 is_stmt 1 view .LVU478
 1567 0028 204A     		ldr	r2, .L140+4
 1568 002a 1368     		ldr	r3, [r2]
 1569 002c 23F48063 		bic	r3, r3, #1024
 1570 0030 1360     		str	r3, [r2]
 256:Drivers/STM32G4xx_HAL_Driver/Src/stm32g4xx_hal_flash_ex.c ****     }
 1571              		.loc 1 256 7 view .LVU479
 256:Drivers/STM32G4xx_HAL_Driver/Src/stm32g4xx_hal_flash_ex.c ****     }
 1572              		.loc 1 256 32 is_stmt 0 view .LVU480
 1573 0032 1D4B     		ldr	r3, .L140
 1574 0034 0322     		movs	r2, #3
 1575 0036 1A77     		strb	r2, [r3, #28]
 1576              	.L134:
 275:Drivers/STM32G4xx_HAL_Driver/Src/stm32g4xx_hal_flash_ex.c **** 
 1577              		.loc 1 275 3 is_stmt 1 view .LVU481
 275:Drivers/STM32G4xx_HAL_Driver/Src/stm32g4xx_hal_flash_ex.c **** 
 1578              		.loc 1 275 3 view .LVU482
 275:Drivers/STM32G4xx_HAL_Driver/Src/stm32g4xx_hal_flash_ex.c **** 
 1579              		.loc 1 275 3 discriminator 3 view .LVU483
ARM GAS  C:\Users\MyPC\AppData\Local\Temp\ccdWaBxv.s 			page 60


 275:Drivers/STM32G4xx_HAL_Driver/Src/stm32g4xx_hal_flash_ex.c **** 
 1580              		.loc 1 275 3 discriminator 4 view .LVU484
 1581 0038 1C4A     		ldr	r2, .L140+4
 1582 003a 5369     		ldr	r3, [r2, #20]
 1583 003c 43F04073 		orr	r3, r3, #50331648
 1584 0040 5361     		str	r3, [r2, #20]
 275:Drivers/STM32G4xx_HAL_Driver/Src/stm32g4xx_hal_flash_ex.c **** 
 1585              		.loc 1 275 3 view .LVU485
 277:Drivers/STM32G4xx_HAL_Driver/Src/stm32g4xx_hal_flash_ex.c **** 
 1586              		.loc 1 277 3 view .LVU486
 277:Drivers/STM32G4xx_HAL_Driver/Src/stm32g4xx_hal_flash_ex.c **** 
 1587              		.loc 1 277 27 is_stmt 0 view .LVU487
 1588 0042 4268     		ldr	r2, [r0, #4]
 277:Drivers/STM32G4xx_HAL_Driver/Src/stm32g4xx_hal_flash_ex.c **** 
 1589              		.loc 1 277 15 view .LVU488
 1590 0044 184B     		ldr	r3, .L140
 1591 0046 1A61     		str	r2, [r3, #16]
 279:Drivers/STM32G4xx_HAL_Driver/Src/stm32g4xx_hal_flash_ex.c ****   {
 1592              		.loc 1 279 3 is_stmt 1 view .LVU489
 279:Drivers/STM32G4xx_HAL_Driver/Src/stm32g4xx_hal_flash_ex.c ****   {
 1593              		.loc 1 279 17 is_stmt 0 view .LVU490
 1594 0048 0368     		ldr	r3, [r0]
 279:Drivers/STM32G4xx_HAL_Driver/Src/stm32g4xx_hal_flash_ex.c ****   {
 1595              		.loc 1 279 6 view .LVU491
 1596 004a 012B     		cmp	r3, #1
 1597 004c 22D0     		beq	.L139
 288:Drivers/STM32G4xx_HAL_Driver/Src/stm32g4xx_hal_flash_ex.c ****     pFlash.NbPagesToErase = pEraseInit->NbPages;
 1598              		.loc 1 288 5 is_stmt 1 view .LVU492
 288:Drivers/STM32G4xx_HAL_Driver/Src/stm32g4xx_hal_flash_ex.c ****     pFlash.NbPagesToErase = pEraseInit->NbPages;
 1599              		.loc 1 288 29 is_stmt 0 view .LVU493
 1600 004e 164B     		ldr	r3, .L140
 1601 0050 0122     		movs	r2, #1
 1602 0052 1A72     		strb	r2, [r3, #8]
 289:Drivers/STM32G4xx_HAL_Driver/Src/stm32g4xx_hal_flash_ex.c ****     pFlash.Page = pEraseInit->Page;
 1603              		.loc 1 289 5 is_stmt 1 view .LVU494
 289:Drivers/STM32G4xx_HAL_Driver/Src/stm32g4xx_hal_flash_ex.c ****     pFlash.Page = pEraseInit->Page;
 1604              		.loc 1 289 39 is_stmt 0 view .LVU495
 1605 0054 C268     		ldr	r2, [r0, #12]
 289:Drivers/STM32G4xx_HAL_Driver/Src/stm32g4xx_hal_flash_ex.c ****     pFlash.Page = pEraseInit->Page;
 1606              		.loc 1 289 27 view .LVU496
 1607 0056 9A61     		str	r2, [r3, #24]
 290:Drivers/STM32G4xx_HAL_Driver/Src/stm32g4xx_hal_flash_ex.c **** 
 1608              		.loc 1 290 5 is_stmt 1 view .LVU497
 290:Drivers/STM32G4xx_HAL_Driver/Src/stm32g4xx_hal_flash_ex.c **** 
 1609              		.loc 1 290 29 is_stmt 0 view .LVU498
 1610 0058 8268     		ldr	r2, [r0, #8]
 290:Drivers/STM32G4xx_HAL_Driver/Src/stm32g4xx_hal_flash_ex.c **** 
 1611              		.loc 1 290 17 view .LVU499
 1612 005a 5A61     		str	r2, [r3, #20]
 293:Drivers/STM32G4xx_HAL_Driver/Src/stm32g4xx_hal_flash_ex.c ****   }
 1613              		.loc 1 293 5 is_stmt 1 view .LVU500
 1614 005c 4168     		ldr	r1, [r0, #4]
 1615 005e 8068     		ldr	r0, [r0, #8]
 1616              	.LVL132:
 293:Drivers/STM32G4xx_HAL_Driver/Src/stm32g4xx_hal_flash_ex.c ****   }
 1617              		.loc 1 293 5 is_stmt 0 view .LVU501
 1618 0060 FFF7FEFF 		bl	FLASH_PageErase
ARM GAS  C:\Users\MyPC\AppData\Local\Temp\ccdWaBxv.s 			page 61


 1619              	.LVL133:
 296:Drivers/STM32G4xx_HAL_Driver/Src/stm32g4xx_hal_flash_ex.c **** }
 1620              		.loc 1 296 10 view .LVU502
 1621 0064 0020     		movs	r0, #0
 1622              	.L131:
 297:Drivers/STM32G4xx_HAL_Driver/Src/stm32g4xx_hal_flash_ex.c **** 
 1623              		.loc 1 297 1 view .LVU503
 1624 0066 08BD     		pop	{r3, pc}
 1625              	.LVL134:
 1626              	.L133:
 260:Drivers/STM32G4xx_HAL_Driver/Src/stm32g4xx_hal_flash_ex.c ****     }
 1627              		.loc 1 260 7 is_stmt 1 view .LVU504
 260:Drivers/STM32G4xx_HAL_Driver/Src/stm32g4xx_hal_flash_ex.c ****     }
 1628              		.loc 1 260 32 is_stmt 0 view .LVU505
 1629 0068 0F4B     		ldr	r3, .L140
 1630 006a 0122     		movs	r2, #1
 1631 006c 1A77     		strb	r2, [r3, #28]
 1632 006e E3E7     		b	.L134
 1633              	.L132:
 263:Drivers/STM32G4xx_HAL_Driver/Src/stm32g4xx_hal_flash_ex.c ****   {
 1634              		.loc 1 263 8 is_stmt 1 view .LVU506
 263:Drivers/STM32G4xx_HAL_Driver/Src/stm32g4xx_hal_flash_ex.c ****   {
 1635              		.loc 1 263 12 is_stmt 0 view .LVU507
 1636 0070 0E4B     		ldr	r3, .L140+4
 1637 0072 1B68     		ldr	r3, [r3]
 263:Drivers/STM32G4xx_HAL_Driver/Src/stm32g4xx_hal_flash_ex.c ****   {
 1638              		.loc 1 263 11 view .LVU508
 1639 0074 13F4806F 		tst	r3, #1024
 1640 0078 08D0     		beq	.L135
 266:Drivers/STM32G4xx_HAL_Driver/Src/stm32g4xx_hal_flash_ex.c ****     pFlash.CacheToReactivate = FLASH_CACHE_DCACHE_ENABLED;
 1641              		.loc 1 266 5 is_stmt 1 view .LVU509
 1642 007a 0C4A     		ldr	r2, .L140+4
 1643 007c 1368     		ldr	r3, [r2]
 1644 007e 23F48063 		bic	r3, r3, #1024
 1645 0082 1360     		str	r3, [r2]
 267:Drivers/STM32G4xx_HAL_Driver/Src/stm32g4xx_hal_flash_ex.c ****   }
 1646              		.loc 1 267 5 view .LVU510
 267:Drivers/STM32G4xx_HAL_Driver/Src/stm32g4xx_hal_flash_ex.c ****   }
 1647              		.loc 1 267 30 is_stmt 0 view .LVU511
 1648 0084 084B     		ldr	r3, .L140
 1649 0086 0222     		movs	r2, #2
 1650 0088 1A77     		strb	r2, [r3, #28]
 1651 008a D5E7     		b	.L134
 1652              	.L135:
 271:Drivers/STM32G4xx_HAL_Driver/Src/stm32g4xx_hal_flash_ex.c ****   }
 1653              		.loc 1 271 5 is_stmt 1 view .LVU512
 271:Drivers/STM32G4xx_HAL_Driver/Src/stm32g4xx_hal_flash_ex.c ****   }
 1654              		.loc 1 271 30 is_stmt 0 view .LVU513
 1655 008c 064B     		ldr	r3, .L140
 1656 008e 0022     		movs	r2, #0
 1657 0090 1A77     		strb	r2, [r3, #28]
 1658 0092 D1E7     		b	.L134
 1659              	.L139:
 282:Drivers/STM32G4xx_HAL_Driver/Src/stm32g4xx_hal_flash_ex.c ****     FLASH_MassErase(pEraseInit->Banks);
 1660              		.loc 1 282 5 is_stmt 1 view .LVU514
 282:Drivers/STM32G4xx_HAL_Driver/Src/stm32g4xx_hal_flash_ex.c ****     FLASH_MassErase(pEraseInit->Banks);
 1661              		.loc 1 282 29 is_stmt 0 view .LVU515
ARM GAS  C:\Users\MyPC\AppData\Local\Temp\ccdWaBxv.s 			page 62


 1662 0094 044B     		ldr	r3, .L140
 1663 0096 0222     		movs	r2, #2
 1664 0098 1A72     		strb	r2, [r3, #8]
 283:Drivers/STM32G4xx_HAL_Driver/Src/stm32g4xx_hal_flash_ex.c ****   }
 1665              		.loc 1 283 5 is_stmt 1 view .LVU516
 1666 009a 4068     		ldr	r0, [r0, #4]
 1667              	.LVL135:
 283:Drivers/STM32G4xx_HAL_Driver/Src/stm32g4xx_hal_flash_ex.c ****   }
 1668              		.loc 1 283 5 is_stmt 0 view .LVU517
 1669 009c FFF7FEFF 		bl	FLASH_MassErase
 1670              	.LVL136:
 296:Drivers/STM32G4xx_HAL_Driver/Src/stm32g4xx_hal_flash_ex.c **** }
 1671              		.loc 1 296 10 view .LVU518
 1672 00a0 0020     		movs	r0, #0
 1673 00a2 E0E7     		b	.L131
 1674              	.LVL137:
 1675              	.L137:
 242:Drivers/STM32G4xx_HAL_Driver/Src/stm32g4xx_hal_flash_ex.c **** 
 1676              		.loc 1 242 3 discriminator 1 view .LVU519
 1677 00a4 0220     		movs	r0, #2
 1678              	.LVL138:
 242:Drivers/STM32G4xx_HAL_Driver/Src/stm32g4xx_hal_flash_ex.c **** 
 1679              		.loc 1 242 3 discriminator 1 view .LVU520
 1680 00a6 DEE7     		b	.L131
 1681              	.L141:
 1682              		.align	2
 1683              	.L140:
 1684 00a8 00000000 		.word	pFlash
 1685 00ac 00200240 		.word	1073881088
 1686              		.cfi_endproc
 1687              	.LFE133:
 1689              		.section	.text.FLASH_FlushCaches,"ax",%progbits
 1690              		.align	1
 1691              		.global	FLASH_FlushCaches
 1692              		.syntax unified
 1693              		.thumb
 1694              		.thumb_func
 1696              	FLASH_FlushCaches:
 1697              	.LFB141:
 621:Drivers/STM32G4xx_HAL_Driver/Src/stm32g4xx_hal_flash_ex.c ****   FLASH_CacheTypeDef cache = pFlash.CacheToReactivate;
 1698              		.loc 1 621 1 is_stmt 1 view -0
 1699              		.cfi_startproc
 1700              		@ args = 0, pretend = 0, frame = 0
 1701              		@ frame_needed = 0, uses_anonymous_args = 0
 1702              		@ link register save eliminated.
 622:Drivers/STM32G4xx_HAL_Driver/Src/stm32g4xx_hal_flash_ex.c **** 
 1703              		.loc 1 622 3 view .LVU522
 622:Drivers/STM32G4xx_HAL_Driver/Src/stm32g4xx_hal_flash_ex.c **** 
 1704              		.loc 1 622 22 is_stmt 0 view .LVU523
 1705 0000 164B     		ldr	r3, .L147
 1706 0002 1A7F     		ldrb	r2, [r3, #28]	@ zero_extendqisi2
 1707 0004 D3B2     		uxtb	r3, r2
 1708              	.LVL139:
 625:Drivers/STM32G4xx_HAL_Driver/Src/stm32g4xx_hal_flash_ex.c ****       (cache == FLASH_CACHE_ICACHE_DCACHE_ENABLED))
 1709              		.loc 1 625 3 is_stmt 1 view .LVU524
 625:Drivers/STM32G4xx_HAL_Driver/Src/stm32g4xx_hal_flash_ex.c ****       (cache == FLASH_CACHE_ICACHE_DCACHE_ENABLED))
 1710              		.loc 1 625 6 is_stmt 0 view .LVU525
ARM GAS  C:\Users\MyPC\AppData\Local\Temp\ccdWaBxv.s 			page 63


 1711 0006 012A     		cmp	r2, #1
 1712 0008 01D0     		beq	.L143
 625:Drivers/STM32G4xx_HAL_Driver/Src/stm32g4xx_hal_flash_ex.c ****       (cache == FLASH_CACHE_ICACHE_DCACHE_ENABLED))
 1713              		.loc 1 625 45 discriminator 1 view .LVU526
 1714 000a 032B     		cmp	r3, #3
 1715 000c 10D1     		bne	.L144
 1716              	.L143:
 629:Drivers/STM32G4xx_HAL_Driver/Src/stm32g4xx_hal_flash_ex.c ****     /* Reset instruction cache */
 1717              		.loc 1 629 5 is_stmt 1 view .LVU527
 1718 000e 144A     		ldr	r2, .L147+4
 1719 0010 1168     		ldr	r1, [r2]
 1720 0012 21F40071 		bic	r1, r1, #512
 1721 0016 1160     		str	r1, [r2]
 631:Drivers/STM32G4xx_HAL_Driver/Src/stm32g4xx_hal_flash_ex.c ****     /* Enable instruction cache */
 1722              		.loc 1 631 5 view .LVU528
 631:Drivers/STM32G4xx_HAL_Driver/Src/stm32g4xx_hal_flash_ex.c ****     /* Enable instruction cache */
 1723              		.loc 1 631 5 view .LVU529
 1724 0018 1168     		ldr	r1, [r2]
 1725 001a 41F40061 		orr	r1, r1, #2048
 1726 001e 1160     		str	r1, [r2]
 631:Drivers/STM32G4xx_HAL_Driver/Src/stm32g4xx_hal_flash_ex.c ****     /* Enable instruction cache */
 1727              		.loc 1 631 5 view .LVU530
 1728 0020 1168     		ldr	r1, [r2]
 1729 0022 21F40061 		bic	r1, r1, #2048
 1730 0026 1160     		str	r1, [r2]
 631:Drivers/STM32G4xx_HAL_Driver/Src/stm32g4xx_hal_flash_ex.c ****     /* Enable instruction cache */
 1731              		.loc 1 631 5 view .LVU531
 633:Drivers/STM32G4xx_HAL_Driver/Src/stm32g4xx_hal_flash_ex.c ****   }
 1732              		.loc 1 633 5 view .LVU532
 1733 0028 1168     		ldr	r1, [r2]
 1734 002a 41F40071 		orr	r1, r1, #512
 1735 002e 1160     		str	r1, [r2]
 1736              	.L144:
 637:Drivers/STM32G4xx_HAL_Driver/Src/stm32g4xx_hal_flash_ex.c ****       (cache == FLASH_CACHE_ICACHE_DCACHE_ENABLED))
 1737              		.loc 1 637 3 view .LVU533
 637:Drivers/STM32G4xx_HAL_Driver/Src/stm32g4xx_hal_flash_ex.c ****       (cache == FLASH_CACHE_ICACHE_DCACHE_ENABLED))
 1738              		.loc 1 637 45 is_stmt 0 view .LVU534
 1739 0030 023B     		subs	r3, r3, #2
 1740              	.LVL140:
 637:Drivers/STM32G4xx_HAL_Driver/Src/stm32g4xx_hal_flash_ex.c ****       (cache == FLASH_CACHE_ICACHE_DCACHE_ENABLED))
 1741              		.loc 1 637 45 view .LVU535
 1742 0032 DBB2     		uxtb	r3, r3
 1743              	.LVL141:
 637:Drivers/STM32G4xx_HAL_Driver/Src/stm32g4xx_hal_flash_ex.c ****       (cache == FLASH_CACHE_ICACHE_DCACHE_ENABLED))
 1744              		.loc 1 637 6 view .LVU536
 1745 0034 012B     		cmp	r3, #1
 1746 0036 03D9     		bls	.L146
 1747              	.L145:
 647:Drivers/STM32G4xx_HAL_Driver/Src/stm32g4xx_hal_flash_ex.c **** }
 1748              		.loc 1 647 3 is_stmt 1 view .LVU537
 647:Drivers/STM32G4xx_HAL_Driver/Src/stm32g4xx_hal_flash_ex.c **** }
 1749              		.loc 1 647 28 is_stmt 0 view .LVU538
 1750 0038 084B     		ldr	r3, .L147
 1751 003a 0022     		movs	r2, #0
 1752 003c 1A77     		strb	r2, [r3, #28]
 648:Drivers/STM32G4xx_HAL_Driver/Src/stm32g4xx_hal_flash_ex.c **** 
 1753              		.loc 1 648 1 view .LVU539
ARM GAS  C:\Users\MyPC\AppData\Local\Temp\ccdWaBxv.s 			page 64


 1754 003e 7047     		bx	lr
 1755              	.L146:
 641:Drivers/STM32G4xx_HAL_Driver/Src/stm32g4xx_hal_flash_ex.c ****     /* Enable data cache */
 1756              		.loc 1 641 5 is_stmt 1 view .LVU540
 641:Drivers/STM32G4xx_HAL_Driver/Src/stm32g4xx_hal_flash_ex.c ****     /* Enable data cache */
 1757              		.loc 1 641 5 view .LVU541
 1758 0040 074B     		ldr	r3, .L147+4
 1759 0042 1A68     		ldr	r2, [r3]
 1760 0044 42F48052 		orr	r2, r2, #4096
 1761 0048 1A60     		str	r2, [r3]
 641:Drivers/STM32G4xx_HAL_Driver/Src/stm32g4xx_hal_flash_ex.c ****     /* Enable data cache */
 1762              		.loc 1 641 5 view .LVU542
 1763 004a 1A68     		ldr	r2, [r3]
 1764 004c 22F48052 		bic	r2, r2, #4096
 1765 0050 1A60     		str	r2, [r3]
 641:Drivers/STM32G4xx_HAL_Driver/Src/stm32g4xx_hal_flash_ex.c ****     /* Enable data cache */
 1766              		.loc 1 641 5 view .LVU543
 643:Drivers/STM32G4xx_HAL_Driver/Src/stm32g4xx_hal_flash_ex.c ****   }
 1767              		.loc 1 643 5 view .LVU544
 1768 0052 1A68     		ldr	r2, [r3]
 1769 0054 42F48062 		orr	r2, r2, #1024
 1770 0058 1A60     		str	r2, [r3]
 1771 005a EDE7     		b	.L145
 1772              	.L148:
 1773              		.align	2
 1774              	.L147:
 1775 005c 00000000 		.word	pFlash
 1776 0060 00200240 		.word	1073881088
 1777              		.cfi_endproc
 1778              	.LFE141:
 1780              		.section	.text.HAL_FLASHEx_Erase,"ax",%progbits
 1781              		.align	1
 1782              		.global	HAL_FLASHEx_Erase
 1783              		.syntax unified
 1784              		.thumb
 1785              		.thumb_func
 1787              	HAL_FLASHEx_Erase:
 1788              	.LVL142:
 1789              	.LFB132:
 139:Drivers/STM32G4xx_HAL_Driver/Src/stm32g4xx_hal_flash_ex.c ****   HAL_StatusTypeDef status;
 1790              		.loc 1 139 1 view -0
 1791              		.cfi_startproc
 1792              		@ args = 0, pretend = 0, frame = 0
 1793              		@ frame_needed = 0, uses_anonymous_args = 0
 139:Drivers/STM32G4xx_HAL_Driver/Src/stm32g4xx_hal_flash_ex.c ****   HAL_StatusTypeDef status;
 1794              		.loc 1 139 1 is_stmt 0 view .LVU546
 1795 0000 F8B5     		push	{r3, r4, r5, r6, r7, lr}
 1796              	.LCFI10:
 1797              		.cfi_def_cfa_offset 24
 1798              		.cfi_offset 3, -24
 1799              		.cfi_offset 4, -20
 1800              		.cfi_offset 5, -16
 1801              		.cfi_offset 6, -12
 1802              		.cfi_offset 7, -8
 1803              		.cfi_offset 14, -4
 140:Drivers/STM32G4xx_HAL_Driver/Src/stm32g4xx_hal_flash_ex.c ****   uint32_t page_index;
 1804              		.loc 1 140 3 is_stmt 1 view .LVU547
ARM GAS  C:\Users\MyPC\AppData\Local\Temp\ccdWaBxv.s 			page 65


 141:Drivers/STM32G4xx_HAL_Driver/Src/stm32g4xx_hal_flash_ex.c **** 
 1805              		.loc 1 141 3 view .LVU548
 144:Drivers/STM32G4xx_HAL_Driver/Src/stm32g4xx_hal_flash_ex.c **** 
 1806              		.loc 1 144 3 view .LVU549
 147:Drivers/STM32G4xx_HAL_Driver/Src/stm32g4xx_hal_flash_ex.c **** 
 1807              		.loc 1 147 3 view .LVU550
 147:Drivers/STM32G4xx_HAL_Driver/Src/stm32g4xx_hal_flash_ex.c **** 
 1808              		.loc 1 147 3 view .LVU551
 1809 0002 384B     		ldr	r3, .L165
 1810 0004 1B78     		ldrb	r3, [r3]	@ zero_extendqisi2
 1811 0006 012B     		cmp	r3, #1
 1812 0008 68D0     		beq	.L161
 1813 000a 0446     		mov	r4, r0
 1814 000c 0F46     		mov	r7, r1
 147:Drivers/STM32G4xx_HAL_Driver/Src/stm32g4xx_hal_flash_ex.c **** 
 1815              		.loc 1 147 3 discriminator 2 view .LVU552
 1816 000e 354B     		ldr	r3, .L165
 1817 0010 0122     		movs	r2, #1
 1818 0012 1A70     		strb	r2, [r3]
 147:Drivers/STM32G4xx_HAL_Driver/Src/stm32g4xx_hal_flash_ex.c **** 
 1819              		.loc 1 147 3 view .LVU553
 150:Drivers/STM32G4xx_HAL_Driver/Src/stm32g4xx_hal_flash_ex.c **** 
 1820              		.loc 1 150 3 view .LVU554
 150:Drivers/STM32G4xx_HAL_Driver/Src/stm32g4xx_hal_flash_ex.c **** 
 1821              		.loc 1 150 12 is_stmt 0 view .LVU555
 1822 0014 4FF47A70 		mov	r0, #1000
 1823              	.LVL143:
 150:Drivers/STM32G4xx_HAL_Driver/Src/stm32g4xx_hal_flash_ex.c **** 
 1824              		.loc 1 150 12 view .LVU556
 1825 0018 FFF7FEFF 		bl	FLASH_WaitForLastOperation
 1826              	.LVL144:
 152:Drivers/STM32G4xx_HAL_Driver/Src/stm32g4xx_hal_flash_ex.c ****   {
 1827              		.loc 1 152 3 is_stmt 1 view .LVU557
 152:Drivers/STM32G4xx_HAL_Driver/Src/stm32g4xx_hal_flash_ex.c ****   {
 1828              		.loc 1 152 6 is_stmt 0 view .LVU558
 1829 001c 0646     		mov	r6, r0
 1830 001e 0028     		cmp	r0, #0
 1831 0020 57D1     		bne	.L151
 154:Drivers/STM32G4xx_HAL_Driver/Src/stm32g4xx_hal_flash_ex.c **** 
 1832              		.loc 1 154 5 is_stmt 1 view .LVU559
 154:Drivers/STM32G4xx_HAL_Driver/Src/stm32g4xx_hal_flash_ex.c **** 
 1833              		.loc 1 154 22 is_stmt 0 view .LVU560
 1834 0022 304B     		ldr	r3, .L165
 1835 0024 5860     		str	r0, [r3, #4]
 157:Drivers/STM32G4xx_HAL_Driver/Src/stm32g4xx_hal_flash_ex.c ****     {
 1836              		.loc 1 157 5 is_stmt 1 view .LVU561
 157:Drivers/STM32G4xx_HAL_Driver/Src/stm32g4xx_hal_flash_ex.c ****     {
 1837              		.loc 1 157 9 is_stmt 0 view .LVU562
 1838 0026 304B     		ldr	r3, .L165+4
 1839 0028 1B68     		ldr	r3, [r3]
 157:Drivers/STM32G4xx_HAL_Driver/Src/stm32g4xx_hal_flash_ex.c ****     {
 1840              		.loc 1 157 8 view .LVU563
 1841 002a 13F4007F 		tst	r3, #512
 1842 002e 2DD0     		beq	.L152
 159:Drivers/STM32G4xx_HAL_Driver/Src/stm32g4xx_hal_flash_ex.c ****       {
 1843              		.loc 1 159 7 is_stmt 1 view .LVU564
 159:Drivers/STM32G4xx_HAL_Driver/Src/stm32g4xx_hal_flash_ex.c ****       {
ARM GAS  C:\Users\MyPC\AppData\Local\Temp\ccdWaBxv.s 			page 66


 1844              		.loc 1 159 11 is_stmt 0 view .LVU565
 1845 0030 2D4B     		ldr	r3, .L165+4
 1846 0032 1B68     		ldr	r3, [r3]
 159:Drivers/STM32G4xx_HAL_Driver/Src/stm32g4xx_hal_flash_ex.c ****       {
 1847              		.loc 1 159 10 view .LVU566
 1848 0034 13F4806F 		tst	r3, #1024
 1849 0038 24D0     		beq	.L153
 162:Drivers/STM32G4xx_HAL_Driver/Src/stm32g4xx_hal_flash_ex.c ****         pFlash.CacheToReactivate = FLASH_CACHE_ICACHE_DCACHE_ENABLED;
 1850              		.loc 1 162 9 is_stmt 1 view .LVU567
 1851 003a 2B4A     		ldr	r2, .L165+4
 1852 003c 1368     		ldr	r3, [r2]
 1853 003e 23F48063 		bic	r3, r3, #1024
 1854 0042 1360     		str	r3, [r2]
 163:Drivers/STM32G4xx_HAL_Driver/Src/stm32g4xx_hal_flash_ex.c ****       }
 1855              		.loc 1 163 9 view .LVU568
 163:Drivers/STM32G4xx_HAL_Driver/Src/stm32g4xx_hal_flash_ex.c ****       }
 1856              		.loc 1 163 34 is_stmt 0 view .LVU569
 1857 0044 274B     		ldr	r3, .L165
 1858 0046 0322     		movs	r2, #3
 1859 0048 1A77     		strb	r2, [r3, #28]
 1860              	.L154:
 181:Drivers/STM32G4xx_HAL_Driver/Src/stm32g4xx_hal_flash_ex.c ****     {
 1861              		.loc 1 181 5 is_stmt 1 view .LVU570
 181:Drivers/STM32G4xx_HAL_Driver/Src/stm32g4xx_hal_flash_ex.c ****     {
 1862              		.loc 1 181 19 is_stmt 0 view .LVU571
 1863 004a 2368     		ldr	r3, [r4]
 181:Drivers/STM32G4xx_HAL_Driver/Src/stm32g4xx_hal_flash_ex.c ****     {
 1864              		.loc 1 181 8 view .LVU572
 1865 004c 012B     		cmp	r3, #1
 1866 004e 2FD0     		beq	.L163
 200:Drivers/STM32G4xx_HAL_Driver/Src/stm32g4xx_hal_flash_ex.c **** 
 1867              		.loc 1 200 7 is_stmt 1 view .LVU573
 200:Drivers/STM32G4xx_HAL_Driver/Src/stm32g4xx_hal_flash_ex.c **** 
 1868              		.loc 1 200 18 is_stmt 0 view .LVU574
 1869 0050 4FF0FF33 		mov	r3, #-1
 1870 0054 3B60     		str	r3, [r7]
 202:Drivers/STM32G4xx_HAL_Driver/Src/stm32g4xx_hal_flash_ex.c ****       {
 1871              		.loc 1 202 7 is_stmt 1 view .LVU575
 202:Drivers/STM32G4xx_HAL_Driver/Src/stm32g4xx_hal_flash_ex.c ****       {
 1872              		.loc 1 202 23 is_stmt 0 view .LVU576
 1873 0056 A568     		ldr	r5, [r4, #8]
 1874              	.LVL145:
 1875              	.L158:
 202:Drivers/STM32G4xx_HAL_Driver/Src/stm32g4xx_hal_flash_ex.c ****       {
 1876              		.loc 1 202 54 is_stmt 1 discriminator 1 view .LVU577
 202:Drivers/STM32G4xx_HAL_Driver/Src/stm32g4xx_hal_flash_ex.c ****       {
 1877              		.loc 1 202 67 is_stmt 0 discriminator 1 view .LVU578
 1878 0058 A368     		ldr	r3, [r4, #8]
 202:Drivers/STM32G4xx_HAL_Driver/Src/stm32g4xx_hal_flash_ex.c ****       {
 1879              		.loc 1 202 86 discriminator 1 view .LVU579
 1880 005a E268     		ldr	r2, [r4, #12]
 202:Drivers/STM32G4xx_HAL_Driver/Src/stm32g4xx_hal_flash_ex.c ****       {
 1881              		.loc 1 202 74 discriminator 1 view .LVU580
 1882 005c 1344     		add	r3, r3, r2
 202:Drivers/STM32G4xx_HAL_Driver/Src/stm32g4xx_hal_flash_ex.c ****       {
 1883              		.loc 1 202 54 discriminator 1 view .LVU581
 1884 005e AB42     		cmp	r3, r5
ARM GAS  C:\Users\MyPC\AppData\Local\Temp\ccdWaBxv.s 			page 67


 1885 0060 35D9     		bls	.L157
 204:Drivers/STM32G4xx_HAL_Driver/Src/stm32g4xx_hal_flash_ex.c **** 
 1886              		.loc 1 204 9 is_stmt 1 view .LVU582
 1887 0062 6168     		ldr	r1, [r4, #4]
 1888 0064 2846     		mov	r0, r5
 1889 0066 FFF7FEFF 		bl	FLASH_PageErase
 1890              	.LVL146:
 207:Drivers/STM32G4xx_HAL_Driver/Src/stm32g4xx_hal_flash_ex.c **** 
 1891              		.loc 1 207 9 view .LVU583
 207:Drivers/STM32G4xx_HAL_Driver/Src/stm32g4xx_hal_flash_ex.c **** 
 1892              		.loc 1 207 18 is_stmt 0 view .LVU584
 1893 006a 4FF47A70 		mov	r0, #1000
 1894 006e FFF7FEFF 		bl	FLASH_WaitForLastOperation
 1895              	.LVL147:
 210:Drivers/STM32G4xx_HAL_Driver/Src/stm32g4xx_hal_flash_ex.c **** 
 1896              		.loc 1 210 9 is_stmt 1 view .LVU585
 1897 0072 1D4A     		ldr	r2, .L165+4
 1898 0074 5369     		ldr	r3, [r2, #20]
 1899 0076 23F4FD73 		bic	r3, r3, #506
 1900 007a 5361     		str	r3, [r2, #20]
 212:Drivers/STM32G4xx_HAL_Driver/Src/stm32g4xx_hal_flash_ex.c ****         {
 1901              		.loc 1 212 9 view .LVU586
 212:Drivers/STM32G4xx_HAL_Driver/Src/stm32g4xx_hal_flash_ex.c ****         {
 1902              		.loc 1 212 12 is_stmt 0 view .LVU587
 1903 007c 0646     		mov	r6, r0
 1904 007e 28BB     		cbnz	r0, .L164
 202:Drivers/STM32G4xx_HAL_Driver/Src/stm32g4xx_hal_flash_ex.c ****       {
 1905              		.loc 1 202 108 is_stmt 1 discriminator 2 view .LVU588
 1906 0080 0135     		adds	r5, r5, #1
 1907              	.LVL148:
 202:Drivers/STM32G4xx_HAL_Driver/Src/stm32g4xx_hal_flash_ex.c ****       {
 1908              		.loc 1 202 108 is_stmt 0 discriminator 2 view .LVU589
 1909 0082 E9E7     		b	.L158
 1910              	.LVL149:
 1911              	.L153:
 167:Drivers/STM32G4xx_HAL_Driver/Src/stm32g4xx_hal_flash_ex.c ****       }
 1912              		.loc 1 167 9 is_stmt 1 view .LVU590
 167:Drivers/STM32G4xx_HAL_Driver/Src/stm32g4xx_hal_flash_ex.c ****       }
 1913              		.loc 1 167 34 is_stmt 0 view .LVU591
 1914 0084 174B     		ldr	r3, .L165
 1915 0086 0122     		movs	r2, #1
 1916 0088 1A77     		strb	r2, [r3, #28]
 1917 008a DEE7     		b	.L154
 1918              	.L152:
 170:Drivers/STM32G4xx_HAL_Driver/Src/stm32g4xx_hal_flash_ex.c ****     {
 1919              		.loc 1 170 10 is_stmt 1 view .LVU592
 170:Drivers/STM32G4xx_HAL_Driver/Src/stm32g4xx_hal_flash_ex.c ****     {
 1920              		.loc 1 170 14 is_stmt 0 view .LVU593
 1921 008c 164B     		ldr	r3, .L165+4
 1922 008e 1B68     		ldr	r3, [r3]
 170:Drivers/STM32G4xx_HAL_Driver/Src/stm32g4xx_hal_flash_ex.c ****     {
 1923              		.loc 1 170 13 view .LVU594
 1924 0090 13F4806F 		tst	r3, #1024
 1925 0094 08D0     		beq	.L155
 173:Drivers/STM32G4xx_HAL_Driver/Src/stm32g4xx_hal_flash_ex.c ****       pFlash.CacheToReactivate = FLASH_CACHE_DCACHE_ENABLED;
 1926              		.loc 1 173 7 is_stmt 1 view .LVU595
 1927 0096 144A     		ldr	r2, .L165+4
ARM GAS  C:\Users\MyPC\AppData\Local\Temp\ccdWaBxv.s 			page 68


 1928 0098 1368     		ldr	r3, [r2]
 1929 009a 23F48063 		bic	r3, r3, #1024
 1930 009e 1360     		str	r3, [r2]
 174:Drivers/STM32G4xx_HAL_Driver/Src/stm32g4xx_hal_flash_ex.c ****     }
 1931              		.loc 1 174 7 view .LVU596
 174:Drivers/STM32G4xx_HAL_Driver/Src/stm32g4xx_hal_flash_ex.c ****     }
 1932              		.loc 1 174 32 is_stmt 0 view .LVU597
 1933 00a0 104B     		ldr	r3, .L165
 1934 00a2 0222     		movs	r2, #2
 1935 00a4 1A77     		strb	r2, [r3, #28]
 1936 00a6 D0E7     		b	.L154
 1937              	.L155:
 178:Drivers/STM32G4xx_HAL_Driver/Src/stm32g4xx_hal_flash_ex.c ****     }
 1938              		.loc 1 178 7 is_stmt 1 view .LVU598
 178:Drivers/STM32G4xx_HAL_Driver/Src/stm32g4xx_hal_flash_ex.c ****     }
 1939              		.loc 1 178 32 is_stmt 0 view .LVU599
 1940 00a8 0E4B     		ldr	r3, .L165
 1941 00aa 0022     		movs	r2, #0
 1942 00ac 1A77     		strb	r2, [r3, #28]
 1943 00ae CCE7     		b	.L154
 1944              	.L163:
 184:Drivers/STM32G4xx_HAL_Driver/Src/stm32g4xx_hal_flash_ex.c **** 
 1945              		.loc 1 184 7 is_stmt 1 view .LVU600
 1946 00b0 6068     		ldr	r0, [r4, #4]
 1947              	.LVL150:
 184:Drivers/STM32G4xx_HAL_Driver/Src/stm32g4xx_hal_flash_ex.c **** 
 1948              		.loc 1 184 7 is_stmt 0 view .LVU601
 1949 00b2 FFF7FEFF 		bl	FLASH_MassErase
 1950              	.LVL151:
 187:Drivers/STM32G4xx_HAL_Driver/Src/stm32g4xx_hal_flash_ex.c **** 
 1951              		.loc 1 187 7 is_stmt 1 view .LVU602
 187:Drivers/STM32G4xx_HAL_Driver/Src/stm32g4xx_hal_flash_ex.c **** 
 1952              		.loc 1 187 16 is_stmt 0 view .LVU603
 1953 00b6 4FF47A70 		mov	r0, #1000
 1954 00ba FFF7FEFF 		bl	FLASH_WaitForLastOperation
 1955              	.LVL152:
 1956 00be 0646     		mov	r6, r0
 1957              	.LVL153:
 194:Drivers/STM32G4xx_HAL_Driver/Src/stm32g4xx_hal_flash_ex.c **** #endif
 1958              		.loc 1 194 7 is_stmt 1 view .LVU604
 1959 00c0 094A     		ldr	r2, .L165+4
 1960 00c2 5369     		ldr	r3, [r2, #20]
 1961 00c4 23F00403 		bic	r3, r3, #4
 1962 00c8 5361     		str	r3, [r2, #20]
 1963 00ca 00E0     		b	.L157
 1964              	.LVL154:
 1965              	.L164:
 215:Drivers/STM32G4xx_HAL_Driver/Src/stm32g4xx_hal_flash_ex.c ****           break;
 1966              		.loc 1 215 11 view .LVU605
 215:Drivers/STM32G4xx_HAL_Driver/Src/stm32g4xx_hal_flash_ex.c ****           break;
 1967              		.loc 1 215 22 is_stmt 0 view .LVU606
 1968 00cc 3D60     		str	r5, [r7]
 216:Drivers/STM32G4xx_HAL_Driver/Src/stm32g4xx_hal_flash_ex.c ****         }
 1969              		.loc 1 216 11 is_stmt 1 view .LVU607
 1970              	.LVL155:
 1971              	.L157:
 222:Drivers/STM32G4xx_HAL_Driver/Src/stm32g4xx_hal_flash_ex.c ****   }
ARM GAS  C:\Users\MyPC\AppData\Local\Temp\ccdWaBxv.s 			page 69


 1972              		.loc 1 222 5 view .LVU608
 1973 00ce FFF7FEFF 		bl	FLASH_FlushCaches
 1974              	.LVL156:
 1975              	.L151:
 226:Drivers/STM32G4xx_HAL_Driver/Src/stm32g4xx_hal_flash_ex.c **** 
 1976              		.loc 1 226 3 view .LVU609
 226:Drivers/STM32G4xx_HAL_Driver/Src/stm32g4xx_hal_flash_ex.c **** 
 1977              		.loc 1 226 3 view .LVU610
 1978 00d2 044B     		ldr	r3, .L165
 1979 00d4 0022     		movs	r2, #0
 1980 00d6 1A70     		strb	r2, [r3]
 226:Drivers/STM32G4xx_HAL_Driver/Src/stm32g4xx_hal_flash_ex.c **** 
 1981              		.loc 1 226 3 view .LVU611
 228:Drivers/STM32G4xx_HAL_Driver/Src/stm32g4xx_hal_flash_ex.c **** }
 1982              		.loc 1 228 3 view .LVU612
 1983              	.LVL157:
 1984              	.L150:
 229:Drivers/STM32G4xx_HAL_Driver/Src/stm32g4xx_hal_flash_ex.c **** 
 1985              		.loc 1 229 1 is_stmt 0 view .LVU613
 1986 00d8 3046     		mov	r0, r6
 1987 00da F8BD     		pop	{r3, r4, r5, r6, r7, pc}
 1988              	.LVL158:
 1989              	.L161:
 147:Drivers/STM32G4xx_HAL_Driver/Src/stm32g4xx_hal_flash_ex.c **** 
 1990              		.loc 1 147 3 discriminator 1 view .LVU614
 1991 00dc 0223     		movs	r3, #2
 1992 00de 1E46     		mov	r6, r3
 1993 00e0 FAE7     		b	.L150
 1994              	.L166:
 1995 00e2 00BF     		.align	2
 1996              	.L165:
 1997 00e4 00000000 		.word	pFlash
 1998 00e8 00200240 		.word	1073881088
 1999              		.cfi_endproc
 2000              	.LFE132:
 2002              		.text
 2003              	.Letext0:
 2004              		.file 2 "D:/Program Files (x86)/Arm/GNU Toolchain mingw-w64-i686-arm-none-eabi/arm-none-eabi/inclu
 2005              		.file 3 "D:/Program Files (x86)/Arm/GNU Toolchain mingw-w64-i686-arm-none-eabi/arm-none-eabi/inclu
 2006              		.file 4 "Drivers/CMSIS/Device/ST/STM32G4xx/Include/stm32g431xx.h"
 2007              		.file 5 "Drivers/STM32G4xx_HAL_Driver/Inc/stm32g4xx_hal_def.h"
 2008              		.file 6 "Drivers/STM32G4xx_HAL_Driver/Inc/stm32g4xx_hal_flash.h"
ARM GAS  C:\Users\MyPC\AppData\Local\Temp\ccdWaBxv.s 			page 70


DEFINED SYMBOLS
                            *ABS*:00000000 stm32g4xx_hal_flash_ex.c
C:\Users\MyPC\AppData\Local\Temp\ccdWaBxv.s:21     .text.FLASH_MassErase:00000000 $t
C:\Users\MyPC\AppData\Local\Temp\ccdWaBxv.s:26     .text.FLASH_MassErase:00000000 FLASH_MassErase
C:\Users\MyPC\AppData\Local\Temp\ccdWaBxv.s:55     .text.FLASH_MassErase:0000001c $d
C:\Users\MyPC\AppData\Local\Temp\ccdWaBxv.s:60     .text.FLASH_OB_GetSecMem:00000000 $t
C:\Users\MyPC\AppData\Local\Temp\ccdWaBxv.s:65     .text.FLASH_OB_GetSecMem:00000000 FLASH_OB_GetSecMem
C:\Users\MyPC\AppData\Local\Temp\ccdWaBxv.s:93     .text.FLASH_OB_GetSecMem:00000014 $d
C:\Users\MyPC\AppData\Local\Temp\ccdWaBxv.s:98     .text.FLASH_OB_GetBootLock:00000000 $t
C:\Users\MyPC\AppData\Local\Temp\ccdWaBxv.s:103    .text.FLASH_OB_GetBootLock:00000000 FLASH_OB_GetBootLock
C:\Users\MyPC\AppData\Local\Temp\ccdWaBxv.s:120    .text.FLASH_OB_GetBootLock:0000000c $d
C:\Users\MyPC\AppData\Local\Temp\ccdWaBxv.s:125    .text.FLASH_OB_GetWRP:00000000 $t
C:\Users\MyPC\AppData\Local\Temp\ccdWaBxv.s:130    .text.FLASH_OB_GetWRP:00000000 FLASH_OB_GetWRP
C:\Users\MyPC\AppData\Local\Temp\ccdWaBxv.s:192    .text.FLASH_OB_GetWRP:00000030 $d
C:\Users\MyPC\AppData\Local\Temp\ccdWaBxv.s:197    .text.FLASH_OB_GetRDP:00000000 $t
C:\Users\MyPC\AppData\Local\Temp\ccdWaBxv.s:202    .text.FLASH_OB_GetRDP:00000000 FLASH_OB_GetRDP
C:\Users\MyPC\AppData\Local\Temp\ccdWaBxv.s:232    .text.FLASH_OB_GetRDP:00000014 $d
C:\Users\MyPC\AppData\Local\Temp\ccdWaBxv.s:237    .text.FLASH_OB_GetUser:00000000 $t
C:\Users\MyPC\AppData\Local\Temp\ccdWaBxv.s:242    .text.FLASH_OB_GetUser:00000000 FLASH_OB_GetUser
C:\Users\MyPC\AppData\Local\Temp\ccdWaBxv.s:264    .text.FLASH_OB_GetUser:0000000c $d
C:\Users\MyPC\AppData\Local\Temp\ccdWaBxv.s:269    .text.FLASH_OB_GetPCROP:00000000 $t
C:\Users\MyPC\AppData\Local\Temp\ccdWaBxv.s:274    .text.FLASH_OB_GetPCROP:00000000 FLASH_OB_GetPCROP
C:\Users\MyPC\AppData\Local\Temp\ccdWaBxv.s:341    .text.FLASH_OB_GetPCROP:00000040 $d
C:\Users\MyPC\AppData\Local\Temp\ccdWaBxv.s:347    .text.FLASH_OB_WRPConfig:00000000 $t
C:\Users\MyPC\AppData\Local\Temp\ccdWaBxv.s:352    .text.FLASH_OB_WRPConfig:00000000 FLASH_OB_WRPConfig
C:\Users\MyPC\AppData\Local\Temp\ccdWaBxv.s:425    .text.FLASH_OB_WRPConfig:00000040 $d
C:\Users\MyPC\AppData\Local\Temp\ccdWaBxv.s:430    .text.FLASH_OB_RDPConfig:00000000 $t
C:\Users\MyPC\AppData\Local\Temp\ccdWaBxv.s:435    .text.FLASH_OB_RDPConfig:00000000 FLASH_OB_RDPConfig
C:\Users\MyPC\AppData\Local\Temp\ccdWaBxv.s:487    .text.FLASH_OB_RDPConfig:00000030 $d
C:\Users\MyPC\AppData\Local\Temp\ccdWaBxv.s:492    .text.FLASH_OB_UserConfig:00000000 $t
C:\Users\MyPC\AppData\Local\Temp\ccdWaBxv.s:497    .text.FLASH_OB_UserConfig:00000000 FLASH_OB_UserConfig
C:\Users\MyPC\AppData\Local\Temp\ccdWaBxv.s:800    .text.FLASH_OB_UserConfig:00000128 $d
C:\Users\MyPC\AppData\Local\Temp\ccdWaBxv.s:805    .text.FLASH_OB_PCROPConfig:00000000 $t
C:\Users\MyPC\AppData\Local\Temp\ccdWaBxv.s:810    .text.FLASH_OB_PCROPConfig:00000000 FLASH_OB_PCROPConfig
C:\Users\MyPC\AppData\Local\Temp\ccdWaBxv.s:898    .text.FLASH_OB_PCROPConfig:0000005c $d
C:\Users\MyPC\AppData\Local\Temp\ccdWaBxv.s:903    .text.FLASH_OB_SecMemConfig:00000000 $t
C:\Users\MyPC\AppData\Local\Temp\ccdWaBxv.s:908    .text.FLASH_OB_SecMemConfig:00000000 FLASH_OB_SecMemConfig
C:\Users\MyPC\AppData\Local\Temp\ccdWaBxv.s:969    .text.FLASH_OB_SecMemConfig:00000038 $d
C:\Users\MyPC\AppData\Local\Temp\ccdWaBxv.s:974    .text.FLASH_OB_BootLockConfig:00000000 $t
C:\Users\MyPC\AppData\Local\Temp\ccdWaBxv.s:979    .text.FLASH_OB_BootLockConfig:00000000 FLASH_OB_BootLockConfig
C:\Users\MyPC\AppData\Local\Temp\ccdWaBxv.s:1031   .text.FLASH_OB_BootLockConfig:00000030 $d
C:\Users\MyPC\AppData\Local\Temp\ccdWaBxv.s:1036   .text.HAL_FLASHEx_OBProgram:00000000 $t
C:\Users\MyPC\AppData\Local\Temp\ccdWaBxv.s:1042   .text.HAL_FLASHEx_OBProgram:00000000 HAL_FLASHEx_OBProgram
C:\Users\MyPC\AppData\Local\Temp\ccdWaBxv.s:1257   .text.HAL_FLASHEx_OBProgram:000000cc $d
C:\Users\MyPC\AppData\Local\Temp\ccdWaBxv.s:1262   .text.HAL_FLASHEx_OBGetConfig:00000000 $t
C:\Users\MyPC\AppData\Local\Temp\ccdWaBxv.s:1268   .text.HAL_FLASHEx_OBGetConfig:00000000 HAL_FLASHEx_OBGetConfig
C:\Users\MyPC\AppData\Local\Temp\ccdWaBxv.s:1377   .text.HAL_FLASHEx_EnableSecMemProtection:00000000 $t
C:\Users\MyPC\AppData\Local\Temp\ccdWaBxv.s:1383   .text.HAL_FLASHEx_EnableSecMemProtection:00000000 HAL_FLASHEx_EnableSecMemProtection
C:\Users\MyPC\AppData\Local\Temp\ccdWaBxv.s:1406   .text.HAL_FLASHEx_EnableSecMemProtection:00000010 $d
C:\Users\MyPC\AppData\Local\Temp\ccdWaBxv.s:1411   .text.HAL_FLASHEx_EnableDebugger:00000000 $t
C:\Users\MyPC\AppData\Local\Temp\ccdWaBxv.s:1417   .text.HAL_FLASHEx_EnableDebugger:00000000 HAL_FLASHEx_EnableDebugger
C:\Users\MyPC\AppData\Local\Temp\ccdWaBxv.s:1436   .text.HAL_FLASHEx_EnableDebugger:0000000c $d
C:\Users\MyPC\AppData\Local\Temp\ccdWaBxv.s:1441   .text.HAL_FLASHEx_DisableDebugger:00000000 $t
C:\Users\MyPC\AppData\Local\Temp\ccdWaBxv.s:1447   .text.HAL_FLASHEx_DisableDebugger:00000000 HAL_FLASHEx_DisableDebugger
C:\Users\MyPC\AppData\Local\Temp\ccdWaBxv.s:1466   .text.HAL_FLASHEx_DisableDebugger:0000000c $d
C:\Users\MyPC\AppData\Local\Temp\ccdWaBxv.s:1471   .text.FLASH_PageErase:00000000 $t
C:\Users\MyPC\AppData\Local\Temp\ccdWaBxv.s:1477   .text.FLASH_PageErase:00000000 FLASH_PageErase
ARM GAS  C:\Users\MyPC\AppData\Local\Temp\ccdWaBxv.s 			page 71


C:\Users\MyPC\AppData\Local\Temp\ccdWaBxv.s:1510   .text.FLASH_PageErase:00000024 $d
C:\Users\MyPC\AppData\Local\Temp\ccdWaBxv.s:1515   .text.HAL_FLASHEx_Erase_IT:00000000 $t
C:\Users\MyPC\AppData\Local\Temp\ccdWaBxv.s:1521   .text.HAL_FLASHEx_Erase_IT:00000000 HAL_FLASHEx_Erase_IT
C:\Users\MyPC\AppData\Local\Temp\ccdWaBxv.s:1684   .text.HAL_FLASHEx_Erase_IT:000000a8 $d
C:\Users\MyPC\AppData\Local\Temp\ccdWaBxv.s:1690   .text.FLASH_FlushCaches:00000000 $t
C:\Users\MyPC\AppData\Local\Temp\ccdWaBxv.s:1696   .text.FLASH_FlushCaches:00000000 FLASH_FlushCaches
C:\Users\MyPC\AppData\Local\Temp\ccdWaBxv.s:1775   .text.FLASH_FlushCaches:0000005c $d
C:\Users\MyPC\AppData\Local\Temp\ccdWaBxv.s:1781   .text.HAL_FLASHEx_Erase:00000000 $t
C:\Users\MyPC\AppData\Local\Temp\ccdWaBxv.s:1787   .text.HAL_FLASHEx_Erase:00000000 HAL_FLASHEx_Erase
C:\Users\MyPC\AppData\Local\Temp\ccdWaBxv.s:1997   .text.HAL_FLASHEx_Erase:000000e4 $d

UNDEFINED SYMBOLS
FLASH_WaitForLastOperation
pFlash
