ARM GAS  C:\Users\MyPC\AppData\Local\Temp\ccBqBDC5.s 			page 1


   1              		.cpu cortex-m4
   2              		.arch armv7e-m
   3              		.fpu fpv4-sp-d16
   4              		.eabi_attribute 27, 1
   5              		.eabi_attribute 28, 1
   6              		.eabi_attribute 20, 1
   7              		.eabi_attribute 21, 1
   8              		.eabi_attribute 23, 3
   9              		.eabi_attribute 24, 1
  10              		.eabi_attribute 25, 1
  11              		.eabi_attribute 26, 1
  12              		.eabi_attribute 30, 1
  13              		.eabi_attribute 34, 1
  14              		.eabi_attribute 18, 4
  15              		.file	"stm32g4xx_hal_gpio.c"
  16              		.text
  17              	.Ltext0:
  18              		.cfi_sections	.debug_frame
  19              		.file 1 "Drivers/STM32G4xx_HAL_Driver/Src/stm32g4xx_hal_gpio.c"
  20              		.section	.text.HAL_GPIO_Init,"ax",%progbits
  21              		.align	1
  22              		.global	HAL_GPIO_Init
  23              		.syntax unified
  24              		.thumb
  25              		.thumb_func
  27              	HAL_GPIO_Init:
  28              	.LVL0:
  29              	.LFB132:
   1:Drivers/STM32G4xx_HAL_Driver/Src/stm32g4xx_hal_gpio.c **** /**
   2:Drivers/STM32G4xx_HAL_Driver/Src/stm32g4xx_hal_gpio.c ****   ******************************************************************************
   3:Drivers/STM32G4xx_HAL_Driver/Src/stm32g4xx_hal_gpio.c ****   * @file    stm32g4xx_hal_gpio.c
   4:Drivers/STM32G4xx_HAL_Driver/Src/stm32g4xx_hal_gpio.c ****   * @author  MCD Application Team
   5:Drivers/STM32G4xx_HAL_Driver/Src/stm32g4xx_hal_gpio.c ****   * @brief   GPIO HAL module driver.
   6:Drivers/STM32G4xx_HAL_Driver/Src/stm32g4xx_hal_gpio.c ****   *          This file provides firmware functions to manage the following
   7:Drivers/STM32G4xx_HAL_Driver/Src/stm32g4xx_hal_gpio.c ****   *          functionalities of the General Purpose Input/Output (GPIO) peripheral:
   8:Drivers/STM32G4xx_HAL_Driver/Src/stm32g4xx_hal_gpio.c ****   *           + Initialization and de-initialization functions
   9:Drivers/STM32G4xx_HAL_Driver/Src/stm32g4xx_hal_gpio.c ****   *           + IO operation functions
  10:Drivers/STM32G4xx_HAL_Driver/Src/stm32g4xx_hal_gpio.c ****   *
  11:Drivers/STM32G4xx_HAL_Driver/Src/stm32g4xx_hal_gpio.c ****   ******************************************************************************
  12:Drivers/STM32G4xx_HAL_Driver/Src/stm32g4xx_hal_gpio.c ****   * @attention
  13:Drivers/STM32G4xx_HAL_Driver/Src/stm32g4xx_hal_gpio.c ****   *
  14:Drivers/STM32G4xx_HAL_Driver/Src/stm32g4xx_hal_gpio.c ****   * Copyright (c) 2019 STMicroelectronics.
  15:Drivers/STM32G4xx_HAL_Driver/Src/stm32g4xx_hal_gpio.c ****   * All rights reserved.
  16:Drivers/STM32G4xx_HAL_Driver/Src/stm32g4xx_hal_gpio.c ****   *
  17:Drivers/STM32G4xx_HAL_Driver/Src/stm32g4xx_hal_gpio.c ****   * This software is licensed under terms that can be found in the LICENSE file
  18:Drivers/STM32G4xx_HAL_Driver/Src/stm32g4xx_hal_gpio.c ****   * in the root directory of this software component.
  19:Drivers/STM32G4xx_HAL_Driver/Src/stm32g4xx_hal_gpio.c ****   * If no LICENSE file comes with this software, it is provided AS-IS.
  20:Drivers/STM32G4xx_HAL_Driver/Src/stm32g4xx_hal_gpio.c ****   *
  21:Drivers/STM32G4xx_HAL_Driver/Src/stm32g4xx_hal_gpio.c ****   ******************************************************************************
  22:Drivers/STM32G4xx_HAL_Driver/Src/stm32g4xx_hal_gpio.c ****   @verbatim
  23:Drivers/STM32G4xx_HAL_Driver/Src/stm32g4xx_hal_gpio.c ****   ==============================================================================
  24:Drivers/STM32G4xx_HAL_Driver/Src/stm32g4xx_hal_gpio.c ****                     ##### GPIO Peripheral features #####
  25:Drivers/STM32G4xx_HAL_Driver/Src/stm32g4xx_hal_gpio.c ****   ==============================================================================
  26:Drivers/STM32G4xx_HAL_Driver/Src/stm32g4xx_hal_gpio.c ****   [..]
  27:Drivers/STM32G4xx_HAL_Driver/Src/stm32g4xx_hal_gpio.c ****     (+) Each port bit of the general-purpose I/O (GPIO) ports can be individually
  28:Drivers/STM32G4xx_HAL_Driver/Src/stm32g4xx_hal_gpio.c ****         configured by software in several modes:
  29:Drivers/STM32G4xx_HAL_Driver/Src/stm32g4xx_hal_gpio.c ****         (++) Input mode
ARM GAS  C:\Users\MyPC\AppData\Local\Temp\ccBqBDC5.s 			page 2


  30:Drivers/STM32G4xx_HAL_Driver/Src/stm32g4xx_hal_gpio.c ****         (++) Analog mode
  31:Drivers/STM32G4xx_HAL_Driver/Src/stm32g4xx_hal_gpio.c ****         (++) Output mode
  32:Drivers/STM32G4xx_HAL_Driver/Src/stm32g4xx_hal_gpio.c ****         (++) Alternate function mode
  33:Drivers/STM32G4xx_HAL_Driver/Src/stm32g4xx_hal_gpio.c ****         (++) External interrupt/event lines
  34:Drivers/STM32G4xx_HAL_Driver/Src/stm32g4xx_hal_gpio.c **** 
  35:Drivers/STM32G4xx_HAL_Driver/Src/stm32g4xx_hal_gpio.c ****     (+) During and just after reset, the alternate functions and external interrupt
  36:Drivers/STM32G4xx_HAL_Driver/Src/stm32g4xx_hal_gpio.c ****         lines are not active and the I/O ports are configured in input floating mode.
  37:Drivers/STM32G4xx_HAL_Driver/Src/stm32g4xx_hal_gpio.c **** 
  38:Drivers/STM32G4xx_HAL_Driver/Src/stm32g4xx_hal_gpio.c ****     (+) All GPIO pins have weak internal pull-up and pull-down resistors, which can be
  39:Drivers/STM32G4xx_HAL_Driver/Src/stm32g4xx_hal_gpio.c ****         activated or not.
  40:Drivers/STM32G4xx_HAL_Driver/Src/stm32g4xx_hal_gpio.c **** 
  41:Drivers/STM32G4xx_HAL_Driver/Src/stm32g4xx_hal_gpio.c ****     (+) In Output or Alternate mode, each IO can be configured on open-drain or push-pull
  42:Drivers/STM32G4xx_HAL_Driver/Src/stm32g4xx_hal_gpio.c ****         type and the IO speed can be selected depending on the VDD value.
  43:Drivers/STM32G4xx_HAL_Driver/Src/stm32g4xx_hal_gpio.c **** 
  44:Drivers/STM32G4xx_HAL_Driver/Src/stm32g4xx_hal_gpio.c ****     (+) The microcontroller IO pins are connected to onboard peripherals/modules through a
  45:Drivers/STM32G4xx_HAL_Driver/Src/stm32g4xx_hal_gpio.c ****         multiplexer that allows only one peripheral alternate function (AF) connected
  46:Drivers/STM32G4xx_HAL_Driver/Src/stm32g4xx_hal_gpio.c ****        to an IO pin at a time. In this way, there can be no conflict between peripherals
  47:Drivers/STM32G4xx_HAL_Driver/Src/stm32g4xx_hal_gpio.c ****        sharing the same IO pin.
  48:Drivers/STM32G4xx_HAL_Driver/Src/stm32g4xx_hal_gpio.c **** 
  49:Drivers/STM32G4xx_HAL_Driver/Src/stm32g4xx_hal_gpio.c ****     (+) All ports have external interrupt/event capability. To use external interrupt
  50:Drivers/STM32G4xx_HAL_Driver/Src/stm32g4xx_hal_gpio.c ****         lines, the port must be configured in input mode. All available GPIO pins are
  51:Drivers/STM32G4xx_HAL_Driver/Src/stm32g4xx_hal_gpio.c ****         connected to the 16 external interrupt/event lines from EXTI0 to EXTI15.
  52:Drivers/STM32G4xx_HAL_Driver/Src/stm32g4xx_hal_gpio.c **** 
  53:Drivers/STM32G4xx_HAL_Driver/Src/stm32g4xx_hal_gpio.c ****     (+) The external interrupt/event controller consists of up to 44 edge detectors
  54:Drivers/STM32G4xx_HAL_Driver/Src/stm32g4xx_hal_gpio.c ****         (16 lines are connected to GPIO) for generating event/interrupt requests (each
  55:Drivers/STM32G4xx_HAL_Driver/Src/stm32g4xx_hal_gpio.c ****         input line can be independently configured to select the type (interrupt or event)
  56:Drivers/STM32G4xx_HAL_Driver/Src/stm32g4xx_hal_gpio.c ****         and the corresponding trigger event (rising or falling or both). Each line can
  57:Drivers/STM32G4xx_HAL_Driver/Src/stm32g4xx_hal_gpio.c ****         also be masked independently.
  58:Drivers/STM32G4xx_HAL_Driver/Src/stm32g4xx_hal_gpio.c **** 
  59:Drivers/STM32G4xx_HAL_Driver/Src/stm32g4xx_hal_gpio.c ****                      ##### How to use this driver #####
  60:Drivers/STM32G4xx_HAL_Driver/Src/stm32g4xx_hal_gpio.c ****   ==============================================================================
  61:Drivers/STM32G4xx_HAL_Driver/Src/stm32g4xx_hal_gpio.c ****   [..]
  62:Drivers/STM32G4xx_HAL_Driver/Src/stm32g4xx_hal_gpio.c ****     (#) Enable the GPIO AHB clock using the following function: __HAL_RCC_GPIOx_CLK_ENABLE().
  63:Drivers/STM32G4xx_HAL_Driver/Src/stm32g4xx_hal_gpio.c **** 
  64:Drivers/STM32G4xx_HAL_Driver/Src/stm32g4xx_hal_gpio.c ****     (#) Configure the GPIO pin(s) using HAL_GPIO_Init().
  65:Drivers/STM32G4xx_HAL_Driver/Src/stm32g4xx_hal_gpio.c ****         (++) Configure the IO mode using "Mode" member from GPIO_InitTypeDef structure
  66:Drivers/STM32G4xx_HAL_Driver/Src/stm32g4xx_hal_gpio.c ****         (++) Activate Pull-up, Pull-down resistor using "Pull" member from GPIO_InitTypeDef
  67:Drivers/STM32G4xx_HAL_Driver/Src/stm32g4xx_hal_gpio.c ****              structure.
  68:Drivers/STM32G4xx_HAL_Driver/Src/stm32g4xx_hal_gpio.c ****         (++) In case of Output or alternate function mode selection: the speed is
  69:Drivers/STM32G4xx_HAL_Driver/Src/stm32g4xx_hal_gpio.c ****              configured through "Speed" member from GPIO_InitTypeDef structure.
  70:Drivers/STM32G4xx_HAL_Driver/Src/stm32g4xx_hal_gpio.c ****         (++) In alternate mode is selection, the alternate function connected to the IO
  71:Drivers/STM32G4xx_HAL_Driver/Src/stm32g4xx_hal_gpio.c ****              is configured through "Alternate" member from GPIO_InitTypeDef structure.
  72:Drivers/STM32G4xx_HAL_Driver/Src/stm32g4xx_hal_gpio.c ****         (++) Analog mode is required when a pin is to be used as ADC channel
  73:Drivers/STM32G4xx_HAL_Driver/Src/stm32g4xx_hal_gpio.c ****              or DAC output.
  74:Drivers/STM32G4xx_HAL_Driver/Src/stm32g4xx_hal_gpio.c ****         (++) In case of external interrupt/event selection the "Mode" member from
  75:Drivers/STM32G4xx_HAL_Driver/Src/stm32g4xx_hal_gpio.c ****              GPIO_InitTypeDef structure select the type (interrupt or event) and
  76:Drivers/STM32G4xx_HAL_Driver/Src/stm32g4xx_hal_gpio.c ****              the corresponding trigger event (rising or falling or both).
  77:Drivers/STM32G4xx_HAL_Driver/Src/stm32g4xx_hal_gpio.c **** 
  78:Drivers/STM32G4xx_HAL_Driver/Src/stm32g4xx_hal_gpio.c ****     (#) In case of external interrupt/event mode selection, configure NVIC IRQ priority
  79:Drivers/STM32G4xx_HAL_Driver/Src/stm32g4xx_hal_gpio.c ****         mapped to the EXTI line using HAL_NVIC_SetPriority() and enable it using
  80:Drivers/STM32G4xx_HAL_Driver/Src/stm32g4xx_hal_gpio.c ****         HAL_NVIC_EnableIRQ().
  81:Drivers/STM32G4xx_HAL_Driver/Src/stm32g4xx_hal_gpio.c **** 
  82:Drivers/STM32G4xx_HAL_Driver/Src/stm32g4xx_hal_gpio.c ****     (#) To get the level of a pin configured in input mode use HAL_GPIO_ReadPin().
  83:Drivers/STM32G4xx_HAL_Driver/Src/stm32g4xx_hal_gpio.c **** 
  84:Drivers/STM32G4xx_HAL_Driver/Src/stm32g4xx_hal_gpio.c ****     (#) To set/reset the level of a pin configured in output mode use
  85:Drivers/STM32G4xx_HAL_Driver/Src/stm32g4xx_hal_gpio.c ****         HAL_GPIO_WritePin()/HAL_GPIO_TogglePin().
  86:Drivers/STM32G4xx_HAL_Driver/Src/stm32g4xx_hal_gpio.c **** 
ARM GAS  C:\Users\MyPC\AppData\Local\Temp\ccBqBDC5.s 			page 3


  87:Drivers/STM32G4xx_HAL_Driver/Src/stm32g4xx_hal_gpio.c ****    (#) To lock pin configuration until next reset use HAL_GPIO_LockPin().
  88:Drivers/STM32G4xx_HAL_Driver/Src/stm32g4xx_hal_gpio.c **** 
  89:Drivers/STM32G4xx_HAL_Driver/Src/stm32g4xx_hal_gpio.c ****     (#) During and just after reset, the alternate functions are not
  90:Drivers/STM32G4xx_HAL_Driver/Src/stm32g4xx_hal_gpio.c ****         active and the GPIO pins are configured in input floating mode (except JTAG
  91:Drivers/STM32G4xx_HAL_Driver/Src/stm32g4xx_hal_gpio.c ****         pins).
  92:Drivers/STM32G4xx_HAL_Driver/Src/stm32g4xx_hal_gpio.c **** 
  93:Drivers/STM32G4xx_HAL_Driver/Src/stm32g4xx_hal_gpio.c ****     (#) The LSE oscillator pins OSC32_IN and OSC32_OUT can be used as general purpose
  94:Drivers/STM32G4xx_HAL_Driver/Src/stm32g4xx_hal_gpio.c ****         (PC14 and PC15, respectively) when the LSE oscillator is off. The LSE has
  95:Drivers/STM32G4xx_HAL_Driver/Src/stm32g4xx_hal_gpio.c ****         priority over the GPIO function.
  96:Drivers/STM32G4xx_HAL_Driver/Src/stm32g4xx_hal_gpio.c **** 
  97:Drivers/STM32G4xx_HAL_Driver/Src/stm32g4xx_hal_gpio.c ****     (#) The HSE oscillator pins OSC_IN/OSC_OUT can be used as
  98:Drivers/STM32G4xx_HAL_Driver/Src/stm32g4xx_hal_gpio.c ****         general purpose PF0 and PF1, respectively, when the HSE oscillator is off.
  99:Drivers/STM32G4xx_HAL_Driver/Src/stm32g4xx_hal_gpio.c ****         The HSE has priority over the GPIO function.
 100:Drivers/STM32G4xx_HAL_Driver/Src/stm32g4xx_hal_gpio.c **** 
 101:Drivers/STM32G4xx_HAL_Driver/Src/stm32g4xx_hal_gpio.c ****   @endverbatim
 102:Drivers/STM32G4xx_HAL_Driver/Src/stm32g4xx_hal_gpio.c ****   ******************************************************************************
 103:Drivers/STM32G4xx_HAL_Driver/Src/stm32g4xx_hal_gpio.c ****   */
 104:Drivers/STM32G4xx_HAL_Driver/Src/stm32g4xx_hal_gpio.c **** 
 105:Drivers/STM32G4xx_HAL_Driver/Src/stm32g4xx_hal_gpio.c **** /* Includes ------------------------------------------------------------------*/
 106:Drivers/STM32G4xx_HAL_Driver/Src/stm32g4xx_hal_gpio.c **** #include "stm32g4xx_hal.h"
 107:Drivers/STM32G4xx_HAL_Driver/Src/stm32g4xx_hal_gpio.c **** 
 108:Drivers/STM32G4xx_HAL_Driver/Src/stm32g4xx_hal_gpio.c **** /** @addtogroup STM32G4xx_HAL_Driver
 109:Drivers/STM32G4xx_HAL_Driver/Src/stm32g4xx_hal_gpio.c ****   * @{
 110:Drivers/STM32G4xx_HAL_Driver/Src/stm32g4xx_hal_gpio.c ****   */
 111:Drivers/STM32G4xx_HAL_Driver/Src/stm32g4xx_hal_gpio.c **** 
 112:Drivers/STM32G4xx_HAL_Driver/Src/stm32g4xx_hal_gpio.c **** /** @addtogroup GPIO
 113:Drivers/STM32G4xx_HAL_Driver/Src/stm32g4xx_hal_gpio.c ****   * @{
 114:Drivers/STM32G4xx_HAL_Driver/Src/stm32g4xx_hal_gpio.c ****   */
 115:Drivers/STM32G4xx_HAL_Driver/Src/stm32g4xx_hal_gpio.c **** /** MISRA C:2012 deviation rule has been granted for following rules:
 116:Drivers/STM32G4xx_HAL_Driver/Src/stm32g4xx_hal_gpio.c ****   * Rule-12.2 - Medium: RHS argument is in interval [0,INF] which is out of
 117:Drivers/STM32G4xx_HAL_Driver/Src/stm32g4xx_hal_gpio.c ****   * range of the shift operator in following API :
 118:Drivers/STM32G4xx_HAL_Driver/Src/stm32g4xx_hal_gpio.c ****   * HAL_GPIO_Init
 119:Drivers/STM32G4xx_HAL_Driver/Src/stm32g4xx_hal_gpio.c ****   * HAL_GPIO_DeInit
 120:Drivers/STM32G4xx_HAL_Driver/Src/stm32g4xx_hal_gpio.c ****   */
 121:Drivers/STM32G4xx_HAL_Driver/Src/stm32g4xx_hal_gpio.c **** 
 122:Drivers/STM32G4xx_HAL_Driver/Src/stm32g4xx_hal_gpio.c **** #ifdef HAL_GPIO_MODULE_ENABLED
 123:Drivers/STM32G4xx_HAL_Driver/Src/stm32g4xx_hal_gpio.c **** 
 124:Drivers/STM32G4xx_HAL_Driver/Src/stm32g4xx_hal_gpio.c **** /* Private typedef -----------------------------------------------------------*/
 125:Drivers/STM32G4xx_HAL_Driver/Src/stm32g4xx_hal_gpio.c **** /* Private defines -----------------------------------------------------------*/
 126:Drivers/STM32G4xx_HAL_Driver/Src/stm32g4xx_hal_gpio.c **** /** @addtogroup GPIO_Private_Constants GPIO Private Constants
 127:Drivers/STM32G4xx_HAL_Driver/Src/stm32g4xx_hal_gpio.c ****   * @{
 128:Drivers/STM32G4xx_HAL_Driver/Src/stm32g4xx_hal_gpio.c ****   */
 129:Drivers/STM32G4xx_HAL_Driver/Src/stm32g4xx_hal_gpio.c **** #define GPIO_NUMBER           (16U)
 130:Drivers/STM32G4xx_HAL_Driver/Src/stm32g4xx_hal_gpio.c **** /**
 131:Drivers/STM32G4xx_HAL_Driver/Src/stm32g4xx_hal_gpio.c ****   * @}
 132:Drivers/STM32G4xx_HAL_Driver/Src/stm32g4xx_hal_gpio.c ****   */
 133:Drivers/STM32G4xx_HAL_Driver/Src/stm32g4xx_hal_gpio.c **** 
 134:Drivers/STM32G4xx_HAL_Driver/Src/stm32g4xx_hal_gpio.c **** /* Private macros ------------------------------------------------------------*/
 135:Drivers/STM32G4xx_HAL_Driver/Src/stm32g4xx_hal_gpio.c **** /* Private variables ---------------------------------------------------------*/
 136:Drivers/STM32G4xx_HAL_Driver/Src/stm32g4xx_hal_gpio.c **** /* Private function prototypes -----------------------------------------------*/
 137:Drivers/STM32G4xx_HAL_Driver/Src/stm32g4xx_hal_gpio.c **** /* Exported functions --------------------------------------------------------*/
 138:Drivers/STM32G4xx_HAL_Driver/Src/stm32g4xx_hal_gpio.c **** 
 139:Drivers/STM32G4xx_HAL_Driver/Src/stm32g4xx_hal_gpio.c **** /** @addtogroup GPIO_Exported_Functions
 140:Drivers/STM32G4xx_HAL_Driver/Src/stm32g4xx_hal_gpio.c ****   * @{
 141:Drivers/STM32G4xx_HAL_Driver/Src/stm32g4xx_hal_gpio.c ****   */
 142:Drivers/STM32G4xx_HAL_Driver/Src/stm32g4xx_hal_gpio.c **** 
 143:Drivers/STM32G4xx_HAL_Driver/Src/stm32g4xx_hal_gpio.c **** /** @defgroup GPIO_Exported_Functions_Group1 Initialization/de-initialization functions
ARM GAS  C:\Users\MyPC\AppData\Local\Temp\ccBqBDC5.s 			page 4


 144:Drivers/STM32G4xx_HAL_Driver/Src/stm32g4xx_hal_gpio.c ****   *  @brief    Initialization and Configuration functions
 145:Drivers/STM32G4xx_HAL_Driver/Src/stm32g4xx_hal_gpio.c ****   *
 146:Drivers/STM32G4xx_HAL_Driver/Src/stm32g4xx_hal_gpio.c **** @verbatim
 147:Drivers/STM32G4xx_HAL_Driver/Src/stm32g4xx_hal_gpio.c ****  ===============================================================================
 148:Drivers/STM32G4xx_HAL_Driver/Src/stm32g4xx_hal_gpio.c ****               ##### Initialization and de-initialization functions #####
 149:Drivers/STM32G4xx_HAL_Driver/Src/stm32g4xx_hal_gpio.c ****  ===============================================================================
 150:Drivers/STM32G4xx_HAL_Driver/Src/stm32g4xx_hal_gpio.c **** 
 151:Drivers/STM32G4xx_HAL_Driver/Src/stm32g4xx_hal_gpio.c **** @endverbatim
 152:Drivers/STM32G4xx_HAL_Driver/Src/stm32g4xx_hal_gpio.c ****   * @{
 153:Drivers/STM32G4xx_HAL_Driver/Src/stm32g4xx_hal_gpio.c ****   */
 154:Drivers/STM32G4xx_HAL_Driver/Src/stm32g4xx_hal_gpio.c **** 
 155:Drivers/STM32G4xx_HAL_Driver/Src/stm32g4xx_hal_gpio.c **** /**
 156:Drivers/STM32G4xx_HAL_Driver/Src/stm32g4xx_hal_gpio.c ****   * @brief  Initialize the GPIOx peripheral according to the specified parameters in the GPIO_Init.
 157:Drivers/STM32G4xx_HAL_Driver/Src/stm32g4xx_hal_gpio.c ****   * @param  GPIOx where x can be (A..G) to select the GPIO peripheral for STM32G4xx family
 158:Drivers/STM32G4xx_HAL_Driver/Src/stm32g4xx_hal_gpio.c ****   * @param  GPIO_Init pointer to a GPIO_InitTypeDef structure that contains
 159:Drivers/STM32G4xx_HAL_Driver/Src/stm32g4xx_hal_gpio.c ****   *         the configuration information for the specified GPIO peripheral.
 160:Drivers/STM32G4xx_HAL_Driver/Src/stm32g4xx_hal_gpio.c ****   * @retval None
 161:Drivers/STM32G4xx_HAL_Driver/Src/stm32g4xx_hal_gpio.c ****   */
 162:Drivers/STM32G4xx_HAL_Driver/Src/stm32g4xx_hal_gpio.c **** void HAL_GPIO_Init(GPIO_TypeDef *GPIOx, GPIO_InitTypeDef const *GPIO_Init)
 163:Drivers/STM32G4xx_HAL_Driver/Src/stm32g4xx_hal_gpio.c **** {
  30              		.loc 1 163 1 view -0
  31              		.cfi_startproc
  32              		@ args = 0, pretend = 0, frame = 8
  33              		@ frame_needed = 0, uses_anonymous_args = 0
  34              		.loc 1 163 1 is_stmt 0 view .LVU1
  35 0000 70B5     		push	{r4, r5, r6, lr}
  36              	.LCFI0:
  37              		.cfi_def_cfa_offset 16
  38              		.cfi_offset 4, -16
  39              		.cfi_offset 5, -12
  40              		.cfi_offset 6, -8
  41              		.cfi_offset 14, -4
  42 0002 82B0     		sub	sp, sp, #8
  43              	.LCFI1:
  44              		.cfi_def_cfa_offset 24
 164:Drivers/STM32G4xx_HAL_Driver/Src/stm32g4xx_hal_gpio.c ****   uint32_t position = 0x00U;
  45              		.loc 1 164 3 is_stmt 1 view .LVU2
  46              	.LVL1:
 165:Drivers/STM32G4xx_HAL_Driver/Src/stm32g4xx_hal_gpio.c ****   uint32_t iocurrent;
  47              		.loc 1 165 3 view .LVU3
 166:Drivers/STM32G4xx_HAL_Driver/Src/stm32g4xx_hal_gpio.c ****   uint32_t temp;
  48              		.loc 1 166 3 view .LVU4
 167:Drivers/STM32G4xx_HAL_Driver/Src/stm32g4xx_hal_gpio.c **** 
 168:Drivers/STM32G4xx_HAL_Driver/Src/stm32g4xx_hal_gpio.c ****   /* Check the parameters */
 169:Drivers/STM32G4xx_HAL_Driver/Src/stm32g4xx_hal_gpio.c ****   assert_param(IS_GPIO_ALL_INSTANCE(GPIOx));
  49              		.loc 1 169 3 view .LVU5
 170:Drivers/STM32G4xx_HAL_Driver/Src/stm32g4xx_hal_gpio.c ****   assert_param(IS_GPIO_PIN(GPIO_Init->Pin));
  50              		.loc 1 170 3 view .LVU6
 171:Drivers/STM32G4xx_HAL_Driver/Src/stm32g4xx_hal_gpio.c ****   assert_param(IS_GPIO_MODE(GPIO_Init->Mode));
  51              		.loc 1 171 3 view .LVU7
 172:Drivers/STM32G4xx_HAL_Driver/Src/stm32g4xx_hal_gpio.c **** 
 173:Drivers/STM32G4xx_HAL_Driver/Src/stm32g4xx_hal_gpio.c ****   /* Configure the port pins */
 174:Drivers/STM32G4xx_HAL_Driver/Src/stm32g4xx_hal_gpio.c ****   while (((GPIO_Init->Pin) >> position) != 0U)
  52              		.loc 1 174 3 view .LVU8
 164:Drivers/STM32G4xx_HAL_Driver/Src/stm32g4xx_hal_gpio.c ****   uint32_t iocurrent;
  53              		.loc 1 164 12 is_stmt 0 view .LVU9
  54 0004 0023     		movs	r3, #0
ARM GAS  C:\Users\MyPC\AppData\Local\Temp\ccBqBDC5.s 			page 5


  55              		.loc 1 174 9 view .LVU10
  56 0006 6DE0     		b	.L2
  57              	.LVL2:
  58              	.L22:
 175:Drivers/STM32G4xx_HAL_Driver/Src/stm32g4xx_hal_gpio.c ****   {
 176:Drivers/STM32G4xx_HAL_Driver/Src/stm32g4xx_hal_gpio.c ****     /* Get current io position */
 177:Drivers/STM32G4xx_HAL_Driver/Src/stm32g4xx_hal_gpio.c ****     iocurrent = (GPIO_Init->Pin) & (1UL << position);
 178:Drivers/STM32G4xx_HAL_Driver/Src/stm32g4xx_hal_gpio.c **** 
 179:Drivers/STM32G4xx_HAL_Driver/Src/stm32g4xx_hal_gpio.c ****     if (iocurrent != 0x00u)
 180:Drivers/STM32G4xx_HAL_Driver/Src/stm32g4xx_hal_gpio.c ****     {
 181:Drivers/STM32G4xx_HAL_Driver/Src/stm32g4xx_hal_gpio.c ****       /*--------------------- GPIO Mode Configuration ------------------------*/
 182:Drivers/STM32G4xx_HAL_Driver/Src/stm32g4xx_hal_gpio.c ****       /* In case of Output or Alternate function mode selection */
 183:Drivers/STM32G4xx_HAL_Driver/Src/stm32g4xx_hal_gpio.c ****       if(((GPIO_Init->Mode & GPIO_MODE) == MODE_OUTPUT) ||
 184:Drivers/STM32G4xx_HAL_Driver/Src/stm32g4xx_hal_gpio.c ****          ((GPIO_Init->Mode & GPIO_MODE) == MODE_AF))
 185:Drivers/STM32G4xx_HAL_Driver/Src/stm32g4xx_hal_gpio.c ****       {
 186:Drivers/STM32G4xx_HAL_Driver/Src/stm32g4xx_hal_gpio.c ****         /* Check the Speed parameter */
 187:Drivers/STM32G4xx_HAL_Driver/Src/stm32g4xx_hal_gpio.c ****         assert_param(IS_GPIO_SPEED(GPIO_Init->Speed));
  59              		.loc 1 187 9 is_stmt 1 view .LVU11
 188:Drivers/STM32G4xx_HAL_Driver/Src/stm32g4xx_hal_gpio.c ****         /* Configure the IO Speed */
 189:Drivers/STM32G4xx_HAL_Driver/Src/stm32g4xx_hal_gpio.c ****         temp = GPIOx->OSPEEDR;
  60              		.loc 1 189 9 view .LVU12
  61              		.loc 1 189 14 is_stmt 0 view .LVU13
  62 0008 8568     		ldr	r5, [r0, #8]
  63              	.LVL3:
 190:Drivers/STM32G4xx_HAL_Driver/Src/stm32g4xx_hal_gpio.c ****         temp &= ~(GPIO_OSPEEDR_OSPEED0 << (position * 2U));
  64              		.loc 1 190 9 is_stmt 1 view .LVU14
  65              		.loc 1 190 53 is_stmt 0 view .LVU15
  66 000a 4FEA430E 		lsl	lr, r3, #1
  67              		.loc 1 190 40 view .LVU16
  68 000e 0324     		movs	r4, #3
  69 0010 04FA0EF4 		lsl	r4, r4, lr
  70              		.loc 1 190 14 view .LVU17
  71 0014 25EA0405 		bic	r5, r5, r4
  72              	.LVL4:
 191:Drivers/STM32G4xx_HAL_Driver/Src/stm32g4xx_hal_gpio.c ****         temp |= (GPIO_Init->Speed << (position * 2U));
  73              		.loc 1 191 9 is_stmt 1 view .LVU18
  74              		.loc 1 191 27 is_stmt 0 view .LVU19
  75 0018 CC68     		ldr	r4, [r1, #12]
  76              		.loc 1 191 35 view .LVU20
  77 001a 04FA0EF4 		lsl	r4, r4, lr
  78              		.loc 1 191 14 view .LVU21
  79 001e 2C43     		orrs	r4, r4, r5
  80              	.LVL5:
 192:Drivers/STM32G4xx_HAL_Driver/Src/stm32g4xx_hal_gpio.c ****         GPIOx->OSPEEDR = temp;
  81              		.loc 1 192 9 is_stmt 1 view .LVU22
  82              		.loc 1 192 24 is_stmt 0 view .LVU23
  83 0020 8460     		str	r4, [r0, #8]
 193:Drivers/STM32G4xx_HAL_Driver/Src/stm32g4xx_hal_gpio.c **** 
 194:Drivers/STM32G4xx_HAL_Driver/Src/stm32g4xx_hal_gpio.c ****         /* Configure the IO Output Type */
 195:Drivers/STM32G4xx_HAL_Driver/Src/stm32g4xx_hal_gpio.c ****         temp = GPIOx->OTYPER;
  84              		.loc 1 195 9 is_stmt 1 view .LVU24
  85              		.loc 1 195 14 is_stmt 0 view .LVU25
  86 0022 4468     		ldr	r4, [r0, #4]
  87              	.LVL6:
 196:Drivers/STM32G4xx_HAL_Driver/Src/stm32g4xx_hal_gpio.c ****         temp &= ~(GPIO_OTYPER_OT0 << position) ;
  88              		.loc 1 196 9 is_stmt 1 view .LVU26
  89              		.loc 1 196 14 is_stmt 0 view .LVU27
ARM GAS  C:\Users\MyPC\AppData\Local\Temp\ccBqBDC5.s 			page 6


  90 0024 24EA0C04 		bic	r4, r4, ip
  91              	.LVL7:
 197:Drivers/STM32G4xx_HAL_Driver/Src/stm32g4xx_hal_gpio.c ****         temp |= (((GPIO_Init->Mode & OUTPUT_TYPE) >> OUTPUT_TYPE_Pos) << position);
  92              		.loc 1 197 9 is_stmt 1 view .LVU28
  93              		.loc 1 197 51 is_stmt 0 view .LVU29
  94 0028 4D68     		ldr	r5, [r1, #4]
  95 002a C5F3001C 		ubfx	ip, r5, #4, #1
  96              		.loc 1 197 71 view .LVU30
  97 002e 0CFA03FC 		lsl	ip, ip, r3
  98              		.loc 1 197 14 view .LVU31
  99 0032 4CEA0404 		orr	r4, ip, r4
 100              	.LVL8:
 198:Drivers/STM32G4xx_HAL_Driver/Src/stm32g4xx_hal_gpio.c ****         GPIOx->OTYPER = temp;
 101              		.loc 1 198 9 is_stmt 1 view .LVU32
 102              		.loc 1 198 23 is_stmt 0 view .LVU33
 103 0036 4460     		str	r4, [r0, #4]
 104 0038 68E0     		b	.L4
 105              	.LVL9:
 106              	.L23:
 199:Drivers/STM32G4xx_HAL_Driver/Src/stm32g4xx_hal_gpio.c ****       }
 200:Drivers/STM32G4xx_HAL_Driver/Src/stm32g4xx_hal_gpio.c **** 
 201:Drivers/STM32G4xx_HAL_Driver/Src/stm32g4xx_hal_gpio.c ****       if (((GPIO_Init->Mode & GPIO_MODE) != MODE_ANALOG) ||
 202:Drivers/STM32G4xx_HAL_Driver/Src/stm32g4xx_hal_gpio.c ****           (((GPIO_Init->Mode & GPIO_MODE) == MODE_ANALOG) && (GPIO_Init->Pull != GPIO_PULLUP)))
 107              		.loc 1 202 72 view .LVU34
 108 003a 8C68     		ldr	r4, [r1, #8]
 201:Drivers/STM32G4xx_HAL_Driver/Src/stm32g4xx_hal_gpio.c ****           (((GPIO_Init->Mode & GPIO_MODE) == MODE_ANALOG) && (GPIO_Init->Pull != GPIO_PULLUP)))
 109              		.loc 1 201 58 discriminator 1 view .LVU35
 110 003c 012C     		cmp	r4, #1
 111 003e 6BD1     		bne	.L5
 112 0040 78E0     		b	.L6
 113              	.L24:
 203:Drivers/STM32G4xx_HAL_Driver/Src/stm32g4xx_hal_gpio.c ****       {
 204:Drivers/STM32G4xx_HAL_Driver/Src/stm32g4xx_hal_gpio.c ****         /* Check the Pull parameter */
 205:Drivers/STM32G4xx_HAL_Driver/Src/stm32g4xx_hal_gpio.c ****         assert_param(IS_GPIO_PULL(GPIO_Init->Pull));
 206:Drivers/STM32G4xx_HAL_Driver/Src/stm32g4xx_hal_gpio.c **** 
 207:Drivers/STM32G4xx_HAL_Driver/Src/stm32g4xx_hal_gpio.c ****         /* Activate the Pull-up or Pull down resistor for the current IO */
 208:Drivers/STM32G4xx_HAL_Driver/Src/stm32g4xx_hal_gpio.c ****         temp = GPIOx->PUPDR;
 209:Drivers/STM32G4xx_HAL_Driver/Src/stm32g4xx_hal_gpio.c ****         temp &= ~(GPIO_PUPDR_PUPD0 << (position * 2U));
 210:Drivers/STM32G4xx_HAL_Driver/Src/stm32g4xx_hal_gpio.c ****         temp |= ((GPIO_Init->Pull) << (position * 2U));
 211:Drivers/STM32G4xx_HAL_Driver/Src/stm32g4xx_hal_gpio.c ****         GPIOx->PUPDR = temp;
 212:Drivers/STM32G4xx_HAL_Driver/Src/stm32g4xx_hal_gpio.c ****       }
 213:Drivers/STM32G4xx_HAL_Driver/Src/stm32g4xx_hal_gpio.c **** 
 214:Drivers/STM32G4xx_HAL_Driver/Src/stm32g4xx_hal_gpio.c ****       /* In case of Alternate function mode selection */
 215:Drivers/STM32G4xx_HAL_Driver/Src/stm32g4xx_hal_gpio.c ****       if ((GPIO_Init->Mode & GPIO_MODE) == MODE_AF)
 216:Drivers/STM32G4xx_HAL_Driver/Src/stm32g4xx_hal_gpio.c ****       {
 217:Drivers/STM32G4xx_HAL_Driver/Src/stm32g4xx_hal_gpio.c ****         /* Check the Alternate function parameters */
 218:Drivers/STM32G4xx_HAL_Driver/Src/stm32g4xx_hal_gpio.c ****         assert_param(IS_GPIO_AF_INSTANCE(GPIOx));
 114              		.loc 1 218 9 is_stmt 1 view .LVU36
 219:Drivers/STM32G4xx_HAL_Driver/Src/stm32g4xx_hal_gpio.c ****         assert_param(IS_GPIO_AF(GPIO_Init->Alternate));
 115              		.loc 1 219 9 view .LVU37
 220:Drivers/STM32G4xx_HAL_Driver/Src/stm32g4xx_hal_gpio.c **** 
 221:Drivers/STM32G4xx_HAL_Driver/Src/stm32g4xx_hal_gpio.c ****         /* Configure Alternate function mapped with the current IO */
 222:Drivers/STM32G4xx_HAL_Driver/Src/stm32g4xx_hal_gpio.c ****         temp = GPIOx->AFR[position >> 3U];
 116              		.loc 1 222 9 view .LVU38
 117              		.loc 1 222 36 is_stmt 0 view .LVU39
 118 0042 DD08     		lsrs	r5, r3, #3
 119              		.loc 1 222 14 view .LVU40
ARM GAS  C:\Users\MyPC\AppData\Local\Temp\ccBqBDC5.s 			page 7


 120 0044 0835     		adds	r5, r5, #8
 121 0046 50F82540 		ldr	r4, [r0, r5, lsl #2]
 122              	.LVL10:
 223:Drivers/STM32G4xx_HAL_Driver/Src/stm32g4xx_hal_gpio.c ****         temp &= ~(0xFU << ((position & 0x07U) * 4U));
 123              		.loc 1 223 9 is_stmt 1 view .LVU41
 124              		.loc 1 223 38 is_stmt 0 view .LVU42
 125 004a 03F0070C 		and	ip, r3, #7
 126              		.loc 1 223 47 view .LVU43
 127 004e 4FEA8C0C 		lsl	ip, ip, #2
 128              		.loc 1 223 24 view .LVU44
 129 0052 4FF00F0E 		mov	lr, #15
 130 0056 0EFA0CFE 		lsl	lr, lr, ip
 131              		.loc 1 223 14 view .LVU45
 132 005a 24EA0E0E 		bic	lr, r4, lr
 133              	.LVL11:
 224:Drivers/STM32G4xx_HAL_Driver/Src/stm32g4xx_hal_gpio.c ****         temp |= ((GPIO_Init->Alternate) << ((position & 0x07U) * 4U));
 134              		.loc 1 224 9 is_stmt 1 view .LVU46
 135              		.loc 1 224 28 is_stmt 0 view .LVU47
 136 005e 0C69     		ldr	r4, [r1, #16]
 137              		.loc 1 224 41 view .LVU48
 138 0060 04FA0CF4 		lsl	r4, r4, ip
 139              		.loc 1 224 14 view .LVU49
 140 0064 44EA0E04 		orr	r4, r4, lr
 141              	.LVL12:
 225:Drivers/STM32G4xx_HAL_Driver/Src/stm32g4xx_hal_gpio.c ****         GPIOx->AFR[position >> 3U] = temp;
 142              		.loc 1 225 9 is_stmt 1 view .LVU50
 143              		.loc 1 225 36 is_stmt 0 view .LVU51
 144 0068 40F82540 		str	r4, [r0, r5, lsl #2]
 145 006c 68E0     		b	.L7
 146              	.LVL13:
 147              	.L25:
 226:Drivers/STM32G4xx_HAL_Driver/Src/stm32g4xx_hal_gpio.c ****       }
 227:Drivers/STM32G4xx_HAL_Driver/Src/stm32g4xx_hal_gpio.c **** 
 228:Drivers/STM32G4xx_HAL_Driver/Src/stm32g4xx_hal_gpio.c ****       /* Configure IO Direction mode (Input, Output, Alternate or Analog) */
 229:Drivers/STM32G4xx_HAL_Driver/Src/stm32g4xx_hal_gpio.c ****       temp = GPIOx->MODER;
 230:Drivers/STM32G4xx_HAL_Driver/Src/stm32g4xx_hal_gpio.c ****       temp &= ~(GPIO_MODER_MODE0 << (position * 2U));
 231:Drivers/STM32G4xx_HAL_Driver/Src/stm32g4xx_hal_gpio.c ****       temp |= ((GPIO_Init->Mode & GPIO_MODE) << (position * 2U));
 232:Drivers/STM32G4xx_HAL_Driver/Src/stm32g4xx_hal_gpio.c ****       GPIOx->MODER = temp;
 233:Drivers/STM32G4xx_HAL_Driver/Src/stm32g4xx_hal_gpio.c **** 
 234:Drivers/STM32G4xx_HAL_Driver/Src/stm32g4xx_hal_gpio.c ****       /*--------------------- EXTI Mode Configuration ------------------------*/
 235:Drivers/STM32G4xx_HAL_Driver/Src/stm32g4xx_hal_gpio.c ****       /* Configure the External Interrupt or event for the current IO */
 236:Drivers/STM32G4xx_HAL_Driver/Src/stm32g4xx_hal_gpio.c ****       if ((GPIO_Init->Mode & EXTI_MODE) != 0x00u)
 237:Drivers/STM32G4xx_HAL_Driver/Src/stm32g4xx_hal_gpio.c ****       {
 238:Drivers/STM32G4xx_HAL_Driver/Src/stm32g4xx_hal_gpio.c ****         /* Enable SYSCFG Clock */
 239:Drivers/STM32G4xx_HAL_Driver/Src/stm32g4xx_hal_gpio.c ****         __HAL_RCC_SYSCFG_CLK_ENABLE();
 240:Drivers/STM32G4xx_HAL_Driver/Src/stm32g4xx_hal_gpio.c **** 
 241:Drivers/STM32G4xx_HAL_Driver/Src/stm32g4xx_hal_gpio.c ****         temp = SYSCFG->EXTICR[position >> 2U];
 242:Drivers/STM32G4xx_HAL_Driver/Src/stm32g4xx_hal_gpio.c ****         temp &= ~(0x0FUL << (4U * (position & 0x03U)));
 243:Drivers/STM32G4xx_HAL_Driver/Src/stm32g4xx_hal_gpio.c ****         temp |= (GPIO_GET_INDEX(GPIOx) << (4U * (position & 0x03U)));
 148              		.loc 1 243 18 discriminator 11 view .LVU52
 149 006e 0524     		movs	r4, #5
 150 0070 00E0     		b	.L8
 151              	.L14:
 152              		.loc 1 243 18 discriminator 2 view .LVU53
 153 0072 0024     		movs	r4, #0
 154              	.L8:
 155              		.loc 1 243 40 discriminator 13 view .LVU54
ARM GAS  C:\Users\MyPC\AppData\Local\Temp\ccBqBDC5.s 			page 8


 156 0074 04FA0EF4 		lsl	r4, r4, lr
 157              		.loc 1 243 14 discriminator 13 view .LVU55
 158 0078 2C43     		orrs	r4, r4, r5
 159              	.LVL14:
 244:Drivers/STM32G4xx_HAL_Driver/Src/stm32g4xx_hal_gpio.c ****         SYSCFG->EXTICR[position >> 2U] = temp;
 160              		.loc 1 244 9 is_stmt 1 view .LVU56
 161              		.loc 1 244 40 is_stmt 0 view .LVU57
 162 007a 0CF1020C 		add	ip, ip, #2
 163 007e 594D     		ldr	r5, .L26
 164 0080 45F82C40 		str	r4, [r5, ip, lsl #2]
 245:Drivers/STM32G4xx_HAL_Driver/Src/stm32g4xx_hal_gpio.c **** 
 246:Drivers/STM32G4xx_HAL_Driver/Src/stm32g4xx_hal_gpio.c ****         /* Clear Rising Falling edge configuration */
 247:Drivers/STM32G4xx_HAL_Driver/Src/stm32g4xx_hal_gpio.c ****         temp = EXTI->RTSR1;
 165              		.loc 1 247 9 is_stmt 1 view .LVU58
 166              		.loc 1 247 14 is_stmt 0 view .LVU59
 167 0084 584C     		ldr	r4, .L26+4
 168              	.LVL15:
 169              		.loc 1 247 14 view .LVU60
 170 0086 A468     		ldr	r4, [r4, #8]
 171              	.LVL16:
 248:Drivers/STM32G4xx_HAL_Driver/Src/stm32g4xx_hal_gpio.c ****         temp &= ~(iocurrent);
 172              		.loc 1 248 9 is_stmt 1 view .LVU61
 173              		.loc 1 248 17 is_stmt 0 view .LVU62
 174 0088 6FEA020C 		mvn	ip, r2
 175              		.loc 1 248 14 view .LVU63
 176 008c 24EA0205 		bic	r5, r4, r2
 177              	.LVL17:
 249:Drivers/STM32G4xx_HAL_Driver/Src/stm32g4xx_hal_gpio.c ****         if ((GPIO_Init->Mode & TRIGGER_RISING) != 0x00U)
 178              		.loc 1 249 9 is_stmt 1 view .LVU64
 179              		.loc 1 249 12 is_stmt 0 view .LVU65
 180 0090 4E68     		ldr	r6, [r1, #4]
 181 0092 16F4801F 		tst	r6, #1048576
 182 0096 01D0     		beq	.L9
 250:Drivers/STM32G4xx_HAL_Driver/Src/stm32g4xx_hal_gpio.c ****         {
 251:Drivers/STM32G4xx_HAL_Driver/Src/stm32g4xx_hal_gpio.c ****           temp |= iocurrent;
 183              		.loc 1 251 11 is_stmt 1 view .LVU66
 184              		.loc 1 251 16 is_stmt 0 view .LVU67
 185 0098 42EA0405 		orr	r5, r2, r4
 186              	.LVL18:
 187              	.L9:
 252:Drivers/STM32G4xx_HAL_Driver/Src/stm32g4xx_hal_gpio.c ****         }
 253:Drivers/STM32G4xx_HAL_Driver/Src/stm32g4xx_hal_gpio.c ****         EXTI->RTSR1 = temp;
 188              		.loc 1 253 9 is_stmt 1 view .LVU68
 189              		.loc 1 253 21 is_stmt 0 view .LVU69
 190 009c 524C     		ldr	r4, .L26+4
 191 009e A560     		str	r5, [r4, #8]
 254:Drivers/STM32G4xx_HAL_Driver/Src/stm32g4xx_hal_gpio.c **** 
 255:Drivers/STM32G4xx_HAL_Driver/Src/stm32g4xx_hal_gpio.c ****         temp = EXTI->FTSR1;
 192              		.loc 1 255 9 is_stmt 1 view .LVU70
 193              		.loc 1 255 14 is_stmt 0 view .LVU71
 194 00a0 E468     		ldr	r4, [r4, #12]
 195              	.LVL19:
 256:Drivers/STM32G4xx_HAL_Driver/Src/stm32g4xx_hal_gpio.c ****         temp &= ~(iocurrent);
 196              		.loc 1 256 9 is_stmt 1 view .LVU72
 197              		.loc 1 256 14 is_stmt 0 view .LVU73
 198 00a2 0CEA0405 		and	r5, ip, r4
 199              	.LVL20:
ARM GAS  C:\Users\MyPC\AppData\Local\Temp\ccBqBDC5.s 			page 9


 257:Drivers/STM32G4xx_HAL_Driver/Src/stm32g4xx_hal_gpio.c ****         if ((GPIO_Init->Mode & TRIGGER_FALLING) != 0x00U)
 200              		.loc 1 257 9 is_stmt 1 view .LVU74
 201              		.loc 1 257 12 is_stmt 0 view .LVU75
 202 00a6 4E68     		ldr	r6, [r1, #4]
 203 00a8 16F4001F 		tst	r6, #2097152
 204 00ac 01D0     		beq	.L10
 258:Drivers/STM32G4xx_HAL_Driver/Src/stm32g4xx_hal_gpio.c ****         {
 259:Drivers/STM32G4xx_HAL_Driver/Src/stm32g4xx_hal_gpio.c ****           temp |= iocurrent;
 205              		.loc 1 259 11 is_stmt 1 view .LVU76
 206              		.loc 1 259 16 is_stmt 0 view .LVU77
 207 00ae 42EA0405 		orr	r5, r2, r4
 208              	.LVL21:
 209              	.L10:
 260:Drivers/STM32G4xx_HAL_Driver/Src/stm32g4xx_hal_gpio.c ****         }
 261:Drivers/STM32G4xx_HAL_Driver/Src/stm32g4xx_hal_gpio.c ****         EXTI->FTSR1 = temp;
 210              		.loc 1 261 9 is_stmt 1 view .LVU78
 211              		.loc 1 261 21 is_stmt 0 view .LVU79
 212 00b2 4D4C     		ldr	r4, .L26+4
 213 00b4 E560     		str	r5, [r4, #12]
 262:Drivers/STM32G4xx_HAL_Driver/Src/stm32g4xx_hal_gpio.c **** 
 263:Drivers/STM32G4xx_HAL_Driver/Src/stm32g4xx_hal_gpio.c ****         temp = EXTI->EMR1;
 214              		.loc 1 263 9 is_stmt 1 view .LVU80
 215              		.loc 1 263 14 is_stmt 0 view .LVU81
 216 00b6 6468     		ldr	r4, [r4, #4]
 217              	.LVL22:
 264:Drivers/STM32G4xx_HAL_Driver/Src/stm32g4xx_hal_gpio.c ****         temp &= ~(iocurrent);
 218              		.loc 1 264 9 is_stmt 1 view .LVU82
 219              		.loc 1 264 14 is_stmt 0 view .LVU83
 220 00b8 0CEA0405 		and	r5, ip, r4
 221              	.LVL23:
 265:Drivers/STM32G4xx_HAL_Driver/Src/stm32g4xx_hal_gpio.c ****         if ((GPIO_Init->Mode & EXTI_EVT) != 0x00U)
 222              		.loc 1 265 9 is_stmt 1 view .LVU84
 223              		.loc 1 265 12 is_stmt 0 view .LVU85
 224 00bc 4E68     		ldr	r6, [r1, #4]
 225 00be 16F4003F 		tst	r6, #131072
 226 00c2 01D0     		beq	.L11
 266:Drivers/STM32G4xx_HAL_Driver/Src/stm32g4xx_hal_gpio.c ****         {
 267:Drivers/STM32G4xx_HAL_Driver/Src/stm32g4xx_hal_gpio.c ****           temp |= iocurrent;
 227              		.loc 1 267 11 is_stmt 1 view .LVU86
 228              		.loc 1 267 16 is_stmt 0 view .LVU87
 229 00c4 42EA0405 		orr	r5, r2, r4
 230              	.LVL24:
 231              	.L11:
 268:Drivers/STM32G4xx_HAL_Driver/Src/stm32g4xx_hal_gpio.c ****         }
 269:Drivers/STM32G4xx_HAL_Driver/Src/stm32g4xx_hal_gpio.c ****         EXTI->EMR1 = temp;
 232              		.loc 1 269 9 is_stmt 1 view .LVU88
 233              		.loc 1 269 20 is_stmt 0 view .LVU89
 234 00c8 474C     		ldr	r4, .L26+4
 235 00ca 6560     		str	r5, [r4, #4]
 270:Drivers/STM32G4xx_HAL_Driver/Src/stm32g4xx_hal_gpio.c **** 
 271:Drivers/STM32G4xx_HAL_Driver/Src/stm32g4xx_hal_gpio.c ****         /* Clear EXTI line configuration */
 272:Drivers/STM32G4xx_HAL_Driver/Src/stm32g4xx_hal_gpio.c ****         temp = EXTI->IMR1;
 236              		.loc 1 272 9 is_stmt 1 view .LVU90
 237              		.loc 1 272 14 is_stmt 0 view .LVU91
 238 00cc 2468     		ldr	r4, [r4]
 239              	.LVL25:
 273:Drivers/STM32G4xx_HAL_Driver/Src/stm32g4xx_hal_gpio.c ****         temp &= ~(iocurrent);
ARM GAS  C:\Users\MyPC\AppData\Local\Temp\ccBqBDC5.s 			page 10


 240              		.loc 1 273 9 is_stmt 1 view .LVU92
 241              		.loc 1 273 14 is_stmt 0 view .LVU93
 242 00ce 0CEA0405 		and	r5, ip, r4
 243              	.LVL26:
 274:Drivers/STM32G4xx_HAL_Driver/Src/stm32g4xx_hal_gpio.c ****         if ((GPIO_Init->Mode & EXTI_IT) != 0x00U)
 244              		.loc 1 274 9 is_stmt 1 view .LVU94
 245              		.loc 1 274 12 is_stmt 0 view .LVU95
 246 00d2 4E68     		ldr	r6, [r1, #4]
 247 00d4 16F4803F 		tst	r6, #65536
 248 00d8 01D0     		beq	.L12
 275:Drivers/STM32G4xx_HAL_Driver/Src/stm32g4xx_hal_gpio.c ****         {
 276:Drivers/STM32G4xx_HAL_Driver/Src/stm32g4xx_hal_gpio.c ****           temp |= iocurrent;
 249              		.loc 1 276 11 is_stmt 1 view .LVU96
 250              		.loc 1 276 16 is_stmt 0 view .LVU97
 251 00da 42EA0405 		orr	r5, r2, r4
 252              	.LVL27:
 253              	.L12:
 277:Drivers/STM32G4xx_HAL_Driver/Src/stm32g4xx_hal_gpio.c ****         }
 278:Drivers/STM32G4xx_HAL_Driver/Src/stm32g4xx_hal_gpio.c ****         EXTI->IMR1 = temp;
 254              		.loc 1 278 9 is_stmt 1 view .LVU98
 255              		.loc 1 278 20 is_stmt 0 view .LVU99
 256 00de 424A     		ldr	r2, .L26+4
 257              	.LVL28:
 258              		.loc 1 278 20 view .LVU100
 259 00e0 1560     		str	r5, [r2]
 260              	.LVL29:
 261              	.L3:
 279:Drivers/STM32G4xx_HAL_Driver/Src/stm32g4xx_hal_gpio.c ****       }
 280:Drivers/STM32G4xx_HAL_Driver/Src/stm32g4xx_hal_gpio.c ****     }
 281:Drivers/STM32G4xx_HAL_Driver/Src/stm32g4xx_hal_gpio.c **** 
 282:Drivers/STM32G4xx_HAL_Driver/Src/stm32g4xx_hal_gpio.c ****     position++;
 262              		.loc 1 282 5 is_stmt 1 view .LVU101
 263              		.loc 1 282 13 is_stmt 0 view .LVU102
 264 00e2 0133     		adds	r3, r3, #1
 265              	.LVL30:
 266              	.L2:
 174:Drivers/STM32G4xx_HAL_Driver/Src/stm32g4xx_hal_gpio.c ****   {
 267              		.loc 1 174 41 is_stmt 1 view .LVU103
 174:Drivers/STM32G4xx_HAL_Driver/Src/stm32g4xx_hal_gpio.c ****   {
 268              		.loc 1 174 21 is_stmt 0 view .LVU104
 269 00e4 0A68     		ldr	r2, [r1]
 174:Drivers/STM32G4xx_HAL_Driver/Src/stm32g4xx_hal_gpio.c ****   {
 270              		.loc 1 174 41 view .LVU105
 271 00e6 32FA03F4 		lsrs	r4, r2, r3
 272 00ea 79D0     		beq	.L21
 177:Drivers/STM32G4xx_HAL_Driver/Src/stm32g4xx_hal_gpio.c **** 
 273              		.loc 1 177 5 is_stmt 1 view .LVU106
 177:Drivers/STM32G4xx_HAL_Driver/Src/stm32g4xx_hal_gpio.c **** 
 274              		.loc 1 177 41 is_stmt 0 view .LVU107
 275 00ec 4FF0010C 		mov	ip, #1
 276 00f0 0CFA03FC 		lsl	ip, ip, r3
 277              	.LVL31:
 179:Drivers/STM32G4xx_HAL_Driver/Src/stm32g4xx_hal_gpio.c ****     {
 278              		.loc 1 179 5 is_stmt 1 view .LVU108
 179:Drivers/STM32G4xx_HAL_Driver/Src/stm32g4xx_hal_gpio.c ****     {
 279              		.loc 1 179 8 is_stmt 0 view .LVU109
 280 00f4 1CEA0202 		ands	r2, ip, r2
ARM GAS  C:\Users\MyPC\AppData\Local\Temp\ccBqBDC5.s 			page 11


 281              	.LVL32:
 179:Drivers/STM32G4xx_HAL_Driver/Src/stm32g4xx_hal_gpio.c ****     {
 282              		.loc 1 179 8 view .LVU110
 283 00f8 F3D0     		beq	.L3
 183:Drivers/STM32G4xx_HAL_Driver/Src/stm32g4xx_hal_gpio.c ****          ((GPIO_Init->Mode & GPIO_MODE) == MODE_AF))
 284              		.loc 1 183 7 is_stmt 1 view .LVU111
 183:Drivers/STM32G4xx_HAL_Driver/Src/stm32g4xx_hal_gpio.c ****          ((GPIO_Init->Mode & GPIO_MODE) == MODE_AF))
 285              		.loc 1 183 28 is_stmt 0 view .LVU112
 286 00fa 4C68     		ldr	r4, [r1, #4]
 287 00fc 04F0030E 		and	lr, r4, #3
 183:Drivers/STM32G4xx_HAL_Driver/Src/stm32g4xx_hal_gpio.c ****          ((GPIO_Init->Mode & GPIO_MODE) == MODE_AF))
 288              		.loc 1 183 57 view .LVU113
 289 0100 0EF1FF3E 		add	lr, lr, #-1
 183:Drivers/STM32G4xx_HAL_Driver/Src/stm32g4xx_hal_gpio.c ****          ((GPIO_Init->Mode & GPIO_MODE) == MODE_AF))
 290              		.loc 1 183 9 view .LVU114
 291 0104 BEF1010F 		cmp	lr, #1
 292 0108 7FF67EAF 		bls	.L22
 293              	.L4:
 201:Drivers/STM32G4xx_HAL_Driver/Src/stm32g4xx_hal_gpio.c ****           (((GPIO_Init->Mode & GPIO_MODE) == MODE_ANALOG) && (GPIO_Init->Pull != GPIO_PULLUP)))
 294              		.loc 1 201 7 is_stmt 1 view .LVU115
 201:Drivers/STM32G4xx_HAL_Driver/Src/stm32g4xx_hal_gpio.c ****           (((GPIO_Init->Mode & GPIO_MODE) == MODE_ANALOG) && (GPIO_Init->Pull != GPIO_PULLUP)))
 295              		.loc 1 201 29 is_stmt 0 view .LVU116
 296 010c 4C68     		ldr	r4, [r1, #4]
 297 010e 04F0030C 		and	ip, r4, #3
 201:Drivers/STM32G4xx_HAL_Driver/Src/stm32g4xx_hal_gpio.c ****           (((GPIO_Init->Mode & GPIO_MODE) == MODE_ANALOG) && (GPIO_Init->Pull != GPIO_PULLUP)))
 298              		.loc 1 201 10 view .LVU117
 299 0112 BCF1030F 		cmp	ip, #3
 300 0116 90D0     		beq	.L23
 301              	.L5:
 205:Drivers/STM32G4xx_HAL_Driver/Src/stm32g4xx_hal_gpio.c **** 
 302              		.loc 1 205 9 is_stmt 1 view .LVU118
 208:Drivers/STM32G4xx_HAL_Driver/Src/stm32g4xx_hal_gpio.c ****         temp &= ~(GPIO_PUPDR_PUPD0 << (position * 2U));
 303              		.loc 1 208 9 view .LVU119
 208:Drivers/STM32G4xx_HAL_Driver/Src/stm32g4xx_hal_gpio.c ****         temp &= ~(GPIO_PUPDR_PUPD0 << (position * 2U));
 304              		.loc 1 208 14 is_stmt 0 view .LVU120
 305 0118 C568     		ldr	r5, [r0, #12]
 306              	.LVL33:
 209:Drivers/STM32G4xx_HAL_Driver/Src/stm32g4xx_hal_gpio.c ****         temp |= ((GPIO_Init->Pull) << (position * 2U));
 307              		.loc 1 209 9 is_stmt 1 view .LVU121
 209:Drivers/STM32G4xx_HAL_Driver/Src/stm32g4xx_hal_gpio.c ****         temp |= ((GPIO_Init->Pull) << (position * 2U));
 308              		.loc 1 209 49 is_stmt 0 view .LVU122
 309 011a 5C00     		lsls	r4, r3, #1
 209:Drivers/STM32G4xx_HAL_Driver/Src/stm32g4xx_hal_gpio.c ****         temp |= ((GPIO_Init->Pull) << (position * 2U));
 310              		.loc 1 209 36 view .LVU123
 311 011c 4FF0030C 		mov	ip, #3
 312 0120 0CFA04FC 		lsl	ip, ip, r4
 209:Drivers/STM32G4xx_HAL_Driver/Src/stm32g4xx_hal_gpio.c ****         temp |= ((GPIO_Init->Pull) << (position * 2U));
 313              		.loc 1 209 14 view .LVU124
 314 0124 25EA0C0E 		bic	lr, r5, ip
 315              	.LVL34:
 210:Drivers/STM32G4xx_HAL_Driver/Src/stm32g4xx_hal_gpio.c ****         GPIOx->PUPDR = temp;
 316              		.loc 1 210 9 is_stmt 1 view .LVU125
 210:Drivers/STM32G4xx_HAL_Driver/Src/stm32g4xx_hal_gpio.c ****         GPIOx->PUPDR = temp;
 317              		.loc 1 210 36 is_stmt 0 view .LVU126
 318 0128 8D68     		ldr	r5, [r1, #8]
 319 012a 05FA04FC 		lsl	ip, r5, r4
 210:Drivers/STM32G4xx_HAL_Driver/Src/stm32g4xx_hal_gpio.c ****         GPIOx->PUPDR = temp;
ARM GAS  C:\Users\MyPC\AppData\Local\Temp\ccBqBDC5.s 			page 12


 320              		.loc 1 210 14 view .LVU127
 321 012e 4CEA0E04 		orr	r4, ip, lr
 322              	.LVL35:
 211:Drivers/STM32G4xx_HAL_Driver/Src/stm32g4xx_hal_gpio.c ****       }
 323              		.loc 1 211 9 is_stmt 1 view .LVU128
 211:Drivers/STM32G4xx_HAL_Driver/Src/stm32g4xx_hal_gpio.c ****       }
 324              		.loc 1 211 22 is_stmt 0 view .LVU129
 325 0132 C460     		str	r4, [r0, #12]
 326              	.LVL36:
 327              	.L6:
 215:Drivers/STM32G4xx_HAL_Driver/Src/stm32g4xx_hal_gpio.c ****       {
 328              		.loc 1 215 7 is_stmt 1 view .LVU130
 215:Drivers/STM32G4xx_HAL_Driver/Src/stm32g4xx_hal_gpio.c ****       {
 329              		.loc 1 215 28 is_stmt 0 view .LVU131
 330 0134 4C68     		ldr	r4, [r1, #4]
 331 0136 04F0030C 		and	ip, r4, #3
 215:Drivers/STM32G4xx_HAL_Driver/Src/stm32g4xx_hal_gpio.c ****       {
 332              		.loc 1 215 10 view .LVU132
 333 013a BCF1020F 		cmp	ip, #2
 334 013e 80D0     		beq	.L24
 335              	.L7:
 229:Drivers/STM32G4xx_HAL_Driver/Src/stm32g4xx_hal_gpio.c ****       temp &= ~(GPIO_MODER_MODE0 << (position * 2U));
 336              		.loc 1 229 7 is_stmt 1 view .LVU133
 229:Drivers/STM32G4xx_HAL_Driver/Src/stm32g4xx_hal_gpio.c ****       temp &= ~(GPIO_MODER_MODE0 << (position * 2U));
 337              		.loc 1 229 12 is_stmt 0 view .LVU134
 338 0140 0568     		ldr	r5, [r0]
 339              	.LVL37:
 230:Drivers/STM32G4xx_HAL_Driver/Src/stm32g4xx_hal_gpio.c ****       temp |= ((GPIO_Init->Mode & GPIO_MODE) << (position * 2U));
 340              		.loc 1 230 7 is_stmt 1 view .LVU135
 230:Drivers/STM32G4xx_HAL_Driver/Src/stm32g4xx_hal_gpio.c ****       temp |= ((GPIO_Init->Mode & GPIO_MODE) << (position * 2U));
 341              		.loc 1 230 47 is_stmt 0 view .LVU136
 342 0142 5C00     		lsls	r4, r3, #1
 230:Drivers/STM32G4xx_HAL_Driver/Src/stm32g4xx_hal_gpio.c ****       temp |= ((GPIO_Init->Mode & GPIO_MODE) << (position * 2U));
 343              		.loc 1 230 34 view .LVU137
 344 0144 4FF0030C 		mov	ip, #3
 345 0148 0CFA04FC 		lsl	ip, ip, r4
 230:Drivers/STM32G4xx_HAL_Driver/Src/stm32g4xx_hal_gpio.c ****       temp |= ((GPIO_Init->Mode & GPIO_MODE) << (position * 2U));
 346              		.loc 1 230 12 view .LVU138
 347 014c 25EA0C0E 		bic	lr, r5, ip
 348              	.LVL38:
 231:Drivers/STM32G4xx_HAL_Driver/Src/stm32g4xx_hal_gpio.c ****       GPIOx->MODER = temp;
 349              		.loc 1 231 7 is_stmt 1 view .LVU139
 231:Drivers/STM32G4xx_HAL_Driver/Src/stm32g4xx_hal_gpio.c ****       GPIOx->MODER = temp;
 350              		.loc 1 231 33 is_stmt 0 view .LVU140
 351 0150 4D68     		ldr	r5, [r1, #4]
 352 0152 05F0030C 		and	ip, r5, #3
 231:Drivers/STM32G4xx_HAL_Driver/Src/stm32g4xx_hal_gpio.c ****       GPIOx->MODER = temp;
 353              		.loc 1 231 46 view .LVU141
 354 0156 0CFA04FC 		lsl	ip, ip, r4
 231:Drivers/STM32G4xx_HAL_Driver/Src/stm32g4xx_hal_gpio.c ****       GPIOx->MODER = temp;
 355              		.loc 1 231 12 view .LVU142
 356 015a 4CEA0E04 		orr	r4, ip, lr
 357              	.LVL39:
 232:Drivers/STM32G4xx_HAL_Driver/Src/stm32g4xx_hal_gpio.c **** 
 358              		.loc 1 232 7 is_stmt 1 view .LVU143
 232:Drivers/STM32G4xx_HAL_Driver/Src/stm32g4xx_hal_gpio.c **** 
 359              		.loc 1 232 20 is_stmt 0 view .LVU144
ARM GAS  C:\Users\MyPC\AppData\Local\Temp\ccBqBDC5.s 			page 13


 360 015e 0460     		str	r4, [r0]
 236:Drivers/STM32G4xx_HAL_Driver/Src/stm32g4xx_hal_gpio.c ****       {
 361              		.loc 1 236 7 is_stmt 1 view .LVU145
 236:Drivers/STM32G4xx_HAL_Driver/Src/stm32g4xx_hal_gpio.c ****       {
 362              		.loc 1 236 21 is_stmt 0 view .LVU146
 363 0160 4C68     		ldr	r4, [r1, #4]
 364              	.LVL40:
 236:Drivers/STM32G4xx_HAL_Driver/Src/stm32g4xx_hal_gpio.c ****       {
 365              		.loc 1 236 10 view .LVU147
 366 0162 14F4403F 		tst	r4, #196608
 367 0166 BCD0     		beq	.L3
 239:Drivers/STM32G4xx_HAL_Driver/Src/stm32g4xx_hal_gpio.c **** 
 368              		.loc 1 239 9 is_stmt 1 view .LVU148
 369              	.LBB2:
 239:Drivers/STM32G4xx_HAL_Driver/Src/stm32g4xx_hal_gpio.c **** 
 370              		.loc 1 239 9 view .LVU149
 239:Drivers/STM32G4xx_HAL_Driver/Src/stm32g4xx_hal_gpio.c **** 
 371              		.loc 1 239 9 view .LVU150
 372 0168 204C     		ldr	r4, .L26+8
 373 016a 256E     		ldr	r5, [r4, #96]
 374 016c 45F00105 		orr	r5, r5, #1
 375 0170 2566     		str	r5, [r4, #96]
 376              	.LVL41:
 239:Drivers/STM32G4xx_HAL_Driver/Src/stm32g4xx_hal_gpio.c **** 
 377              		.loc 1 239 9 view .LVU151
 378 0172 246E     		ldr	r4, [r4, #96]
 379 0174 04F00104 		and	r4, r4, #1
 380 0178 0194     		str	r4, [sp, #4]
 239:Drivers/STM32G4xx_HAL_Driver/Src/stm32g4xx_hal_gpio.c **** 
 381              		.loc 1 239 9 view .LVU152
 382 017a 019C     		ldr	r4, [sp, #4]
 383              	.LBE2:
 239:Drivers/STM32G4xx_HAL_Driver/Src/stm32g4xx_hal_gpio.c **** 
 384              		.loc 1 239 9 view .LVU153
 241:Drivers/STM32G4xx_HAL_Driver/Src/stm32g4xx_hal_gpio.c ****         temp &= ~(0x0FUL << (4U * (position & 0x03U)));
 385              		.loc 1 241 9 view .LVU154
 241:Drivers/STM32G4xx_HAL_Driver/Src/stm32g4xx_hal_gpio.c ****         temp &= ~(0x0FUL << (4U * (position & 0x03U)));
 386              		.loc 1 241 40 is_stmt 0 view .LVU155
 387 017c 4FEA930C 		lsr	ip, r3, #2
 388              	.LVL42:
 241:Drivers/STM32G4xx_HAL_Driver/Src/stm32g4xx_hal_gpio.c ****         temp &= ~(0x0FUL << (4U * (position & 0x03U)));
 389              		.loc 1 241 14 view .LVU156
 390 0180 0CF10205 		add	r5, ip, #2
 391 0184 174C     		ldr	r4, .L26
 392 0186 54F82550 		ldr	r5, [r4, r5, lsl #2]
 393              	.LVL43:
 242:Drivers/STM32G4xx_HAL_Driver/Src/stm32g4xx_hal_gpio.c ****         temp |= (GPIO_GET_INDEX(GPIOx) << (4U * (position & 0x03U)));
 394              		.loc 1 242 9 is_stmt 1 view .LVU157
 242:Drivers/STM32G4xx_HAL_Driver/Src/stm32g4xx_hal_gpio.c ****         temp |= (GPIO_GET_INDEX(GPIOx) << (4U * (position & 0x03U)));
 395              		.loc 1 242 45 is_stmt 0 view .LVU158
 396 018a 03F0030E 		and	lr, r3, #3
 242:Drivers/STM32G4xx_HAL_Driver/Src/stm32g4xx_hal_gpio.c ****         temp |= (GPIO_GET_INDEX(GPIOx) << (4U * (position & 0x03U)));
 397              		.loc 1 242 33 view .LVU159
 398 018e 4FEA8E0E 		lsl	lr, lr, #2
 242:Drivers/STM32G4xx_HAL_Driver/Src/stm32g4xx_hal_gpio.c ****         temp |= (GPIO_GET_INDEX(GPIOx) << (4U * (position & 0x03U)));
 399              		.loc 1 242 26 view .LVU160
 400 0192 0F24     		movs	r4, #15
ARM GAS  C:\Users\MyPC\AppData\Local\Temp\ccBqBDC5.s 			page 14


 401 0194 04FA0EF4 		lsl	r4, r4, lr
 242:Drivers/STM32G4xx_HAL_Driver/Src/stm32g4xx_hal_gpio.c ****         temp |= (GPIO_GET_INDEX(GPIOx) << (4U * (position & 0x03U)));
 402              		.loc 1 242 14 view .LVU161
 403 0198 25EA0405 		bic	r5, r5, r4
 404              	.LVL44:
 243:Drivers/STM32G4xx_HAL_Driver/Src/stm32g4xx_hal_gpio.c ****         SYSCFG->EXTICR[position >> 2U] = temp;
 405              		.loc 1 243 9 is_stmt 1 view .LVU162
 243:Drivers/STM32G4xx_HAL_Driver/Src/stm32g4xx_hal_gpio.c ****         SYSCFG->EXTICR[position >> 2U] = temp;
 406              		.loc 1 243 18 is_stmt 0 view .LVU163
 407 019c B0F1904F 		cmp	r0, #1207959552
 408 01a0 3FF467AF 		beq	.L14
 243:Drivers/STM32G4xx_HAL_Driver/Src/stm32g4xx_hal_gpio.c ****         SYSCFG->EXTICR[position >> 2U] = temp;
 409              		.loc 1 243 18 discriminator 1 view .LVU164
 410 01a4 124C     		ldr	r4, .L26+12
 411 01a6 A042     		cmp	r0, r4
 412 01a8 12D0     		beq	.L15
 243:Drivers/STM32G4xx_HAL_Driver/Src/stm32g4xx_hal_gpio.c ****         SYSCFG->EXTICR[position >> 2U] = temp;
 413              		.loc 1 243 18 discriminator 3 view .LVU165
 414 01aa 04F58064 		add	r4, r4, #1024
 415 01ae A042     		cmp	r0, r4
 416 01b0 10D0     		beq	.L16
 243:Drivers/STM32G4xx_HAL_Driver/Src/stm32g4xx_hal_gpio.c ****         SYSCFG->EXTICR[position >> 2U] = temp;
 417              		.loc 1 243 18 discriminator 5 view .LVU166
 418 01b2 04F58064 		add	r4, r4, #1024
 419 01b6 A042     		cmp	r0, r4
 420 01b8 0ED0     		beq	.L17
 243:Drivers/STM32G4xx_HAL_Driver/Src/stm32g4xx_hal_gpio.c ****         SYSCFG->EXTICR[position >> 2U] = temp;
 421              		.loc 1 243 18 discriminator 7 view .LVU167
 422 01ba 04F58064 		add	r4, r4, #1024
 423 01be A042     		cmp	r0, r4
 424 01c0 0CD0     		beq	.L18
 243:Drivers/STM32G4xx_HAL_Driver/Src/stm32g4xx_hal_gpio.c ****         SYSCFG->EXTICR[position >> 2U] = temp;
 425              		.loc 1 243 18 discriminator 9 view .LVU168
 426 01c2 04F58064 		add	r4, r4, #1024
 427 01c6 A042     		cmp	r0, r4
 428 01c8 3FF451AF 		beq	.L25
 243:Drivers/STM32G4xx_HAL_Driver/Src/stm32g4xx_hal_gpio.c ****         SYSCFG->EXTICR[position >> 2U] = temp;
 429              		.loc 1 243 18 discriminator 12 view .LVU169
 430 01cc 0624     		movs	r4, #6
 431 01ce 51E7     		b	.L8
 432              	.L15:
 243:Drivers/STM32G4xx_HAL_Driver/Src/stm32g4xx_hal_gpio.c ****         SYSCFG->EXTICR[position >> 2U] = temp;
 433              		.loc 1 243 18 discriminator 4 view .LVU170
 434 01d0 0124     		movs	r4, #1
 435 01d2 4FE7     		b	.L8
 436              	.L16:
 243:Drivers/STM32G4xx_HAL_Driver/Src/stm32g4xx_hal_gpio.c ****         SYSCFG->EXTICR[position >> 2U] = temp;
 437              		.loc 1 243 18 discriminator 6 view .LVU171
 438 01d4 0224     		movs	r4, #2
 439 01d6 4DE7     		b	.L8
 440              	.L17:
 243:Drivers/STM32G4xx_HAL_Driver/Src/stm32g4xx_hal_gpio.c ****         SYSCFG->EXTICR[position >> 2U] = temp;
 441              		.loc 1 243 18 discriminator 8 view .LVU172
 442 01d8 0324     		movs	r4, #3
 443 01da 4BE7     		b	.L8
 444              	.L18:
 243:Drivers/STM32G4xx_HAL_Driver/Src/stm32g4xx_hal_gpio.c ****         SYSCFG->EXTICR[position >> 2U] = temp;
ARM GAS  C:\Users\MyPC\AppData\Local\Temp\ccBqBDC5.s 			page 15


 445              		.loc 1 243 18 discriminator 10 view .LVU173
 446 01dc 0424     		movs	r4, #4
 447 01de 49E7     		b	.L8
 448              	.LVL45:
 449              	.L21:
 283:Drivers/STM32G4xx_HAL_Driver/Src/stm32g4xx_hal_gpio.c ****   }
 284:Drivers/STM32G4xx_HAL_Driver/Src/stm32g4xx_hal_gpio.c **** }
 450              		.loc 1 284 1 view .LVU174
 451 01e0 02B0     		add	sp, sp, #8
 452              	.LCFI2:
 453              		.cfi_def_cfa_offset 16
 454              		@ sp needed
 455 01e2 70BD     		pop	{r4, r5, r6, pc}
 456              	.L27:
 457              		.align	2
 458              	.L26:
 459 01e4 00000140 		.word	1073807360
 460 01e8 00040140 		.word	1073808384
 461 01ec 00100240 		.word	1073876992
 462 01f0 00040048 		.word	1207960576
 463              		.cfi_endproc
 464              	.LFE132:
 466              		.section	.text.HAL_GPIO_DeInit,"ax",%progbits
 467              		.align	1
 468              		.global	HAL_GPIO_DeInit
 469              		.syntax unified
 470              		.thumb
 471              		.thumb_func
 473              	HAL_GPIO_DeInit:
 474              	.LVL46:
 475              	.LFB133:
 285:Drivers/STM32G4xx_HAL_Driver/Src/stm32g4xx_hal_gpio.c **** 
 286:Drivers/STM32G4xx_HAL_Driver/Src/stm32g4xx_hal_gpio.c **** /**
 287:Drivers/STM32G4xx_HAL_Driver/Src/stm32g4xx_hal_gpio.c ****   * @brief  De-initialize the GPIOx peripheral registers to their default reset values.
 288:Drivers/STM32G4xx_HAL_Driver/Src/stm32g4xx_hal_gpio.c ****   * @param  GPIOx where x can be (A..G) to select the GPIO peripheral for STM32G4xx family
 289:Drivers/STM32G4xx_HAL_Driver/Src/stm32g4xx_hal_gpio.c ****   * @param  GPIO_Pin specifies the port bit to be written.
 290:Drivers/STM32G4xx_HAL_Driver/Src/stm32g4xx_hal_gpio.c ****   *         This parameter can be any combination of GPIO_PIN_x where x can be (0..15).
 291:Drivers/STM32G4xx_HAL_Driver/Src/stm32g4xx_hal_gpio.c ****   * @retval None
 292:Drivers/STM32G4xx_HAL_Driver/Src/stm32g4xx_hal_gpio.c ****   */
 293:Drivers/STM32G4xx_HAL_Driver/Src/stm32g4xx_hal_gpio.c **** void HAL_GPIO_DeInit(GPIO_TypeDef  *GPIOx, uint32_t GPIO_Pin)
 294:Drivers/STM32G4xx_HAL_Driver/Src/stm32g4xx_hal_gpio.c **** {
 476              		.loc 1 294 1 is_stmt 1 view -0
 477              		.cfi_startproc
 478              		@ args = 0, pretend = 0, frame = 0
 479              		@ frame_needed = 0, uses_anonymous_args = 0
 295:Drivers/STM32G4xx_HAL_Driver/Src/stm32g4xx_hal_gpio.c ****   uint32_t position = 0x00U;
 480              		.loc 1 295 3 view .LVU176
 296:Drivers/STM32G4xx_HAL_Driver/Src/stm32g4xx_hal_gpio.c ****   uint32_t iocurrent;
 481              		.loc 1 296 3 view .LVU177
 297:Drivers/STM32G4xx_HAL_Driver/Src/stm32g4xx_hal_gpio.c ****   uint32_t tmp;
 482              		.loc 1 297 3 view .LVU178
 298:Drivers/STM32G4xx_HAL_Driver/Src/stm32g4xx_hal_gpio.c **** 
 299:Drivers/STM32G4xx_HAL_Driver/Src/stm32g4xx_hal_gpio.c ****   /* Check the parameters */
 300:Drivers/STM32G4xx_HAL_Driver/Src/stm32g4xx_hal_gpio.c ****   assert_param(IS_GPIO_ALL_INSTANCE(GPIOx));
 483              		.loc 1 300 3 view .LVU179
 301:Drivers/STM32G4xx_HAL_Driver/Src/stm32g4xx_hal_gpio.c ****   assert_param(IS_GPIO_PIN(GPIO_Pin));
 484              		.loc 1 301 3 view .LVU180
ARM GAS  C:\Users\MyPC\AppData\Local\Temp\ccBqBDC5.s 			page 16


 302:Drivers/STM32G4xx_HAL_Driver/Src/stm32g4xx_hal_gpio.c **** 
 303:Drivers/STM32G4xx_HAL_Driver/Src/stm32g4xx_hal_gpio.c ****   /* Configure the port pins */
 304:Drivers/STM32G4xx_HAL_Driver/Src/stm32g4xx_hal_gpio.c ****   while ((GPIO_Pin >> position) != 0U)
 485              		.loc 1 304 3 view .LVU181
 295:Drivers/STM32G4xx_HAL_Driver/Src/stm32g4xx_hal_gpio.c ****   uint32_t iocurrent;
 486              		.loc 1 295 12 is_stmt 0 view .LVU182
 487 0000 0023     		movs	r3, #0
 488              	.LVL47:
 489              		.loc 1 304 33 is_stmt 1 view .LVU183
 490 0002 31FA03F2 		lsrs	r2, r1, r3
 491 0006 00F08180 		beq	.L43
 294:Drivers/STM32G4xx_HAL_Driver/Src/stm32g4xx_hal_gpio.c ****   uint32_t position = 0x00U;
 492              		.loc 1 294 1 is_stmt 0 view .LVU184
 493 000a F0B5     		push	{r4, r5, r6, r7, lr}
 494              	.LCFI3:
 495              		.cfi_def_cfa_offset 20
 496              		.cfi_offset 4, -20
 497              		.cfi_offset 5, -16
 498              		.cfi_offset 6, -12
 499              		.cfi_offset 7, -8
 500              		.cfi_offset 14, -4
 501 000c 2EE0     		b	.L33
 502              	.LVL48:
 503              	.L46:
 305:Drivers/STM32G4xx_HAL_Driver/Src/stm32g4xx_hal_gpio.c ****   {
 306:Drivers/STM32G4xx_HAL_Driver/Src/stm32g4xx_hal_gpio.c ****     /* Get current io position */
 307:Drivers/STM32G4xx_HAL_Driver/Src/stm32g4xx_hal_gpio.c ****     iocurrent = (GPIO_Pin) & (1UL << position);
 308:Drivers/STM32G4xx_HAL_Driver/Src/stm32g4xx_hal_gpio.c **** 
 309:Drivers/STM32G4xx_HAL_Driver/Src/stm32g4xx_hal_gpio.c ****     if (iocurrent != 0x00u)
 310:Drivers/STM32G4xx_HAL_Driver/Src/stm32g4xx_hal_gpio.c ****     {
 311:Drivers/STM32G4xx_HAL_Driver/Src/stm32g4xx_hal_gpio.c ****       /*------------------------- EXTI Mode Configuration --------------------*/
 312:Drivers/STM32G4xx_HAL_Driver/Src/stm32g4xx_hal_gpio.c ****       /* Clear the External Interrupt or Event for the current IO */
 313:Drivers/STM32G4xx_HAL_Driver/Src/stm32g4xx_hal_gpio.c **** 
 314:Drivers/STM32G4xx_HAL_Driver/Src/stm32g4xx_hal_gpio.c ****       tmp = SYSCFG->EXTICR[position >> 2U];
 315:Drivers/STM32G4xx_HAL_Driver/Src/stm32g4xx_hal_gpio.c ****       tmp &= (0x0FUL << (4U * (position & 0x03U)));
 316:Drivers/STM32G4xx_HAL_Driver/Src/stm32g4xx_hal_gpio.c ****       if (tmp == (GPIO_GET_INDEX(GPIOx) << (4U * (position & 0x03U))))
 504              		.loc 1 316 19 discriminator 11 view .LVU185
 505 000e 0525     		movs	r5, #5
 506 0010 00E0     		b	.L31
 507              	.L34:
 508              		.loc 1 316 19 discriminator 2 view .LVU186
 509 0012 0025     		movs	r5, #0
 510              	.L31:
 511              		.loc 1 316 41 discriminator 13 view .LVU187
 512 0014 05FA0CF5 		lsl	r5, r5, ip
 513              		.loc 1 316 10 discriminator 13 view .LVU188
 514 0018 A542     		cmp	r5, r4
 515 001a 5BD0     		beq	.L44
 516              	.LVL49:
 517              	.L32:
 317:Drivers/STM32G4xx_HAL_Driver/Src/stm32g4xx_hal_gpio.c ****       {
 318:Drivers/STM32G4xx_HAL_Driver/Src/stm32g4xx_hal_gpio.c ****         /* Clear EXTI line configuration */
 319:Drivers/STM32G4xx_HAL_Driver/Src/stm32g4xx_hal_gpio.c ****         EXTI->IMR1 &= ~(iocurrent);
 320:Drivers/STM32G4xx_HAL_Driver/Src/stm32g4xx_hal_gpio.c ****         EXTI->EMR1 &= ~(iocurrent);
 321:Drivers/STM32G4xx_HAL_Driver/Src/stm32g4xx_hal_gpio.c **** 
 322:Drivers/STM32G4xx_HAL_Driver/Src/stm32g4xx_hal_gpio.c ****         /* Clear Rising Falling edge configuration */
 323:Drivers/STM32G4xx_HAL_Driver/Src/stm32g4xx_hal_gpio.c ****         EXTI->FTSR1 &= ~(iocurrent);
ARM GAS  C:\Users\MyPC\AppData\Local\Temp\ccBqBDC5.s 			page 17


 324:Drivers/STM32G4xx_HAL_Driver/Src/stm32g4xx_hal_gpio.c ****         EXTI->RTSR1 &= ~(iocurrent);
 325:Drivers/STM32G4xx_HAL_Driver/Src/stm32g4xx_hal_gpio.c **** 
 326:Drivers/STM32G4xx_HAL_Driver/Src/stm32g4xx_hal_gpio.c ****         tmp = 0x0FUL << (4U * (position & 0x03U));
 327:Drivers/STM32G4xx_HAL_Driver/Src/stm32g4xx_hal_gpio.c ****         SYSCFG->EXTICR[position >> 2U] &= ~tmp;
 328:Drivers/STM32G4xx_HAL_Driver/Src/stm32g4xx_hal_gpio.c ****       }
 329:Drivers/STM32G4xx_HAL_Driver/Src/stm32g4xx_hal_gpio.c **** 
 330:Drivers/STM32G4xx_HAL_Driver/Src/stm32g4xx_hal_gpio.c ****       /*------------------------- GPIO Mode Configuration --------------------*/
 331:Drivers/STM32G4xx_HAL_Driver/Src/stm32g4xx_hal_gpio.c ****       /* Configure IO in Analog Mode */
 332:Drivers/STM32G4xx_HAL_Driver/Src/stm32g4xx_hal_gpio.c ****       GPIOx->MODER |= (GPIO_MODER_MODE0 << (position * 2u));
 518              		.loc 1 332 7 is_stmt 1 view .LVU189
 519              		.loc 1 332 12 is_stmt 0 view .LVU190
 520 001c 0468     		ldr	r4, [r0]
 521              		.loc 1 332 54 view .LVU191
 522 001e 5D00     		lsls	r5, r3, #1
 523              		.loc 1 332 41 view .LVU192
 524 0020 4FF0030C 		mov	ip, #3
 525 0024 0CFA05FC 		lsl	ip, ip, r5
 526              		.loc 1 332 20 view .LVU193
 527 0028 44EA0C04 		orr	r4, r4, ip
 528 002c 0460     		str	r4, [r0]
 333:Drivers/STM32G4xx_HAL_Driver/Src/stm32g4xx_hal_gpio.c **** 
 334:Drivers/STM32G4xx_HAL_Driver/Src/stm32g4xx_hal_gpio.c ****       /* Configure the default Alternate Function in current IO */
 335:Drivers/STM32G4xx_HAL_Driver/Src/stm32g4xx_hal_gpio.c ****       GPIOx->AFR[position >> 3u] &= ~(0xFu << ((position & 0x07u) * 4u));
 529              		.loc 1 335 7 is_stmt 1 view .LVU194
 530              		.loc 1 335 17 is_stmt 0 view .LVU195
 531 002e 4FEAD30E 		lsr	lr, r3, #3
 532 0032 0EF1080E 		add	lr, lr, #8
 533 0036 50F82E40 		ldr	r4, [r0, lr, lsl #2]
 534              		.loc 1 335 58 view .LVU196
 535 003a 03F00706 		and	r6, r3, #7
 536              		.loc 1 335 67 view .LVU197
 537 003e B600     		lsls	r6, r6, #2
 538              		.loc 1 335 44 view .LVU198
 539 0040 0F25     		movs	r5, #15
 540 0042 B540     		lsls	r5, r5, r6
 541              		.loc 1 335 34 view .LVU199
 542 0044 24EA0504 		bic	r4, r4, r5
 543 0048 40F82E40 		str	r4, [r0, lr, lsl #2]
 336:Drivers/STM32G4xx_HAL_Driver/Src/stm32g4xx_hal_gpio.c **** 
 337:Drivers/STM32G4xx_HAL_Driver/Src/stm32g4xx_hal_gpio.c ****       /* Deactivate the Pull-up and Pull-down resistor for the current IO */
 338:Drivers/STM32G4xx_HAL_Driver/Src/stm32g4xx_hal_gpio.c ****       GPIOx->PUPDR &= ~(GPIO_PUPDR_PUPD0 << (position * 2u));
 544              		.loc 1 338 7 is_stmt 1 view .LVU200
 545              		.loc 1 338 12 is_stmt 0 view .LVU201
 546 004c C468     		ldr	r4, [r0, #12]
 547              		.loc 1 338 20 view .LVU202
 548 004e 24EA0C04 		bic	r4, r4, ip
 549 0052 C460     		str	r4, [r0, #12]
 339:Drivers/STM32G4xx_HAL_Driver/Src/stm32g4xx_hal_gpio.c **** 
 340:Drivers/STM32G4xx_HAL_Driver/Src/stm32g4xx_hal_gpio.c ****       /* Configure the default value IO Output Type */
 341:Drivers/STM32G4xx_HAL_Driver/Src/stm32g4xx_hal_gpio.c ****       GPIOx->OTYPER  &= ~(GPIO_OTYPER_OT0 << position);
 550              		.loc 1 341 7 is_stmt 1 view .LVU203
 551              		.loc 1 341 12 is_stmt 0 view .LVU204
 552 0054 4468     		ldr	r4, [r0, #4]
 553              		.loc 1 341 22 view .LVU205
 554 0056 24EA0202 		bic	r2, r4, r2
 555              	.LVL50:
 556              		.loc 1 341 22 view .LVU206
ARM GAS  C:\Users\MyPC\AppData\Local\Temp\ccBqBDC5.s 			page 18


 557 005a 4260     		str	r2, [r0, #4]
 342:Drivers/STM32G4xx_HAL_Driver/Src/stm32g4xx_hal_gpio.c **** 
 343:Drivers/STM32G4xx_HAL_Driver/Src/stm32g4xx_hal_gpio.c ****       /* Configure the default value for IO Speed */
 344:Drivers/STM32G4xx_HAL_Driver/Src/stm32g4xx_hal_gpio.c ****       GPIOx->OSPEEDR &= ~(GPIO_OSPEEDR_OSPEED0 << (position * 2u));
 558              		.loc 1 344 7 is_stmt 1 view .LVU207
 559              		.loc 1 344 12 is_stmt 0 view .LVU208
 560 005c 8268     		ldr	r2, [r0, #8]
 561              		.loc 1 344 22 view .LVU209
 562 005e 22EA0C02 		bic	r2, r2, ip
 563 0062 8260     		str	r2, [r0, #8]
 564              	.L30:
 345:Drivers/STM32G4xx_HAL_Driver/Src/stm32g4xx_hal_gpio.c ****     }
 346:Drivers/STM32G4xx_HAL_Driver/Src/stm32g4xx_hal_gpio.c **** 
 347:Drivers/STM32G4xx_HAL_Driver/Src/stm32g4xx_hal_gpio.c ****     position++;
 565              		.loc 1 347 5 is_stmt 1 view .LVU210
 566              		.loc 1 347 13 is_stmt 0 view .LVU211
 567 0064 0133     		adds	r3, r3, #1
 568              	.LVL51:
 304:Drivers/STM32G4xx_HAL_Driver/Src/stm32g4xx_hal_gpio.c ****   {
 569              		.loc 1 304 33 is_stmt 1 view .LVU212
 570 0066 31FA03F2 		lsrs	r2, r1, r3
 571 006a 4ED0     		beq	.L45
 572              	.LVL52:
 573              	.L33:
 307:Drivers/STM32G4xx_HAL_Driver/Src/stm32g4xx_hal_gpio.c **** 
 574              		.loc 1 307 5 view .LVU213
 307:Drivers/STM32G4xx_HAL_Driver/Src/stm32g4xx_hal_gpio.c **** 
 575              		.loc 1 307 35 is_stmt 0 view .LVU214
 576 006c 0122     		movs	r2, #1
 577 006e 9A40     		lsls	r2, r2, r3
 578              	.LVL53:
 309:Drivers/STM32G4xx_HAL_Driver/Src/stm32g4xx_hal_gpio.c ****     {
 579              		.loc 1 309 5 is_stmt 1 view .LVU215
 309:Drivers/STM32G4xx_HAL_Driver/Src/stm32g4xx_hal_gpio.c ****     {
 580              		.loc 1 309 8 is_stmt 0 view .LVU216
 581 0070 12EA0107 		ands	r7, r2, r1
 582              	.LVL54:
 309:Drivers/STM32G4xx_HAL_Driver/Src/stm32g4xx_hal_gpio.c ****     {
 583              		.loc 1 309 8 view .LVU217
 584 0074 F6D0     		beq	.L30
 314:Drivers/STM32G4xx_HAL_Driver/Src/stm32g4xx_hal_gpio.c ****       tmp &= (0x0FUL << (4U * (position & 0x03U)));
 585              		.loc 1 314 7 is_stmt 1 view .LVU218
 314:Drivers/STM32G4xx_HAL_Driver/Src/stm32g4xx_hal_gpio.c ****       tmp &= (0x0FUL << (4U * (position & 0x03U)));
 586              		.loc 1 314 37 is_stmt 0 view .LVU219
 587 0076 4FEA930E 		lsr	lr, r3, #2
 314:Drivers/STM32G4xx_HAL_Driver/Src/stm32g4xx_hal_gpio.c ****       tmp &= (0x0FUL << (4U * (position & 0x03U)));
 588              		.loc 1 314 11 view .LVU220
 589 007a 0EF10205 		add	r5, lr, #2
 590 007e 244C     		ldr	r4, .L47
 591 0080 54F82540 		ldr	r4, [r4, r5, lsl #2]
 592              	.LVL55:
 315:Drivers/STM32G4xx_HAL_Driver/Src/stm32g4xx_hal_gpio.c ****       if (tmp == (GPIO_GET_INDEX(GPIOx) << (4U * (position & 0x03U))))
 593              		.loc 1 315 7 is_stmt 1 view .LVU221
 315:Drivers/STM32G4xx_HAL_Driver/Src/stm32g4xx_hal_gpio.c ****       if (tmp == (GPIO_GET_INDEX(GPIOx) << (4U * (position & 0x03U))))
 594              		.loc 1 315 41 is_stmt 0 view .LVU222
 595 0084 03F0030C 		and	ip, r3, #3
 315:Drivers/STM32G4xx_HAL_Driver/Src/stm32g4xx_hal_gpio.c ****       if (tmp == (GPIO_GET_INDEX(GPIOx) << (4U * (position & 0x03U))))
ARM GAS  C:\Users\MyPC\AppData\Local\Temp\ccBqBDC5.s 			page 19


 596              		.loc 1 315 29 view .LVU223
 597 0088 4FEA8C0C 		lsl	ip, ip, #2
 315:Drivers/STM32G4xx_HAL_Driver/Src/stm32g4xx_hal_gpio.c ****       if (tmp == (GPIO_GET_INDEX(GPIOx) << (4U * (position & 0x03U))))
 598              		.loc 1 315 22 view .LVU224
 599 008c 0F25     		movs	r5, #15
 600 008e 05FA0CF6 		lsl	r6, r5, ip
 315:Drivers/STM32G4xx_HAL_Driver/Src/stm32g4xx_hal_gpio.c ****       if (tmp == (GPIO_GET_INDEX(GPIOx) << (4U * (position & 0x03U))))
 601              		.loc 1 315 11 view .LVU225
 602 0092 3440     		ands	r4, r4, r6
 603              	.LVL56:
 316:Drivers/STM32G4xx_HAL_Driver/Src/stm32g4xx_hal_gpio.c ****       {
 604              		.loc 1 316 7 is_stmt 1 view .LVU226
 316:Drivers/STM32G4xx_HAL_Driver/Src/stm32g4xx_hal_gpio.c ****       {
 605              		.loc 1 316 19 is_stmt 0 view .LVU227
 606 0094 B0F1904F 		cmp	r0, #1207959552
 607 0098 BBD0     		beq	.L34
 316:Drivers/STM32G4xx_HAL_Driver/Src/stm32g4xx_hal_gpio.c ****       {
 608              		.loc 1 316 19 discriminator 1 view .LVU228
 609 009a 1E4D     		ldr	r5, .L47+4
 610 009c A842     		cmp	r0, r5
 611 009e 11D0     		beq	.L35
 316:Drivers/STM32G4xx_HAL_Driver/Src/stm32g4xx_hal_gpio.c ****       {
 612              		.loc 1 316 19 discriminator 3 view .LVU229
 613 00a0 05F58065 		add	r5, r5, #1024
 614 00a4 A842     		cmp	r0, r5
 615 00a6 0FD0     		beq	.L36
 316:Drivers/STM32G4xx_HAL_Driver/Src/stm32g4xx_hal_gpio.c ****       {
 616              		.loc 1 316 19 discriminator 5 view .LVU230
 617 00a8 05F58065 		add	r5, r5, #1024
 618 00ac A842     		cmp	r0, r5
 619 00ae 0DD0     		beq	.L37
 316:Drivers/STM32G4xx_HAL_Driver/Src/stm32g4xx_hal_gpio.c ****       {
 620              		.loc 1 316 19 discriminator 7 view .LVU231
 621 00b0 05F58065 		add	r5, r5, #1024
 622 00b4 A842     		cmp	r0, r5
 623 00b6 0BD0     		beq	.L38
 316:Drivers/STM32G4xx_HAL_Driver/Src/stm32g4xx_hal_gpio.c ****       {
 624              		.loc 1 316 19 discriminator 9 view .LVU232
 625 00b8 05F58065 		add	r5, r5, #1024
 626 00bc A842     		cmp	r0, r5
 627 00be A6D0     		beq	.L46
 316:Drivers/STM32G4xx_HAL_Driver/Src/stm32g4xx_hal_gpio.c ****       {
 628              		.loc 1 316 19 discriminator 12 view .LVU233
 629 00c0 0625     		movs	r5, #6
 630 00c2 A7E7     		b	.L31
 631              	.L35:
 316:Drivers/STM32G4xx_HAL_Driver/Src/stm32g4xx_hal_gpio.c ****       {
 632              		.loc 1 316 19 discriminator 4 view .LVU234
 633 00c4 0125     		movs	r5, #1
 634 00c6 A5E7     		b	.L31
 635              	.L36:
 316:Drivers/STM32G4xx_HAL_Driver/Src/stm32g4xx_hal_gpio.c ****       {
 636              		.loc 1 316 19 discriminator 6 view .LVU235
 637 00c8 0225     		movs	r5, #2
 638 00ca A3E7     		b	.L31
 639              	.L37:
 316:Drivers/STM32G4xx_HAL_Driver/Src/stm32g4xx_hal_gpio.c ****       {
ARM GAS  C:\Users\MyPC\AppData\Local\Temp\ccBqBDC5.s 			page 20


 640              		.loc 1 316 19 discriminator 8 view .LVU236
 641 00cc 0325     		movs	r5, #3
 642 00ce A1E7     		b	.L31
 643              	.L38:
 316:Drivers/STM32G4xx_HAL_Driver/Src/stm32g4xx_hal_gpio.c ****       {
 644              		.loc 1 316 19 discriminator 10 view .LVU237
 645 00d0 0425     		movs	r5, #4
 646 00d2 9FE7     		b	.L31
 647              	.L44:
 319:Drivers/STM32G4xx_HAL_Driver/Src/stm32g4xx_hal_gpio.c ****         EXTI->EMR1 &= ~(iocurrent);
 648              		.loc 1 319 9 is_stmt 1 view .LVU238
 319:Drivers/STM32G4xx_HAL_Driver/Src/stm32g4xx_hal_gpio.c ****         EXTI->EMR1 &= ~(iocurrent);
 649              		.loc 1 319 13 is_stmt 0 view .LVU239
 650 00d4 104C     		ldr	r4, .L47+8
 651              	.LVL57:
 319:Drivers/STM32G4xx_HAL_Driver/Src/stm32g4xx_hal_gpio.c ****         EXTI->EMR1 &= ~(iocurrent);
 652              		.loc 1 319 13 view .LVU240
 653 00d6 2568     		ldr	r5, [r4]
 319:Drivers/STM32G4xx_HAL_Driver/Src/stm32g4xx_hal_gpio.c ****         EXTI->EMR1 &= ~(iocurrent);
 654              		.loc 1 319 20 view .LVU241
 655 00d8 25EA0705 		bic	r5, r5, r7
 656 00dc 2560     		str	r5, [r4]
 320:Drivers/STM32G4xx_HAL_Driver/Src/stm32g4xx_hal_gpio.c **** 
 657              		.loc 1 320 9 is_stmt 1 view .LVU242
 320:Drivers/STM32G4xx_HAL_Driver/Src/stm32g4xx_hal_gpio.c **** 
 658              		.loc 1 320 13 is_stmt 0 view .LVU243
 659 00de 6568     		ldr	r5, [r4, #4]
 320:Drivers/STM32G4xx_HAL_Driver/Src/stm32g4xx_hal_gpio.c **** 
 660              		.loc 1 320 20 view .LVU244
 661 00e0 25EA0705 		bic	r5, r5, r7
 662 00e4 6560     		str	r5, [r4, #4]
 323:Drivers/STM32G4xx_HAL_Driver/Src/stm32g4xx_hal_gpio.c ****         EXTI->RTSR1 &= ~(iocurrent);
 663              		.loc 1 323 9 is_stmt 1 view .LVU245
 323:Drivers/STM32G4xx_HAL_Driver/Src/stm32g4xx_hal_gpio.c ****         EXTI->RTSR1 &= ~(iocurrent);
 664              		.loc 1 323 13 is_stmt 0 view .LVU246
 665 00e6 E568     		ldr	r5, [r4, #12]
 323:Drivers/STM32G4xx_HAL_Driver/Src/stm32g4xx_hal_gpio.c ****         EXTI->RTSR1 &= ~(iocurrent);
 666              		.loc 1 323 21 view .LVU247
 667 00e8 25EA0705 		bic	r5, r5, r7
 668 00ec E560     		str	r5, [r4, #12]
 324:Drivers/STM32G4xx_HAL_Driver/Src/stm32g4xx_hal_gpio.c **** 
 669              		.loc 1 324 9 is_stmt 1 view .LVU248
 324:Drivers/STM32G4xx_HAL_Driver/Src/stm32g4xx_hal_gpio.c **** 
 670              		.loc 1 324 13 is_stmt 0 view .LVU249
 671 00ee A568     		ldr	r5, [r4, #8]
 324:Drivers/STM32G4xx_HAL_Driver/Src/stm32g4xx_hal_gpio.c **** 
 672              		.loc 1 324 21 view .LVU250
 673 00f0 25EA0705 		bic	r5, r5, r7
 674 00f4 A560     		str	r5, [r4, #8]
 326:Drivers/STM32G4xx_HAL_Driver/Src/stm32g4xx_hal_gpio.c ****         SYSCFG->EXTICR[position >> 2U] &= ~tmp;
 675              		.loc 1 326 9 is_stmt 1 view .LVU251
 676              	.LVL58:
 327:Drivers/STM32G4xx_HAL_Driver/Src/stm32g4xx_hal_gpio.c ****       }
 677              		.loc 1 327 9 view .LVU252
 327:Drivers/STM32G4xx_HAL_Driver/Src/stm32g4xx_hal_gpio.c ****       }
 678              		.loc 1 327 23 is_stmt 0 view .LVU253
 679 00f6 064F     		ldr	r7, .L47
ARM GAS  C:\Users\MyPC\AppData\Local\Temp\ccBqBDC5.s 			page 21


 680              	.LVL59:
 327:Drivers/STM32G4xx_HAL_Driver/Src/stm32g4xx_hal_gpio.c ****       }
 681              		.loc 1 327 23 view .LVU254
 682 00f8 0EF10204 		add	r4, lr, #2
 683 00fc 57F82450 		ldr	r5, [r7, r4, lsl #2]
 327:Drivers/STM32G4xx_HAL_Driver/Src/stm32g4xx_hal_gpio.c ****       }
 684              		.loc 1 327 40 view .LVU255
 685 0100 25EA0605 		bic	r5, r5, r6
 686 0104 47F82450 		str	r5, [r7, r4, lsl #2]
 687 0108 88E7     		b	.L32
 688              	.LVL60:
 689              	.L45:
 348:Drivers/STM32G4xx_HAL_Driver/Src/stm32g4xx_hal_gpio.c ****   }
 349:Drivers/STM32G4xx_HAL_Driver/Src/stm32g4xx_hal_gpio.c **** }
 690              		.loc 1 349 1 view .LVU256
 691 010a F0BD     		pop	{r4, r5, r6, r7, pc}
 692              	.LVL61:
 693              	.L43:
 694              	.LCFI4:
 695              		.cfi_def_cfa_offset 0
 696              		.cfi_restore 4
 697              		.cfi_restore 5
 698              		.cfi_restore 6
 699              		.cfi_restore 7
 700              		.cfi_restore 14
 701              		.loc 1 349 1 view .LVU257
 702 010c 7047     		bx	lr
 703              	.L48:
 704 010e 00BF     		.align	2
 705              	.L47:
 706 0110 00000140 		.word	1073807360
 707 0114 00040048 		.word	1207960576
 708 0118 00040140 		.word	1073808384
 709              		.cfi_endproc
 710              	.LFE133:
 712              		.section	.text.HAL_GPIO_ReadPin,"ax",%progbits
 713              		.align	1
 714              		.global	HAL_GPIO_ReadPin
 715              		.syntax unified
 716              		.thumb
 717              		.thumb_func
 719              	HAL_GPIO_ReadPin:
 720              	.LVL62:
 721              	.LFB134:
 350:Drivers/STM32G4xx_HAL_Driver/Src/stm32g4xx_hal_gpio.c **** 
 351:Drivers/STM32G4xx_HAL_Driver/Src/stm32g4xx_hal_gpio.c **** /**
 352:Drivers/STM32G4xx_HAL_Driver/Src/stm32g4xx_hal_gpio.c ****   * @}
 353:Drivers/STM32G4xx_HAL_Driver/Src/stm32g4xx_hal_gpio.c ****   */
 354:Drivers/STM32G4xx_HAL_Driver/Src/stm32g4xx_hal_gpio.c **** 
 355:Drivers/STM32G4xx_HAL_Driver/Src/stm32g4xx_hal_gpio.c **** /** @addtogroup GPIO_Exported_Functions_Group2
 356:Drivers/STM32G4xx_HAL_Driver/Src/stm32g4xx_hal_gpio.c ****   *  @brief GPIO Read, Write, Toggle, Lock and EXTI management functions.
 357:Drivers/STM32G4xx_HAL_Driver/Src/stm32g4xx_hal_gpio.c ****   *
 358:Drivers/STM32G4xx_HAL_Driver/Src/stm32g4xx_hal_gpio.c **** @verbatim
 359:Drivers/STM32G4xx_HAL_Driver/Src/stm32g4xx_hal_gpio.c ****  ===============================================================================
 360:Drivers/STM32G4xx_HAL_Driver/Src/stm32g4xx_hal_gpio.c ****                        ##### IO operation functions #####
 361:Drivers/STM32G4xx_HAL_Driver/Src/stm32g4xx_hal_gpio.c ****  ===============================================================================
 362:Drivers/STM32G4xx_HAL_Driver/Src/stm32g4xx_hal_gpio.c **** 
ARM GAS  C:\Users\MyPC\AppData\Local\Temp\ccBqBDC5.s 			page 22


 363:Drivers/STM32G4xx_HAL_Driver/Src/stm32g4xx_hal_gpio.c **** @endverbatim
 364:Drivers/STM32G4xx_HAL_Driver/Src/stm32g4xx_hal_gpio.c ****   * @{
 365:Drivers/STM32G4xx_HAL_Driver/Src/stm32g4xx_hal_gpio.c ****   */
 366:Drivers/STM32G4xx_HAL_Driver/Src/stm32g4xx_hal_gpio.c **** 
 367:Drivers/STM32G4xx_HAL_Driver/Src/stm32g4xx_hal_gpio.c **** /**
 368:Drivers/STM32G4xx_HAL_Driver/Src/stm32g4xx_hal_gpio.c ****   * @brief  Read the specified input port pin.
 369:Drivers/STM32G4xx_HAL_Driver/Src/stm32g4xx_hal_gpio.c ****   * @param  GPIOx where x can be (A..G) to select the GPIO peripheral for STM32G4xx family
 370:Drivers/STM32G4xx_HAL_Driver/Src/stm32g4xx_hal_gpio.c ****   * @param  GPIO_Pin specifies the port bit to read.
 371:Drivers/STM32G4xx_HAL_Driver/Src/stm32g4xx_hal_gpio.c ****   *         This parameter can be any combination of GPIO_PIN_x where x can be (0..15).
 372:Drivers/STM32G4xx_HAL_Driver/Src/stm32g4xx_hal_gpio.c ****   * @retval The input port pin value.
 373:Drivers/STM32G4xx_HAL_Driver/Src/stm32g4xx_hal_gpio.c ****   */
 374:Drivers/STM32G4xx_HAL_Driver/Src/stm32g4xx_hal_gpio.c **** GPIO_PinState HAL_GPIO_ReadPin(GPIO_TypeDef const *GPIOx, uint16_t GPIO_Pin)
 375:Drivers/STM32G4xx_HAL_Driver/Src/stm32g4xx_hal_gpio.c **** {
 722              		.loc 1 375 1 is_stmt 1 view -0
 723              		.cfi_startproc
 724              		@ args = 0, pretend = 0, frame = 0
 725              		@ frame_needed = 0, uses_anonymous_args = 0
 726              		@ link register save eliminated.
 376:Drivers/STM32G4xx_HAL_Driver/Src/stm32g4xx_hal_gpio.c ****   GPIO_PinState bitstatus;
 727              		.loc 1 376 3 view .LVU259
 377:Drivers/STM32G4xx_HAL_Driver/Src/stm32g4xx_hal_gpio.c **** 
 378:Drivers/STM32G4xx_HAL_Driver/Src/stm32g4xx_hal_gpio.c ****   /* Check the parameters */
 379:Drivers/STM32G4xx_HAL_Driver/Src/stm32g4xx_hal_gpio.c ****   assert_param(IS_GPIO_PIN(GPIO_Pin));
 728              		.loc 1 379 3 view .LVU260
 380:Drivers/STM32G4xx_HAL_Driver/Src/stm32g4xx_hal_gpio.c **** 
 381:Drivers/STM32G4xx_HAL_Driver/Src/stm32g4xx_hal_gpio.c ****   if ((GPIOx->IDR & GPIO_Pin) != 0x00U)
 729              		.loc 1 381 3 view .LVU261
 730              		.loc 1 381 13 is_stmt 0 view .LVU262
 731 0000 0369     		ldr	r3, [r0, #16]
 732              		.loc 1 381 6 view .LVU263
 733 0002 1942     		tst	r1, r3
 734 0004 01D0     		beq	.L51
 382:Drivers/STM32G4xx_HAL_Driver/Src/stm32g4xx_hal_gpio.c ****   {
 383:Drivers/STM32G4xx_HAL_Driver/Src/stm32g4xx_hal_gpio.c ****     bitstatus = GPIO_PIN_SET;
 735              		.loc 1 383 15 view .LVU264
 736 0006 0120     		movs	r0, #1
 737              	.LVL63:
 738              		.loc 1 383 15 view .LVU265
 739 0008 7047     		bx	lr
 740              	.LVL64:
 741              	.L51:
 384:Drivers/STM32G4xx_HAL_Driver/Src/stm32g4xx_hal_gpio.c ****   }
 385:Drivers/STM32G4xx_HAL_Driver/Src/stm32g4xx_hal_gpio.c ****   else
 386:Drivers/STM32G4xx_HAL_Driver/Src/stm32g4xx_hal_gpio.c ****   {
 387:Drivers/STM32G4xx_HAL_Driver/Src/stm32g4xx_hal_gpio.c ****     bitstatus = GPIO_PIN_RESET;
 742              		.loc 1 387 15 view .LVU266
 743 000a 0020     		movs	r0, #0
 744              	.LVL65:
 388:Drivers/STM32G4xx_HAL_Driver/Src/stm32g4xx_hal_gpio.c ****   }
 389:Drivers/STM32G4xx_HAL_Driver/Src/stm32g4xx_hal_gpio.c ****   return bitstatus;
 745              		.loc 1 389 3 is_stmt 1 view .LVU267
 390:Drivers/STM32G4xx_HAL_Driver/Src/stm32g4xx_hal_gpio.c **** }
 746              		.loc 1 390 1 is_stmt 0 view .LVU268
 747 000c 7047     		bx	lr
 748              		.cfi_endproc
 749              	.LFE134:
 751              		.section	.text.HAL_GPIO_WritePin,"ax",%progbits
ARM GAS  C:\Users\MyPC\AppData\Local\Temp\ccBqBDC5.s 			page 23


 752              		.align	1
 753              		.global	HAL_GPIO_WritePin
 754              		.syntax unified
 755              		.thumb
 756              		.thumb_func
 758              	HAL_GPIO_WritePin:
 759              	.LVL66:
 760              	.LFB135:
 391:Drivers/STM32G4xx_HAL_Driver/Src/stm32g4xx_hal_gpio.c **** 
 392:Drivers/STM32G4xx_HAL_Driver/Src/stm32g4xx_hal_gpio.c **** /**
 393:Drivers/STM32G4xx_HAL_Driver/Src/stm32g4xx_hal_gpio.c ****   * @brief  Set or clear the selected data port bit.
 394:Drivers/STM32G4xx_HAL_Driver/Src/stm32g4xx_hal_gpio.c ****   *
 395:Drivers/STM32G4xx_HAL_Driver/Src/stm32g4xx_hal_gpio.c ****   * @note   This function uses GPIOx_BSRR and GPIOx_BRR registers to allow atomic read/modify
 396:Drivers/STM32G4xx_HAL_Driver/Src/stm32g4xx_hal_gpio.c ****   *         accesses. In this way, there is no risk of an IRQ occurring between
 397:Drivers/STM32G4xx_HAL_Driver/Src/stm32g4xx_hal_gpio.c ****   *         the read and the modify access.
 398:Drivers/STM32G4xx_HAL_Driver/Src/stm32g4xx_hal_gpio.c ****   *
 399:Drivers/STM32G4xx_HAL_Driver/Src/stm32g4xx_hal_gpio.c ****   * @param  GPIOx where x can be (A..G) to select the GPIO peripheral for STM32G4xx family
 400:Drivers/STM32G4xx_HAL_Driver/Src/stm32g4xx_hal_gpio.c ****   * @param  GPIO_Pin specifies the port bit to be written.
 401:Drivers/STM32G4xx_HAL_Driver/Src/stm32g4xx_hal_gpio.c ****   *         This parameter can be any combination of GPIO_PIN_x where x can be (0..15).
 402:Drivers/STM32G4xx_HAL_Driver/Src/stm32g4xx_hal_gpio.c ****   * @param  PinState specifies the value to be written to the selected bit.
 403:Drivers/STM32G4xx_HAL_Driver/Src/stm32g4xx_hal_gpio.c ****   *         This parameter can be one of the GPIO_PinState enum values:
 404:Drivers/STM32G4xx_HAL_Driver/Src/stm32g4xx_hal_gpio.c ****   *            @arg GPIO_PIN_RESET: to clear the port pin
 405:Drivers/STM32G4xx_HAL_Driver/Src/stm32g4xx_hal_gpio.c ****   *            @arg GPIO_PIN_SET: to set the port pin
 406:Drivers/STM32G4xx_HAL_Driver/Src/stm32g4xx_hal_gpio.c ****   * @retval None
 407:Drivers/STM32G4xx_HAL_Driver/Src/stm32g4xx_hal_gpio.c ****   */
 408:Drivers/STM32G4xx_HAL_Driver/Src/stm32g4xx_hal_gpio.c **** void HAL_GPIO_WritePin(GPIO_TypeDef *GPIOx, uint16_t GPIO_Pin, GPIO_PinState PinState)
 409:Drivers/STM32G4xx_HAL_Driver/Src/stm32g4xx_hal_gpio.c **** {
 761              		.loc 1 409 1 is_stmt 1 view -0
 762              		.cfi_startproc
 763              		@ args = 0, pretend = 0, frame = 0
 764              		@ frame_needed = 0, uses_anonymous_args = 0
 765              		@ link register save eliminated.
 410:Drivers/STM32G4xx_HAL_Driver/Src/stm32g4xx_hal_gpio.c ****   /* Check the parameters */
 411:Drivers/STM32G4xx_HAL_Driver/Src/stm32g4xx_hal_gpio.c ****   assert_param(IS_GPIO_PIN(GPIO_Pin));
 766              		.loc 1 411 3 view .LVU270
 412:Drivers/STM32G4xx_HAL_Driver/Src/stm32g4xx_hal_gpio.c ****   assert_param(IS_GPIO_PIN_ACTION(PinState));
 767              		.loc 1 412 3 view .LVU271
 413:Drivers/STM32G4xx_HAL_Driver/Src/stm32g4xx_hal_gpio.c **** 
 414:Drivers/STM32G4xx_HAL_Driver/Src/stm32g4xx_hal_gpio.c ****   if (PinState != GPIO_PIN_RESET)
 768              		.loc 1 414 3 view .LVU272
 769              		.loc 1 414 6 is_stmt 0 view .LVU273
 770 0000 0AB1     		cbz	r2, .L53
 415:Drivers/STM32G4xx_HAL_Driver/Src/stm32g4xx_hal_gpio.c ****   {
 416:Drivers/STM32G4xx_HAL_Driver/Src/stm32g4xx_hal_gpio.c ****     GPIOx->BSRR = (uint32_t)GPIO_Pin;
 771              		.loc 1 416 5 is_stmt 1 view .LVU274
 772              		.loc 1 416 17 is_stmt 0 view .LVU275
 773 0002 8161     		str	r1, [r0, #24]
 774 0004 7047     		bx	lr
 775              	.L53:
 417:Drivers/STM32G4xx_HAL_Driver/Src/stm32g4xx_hal_gpio.c ****   }
 418:Drivers/STM32G4xx_HAL_Driver/Src/stm32g4xx_hal_gpio.c ****   else
 419:Drivers/STM32G4xx_HAL_Driver/Src/stm32g4xx_hal_gpio.c ****   {
 420:Drivers/STM32G4xx_HAL_Driver/Src/stm32g4xx_hal_gpio.c ****     GPIOx->BRR = (uint32_t)GPIO_Pin;
 776              		.loc 1 420 5 is_stmt 1 view .LVU276
 777              		.loc 1 420 16 is_stmt 0 view .LVU277
 778 0006 8162     		str	r1, [r0, #40]
 421:Drivers/STM32G4xx_HAL_Driver/Src/stm32g4xx_hal_gpio.c ****   }
ARM GAS  C:\Users\MyPC\AppData\Local\Temp\ccBqBDC5.s 			page 24


 422:Drivers/STM32G4xx_HAL_Driver/Src/stm32g4xx_hal_gpio.c **** }
 779              		.loc 1 422 1 view .LVU278
 780 0008 7047     		bx	lr
 781              		.cfi_endproc
 782              	.LFE135:
 784              		.section	.text.HAL_GPIO_TogglePin,"ax",%progbits
 785              		.align	1
 786              		.global	HAL_GPIO_TogglePin
 787              		.syntax unified
 788              		.thumb
 789              		.thumb_func
 791              	HAL_GPIO_TogglePin:
 792              	.LVL67:
 793              	.LFB136:
 423:Drivers/STM32G4xx_HAL_Driver/Src/stm32g4xx_hal_gpio.c **** 
 424:Drivers/STM32G4xx_HAL_Driver/Src/stm32g4xx_hal_gpio.c **** /**
 425:Drivers/STM32G4xx_HAL_Driver/Src/stm32g4xx_hal_gpio.c ****   * @brief  Toggle the specified GPIO pin.
 426:Drivers/STM32G4xx_HAL_Driver/Src/stm32g4xx_hal_gpio.c ****   * @param  GPIOx where x can be (A..G) to select the GPIO peripheral for STM32G4xx family
 427:Drivers/STM32G4xx_HAL_Driver/Src/stm32g4xx_hal_gpio.c ****   * @param  GPIO_Pin specifies the pin to be toggled.
 428:Drivers/STM32G4xx_HAL_Driver/Src/stm32g4xx_hal_gpio.c ****   *         This parameter can be any combination of GPIO_PIN_x where x can be (0..15).
 429:Drivers/STM32G4xx_HAL_Driver/Src/stm32g4xx_hal_gpio.c ****   * @retval None
 430:Drivers/STM32G4xx_HAL_Driver/Src/stm32g4xx_hal_gpio.c ****   */
 431:Drivers/STM32G4xx_HAL_Driver/Src/stm32g4xx_hal_gpio.c **** void HAL_GPIO_TogglePin(GPIO_TypeDef *GPIOx, uint16_t GPIO_Pin)
 432:Drivers/STM32G4xx_HAL_Driver/Src/stm32g4xx_hal_gpio.c **** {
 794              		.loc 1 432 1 is_stmt 1 view -0
 795              		.cfi_startproc
 796              		@ args = 0, pretend = 0, frame = 0
 797              		@ frame_needed = 0, uses_anonymous_args = 0
 798              		@ link register save eliminated.
 433:Drivers/STM32G4xx_HAL_Driver/Src/stm32g4xx_hal_gpio.c ****   uint32_t odr;
 799              		.loc 1 433 3 view .LVU280
 434:Drivers/STM32G4xx_HAL_Driver/Src/stm32g4xx_hal_gpio.c **** 
 435:Drivers/STM32G4xx_HAL_Driver/Src/stm32g4xx_hal_gpio.c ****   /* Check the parameters */
 436:Drivers/STM32G4xx_HAL_Driver/Src/stm32g4xx_hal_gpio.c ****   assert_param(IS_GPIO_PIN(GPIO_Pin));
 800              		.loc 1 436 3 view .LVU281
 437:Drivers/STM32G4xx_HAL_Driver/Src/stm32g4xx_hal_gpio.c **** 
 438:Drivers/STM32G4xx_HAL_Driver/Src/stm32g4xx_hal_gpio.c ****   /* get current Output Data Register value */
 439:Drivers/STM32G4xx_HAL_Driver/Src/stm32g4xx_hal_gpio.c ****   odr = GPIOx->ODR;
 801              		.loc 1 439 3 view .LVU282
 802              		.loc 1 439 7 is_stmt 0 view .LVU283
 803 0000 4369     		ldr	r3, [r0, #20]
 804              	.LVL68:
 440:Drivers/STM32G4xx_HAL_Driver/Src/stm32g4xx_hal_gpio.c **** 
 441:Drivers/STM32G4xx_HAL_Driver/Src/stm32g4xx_hal_gpio.c ****   /* Set selected pins that were at low level, and reset ones that were high */
 442:Drivers/STM32G4xx_HAL_Driver/Src/stm32g4xx_hal_gpio.c ****   GPIOx->BSRR = ((odr & GPIO_Pin) << GPIO_NUMBER) | (~odr & GPIO_Pin);
 805              		.loc 1 442 3 is_stmt 1 view .LVU284
 806              		.loc 1 442 23 is_stmt 0 view .LVU285
 807 0002 01EA0302 		and	r2, r1, r3
 808              		.loc 1 442 59 view .LVU286
 809 0006 21EA0301 		bic	r1, r1, r3
 810              	.LVL69:
 811              		.loc 1 442 51 view .LVU287
 812 000a 41EA0241 		orr	r1, r1, r2, lsl #16
 813              		.loc 1 442 15 view .LVU288
 814 000e 8161     		str	r1, [r0, #24]
 443:Drivers/STM32G4xx_HAL_Driver/Src/stm32g4xx_hal_gpio.c **** }
 815              		.loc 1 443 1 view .LVU289
ARM GAS  C:\Users\MyPC\AppData\Local\Temp\ccBqBDC5.s 			page 25


 816 0010 7047     		bx	lr
 817              		.cfi_endproc
 818              	.LFE136:
 820              		.section	.text.HAL_GPIO_LockPin,"ax",%progbits
 821              		.align	1
 822              		.global	HAL_GPIO_LockPin
 823              		.syntax unified
 824              		.thumb
 825              		.thumb_func
 827              	HAL_GPIO_LockPin:
 828              	.LVL70:
 829              	.LFB137:
 444:Drivers/STM32G4xx_HAL_Driver/Src/stm32g4xx_hal_gpio.c **** 
 445:Drivers/STM32G4xx_HAL_Driver/Src/stm32g4xx_hal_gpio.c **** /**
 446:Drivers/STM32G4xx_HAL_Driver/Src/stm32g4xx_hal_gpio.c ****   * @brief  Lock GPIO Pins configuration registers.
 447:Drivers/STM32G4xx_HAL_Driver/Src/stm32g4xx_hal_gpio.c ****   * @note   The locked registers are GPIOx_MODER, GPIOx_OTYPER, GPIOx_OSPEEDR,
 448:Drivers/STM32G4xx_HAL_Driver/Src/stm32g4xx_hal_gpio.c ****   *         GPIOx_PUPDR, GPIOx_AFRL and GPIOx_AFRH.
 449:Drivers/STM32G4xx_HAL_Driver/Src/stm32g4xx_hal_gpio.c ****   * @note   The configuration of the locked GPIO pins can no longer be modified
 450:Drivers/STM32G4xx_HAL_Driver/Src/stm32g4xx_hal_gpio.c ****   *         until the next reset.
 451:Drivers/STM32G4xx_HAL_Driver/Src/stm32g4xx_hal_gpio.c ****   * @param  GPIOx where x can be (A..G) to select the GPIO peripheral for STM32G4xx family
 452:Drivers/STM32G4xx_HAL_Driver/Src/stm32g4xx_hal_gpio.c ****   * @param  GPIO_Pin specifies the port bits to be locked.
 453:Drivers/STM32G4xx_HAL_Driver/Src/stm32g4xx_hal_gpio.c ****   *         This parameter can be any combination of GPIO_PIN_x where x can be (0..15).
 454:Drivers/STM32G4xx_HAL_Driver/Src/stm32g4xx_hal_gpio.c ****   * @retval None
 455:Drivers/STM32G4xx_HAL_Driver/Src/stm32g4xx_hal_gpio.c ****   */
 456:Drivers/STM32G4xx_HAL_Driver/Src/stm32g4xx_hal_gpio.c **** HAL_StatusTypeDef HAL_GPIO_LockPin(GPIO_TypeDef *GPIOx, uint16_t GPIO_Pin)
 457:Drivers/STM32G4xx_HAL_Driver/Src/stm32g4xx_hal_gpio.c **** {
 830              		.loc 1 457 1 is_stmt 1 view -0
 831              		.cfi_startproc
 832              		@ args = 0, pretend = 0, frame = 8
 833              		@ frame_needed = 0, uses_anonymous_args = 0
 834              		@ link register save eliminated.
 835              		.loc 1 457 1 is_stmt 0 view .LVU291
 836 0000 82B0     		sub	sp, sp, #8
 837              	.LCFI5:
 838              		.cfi_def_cfa_offset 8
 458:Drivers/STM32G4xx_HAL_Driver/Src/stm32g4xx_hal_gpio.c ****   __IO uint32_t tmp = GPIO_LCKR_LCKK;
 839              		.loc 1 458 3 is_stmt 1 view .LVU292
 840              		.loc 1 458 17 is_stmt 0 view .LVU293
 841 0002 4FF48033 		mov	r3, #65536
 842 0006 0193     		str	r3, [sp, #4]
 459:Drivers/STM32G4xx_HAL_Driver/Src/stm32g4xx_hal_gpio.c **** 
 460:Drivers/STM32G4xx_HAL_Driver/Src/stm32g4xx_hal_gpio.c ****   /* Check the parameters */
 461:Drivers/STM32G4xx_HAL_Driver/Src/stm32g4xx_hal_gpio.c ****   assert_param(IS_GPIO_LOCK_INSTANCE(GPIOx));
 843              		.loc 1 461 3 is_stmt 1 view .LVU294
 462:Drivers/STM32G4xx_HAL_Driver/Src/stm32g4xx_hal_gpio.c ****   assert_param(IS_GPIO_PIN(GPIO_Pin));
 844              		.loc 1 462 3 view .LVU295
 463:Drivers/STM32G4xx_HAL_Driver/Src/stm32g4xx_hal_gpio.c **** 
 464:Drivers/STM32G4xx_HAL_Driver/Src/stm32g4xx_hal_gpio.c ****   /* Apply lock key write sequence */
 465:Drivers/STM32G4xx_HAL_Driver/Src/stm32g4xx_hal_gpio.c ****   tmp |= GPIO_Pin;
 845              		.loc 1 465 3 view .LVU296
 846              		.loc 1 465 7 is_stmt 0 view .LVU297
 847 0008 019B     		ldr	r3, [sp, #4]
 848 000a 0B43     		orrs	r3, r3, r1
 849 000c 0193     		str	r3, [sp, #4]
 466:Drivers/STM32G4xx_HAL_Driver/Src/stm32g4xx_hal_gpio.c ****   /* Set LCKx bit(s): LCKK='1' + LCK[15-0] */
 467:Drivers/STM32G4xx_HAL_Driver/Src/stm32g4xx_hal_gpio.c ****   GPIOx->LCKR = tmp;
 850              		.loc 1 467 3 is_stmt 1 view .LVU298
ARM GAS  C:\Users\MyPC\AppData\Local\Temp\ccBqBDC5.s 			page 26


 851              		.loc 1 467 15 is_stmt 0 view .LVU299
 852 000e 019B     		ldr	r3, [sp, #4]
 853 0010 C361     		str	r3, [r0, #28]
 468:Drivers/STM32G4xx_HAL_Driver/Src/stm32g4xx_hal_gpio.c ****   /* Reset LCKx bit(s): LCKK='0' + LCK[15-0] */
 469:Drivers/STM32G4xx_HAL_Driver/Src/stm32g4xx_hal_gpio.c ****   GPIOx->LCKR = GPIO_Pin;
 854              		.loc 1 469 3 is_stmt 1 view .LVU300
 855              		.loc 1 469 15 is_stmt 0 view .LVU301
 856 0012 C161     		str	r1, [r0, #28]
 470:Drivers/STM32G4xx_HAL_Driver/Src/stm32g4xx_hal_gpio.c ****   /* Set LCKx bit(s): LCKK='1' + LCK[15-0] */
 471:Drivers/STM32G4xx_HAL_Driver/Src/stm32g4xx_hal_gpio.c ****   GPIOx->LCKR = tmp;
 857              		.loc 1 471 3 is_stmt 1 view .LVU302
 858              		.loc 1 471 15 is_stmt 0 view .LVU303
 859 0014 019B     		ldr	r3, [sp, #4]
 860 0016 C361     		str	r3, [r0, #28]
 472:Drivers/STM32G4xx_HAL_Driver/Src/stm32g4xx_hal_gpio.c ****   /* Read LCKK register. This read is mandatory to complete key lock sequence */
 473:Drivers/STM32G4xx_HAL_Driver/Src/stm32g4xx_hal_gpio.c ****   tmp = GPIOx->LCKR;
 861              		.loc 1 473 3 is_stmt 1 view .LVU304
 862              		.loc 1 473 14 is_stmt 0 view .LVU305
 863 0018 C369     		ldr	r3, [r0, #28]
 864              		.loc 1 473 7 view .LVU306
 865 001a 0193     		str	r3, [sp, #4]
 474:Drivers/STM32G4xx_HAL_Driver/Src/stm32g4xx_hal_gpio.c **** 
 475:Drivers/STM32G4xx_HAL_Driver/Src/stm32g4xx_hal_gpio.c ****   /* read again in order to confirm lock is active */
 476:Drivers/STM32G4xx_HAL_Driver/Src/stm32g4xx_hal_gpio.c ****   if ((GPIOx->LCKR & GPIO_LCKR_LCKK) != 0x00u)
 866              		.loc 1 476 3 is_stmt 1 view .LVU307
 867              		.loc 1 476 13 is_stmt 0 view .LVU308
 868 001c C369     		ldr	r3, [r0, #28]
 869              		.loc 1 476 6 view .LVU309
 870 001e 13F4803F 		tst	r3, #65536
 871 0022 02D0     		beq	.L58
 477:Drivers/STM32G4xx_HAL_Driver/Src/stm32g4xx_hal_gpio.c ****   {
 478:Drivers/STM32G4xx_HAL_Driver/Src/stm32g4xx_hal_gpio.c ****     return HAL_OK;
 872              		.loc 1 478 12 view .LVU310
 873 0024 0020     		movs	r0, #0
 874              	.LVL71:
 875              	.L57:
 479:Drivers/STM32G4xx_HAL_Driver/Src/stm32g4xx_hal_gpio.c ****   }
 480:Drivers/STM32G4xx_HAL_Driver/Src/stm32g4xx_hal_gpio.c ****   else
 481:Drivers/STM32G4xx_HAL_Driver/Src/stm32g4xx_hal_gpio.c ****   {
 482:Drivers/STM32G4xx_HAL_Driver/Src/stm32g4xx_hal_gpio.c ****     return HAL_ERROR;
 483:Drivers/STM32G4xx_HAL_Driver/Src/stm32g4xx_hal_gpio.c ****   }
 484:Drivers/STM32G4xx_HAL_Driver/Src/stm32g4xx_hal_gpio.c **** }
 876              		.loc 1 484 1 view .LVU311
 877 0026 02B0     		add	sp, sp, #8
 878              	.LCFI6:
 879              		.cfi_remember_state
 880              		.cfi_def_cfa_offset 0
 881              		@ sp needed
 882 0028 7047     		bx	lr
 883              	.LVL72:
 884              	.L58:
 885              	.LCFI7:
 886              		.cfi_restore_state
 482:Drivers/STM32G4xx_HAL_Driver/Src/stm32g4xx_hal_gpio.c ****   }
 887              		.loc 1 482 12 view .LVU312
 888 002a 0120     		movs	r0, #1
 889              	.LVL73:
ARM GAS  C:\Users\MyPC\AppData\Local\Temp\ccBqBDC5.s 			page 27


 482:Drivers/STM32G4xx_HAL_Driver/Src/stm32g4xx_hal_gpio.c ****   }
 890              		.loc 1 482 12 view .LVU313
 891 002c FBE7     		b	.L57
 892              		.cfi_endproc
 893              	.LFE137:
 895              		.section	.text.HAL_GPIO_EXTI_Callback,"ax",%progbits
 896              		.align	1
 897              		.weak	HAL_GPIO_EXTI_Callback
 898              		.syntax unified
 899              		.thumb
 900              		.thumb_func
 902              	HAL_GPIO_EXTI_Callback:
 903              	.LVL74:
 904              	.LFB139:
 485:Drivers/STM32G4xx_HAL_Driver/Src/stm32g4xx_hal_gpio.c **** 
 486:Drivers/STM32G4xx_HAL_Driver/Src/stm32g4xx_hal_gpio.c **** /**
 487:Drivers/STM32G4xx_HAL_Driver/Src/stm32g4xx_hal_gpio.c ****   * @brief  Handle EXTI interrupt request.
 488:Drivers/STM32G4xx_HAL_Driver/Src/stm32g4xx_hal_gpio.c ****   * @param  GPIO_Pin Specifies the port pin connected to corresponding EXTI line.
 489:Drivers/STM32G4xx_HAL_Driver/Src/stm32g4xx_hal_gpio.c ****   * @retval None
 490:Drivers/STM32G4xx_HAL_Driver/Src/stm32g4xx_hal_gpio.c ****   */
 491:Drivers/STM32G4xx_HAL_Driver/Src/stm32g4xx_hal_gpio.c **** void HAL_GPIO_EXTI_IRQHandler(uint16_t GPIO_Pin)
 492:Drivers/STM32G4xx_HAL_Driver/Src/stm32g4xx_hal_gpio.c **** {
 493:Drivers/STM32G4xx_HAL_Driver/Src/stm32g4xx_hal_gpio.c ****   /* EXTI line interrupt detected */
 494:Drivers/STM32G4xx_HAL_Driver/Src/stm32g4xx_hal_gpio.c ****   if (__HAL_GPIO_EXTI_GET_IT(GPIO_Pin) != 0x00u)
 495:Drivers/STM32G4xx_HAL_Driver/Src/stm32g4xx_hal_gpio.c ****   {
 496:Drivers/STM32G4xx_HAL_Driver/Src/stm32g4xx_hal_gpio.c ****     __HAL_GPIO_EXTI_CLEAR_IT(GPIO_Pin);
 497:Drivers/STM32G4xx_HAL_Driver/Src/stm32g4xx_hal_gpio.c ****     HAL_GPIO_EXTI_Callback(GPIO_Pin);
 498:Drivers/STM32G4xx_HAL_Driver/Src/stm32g4xx_hal_gpio.c ****   }
 499:Drivers/STM32G4xx_HAL_Driver/Src/stm32g4xx_hal_gpio.c **** }
 500:Drivers/STM32G4xx_HAL_Driver/Src/stm32g4xx_hal_gpio.c **** 
 501:Drivers/STM32G4xx_HAL_Driver/Src/stm32g4xx_hal_gpio.c **** /**
 502:Drivers/STM32G4xx_HAL_Driver/Src/stm32g4xx_hal_gpio.c ****   * @brief  EXTI line detection callback.
 503:Drivers/STM32G4xx_HAL_Driver/Src/stm32g4xx_hal_gpio.c ****   * @param  GPIO_Pin: Specifies the port pin connected to corresponding EXTI line.
 504:Drivers/STM32G4xx_HAL_Driver/Src/stm32g4xx_hal_gpio.c ****   * @retval None
 505:Drivers/STM32G4xx_HAL_Driver/Src/stm32g4xx_hal_gpio.c ****   */
 506:Drivers/STM32G4xx_HAL_Driver/Src/stm32g4xx_hal_gpio.c **** __weak void HAL_GPIO_EXTI_Callback(uint16_t GPIO_Pin)
 507:Drivers/STM32G4xx_HAL_Driver/Src/stm32g4xx_hal_gpio.c **** {
 905              		.loc 1 507 1 is_stmt 1 view -0
 906              		.cfi_startproc
 907              		@ args = 0, pretend = 0, frame = 0
 908              		@ frame_needed = 0, uses_anonymous_args = 0
 909              		@ link register save eliminated.
 508:Drivers/STM32G4xx_HAL_Driver/Src/stm32g4xx_hal_gpio.c ****   /* Prevent unused argument(s) compilation warning */
 509:Drivers/STM32G4xx_HAL_Driver/Src/stm32g4xx_hal_gpio.c ****   UNUSED(GPIO_Pin);
 910              		.loc 1 509 3 view .LVU315
 510:Drivers/STM32G4xx_HAL_Driver/Src/stm32g4xx_hal_gpio.c **** 
 511:Drivers/STM32G4xx_HAL_Driver/Src/stm32g4xx_hal_gpio.c ****   /* NOTE: This function should not be modified, when the callback is needed,
 512:Drivers/STM32G4xx_HAL_Driver/Src/stm32g4xx_hal_gpio.c ****            the HAL_GPIO_EXTI_Callback could be implemented in the user file
 513:Drivers/STM32G4xx_HAL_Driver/Src/stm32g4xx_hal_gpio.c ****    */
 514:Drivers/STM32G4xx_HAL_Driver/Src/stm32g4xx_hal_gpio.c **** }
 911              		.loc 1 514 1 is_stmt 0 view .LVU316
 912 0000 7047     		bx	lr
 913              		.cfi_endproc
 914              	.LFE139:
 916              		.section	.text.HAL_GPIO_EXTI_IRQHandler,"ax",%progbits
 917              		.align	1
 918              		.global	HAL_GPIO_EXTI_IRQHandler
ARM GAS  C:\Users\MyPC\AppData\Local\Temp\ccBqBDC5.s 			page 28


 919              		.syntax unified
 920              		.thumb
 921              		.thumb_func
 923              	HAL_GPIO_EXTI_IRQHandler:
 924              	.LVL75:
 925              	.LFB138:
 492:Drivers/STM32G4xx_HAL_Driver/Src/stm32g4xx_hal_gpio.c ****   /* EXTI line interrupt detected */
 926              		.loc 1 492 1 is_stmt 1 view -0
 927              		.cfi_startproc
 928              		@ args = 0, pretend = 0, frame = 0
 929              		@ frame_needed = 0, uses_anonymous_args = 0
 492:Drivers/STM32G4xx_HAL_Driver/Src/stm32g4xx_hal_gpio.c ****   /* EXTI line interrupt detected */
 930              		.loc 1 492 1 is_stmt 0 view .LVU318
 931 0000 08B5     		push	{r3, lr}
 932              	.LCFI8:
 933              		.cfi_def_cfa_offset 8
 934              		.cfi_offset 3, -8
 935              		.cfi_offset 14, -4
 494:Drivers/STM32G4xx_HAL_Driver/Src/stm32g4xx_hal_gpio.c ****   {
 936              		.loc 1 494 3 is_stmt 1 view .LVU319
 494:Drivers/STM32G4xx_HAL_Driver/Src/stm32g4xx_hal_gpio.c ****   {
 937              		.loc 1 494 7 is_stmt 0 view .LVU320
 938 0002 054B     		ldr	r3, .L65
 939 0004 5B69     		ldr	r3, [r3, #20]
 494:Drivers/STM32G4xx_HAL_Driver/Src/stm32g4xx_hal_gpio.c ****   {
 940              		.loc 1 494 6 view .LVU321
 941 0006 0342     		tst	r3, r0
 942 0008 00D1     		bne	.L64
 943              	.LVL76:
 944              	.L61:
 499:Drivers/STM32G4xx_HAL_Driver/Src/stm32g4xx_hal_gpio.c **** 
 945              		.loc 1 499 1 view .LVU322
 946 000a 08BD     		pop	{r3, pc}
 947              	.LVL77:
 948              	.L64:
 496:Drivers/STM32G4xx_HAL_Driver/Src/stm32g4xx_hal_gpio.c ****     HAL_GPIO_EXTI_Callback(GPIO_Pin);
 949              		.loc 1 496 5 is_stmt 1 view .LVU323
 950 000c 024B     		ldr	r3, .L65
 951 000e 5861     		str	r0, [r3, #20]
 497:Drivers/STM32G4xx_HAL_Driver/Src/stm32g4xx_hal_gpio.c ****   }
 952              		.loc 1 497 5 view .LVU324
 953 0010 FFF7FEFF 		bl	HAL_GPIO_EXTI_Callback
 954              	.LVL78:
 499:Drivers/STM32G4xx_HAL_Driver/Src/stm32g4xx_hal_gpio.c **** 
 955              		.loc 1 499 1 is_stmt 0 view .LVU325
 956 0014 F9E7     		b	.L61
 957              	.L66:
 958 0016 00BF     		.align	2
 959              	.L65:
 960 0018 00040140 		.word	1073808384
 961              		.cfi_endproc
 962              	.LFE138:
 964              		.text
 965              	.Letext0:
 966              		.file 2 "D:/Program Files (x86)/Arm/GNU Toolchain mingw-w64-i686-arm-none-eabi/arm-none-eabi/inclu
 967              		.file 3 "D:/Program Files (x86)/Arm/GNU Toolchain mingw-w64-i686-arm-none-eabi/arm-none-eabi/inclu
 968              		.file 4 "Drivers/CMSIS/Device/ST/STM32G4xx/Include/stm32g431xx.h"
ARM GAS  C:\Users\MyPC\AppData\Local\Temp\ccBqBDC5.s 			page 29


 969              		.file 5 "Drivers/STM32G4xx_HAL_Driver/Inc/stm32g4xx_hal_def.h"
 970              		.file 6 "Drivers/STM32G4xx_HAL_Driver/Inc/stm32g4xx_hal_gpio.h"
ARM GAS  C:\Users\MyPC\AppData\Local\Temp\ccBqBDC5.s 			page 30


DEFINED SYMBOLS
                            *ABS*:00000000 stm32g4xx_hal_gpio.c
C:\Users\MyPC\AppData\Local\Temp\ccBqBDC5.s:21     .text.HAL_GPIO_Init:00000000 $t
C:\Users\MyPC\AppData\Local\Temp\ccBqBDC5.s:27     .text.HAL_GPIO_Init:00000000 HAL_GPIO_Init
C:\Users\MyPC\AppData\Local\Temp\ccBqBDC5.s:459    .text.HAL_GPIO_Init:000001e4 $d
C:\Users\MyPC\AppData\Local\Temp\ccBqBDC5.s:467    .text.HAL_GPIO_DeInit:00000000 $t
C:\Users\MyPC\AppData\Local\Temp\ccBqBDC5.s:473    .text.HAL_GPIO_DeInit:00000000 HAL_GPIO_DeInit
C:\Users\MyPC\AppData\Local\Temp\ccBqBDC5.s:706    .text.HAL_GPIO_DeInit:00000110 $d
C:\Users\MyPC\AppData\Local\Temp\ccBqBDC5.s:713    .text.HAL_GPIO_ReadPin:00000000 $t
C:\Users\MyPC\AppData\Local\Temp\ccBqBDC5.s:719    .text.HAL_GPIO_ReadPin:00000000 HAL_GPIO_ReadPin
C:\Users\MyPC\AppData\Local\Temp\ccBqBDC5.s:752    .text.HAL_GPIO_WritePin:00000000 $t
C:\Users\MyPC\AppData\Local\Temp\ccBqBDC5.s:758    .text.HAL_GPIO_WritePin:00000000 HAL_GPIO_WritePin
C:\Users\MyPC\AppData\Local\Temp\ccBqBDC5.s:785    .text.HAL_GPIO_TogglePin:00000000 $t
C:\Users\MyPC\AppData\Local\Temp\ccBqBDC5.s:791    .text.HAL_GPIO_TogglePin:00000000 HAL_GPIO_TogglePin
C:\Users\MyPC\AppData\Local\Temp\ccBqBDC5.s:821    .text.HAL_GPIO_LockPin:00000000 $t
C:\Users\MyPC\AppData\Local\Temp\ccBqBDC5.s:827    .text.HAL_GPIO_LockPin:00000000 HAL_GPIO_LockPin
C:\Users\MyPC\AppData\Local\Temp\ccBqBDC5.s:896    .text.HAL_GPIO_EXTI_Callback:00000000 $t
C:\Users\MyPC\AppData\Local\Temp\ccBqBDC5.s:902    .text.HAL_GPIO_EXTI_Callback:00000000 HAL_GPIO_EXTI_Callback
C:\Users\MyPC\AppData\Local\Temp\ccBqBDC5.s:917    .text.HAL_GPIO_EXTI_IRQHandler:00000000 $t
C:\Users\MyPC\AppData\Local\Temp\ccBqBDC5.s:923    .text.HAL_GPIO_EXTI_IRQHandler:00000000 HAL_GPIO_EXTI_IRQHandler
C:\Users\MyPC\AppData\Local\Temp\ccBqBDC5.s:960    .text.HAL_GPIO_EXTI_IRQHandler:00000018 $d

NO UNDEFINED SYMBOLS
