ARM GAS  C:\Users\MyPC\AppData\Local\Temp\cc82JTPu.s 			page 1


   1              		.cpu cortex-m4
   2              		.arch armv7e-m
   3              		.fpu fpv4-sp-d16
   4              		.eabi_attribute 27, 1
   5              		.eabi_attribute 28, 1
   6              		.eabi_attribute 20, 1
   7              		.eabi_attribute 21, 1
   8              		.eabi_attribute 23, 3
   9              		.eabi_attribute 24, 1
  10              		.eabi_attribute 25, 1
  11              		.eabi_attribute 26, 1
  12              		.eabi_attribute 30, 1
  13              		.eabi_attribute 34, 1
  14              		.eabi_attribute 18, 4
  15              		.file	"stm32g4xx_hal.c"
  16              		.text
  17              	.Ltext0:
  18              		.cfi_sections	.debug_frame
  19              		.file 1 "Drivers/STM32G4xx_HAL_Driver/Src/stm32g4xx_hal.c"
  20              		.section	.text.HAL_MspInit,"ax",%progbits
  21              		.align	1
  22              		.weak	HAL_MspInit
  23              		.syntax unified
  24              		.thumb
  25              		.thumb_func
  27              	HAL_MspInit:
  28              	.LFB134:
   1:Drivers/STM32G4xx_HAL_Driver/Src/stm32g4xx_hal.c **** /**
   2:Drivers/STM32G4xx_HAL_Driver/Src/stm32g4xx_hal.c ****   ******************************************************************************
   3:Drivers/STM32G4xx_HAL_Driver/Src/stm32g4xx_hal.c ****   * @file    stm32g4xx_hal.c
   4:Drivers/STM32G4xx_HAL_Driver/Src/stm32g4xx_hal.c ****   * @author  MCD Application Team
   5:Drivers/STM32G4xx_HAL_Driver/Src/stm32g4xx_hal.c ****   * @brief   HAL module driver.
   6:Drivers/STM32G4xx_HAL_Driver/Src/stm32g4xx_hal.c ****   *          This is the common part of the HAL initialization
   7:Drivers/STM32G4xx_HAL_Driver/Src/stm32g4xx_hal.c ****   ******************************************************************************
   8:Drivers/STM32G4xx_HAL_Driver/Src/stm32g4xx_hal.c ****   * @attention
   9:Drivers/STM32G4xx_HAL_Driver/Src/stm32g4xx_hal.c ****   *
  10:Drivers/STM32G4xx_HAL_Driver/Src/stm32g4xx_hal.c ****   * Copyright (c) 2019 STMicroelectronics.
  11:Drivers/STM32G4xx_HAL_Driver/Src/stm32g4xx_hal.c ****   * All rights reserved.
  12:Drivers/STM32G4xx_HAL_Driver/Src/stm32g4xx_hal.c ****   *
  13:Drivers/STM32G4xx_HAL_Driver/Src/stm32g4xx_hal.c ****   * This software is licensed under terms that can be found in the LICENSE file
  14:Drivers/STM32G4xx_HAL_Driver/Src/stm32g4xx_hal.c ****   * in the root directory of this software component.
  15:Drivers/STM32G4xx_HAL_Driver/Src/stm32g4xx_hal.c ****   * If no LICENSE file comes with this software, it is provided AS-IS.
  16:Drivers/STM32G4xx_HAL_Driver/Src/stm32g4xx_hal.c ****   *
  17:Drivers/STM32G4xx_HAL_Driver/Src/stm32g4xx_hal.c ****   ******************************************************************************
  18:Drivers/STM32G4xx_HAL_Driver/Src/stm32g4xx_hal.c ****   @verbatim
  19:Drivers/STM32G4xx_HAL_Driver/Src/stm32g4xx_hal.c ****   ==============================================================================
  20:Drivers/STM32G4xx_HAL_Driver/Src/stm32g4xx_hal.c ****                      ##### How to use this driver #####
  21:Drivers/STM32G4xx_HAL_Driver/Src/stm32g4xx_hal.c ****   ==============================================================================
  22:Drivers/STM32G4xx_HAL_Driver/Src/stm32g4xx_hal.c ****     [..]
  23:Drivers/STM32G4xx_HAL_Driver/Src/stm32g4xx_hal.c ****     The common HAL driver contains a set of generic and common APIs that can be
  24:Drivers/STM32G4xx_HAL_Driver/Src/stm32g4xx_hal.c ****     used by the PPP peripheral drivers and the user to start using the HAL.
  25:Drivers/STM32G4xx_HAL_Driver/Src/stm32g4xx_hal.c ****     [..]
  26:Drivers/STM32G4xx_HAL_Driver/Src/stm32g4xx_hal.c ****     The HAL contains two APIs' categories:
  27:Drivers/STM32G4xx_HAL_Driver/Src/stm32g4xx_hal.c ****          (+) Common HAL APIs
  28:Drivers/STM32G4xx_HAL_Driver/Src/stm32g4xx_hal.c ****          (+) Services HAL APIs
  29:Drivers/STM32G4xx_HAL_Driver/Src/stm32g4xx_hal.c **** 
  30:Drivers/STM32G4xx_HAL_Driver/Src/stm32g4xx_hal.c ****   @endverbatim
ARM GAS  C:\Users\MyPC\AppData\Local\Temp\cc82JTPu.s 			page 2


  31:Drivers/STM32G4xx_HAL_Driver/Src/stm32g4xx_hal.c ****   ******************************************************************************
  32:Drivers/STM32G4xx_HAL_Driver/Src/stm32g4xx_hal.c ****   */
  33:Drivers/STM32G4xx_HAL_Driver/Src/stm32g4xx_hal.c **** 
  34:Drivers/STM32G4xx_HAL_Driver/Src/stm32g4xx_hal.c **** /* Includes ------------------------------------------------------------------*/
  35:Drivers/STM32G4xx_HAL_Driver/Src/stm32g4xx_hal.c **** #include "stm32g4xx_hal.h"
  36:Drivers/STM32G4xx_HAL_Driver/Src/stm32g4xx_hal.c **** 
  37:Drivers/STM32G4xx_HAL_Driver/Src/stm32g4xx_hal.c **** /** @addtogroup STM32G4xx_HAL_Driver
  38:Drivers/STM32G4xx_HAL_Driver/Src/stm32g4xx_hal.c ****   * @{
  39:Drivers/STM32G4xx_HAL_Driver/Src/stm32g4xx_hal.c ****   */
  40:Drivers/STM32G4xx_HAL_Driver/Src/stm32g4xx_hal.c **** 
  41:Drivers/STM32G4xx_HAL_Driver/Src/stm32g4xx_hal.c **** /** @defgroup HAL HAL
  42:Drivers/STM32G4xx_HAL_Driver/Src/stm32g4xx_hal.c ****   * @brief HAL module driver
  43:Drivers/STM32G4xx_HAL_Driver/Src/stm32g4xx_hal.c ****   * @{
  44:Drivers/STM32G4xx_HAL_Driver/Src/stm32g4xx_hal.c ****   */
  45:Drivers/STM32G4xx_HAL_Driver/Src/stm32g4xx_hal.c **** 
  46:Drivers/STM32G4xx_HAL_Driver/Src/stm32g4xx_hal.c **** #ifdef HAL_MODULE_ENABLED
  47:Drivers/STM32G4xx_HAL_Driver/Src/stm32g4xx_hal.c **** 
  48:Drivers/STM32G4xx_HAL_Driver/Src/stm32g4xx_hal.c **** /* Private typedef -----------------------------------------------------------*/
  49:Drivers/STM32G4xx_HAL_Driver/Src/stm32g4xx_hal.c **** /* Private define ------------------------------------------------------------*/
  50:Drivers/STM32G4xx_HAL_Driver/Src/stm32g4xx_hal.c **** /**
  51:Drivers/STM32G4xx_HAL_Driver/Src/stm32g4xx_hal.c ****   * @brief STM32G4xx HAL Driver version number V1.2.7
  52:Drivers/STM32G4xx_HAL_Driver/Src/stm32g4xx_hal.c ****   */
  53:Drivers/STM32G4xx_HAL_Driver/Src/stm32g4xx_hal.c **** #define __STM32G4xx_HAL_VERSION_MAIN   (0x01U) /*!< [31:24] main version */
  54:Drivers/STM32G4xx_HAL_Driver/Src/stm32g4xx_hal.c **** #define __STM32G4xx_HAL_VERSION_SUB1   (0x02U) /*!< [23:16] sub1 version */
  55:Drivers/STM32G4xx_HAL_Driver/Src/stm32g4xx_hal.c **** #define __STM32G4xx_HAL_VERSION_SUB2   (0x07U) /*!< [15:8]  sub2 version */
  56:Drivers/STM32G4xx_HAL_Driver/Src/stm32g4xx_hal.c **** #define __STM32G4xx_HAL_VERSION_RC     (0x00U) /*!< [7:0]  release candidate */
  57:Drivers/STM32G4xx_HAL_Driver/Src/stm32g4xx_hal.c **** #define __STM32G4xx_HAL_VERSION         ((__STM32G4xx_HAL_VERSION_MAIN << 24U)\
  58:Drivers/STM32G4xx_HAL_Driver/Src/stm32g4xx_hal.c ****                                          |(__STM32G4xx_HAL_VERSION_SUB1 << 16U)\
  59:Drivers/STM32G4xx_HAL_Driver/Src/stm32g4xx_hal.c ****                                          |(__STM32G4xx_HAL_VERSION_SUB2 << 8U )\
  60:Drivers/STM32G4xx_HAL_Driver/Src/stm32g4xx_hal.c ****                                          |(__STM32G4xx_HAL_VERSION_RC))
  61:Drivers/STM32G4xx_HAL_Driver/Src/stm32g4xx_hal.c **** 
  62:Drivers/STM32G4xx_HAL_Driver/Src/stm32g4xx_hal.c **** #if defined(VREFBUF)
  63:Drivers/STM32G4xx_HAL_Driver/Src/stm32g4xx_hal.c **** #define VREFBUF_TIMEOUT_VALUE     10U   /* 10 ms */
  64:Drivers/STM32G4xx_HAL_Driver/Src/stm32g4xx_hal.c **** #endif /* VREFBUF */
  65:Drivers/STM32G4xx_HAL_Driver/Src/stm32g4xx_hal.c **** 
  66:Drivers/STM32G4xx_HAL_Driver/Src/stm32g4xx_hal.c **** /* ------------ SYSCFG registers bit address in the alias region ------------ */
  67:Drivers/STM32G4xx_HAL_Driver/Src/stm32g4xx_hal.c **** #define SYSCFG_OFFSET             (SYSCFG_BASE - PERIPH_BASE)
  68:Drivers/STM32G4xx_HAL_Driver/Src/stm32g4xx_hal.c **** /* ---  MEMRMP Register ---*/
  69:Drivers/STM32G4xx_HAL_Driver/Src/stm32g4xx_hal.c **** /* Alias word address of FB_MODE bit */
  70:Drivers/STM32G4xx_HAL_Driver/Src/stm32g4xx_hal.c **** #define MEMRMP_OFFSET           SYSCFG_OFFSET
  71:Drivers/STM32G4xx_HAL_Driver/Src/stm32g4xx_hal.c **** #define FB_MODE_BitNumber       ((uint8_t)0x8)
  72:Drivers/STM32G4xx_HAL_Driver/Src/stm32g4xx_hal.c **** #define FB_MODE_BB              (PERIPH_BB_BASE + (MEMRMP_OFFSET * 32) + (FB_MODE_BitNumber * 4))
  73:Drivers/STM32G4xx_HAL_Driver/Src/stm32g4xx_hal.c **** 
  74:Drivers/STM32G4xx_HAL_Driver/Src/stm32g4xx_hal.c **** /* --- GPC Register ---*/
  75:Drivers/STM32G4xx_HAL_Driver/Src/stm32g4xx_hal.c **** /* Alias word address of CCMER bit */
  76:Drivers/STM32G4xx_HAL_Driver/Src/stm32g4xx_hal.c **** #define SCSR_OFFSET             (SYSCFG_OFFSET + 0x18)
  77:Drivers/STM32G4xx_HAL_Driver/Src/stm32g4xx_hal.c **** #define CCMER_BitNumber         ((uint8_t)0x0)
  78:Drivers/STM32G4xx_HAL_Driver/Src/stm32g4xx_hal.c **** #define SCSR_CCMER_BB           (PERIPH_BB_BASE + (SCSR_OFFSET * 32) + (CCMER_BitNumber * 4))
  79:Drivers/STM32G4xx_HAL_Driver/Src/stm32g4xx_hal.c **** 
  80:Drivers/STM32G4xx_HAL_Driver/Src/stm32g4xx_hal.c **** /* Private macro -------------------------------------------------------------*/
  81:Drivers/STM32G4xx_HAL_Driver/Src/stm32g4xx_hal.c **** /* Exported variables ---------------------------------------------------------*/
  82:Drivers/STM32G4xx_HAL_Driver/Src/stm32g4xx_hal.c **** /** @defgroup HAL_Exported_Variables HAL Exported Variables
  83:Drivers/STM32G4xx_HAL_Driver/Src/stm32g4xx_hal.c ****   * @{
  84:Drivers/STM32G4xx_HAL_Driver/Src/stm32g4xx_hal.c ****   */
  85:Drivers/STM32G4xx_HAL_Driver/Src/stm32g4xx_hal.c **** __IO uint32_t uwTick;
  86:Drivers/STM32G4xx_HAL_Driver/Src/stm32g4xx_hal.c **** uint32_t uwTickPrio = (1UL << __NVIC_PRIO_BITS); /* Invalid PRIO */
  87:Drivers/STM32G4xx_HAL_Driver/Src/stm32g4xx_hal.c **** uint32_t uwTickFreq = HAL_TICK_FREQ_DEFAULT;  /* 1KHz */
ARM GAS  C:\Users\MyPC\AppData\Local\Temp\cc82JTPu.s 			page 3


  88:Drivers/STM32G4xx_HAL_Driver/Src/stm32g4xx_hal.c **** /**
  89:Drivers/STM32G4xx_HAL_Driver/Src/stm32g4xx_hal.c ****   * @}
  90:Drivers/STM32G4xx_HAL_Driver/Src/stm32g4xx_hal.c ****   */
  91:Drivers/STM32G4xx_HAL_Driver/Src/stm32g4xx_hal.c **** 
  92:Drivers/STM32G4xx_HAL_Driver/Src/stm32g4xx_hal.c **** /* Private function prototypes -----------------------------------------------*/
  93:Drivers/STM32G4xx_HAL_Driver/Src/stm32g4xx_hal.c **** /* Exported functions --------------------------------------------------------*/
  94:Drivers/STM32G4xx_HAL_Driver/Src/stm32g4xx_hal.c **** 
  95:Drivers/STM32G4xx_HAL_Driver/Src/stm32g4xx_hal.c **** /** @defgroup HAL_Exported_Functions HAL Exported Functions
  96:Drivers/STM32G4xx_HAL_Driver/Src/stm32g4xx_hal.c ****   * @{
  97:Drivers/STM32G4xx_HAL_Driver/Src/stm32g4xx_hal.c ****   */
  98:Drivers/STM32G4xx_HAL_Driver/Src/stm32g4xx_hal.c **** 
  99:Drivers/STM32G4xx_HAL_Driver/Src/stm32g4xx_hal.c **** /** @defgroup HAL_Exported_Functions_Group1 Initialization and de-initialization Functions
 100:Drivers/STM32G4xx_HAL_Driver/Src/stm32g4xx_hal.c ****   *  @brief    HAL Initialization and de-initialization functions
 101:Drivers/STM32G4xx_HAL_Driver/Src/stm32g4xx_hal.c ****   *
 102:Drivers/STM32G4xx_HAL_Driver/Src/stm32g4xx_hal.c **** @verbatim
 103:Drivers/STM32G4xx_HAL_Driver/Src/stm32g4xx_hal.c ****  ===============================================================================
 104:Drivers/STM32G4xx_HAL_Driver/Src/stm32g4xx_hal.c ****               ##### Initialization and Configuration functions #####
 105:Drivers/STM32G4xx_HAL_Driver/Src/stm32g4xx_hal.c ****  ===============================================================================
 106:Drivers/STM32G4xx_HAL_Driver/Src/stm32g4xx_hal.c ****     [..]  This section provides functions allowing to:
 107:Drivers/STM32G4xx_HAL_Driver/Src/stm32g4xx_hal.c ****       (+) Initialize the Flash interface the NVIC allocation and initial time base
 108:Drivers/STM32G4xx_HAL_Driver/Src/stm32g4xx_hal.c ****           clock configuration.
 109:Drivers/STM32G4xx_HAL_Driver/Src/stm32g4xx_hal.c ****       (+) De-Initialize common part of the HAL.
 110:Drivers/STM32G4xx_HAL_Driver/Src/stm32g4xx_hal.c ****       (+) Configure the time base source to have 1ms time base with a dedicated
 111:Drivers/STM32G4xx_HAL_Driver/Src/stm32g4xx_hal.c ****           Tick interrupt priority.
 112:Drivers/STM32G4xx_HAL_Driver/Src/stm32g4xx_hal.c ****         (++) SysTick timer is used by default as source of time base, but user
 113:Drivers/STM32G4xx_HAL_Driver/Src/stm32g4xx_hal.c ****              can eventually implement his proper time base source (a general purpose
 114:Drivers/STM32G4xx_HAL_Driver/Src/stm32g4xx_hal.c ****              timer for example or other time source), keeping in mind that Time base
 115:Drivers/STM32G4xx_HAL_Driver/Src/stm32g4xx_hal.c ****              duration should be kept 1ms since PPP_TIMEOUT_VALUEs are defined and
 116:Drivers/STM32G4xx_HAL_Driver/Src/stm32g4xx_hal.c ****              handled in milliseconds basis.
 117:Drivers/STM32G4xx_HAL_Driver/Src/stm32g4xx_hal.c ****         (++) Time base configuration function (HAL_InitTick ()) is called automatically
 118:Drivers/STM32G4xx_HAL_Driver/Src/stm32g4xx_hal.c ****              at the beginning of the program after reset by HAL_Init() or at any time
 119:Drivers/STM32G4xx_HAL_Driver/Src/stm32g4xx_hal.c ****              when clock is configured, by HAL_RCC_ClockConfig().
 120:Drivers/STM32G4xx_HAL_Driver/Src/stm32g4xx_hal.c ****         (++) Source of time base is configured  to generate interrupts at regular
 121:Drivers/STM32G4xx_HAL_Driver/Src/stm32g4xx_hal.c ****              time intervals. Care must be taken if HAL_Delay() is called from a
 122:Drivers/STM32G4xx_HAL_Driver/Src/stm32g4xx_hal.c ****              peripheral ISR process, the Tick interrupt line must have higher priority
 123:Drivers/STM32G4xx_HAL_Driver/Src/stm32g4xx_hal.c ****             (numerically lower) than the peripheral interrupt. Otherwise the caller
 124:Drivers/STM32G4xx_HAL_Driver/Src/stm32g4xx_hal.c ****             ISR process will be blocked.
 125:Drivers/STM32G4xx_HAL_Driver/Src/stm32g4xx_hal.c ****        (++) functions affecting time base configurations are declared as __weak
 126:Drivers/STM32G4xx_HAL_Driver/Src/stm32g4xx_hal.c ****              to make  override possible  in case of other  implementations in user file.
 127:Drivers/STM32G4xx_HAL_Driver/Src/stm32g4xx_hal.c **** @endverbatim
 128:Drivers/STM32G4xx_HAL_Driver/Src/stm32g4xx_hal.c ****   * @{
 129:Drivers/STM32G4xx_HAL_Driver/Src/stm32g4xx_hal.c ****   */
 130:Drivers/STM32G4xx_HAL_Driver/Src/stm32g4xx_hal.c **** 
 131:Drivers/STM32G4xx_HAL_Driver/Src/stm32g4xx_hal.c **** /**
 132:Drivers/STM32G4xx_HAL_Driver/Src/stm32g4xx_hal.c ****   * @brief  This function is used to configure the Flash prefetch, the Instruction and Data caches,
 133:Drivers/STM32G4xx_HAL_Driver/Src/stm32g4xx_hal.c ****   *         the time base source, NVIC and any required global low level hardware
 134:Drivers/STM32G4xx_HAL_Driver/Src/stm32g4xx_hal.c ****   *         by calling the HAL_MspInit() callback function to be optionally defined in user file
 135:Drivers/STM32G4xx_HAL_Driver/Src/stm32g4xx_hal.c ****   *         stm32g4xx_hal_msp.c.
 136:Drivers/STM32G4xx_HAL_Driver/Src/stm32g4xx_hal.c ****   *
 137:Drivers/STM32G4xx_HAL_Driver/Src/stm32g4xx_hal.c ****   * @note   HAL_Init() function is called at the beginning of program after reset and before
 138:Drivers/STM32G4xx_HAL_Driver/Src/stm32g4xx_hal.c ****   *         the clock configuration.
 139:Drivers/STM32G4xx_HAL_Driver/Src/stm32g4xx_hal.c ****   *
 140:Drivers/STM32G4xx_HAL_Driver/Src/stm32g4xx_hal.c ****   * @note   In the default implementation the System Timer (Systick) is used as source of time base
 141:Drivers/STM32G4xx_HAL_Driver/Src/stm32g4xx_hal.c ****   *         The Systick configuration is based on HSI clock, as HSI is the clock
 142:Drivers/STM32G4xx_HAL_Driver/Src/stm32g4xx_hal.c ****   *         used after a system Reset and the NVIC configuration is set to Priority group 4.
 143:Drivers/STM32G4xx_HAL_Driver/Src/stm32g4xx_hal.c ****   *         Once done, time base tick starts incrementing: the tick variable counter is incremented
 144:Drivers/STM32G4xx_HAL_Driver/Src/stm32g4xx_hal.c ****   *         each 1ms in the SysTick_Handler() interrupt handler.
ARM GAS  C:\Users\MyPC\AppData\Local\Temp\cc82JTPu.s 			page 4


 145:Drivers/STM32G4xx_HAL_Driver/Src/stm32g4xx_hal.c ****   *
 146:Drivers/STM32G4xx_HAL_Driver/Src/stm32g4xx_hal.c ****   * @retval HAL status
 147:Drivers/STM32G4xx_HAL_Driver/Src/stm32g4xx_hal.c ****   */
 148:Drivers/STM32G4xx_HAL_Driver/Src/stm32g4xx_hal.c **** HAL_StatusTypeDef HAL_Init(void)
 149:Drivers/STM32G4xx_HAL_Driver/Src/stm32g4xx_hal.c **** {
 150:Drivers/STM32G4xx_HAL_Driver/Src/stm32g4xx_hal.c ****   HAL_StatusTypeDef  status = HAL_OK;
 151:Drivers/STM32G4xx_HAL_Driver/Src/stm32g4xx_hal.c ****   /* Configure Flash prefetch, Instruction cache, Data cache */
 152:Drivers/STM32G4xx_HAL_Driver/Src/stm32g4xx_hal.c ****   /* Default configuration at reset is:                      */
 153:Drivers/STM32G4xx_HAL_Driver/Src/stm32g4xx_hal.c ****   /* - Prefetch disabled                                     */
 154:Drivers/STM32G4xx_HAL_Driver/Src/stm32g4xx_hal.c ****   /* - Instruction cache enabled                             */
 155:Drivers/STM32G4xx_HAL_Driver/Src/stm32g4xx_hal.c ****   /* - Data cache enabled                                    */
 156:Drivers/STM32G4xx_HAL_Driver/Src/stm32g4xx_hal.c **** #if (INSTRUCTION_CACHE_ENABLE == 0U)
 157:Drivers/STM32G4xx_HAL_Driver/Src/stm32g4xx_hal.c ****   __HAL_FLASH_INSTRUCTION_CACHE_DISABLE();
 158:Drivers/STM32G4xx_HAL_Driver/Src/stm32g4xx_hal.c **** #endif /* INSTRUCTION_CACHE_ENABLE */
 159:Drivers/STM32G4xx_HAL_Driver/Src/stm32g4xx_hal.c **** 
 160:Drivers/STM32G4xx_HAL_Driver/Src/stm32g4xx_hal.c **** #if (DATA_CACHE_ENABLE == 0U)
 161:Drivers/STM32G4xx_HAL_Driver/Src/stm32g4xx_hal.c ****   __HAL_FLASH_DATA_CACHE_DISABLE();
 162:Drivers/STM32G4xx_HAL_Driver/Src/stm32g4xx_hal.c **** #endif /* DATA_CACHE_ENABLE */
 163:Drivers/STM32G4xx_HAL_Driver/Src/stm32g4xx_hal.c **** 
 164:Drivers/STM32G4xx_HAL_Driver/Src/stm32g4xx_hal.c **** #if (PREFETCH_ENABLE != 0U)
 165:Drivers/STM32G4xx_HAL_Driver/Src/stm32g4xx_hal.c ****   __HAL_FLASH_PREFETCH_BUFFER_ENABLE();
 166:Drivers/STM32G4xx_HAL_Driver/Src/stm32g4xx_hal.c **** #endif /* PREFETCH_ENABLE */
 167:Drivers/STM32G4xx_HAL_Driver/Src/stm32g4xx_hal.c **** 
 168:Drivers/STM32G4xx_HAL_Driver/Src/stm32g4xx_hal.c ****   /* Set Interrupt Group Priority */
 169:Drivers/STM32G4xx_HAL_Driver/Src/stm32g4xx_hal.c ****   HAL_NVIC_SetPriorityGrouping(NVIC_PRIORITYGROUP_4);
 170:Drivers/STM32G4xx_HAL_Driver/Src/stm32g4xx_hal.c **** 
 171:Drivers/STM32G4xx_HAL_Driver/Src/stm32g4xx_hal.c ****   /* Use SysTick as time base source and configure 1ms tick (default clock after Reset is HSI) */
 172:Drivers/STM32G4xx_HAL_Driver/Src/stm32g4xx_hal.c ****   if (HAL_InitTick(TICK_INT_PRIORITY) != HAL_OK)
 173:Drivers/STM32G4xx_HAL_Driver/Src/stm32g4xx_hal.c ****   {
 174:Drivers/STM32G4xx_HAL_Driver/Src/stm32g4xx_hal.c ****     status = HAL_ERROR;
 175:Drivers/STM32G4xx_HAL_Driver/Src/stm32g4xx_hal.c ****   }
 176:Drivers/STM32G4xx_HAL_Driver/Src/stm32g4xx_hal.c ****   else
 177:Drivers/STM32G4xx_HAL_Driver/Src/stm32g4xx_hal.c ****   {
 178:Drivers/STM32G4xx_HAL_Driver/Src/stm32g4xx_hal.c ****     /* Init the low level hardware */
 179:Drivers/STM32G4xx_HAL_Driver/Src/stm32g4xx_hal.c ****     HAL_MspInit();
 180:Drivers/STM32G4xx_HAL_Driver/Src/stm32g4xx_hal.c ****   }
 181:Drivers/STM32G4xx_HAL_Driver/Src/stm32g4xx_hal.c **** 
 182:Drivers/STM32G4xx_HAL_Driver/Src/stm32g4xx_hal.c ****   /* Return function status */
 183:Drivers/STM32G4xx_HAL_Driver/Src/stm32g4xx_hal.c ****   return status;
 184:Drivers/STM32G4xx_HAL_Driver/Src/stm32g4xx_hal.c **** 
 185:Drivers/STM32G4xx_HAL_Driver/Src/stm32g4xx_hal.c **** }
 186:Drivers/STM32G4xx_HAL_Driver/Src/stm32g4xx_hal.c **** 
 187:Drivers/STM32G4xx_HAL_Driver/Src/stm32g4xx_hal.c **** /**
 188:Drivers/STM32G4xx_HAL_Driver/Src/stm32g4xx_hal.c ****   * @brief  This function de-initializes common part of the HAL and stops the source of time base.
 189:Drivers/STM32G4xx_HAL_Driver/Src/stm32g4xx_hal.c ****   * @note   This function is optional.
 190:Drivers/STM32G4xx_HAL_Driver/Src/stm32g4xx_hal.c ****   * @retval HAL status
 191:Drivers/STM32G4xx_HAL_Driver/Src/stm32g4xx_hal.c ****   */
 192:Drivers/STM32G4xx_HAL_Driver/Src/stm32g4xx_hal.c **** HAL_StatusTypeDef HAL_DeInit(void)
 193:Drivers/STM32G4xx_HAL_Driver/Src/stm32g4xx_hal.c **** {
 194:Drivers/STM32G4xx_HAL_Driver/Src/stm32g4xx_hal.c ****   /* Reset of all peripherals */
 195:Drivers/STM32G4xx_HAL_Driver/Src/stm32g4xx_hal.c ****   __HAL_RCC_APB1_FORCE_RESET();
 196:Drivers/STM32G4xx_HAL_Driver/Src/stm32g4xx_hal.c ****   __HAL_RCC_APB1_RELEASE_RESET();
 197:Drivers/STM32G4xx_HAL_Driver/Src/stm32g4xx_hal.c **** 
 198:Drivers/STM32G4xx_HAL_Driver/Src/stm32g4xx_hal.c ****   __HAL_RCC_APB2_FORCE_RESET();
 199:Drivers/STM32G4xx_HAL_Driver/Src/stm32g4xx_hal.c ****   __HAL_RCC_APB2_RELEASE_RESET();
 200:Drivers/STM32G4xx_HAL_Driver/Src/stm32g4xx_hal.c **** 
 201:Drivers/STM32G4xx_HAL_Driver/Src/stm32g4xx_hal.c ****   __HAL_RCC_AHB1_FORCE_RESET();
ARM GAS  C:\Users\MyPC\AppData\Local\Temp\cc82JTPu.s 			page 5


 202:Drivers/STM32G4xx_HAL_Driver/Src/stm32g4xx_hal.c ****   __HAL_RCC_AHB1_RELEASE_RESET();
 203:Drivers/STM32G4xx_HAL_Driver/Src/stm32g4xx_hal.c **** 
 204:Drivers/STM32G4xx_HAL_Driver/Src/stm32g4xx_hal.c ****   __HAL_RCC_AHB2_FORCE_RESET();
 205:Drivers/STM32G4xx_HAL_Driver/Src/stm32g4xx_hal.c ****   __HAL_RCC_AHB2_RELEASE_RESET();
 206:Drivers/STM32G4xx_HAL_Driver/Src/stm32g4xx_hal.c **** 
 207:Drivers/STM32G4xx_HAL_Driver/Src/stm32g4xx_hal.c ****   __HAL_RCC_AHB3_FORCE_RESET();
 208:Drivers/STM32G4xx_HAL_Driver/Src/stm32g4xx_hal.c ****   __HAL_RCC_AHB3_RELEASE_RESET();
 209:Drivers/STM32G4xx_HAL_Driver/Src/stm32g4xx_hal.c **** 
 210:Drivers/STM32G4xx_HAL_Driver/Src/stm32g4xx_hal.c ****   /* De-Init the low level hardware */
 211:Drivers/STM32G4xx_HAL_Driver/Src/stm32g4xx_hal.c ****   HAL_MspDeInit();
 212:Drivers/STM32G4xx_HAL_Driver/Src/stm32g4xx_hal.c **** 
 213:Drivers/STM32G4xx_HAL_Driver/Src/stm32g4xx_hal.c ****   /* Return function status */
 214:Drivers/STM32G4xx_HAL_Driver/Src/stm32g4xx_hal.c ****   return HAL_OK;
 215:Drivers/STM32G4xx_HAL_Driver/Src/stm32g4xx_hal.c **** }
 216:Drivers/STM32G4xx_HAL_Driver/Src/stm32g4xx_hal.c **** 
 217:Drivers/STM32G4xx_HAL_Driver/Src/stm32g4xx_hal.c **** /**
 218:Drivers/STM32G4xx_HAL_Driver/Src/stm32g4xx_hal.c ****   * @brief  Initialize the MSP.
 219:Drivers/STM32G4xx_HAL_Driver/Src/stm32g4xx_hal.c ****   * @retval None
 220:Drivers/STM32G4xx_HAL_Driver/Src/stm32g4xx_hal.c ****   */
 221:Drivers/STM32G4xx_HAL_Driver/Src/stm32g4xx_hal.c **** __weak void HAL_MspInit(void)
 222:Drivers/STM32G4xx_HAL_Driver/Src/stm32g4xx_hal.c **** {
  29              		.loc 1 222 1 view -0
  30              		.cfi_startproc
  31              		@ args = 0, pretend = 0, frame = 0
  32              		@ frame_needed = 0, uses_anonymous_args = 0
  33              		@ link register save eliminated.
 223:Drivers/STM32G4xx_HAL_Driver/Src/stm32g4xx_hal.c ****   /* NOTE : This function should not be modified, when the callback is needed,
 224:Drivers/STM32G4xx_HAL_Driver/Src/stm32g4xx_hal.c ****             the HAL_MspInit could be implemented in the user file
 225:Drivers/STM32G4xx_HAL_Driver/Src/stm32g4xx_hal.c ****    */
 226:Drivers/STM32G4xx_HAL_Driver/Src/stm32g4xx_hal.c **** }
  34              		.loc 1 226 1 view .LVU1
  35 0000 7047     		bx	lr
  36              		.cfi_endproc
  37              	.LFE134:
  39              		.section	.text.HAL_MspDeInit,"ax",%progbits
  40              		.align	1
  41              		.weak	HAL_MspDeInit
  42              		.syntax unified
  43              		.thumb
  44              		.thumb_func
  46              	HAL_MspDeInit:
  47              	.LFB135:
 227:Drivers/STM32G4xx_HAL_Driver/Src/stm32g4xx_hal.c **** 
 228:Drivers/STM32G4xx_HAL_Driver/Src/stm32g4xx_hal.c **** /**
 229:Drivers/STM32G4xx_HAL_Driver/Src/stm32g4xx_hal.c ****   * @brief  DeInitializes the MSP.
 230:Drivers/STM32G4xx_HAL_Driver/Src/stm32g4xx_hal.c ****   * @retval None
 231:Drivers/STM32G4xx_HAL_Driver/Src/stm32g4xx_hal.c ****   */
 232:Drivers/STM32G4xx_HAL_Driver/Src/stm32g4xx_hal.c **** __weak void HAL_MspDeInit(void)
 233:Drivers/STM32G4xx_HAL_Driver/Src/stm32g4xx_hal.c **** {
  48              		.loc 1 233 1 view -0
  49              		.cfi_startproc
  50              		@ args = 0, pretend = 0, frame = 0
  51              		@ frame_needed = 0, uses_anonymous_args = 0
  52              		@ link register save eliminated.
 234:Drivers/STM32G4xx_HAL_Driver/Src/stm32g4xx_hal.c ****   /* NOTE : This function should not be modified, when the callback is needed,
 235:Drivers/STM32G4xx_HAL_Driver/Src/stm32g4xx_hal.c ****             the HAL_MspDeInit could be implemented in the user file
 236:Drivers/STM32G4xx_HAL_Driver/Src/stm32g4xx_hal.c ****    */
ARM GAS  C:\Users\MyPC\AppData\Local\Temp\cc82JTPu.s 			page 6


 237:Drivers/STM32G4xx_HAL_Driver/Src/stm32g4xx_hal.c **** }
  53              		.loc 1 237 1 view .LVU3
  54 0000 7047     		bx	lr
  55              		.cfi_endproc
  56              	.LFE135:
  58              		.section	.text.HAL_DeInit,"ax",%progbits
  59              		.align	1
  60              		.global	HAL_DeInit
  61              		.syntax unified
  62              		.thumb
  63              		.thumb_func
  65              	HAL_DeInit:
  66              	.LFB133:
 193:Drivers/STM32G4xx_HAL_Driver/Src/stm32g4xx_hal.c ****   /* Reset of all peripherals */
  67              		.loc 1 193 1 view -0
  68              		.cfi_startproc
  69              		@ args = 0, pretend = 0, frame = 0
  70              		@ frame_needed = 0, uses_anonymous_args = 0
  71 0000 10B5     		push	{r4, lr}
  72              	.LCFI0:
  73              		.cfi_def_cfa_offset 8
  74              		.cfi_offset 4, -8
  75              		.cfi_offset 14, -4
 195:Drivers/STM32G4xx_HAL_Driver/Src/stm32g4xx_hal.c ****   __HAL_RCC_APB1_RELEASE_RESET();
  76              		.loc 1 195 3 view .LVU5
  77 0002 094B     		ldr	r3, .L5
  78 0004 4FF0FF32 		mov	r2, #-1
  79 0008 9A63     		str	r2, [r3, #56]
 196:Drivers/STM32G4xx_HAL_Driver/Src/stm32g4xx_hal.c **** 
  80              		.loc 1 196 3 view .LVU6
  81 000a 0024     		movs	r4, #0
  82 000c 9C63     		str	r4, [r3, #56]
 198:Drivers/STM32G4xx_HAL_Driver/Src/stm32g4xx_hal.c ****   __HAL_RCC_APB2_RELEASE_RESET();
  83              		.loc 1 198 3 view .LVU7
  84 000e 1A64     		str	r2, [r3, #64]
 199:Drivers/STM32G4xx_HAL_Driver/Src/stm32g4xx_hal.c **** 
  85              		.loc 1 199 3 view .LVU8
  86 0010 1C64     		str	r4, [r3, #64]
 201:Drivers/STM32G4xx_HAL_Driver/Src/stm32g4xx_hal.c ****   __HAL_RCC_AHB1_RELEASE_RESET();
  87              		.loc 1 201 3 view .LVU9
  88 0012 9A62     		str	r2, [r3, #40]
 202:Drivers/STM32G4xx_HAL_Driver/Src/stm32g4xx_hal.c **** 
  89              		.loc 1 202 3 view .LVU10
  90 0014 9C62     		str	r4, [r3, #40]
 204:Drivers/STM32G4xx_HAL_Driver/Src/stm32g4xx_hal.c ****   __HAL_RCC_AHB2_RELEASE_RESET();
  91              		.loc 1 204 3 view .LVU11
  92 0016 DA62     		str	r2, [r3, #44]
 205:Drivers/STM32G4xx_HAL_Driver/Src/stm32g4xx_hal.c **** 
  93              		.loc 1 205 3 view .LVU12
  94 0018 DC62     		str	r4, [r3, #44]
 207:Drivers/STM32G4xx_HAL_Driver/Src/stm32g4xx_hal.c ****   __HAL_RCC_AHB3_RELEASE_RESET();
  95              		.loc 1 207 3 view .LVU13
  96 001a 1A63     		str	r2, [r3, #48]
 208:Drivers/STM32G4xx_HAL_Driver/Src/stm32g4xx_hal.c **** 
  97              		.loc 1 208 3 view .LVU14
  98 001c 1C63     		str	r4, [r3, #48]
 211:Drivers/STM32G4xx_HAL_Driver/Src/stm32g4xx_hal.c **** 
ARM GAS  C:\Users\MyPC\AppData\Local\Temp\cc82JTPu.s 			page 7


  99              		.loc 1 211 3 view .LVU15
 100 001e FFF7FEFF 		bl	HAL_MspDeInit
 101              	.LVL0:
 214:Drivers/STM32G4xx_HAL_Driver/Src/stm32g4xx_hal.c **** }
 102              		.loc 1 214 3 view .LVU16
 215:Drivers/STM32G4xx_HAL_Driver/Src/stm32g4xx_hal.c **** 
 103              		.loc 1 215 1 is_stmt 0 view .LVU17
 104 0022 2046     		mov	r0, r4
 105 0024 10BD     		pop	{r4, pc}
 106              	.L6:
 107 0026 00BF     		.align	2
 108              	.L5:
 109 0028 00100240 		.word	1073876992
 110              		.cfi_endproc
 111              	.LFE133:
 113              		.section	.text.HAL_InitTick,"ax",%progbits
 114              		.align	1
 115              		.weak	HAL_InitTick
 116              		.syntax unified
 117              		.thumb
 118              		.thumb_func
 120              	HAL_InitTick:
 121              	.LVL1:
 122              	.LFB136:
 238:Drivers/STM32G4xx_HAL_Driver/Src/stm32g4xx_hal.c **** 
 239:Drivers/STM32G4xx_HAL_Driver/Src/stm32g4xx_hal.c **** /**
 240:Drivers/STM32G4xx_HAL_Driver/Src/stm32g4xx_hal.c ****   * @brief This function configures the source of the time base:
 241:Drivers/STM32G4xx_HAL_Driver/Src/stm32g4xx_hal.c ****   *        The time source is configured to have 1ms time base with a dedicated
 242:Drivers/STM32G4xx_HAL_Driver/Src/stm32g4xx_hal.c ****   *        Tick interrupt priority.
 243:Drivers/STM32G4xx_HAL_Driver/Src/stm32g4xx_hal.c ****   * @note This function is called  automatically at the beginning of program after
 244:Drivers/STM32G4xx_HAL_Driver/Src/stm32g4xx_hal.c ****   *       reset by HAL_Init() or at any time when clock is reconfigured  by HAL_RCC_ClockConfig().
 245:Drivers/STM32G4xx_HAL_Driver/Src/stm32g4xx_hal.c ****   * @note In the default implementation, SysTick timer is the source of time base.
 246:Drivers/STM32G4xx_HAL_Driver/Src/stm32g4xx_hal.c ****   *       It is used to generate interrupts at regular time intervals.
 247:Drivers/STM32G4xx_HAL_Driver/Src/stm32g4xx_hal.c ****   *       Care must be taken if HAL_Delay() is called from a peripheral ISR process,
 248:Drivers/STM32G4xx_HAL_Driver/Src/stm32g4xx_hal.c ****   *       The SysTick interrupt must have higher priority (numerically lower)
 249:Drivers/STM32G4xx_HAL_Driver/Src/stm32g4xx_hal.c ****   *       than the peripheral interrupt. Otherwise the caller ISR process will be blocked.
 250:Drivers/STM32G4xx_HAL_Driver/Src/stm32g4xx_hal.c ****   *       The function is declared as __weak  to be overwritten  in case of other
 251:Drivers/STM32G4xx_HAL_Driver/Src/stm32g4xx_hal.c ****   *       implementation  in user file.
 252:Drivers/STM32G4xx_HAL_Driver/Src/stm32g4xx_hal.c ****   * @param TickPriority: Tick interrupt priority.
 253:Drivers/STM32G4xx_HAL_Driver/Src/stm32g4xx_hal.c ****   * @retval HAL status
 254:Drivers/STM32G4xx_HAL_Driver/Src/stm32g4xx_hal.c ****   */
 255:Drivers/STM32G4xx_HAL_Driver/Src/stm32g4xx_hal.c **** __weak HAL_StatusTypeDef HAL_InitTick(uint32_t TickPriority)
 256:Drivers/STM32G4xx_HAL_Driver/Src/stm32g4xx_hal.c **** {
 123              		.loc 1 256 1 is_stmt 1 view -0
 124              		.cfi_startproc
 125              		@ args = 0, pretend = 0, frame = 0
 126              		@ frame_needed = 0, uses_anonymous_args = 0
 257:Drivers/STM32G4xx_HAL_Driver/Src/stm32g4xx_hal.c ****   HAL_StatusTypeDef  status = HAL_OK;
 127              		.loc 1 257 3 view .LVU19
 258:Drivers/STM32G4xx_HAL_Driver/Src/stm32g4xx_hal.c **** 
 259:Drivers/STM32G4xx_HAL_Driver/Src/stm32g4xx_hal.c ****   if (uwTickFreq != 0U)
 128              		.loc 1 259 3 view .LVU20
 129              		.loc 1 259 18 is_stmt 0 view .LVU21
 130 0000 104B     		ldr	r3, .L18
 131 0002 1B68     		ldr	r3, [r3]
 132              		.loc 1 259 6 view .LVU22
 133 0004 0BB9     		cbnz	r3, .L16
ARM GAS  C:\Users\MyPC\AppData\Local\Temp\cc82JTPu.s 			page 8


 260:Drivers/STM32G4xx_HAL_Driver/Src/stm32g4xx_hal.c ****   {
 261:Drivers/STM32G4xx_HAL_Driver/Src/stm32g4xx_hal.c ****     /* Configure the SysTick to have interrupt in 1ms time basis*/
 262:Drivers/STM32G4xx_HAL_Driver/Src/stm32g4xx_hal.c ****     if (HAL_SYSTICK_Config(SystemCoreClock / (1000U / uwTickFreq)) == 0U)
 263:Drivers/STM32G4xx_HAL_Driver/Src/stm32g4xx_hal.c ****     {
 264:Drivers/STM32G4xx_HAL_Driver/Src/stm32g4xx_hal.c ****       /* Configure the SysTick IRQ priority */
 265:Drivers/STM32G4xx_HAL_Driver/Src/stm32g4xx_hal.c ****       if (TickPriority < (1UL << __NVIC_PRIO_BITS))
 266:Drivers/STM32G4xx_HAL_Driver/Src/stm32g4xx_hal.c ****       {
 267:Drivers/STM32G4xx_HAL_Driver/Src/stm32g4xx_hal.c ****         HAL_NVIC_SetPriority(SysTick_IRQn, TickPriority, 0U);
 268:Drivers/STM32G4xx_HAL_Driver/Src/stm32g4xx_hal.c ****         uwTickPrio = TickPriority;
 269:Drivers/STM32G4xx_HAL_Driver/Src/stm32g4xx_hal.c ****       }
 270:Drivers/STM32G4xx_HAL_Driver/Src/stm32g4xx_hal.c ****       else
 271:Drivers/STM32G4xx_HAL_Driver/Src/stm32g4xx_hal.c ****       {
 272:Drivers/STM32G4xx_HAL_Driver/Src/stm32g4xx_hal.c ****         status = HAL_ERROR;
 273:Drivers/STM32G4xx_HAL_Driver/Src/stm32g4xx_hal.c ****       }
 274:Drivers/STM32G4xx_HAL_Driver/Src/stm32g4xx_hal.c ****     }
 275:Drivers/STM32G4xx_HAL_Driver/Src/stm32g4xx_hal.c ****     else
 276:Drivers/STM32G4xx_HAL_Driver/Src/stm32g4xx_hal.c ****     {
 277:Drivers/STM32G4xx_HAL_Driver/Src/stm32g4xx_hal.c ****       status = HAL_ERROR;
 278:Drivers/STM32G4xx_HAL_Driver/Src/stm32g4xx_hal.c ****     }
 279:Drivers/STM32G4xx_HAL_Driver/Src/stm32g4xx_hal.c ****   }
 280:Drivers/STM32G4xx_HAL_Driver/Src/stm32g4xx_hal.c ****   else
 281:Drivers/STM32G4xx_HAL_Driver/Src/stm32g4xx_hal.c ****   {
 282:Drivers/STM32G4xx_HAL_Driver/Src/stm32g4xx_hal.c ****     status = HAL_ERROR;
 134              		.loc 1 282 12 view .LVU23
 135 0006 0120     		movs	r0, #1
 136              	.LVL2:
 283:Drivers/STM32G4xx_HAL_Driver/Src/stm32g4xx_hal.c ****   }
 284:Drivers/STM32G4xx_HAL_Driver/Src/stm32g4xx_hal.c **** 
 285:Drivers/STM32G4xx_HAL_Driver/Src/stm32g4xx_hal.c ****   /* Return function status */
 286:Drivers/STM32G4xx_HAL_Driver/Src/stm32g4xx_hal.c ****   return status;
 137              		.loc 1 286 3 is_stmt 1 view .LVU24
 287:Drivers/STM32G4xx_HAL_Driver/Src/stm32g4xx_hal.c **** }
 138              		.loc 1 287 1 is_stmt 0 view .LVU25
 139 0008 7047     		bx	lr
 140              	.LVL3:
 141              	.L16:
 256:Drivers/STM32G4xx_HAL_Driver/Src/stm32g4xx_hal.c ****   HAL_StatusTypeDef  status = HAL_OK;
 142              		.loc 1 256 1 view .LVU26
 143 000a 10B5     		push	{r4, lr}
 144              	.LCFI1:
 145              		.cfi_def_cfa_offset 8
 146              		.cfi_offset 4, -8
 147              		.cfi_offset 14, -4
 148 000c 0446     		mov	r4, r0
 262:Drivers/STM32G4xx_HAL_Driver/Src/stm32g4xx_hal.c ****     {
 149              		.loc 1 262 5 is_stmt 1 view .LVU27
 262:Drivers/STM32G4xx_HAL_Driver/Src/stm32g4xx_hal.c ****     {
 150              		.loc 1 262 9 is_stmt 0 view .LVU28
 151 000e 0E4A     		ldr	r2, .L18+4
 152 0010 1068     		ldr	r0, [r2]
 153              	.LVL4:
 262:Drivers/STM32G4xx_HAL_Driver/Src/stm32g4xx_hal.c ****     {
 154              		.loc 1 262 53 view .LVU29
 155 0012 4FF47A72 		mov	r2, #1000
 156 0016 B2FBF3F3 		udiv	r3, r2, r3
 262:Drivers/STM32G4xx_HAL_Driver/Src/stm32g4xx_hal.c ****     {
 157              		.loc 1 262 9 view .LVU30
ARM GAS  C:\Users\MyPC\AppData\Local\Temp\cc82JTPu.s 			page 9


 158 001a B0FBF3F0 		udiv	r0, r0, r3
 159 001e FFF7FEFF 		bl	HAL_SYSTICK_Config
 160              	.LVL5:
 262:Drivers/STM32G4xx_HAL_Driver/Src/stm32g4xx_hal.c ****     {
 161              		.loc 1 262 8 discriminator 1 view .LVU31
 162 0022 68B9     		cbnz	r0, .L10
 265:Drivers/STM32G4xx_HAL_Driver/Src/stm32g4xx_hal.c ****       {
 163              		.loc 1 265 7 is_stmt 1 view .LVU32
 265:Drivers/STM32G4xx_HAL_Driver/Src/stm32g4xx_hal.c ****       {
 164              		.loc 1 265 10 is_stmt 0 view .LVU33
 165 0024 0F2C     		cmp	r4, #15
 166 0026 01D9     		bls	.L17
 272:Drivers/STM32G4xx_HAL_Driver/Src/stm32g4xx_hal.c ****       }
 167              		.loc 1 272 16 view .LVU34
 168 0028 0120     		movs	r0, #1
 169 002a 0AE0     		b	.L8
 170              	.L17:
 267:Drivers/STM32G4xx_HAL_Driver/Src/stm32g4xx_hal.c ****         uwTickPrio = TickPriority;
 171              		.loc 1 267 9 is_stmt 1 view .LVU35
 172 002c 0246     		mov	r2, r0
 173 002e 2146     		mov	r1, r4
 174 0030 4FF0FF30 		mov	r0, #-1
 175 0034 FFF7FEFF 		bl	HAL_NVIC_SetPriority
 176              	.LVL6:
 268:Drivers/STM32G4xx_HAL_Driver/Src/stm32g4xx_hal.c ****       }
 177              		.loc 1 268 9 view .LVU36
 268:Drivers/STM32G4xx_HAL_Driver/Src/stm32g4xx_hal.c ****       }
 178              		.loc 1 268 20 is_stmt 0 view .LVU37
 179 0038 044B     		ldr	r3, .L18+8
 180 003a 1C60     		str	r4, [r3]
 257:Drivers/STM32G4xx_HAL_Driver/Src/stm32g4xx_hal.c **** 
 181              		.loc 1 257 22 view .LVU38
 182 003c 0020     		movs	r0, #0
 183 003e 00E0     		b	.L8
 184              	.L10:
 277:Drivers/STM32G4xx_HAL_Driver/Src/stm32g4xx_hal.c ****     }
 185              		.loc 1 277 14 view .LVU39
 186 0040 0120     		movs	r0, #1
 187              	.L8:
 188              	.LVL7:
 286:Drivers/STM32G4xx_HAL_Driver/Src/stm32g4xx_hal.c **** }
 189              		.loc 1 286 3 is_stmt 1 view .LVU40
 190              		.loc 1 287 1 is_stmt 0 view .LVU41
 191 0042 10BD     		pop	{r4, pc}
 192              	.LVL8:
 193              	.L19:
 194              		.loc 1 287 1 view .LVU42
 195              		.align	2
 196              	.L18:
 197 0044 00000000 		.word	uwTickFreq
 198 0048 00000000 		.word	SystemCoreClock
 199 004c 00000000 		.word	uwTickPrio
 200              		.cfi_endproc
 201              	.LFE136:
 203              		.section	.text.HAL_Init,"ax",%progbits
 204              		.align	1
 205              		.global	HAL_Init
ARM GAS  C:\Users\MyPC\AppData\Local\Temp\cc82JTPu.s 			page 10


 206              		.syntax unified
 207              		.thumb
 208              		.thumb_func
 210              	HAL_Init:
 211              	.LFB132:
 149:Drivers/STM32G4xx_HAL_Driver/Src/stm32g4xx_hal.c ****   HAL_StatusTypeDef  status = HAL_OK;
 212              		.loc 1 149 1 is_stmt 1 view -0
 213              		.cfi_startproc
 214              		@ args = 0, pretend = 0, frame = 0
 215              		@ frame_needed = 0, uses_anonymous_args = 0
 216 0000 10B5     		push	{r4, lr}
 217              	.LCFI2:
 218              		.cfi_def_cfa_offset 8
 219              		.cfi_offset 4, -8
 220              		.cfi_offset 14, -4
 150:Drivers/STM32G4xx_HAL_Driver/Src/stm32g4xx_hal.c ****   /* Configure Flash prefetch, Instruction cache, Data cache */
 221              		.loc 1 150 3 view .LVU44
 222              	.LVL9:
 169:Drivers/STM32G4xx_HAL_Driver/Src/stm32g4xx_hal.c **** 
 223              		.loc 1 169 3 view .LVU45
 224 0002 0320     		movs	r0, #3
 225 0004 FFF7FEFF 		bl	HAL_NVIC_SetPriorityGrouping
 226              	.LVL10:
 172:Drivers/STM32G4xx_HAL_Driver/Src/stm32g4xx_hal.c ****   {
 227              		.loc 1 172 3 view .LVU46
 172:Drivers/STM32G4xx_HAL_Driver/Src/stm32g4xx_hal.c ****   {
 228              		.loc 1 172 7 is_stmt 0 view .LVU47
 229 0008 0F20     		movs	r0, #15
 230 000a FFF7FEFF 		bl	HAL_InitTick
 231              	.LVL11:
 172:Drivers/STM32G4xx_HAL_Driver/Src/stm32g4xx_hal.c ****   {
 232              		.loc 1 172 6 discriminator 1 view .LVU48
 233 000e 18B1     		cbz	r0, .L24
 174:Drivers/STM32G4xx_HAL_Driver/Src/stm32g4xx_hal.c ****   }
 234              		.loc 1 174 12 view .LVU49
 235 0010 0123     		movs	r3, #1
 236 0012 1C46     		mov	r4, r3
 237              	.L21:
 238              	.LVL12:
 183:Drivers/STM32G4xx_HAL_Driver/Src/stm32g4xx_hal.c **** 
 239              		.loc 1 183 3 is_stmt 1 view .LVU50
 185:Drivers/STM32G4xx_HAL_Driver/Src/stm32g4xx_hal.c **** 
 240              		.loc 1 185 1 is_stmt 0 view .LVU51
 241 0014 2046     		mov	r0, r4
 242 0016 10BD     		pop	{r4, pc}
 243              	.LVL13:
 244              	.L24:
 185:Drivers/STM32G4xx_HAL_Driver/Src/stm32g4xx_hal.c **** 
 245              		.loc 1 185 1 view .LVU52
 246 0018 0446     		mov	r4, r0
 179:Drivers/STM32G4xx_HAL_Driver/Src/stm32g4xx_hal.c ****   }
 247              		.loc 1 179 5 is_stmt 1 view .LVU53
 248 001a FFF7FEFF 		bl	HAL_MspInit
 249              	.LVL14:
 250 001e F9E7     		b	.L21
 251              		.cfi_endproc
 252              	.LFE132:
ARM GAS  C:\Users\MyPC\AppData\Local\Temp\cc82JTPu.s 			page 11


 254              		.section	.text.HAL_IncTick,"ax",%progbits
 255              		.align	1
 256              		.weak	HAL_IncTick
 257              		.syntax unified
 258              		.thumb
 259              		.thumb_func
 261              	HAL_IncTick:
 262              	.LFB137:
 288:Drivers/STM32G4xx_HAL_Driver/Src/stm32g4xx_hal.c **** 
 289:Drivers/STM32G4xx_HAL_Driver/Src/stm32g4xx_hal.c **** /**
 290:Drivers/STM32G4xx_HAL_Driver/Src/stm32g4xx_hal.c ****   * @}
 291:Drivers/STM32G4xx_HAL_Driver/Src/stm32g4xx_hal.c ****   */
 292:Drivers/STM32G4xx_HAL_Driver/Src/stm32g4xx_hal.c **** 
 293:Drivers/STM32G4xx_HAL_Driver/Src/stm32g4xx_hal.c **** /** @defgroup HAL_Exported_Functions_Group2 HAL Control functions
 294:Drivers/STM32G4xx_HAL_Driver/Src/stm32g4xx_hal.c ****   *  @brief    HAL Control functions
 295:Drivers/STM32G4xx_HAL_Driver/Src/stm32g4xx_hal.c ****   *
 296:Drivers/STM32G4xx_HAL_Driver/Src/stm32g4xx_hal.c **** @verbatim
 297:Drivers/STM32G4xx_HAL_Driver/Src/stm32g4xx_hal.c ****  ===============================================================================
 298:Drivers/STM32G4xx_HAL_Driver/Src/stm32g4xx_hal.c ****                       ##### HAL Control functions #####
 299:Drivers/STM32G4xx_HAL_Driver/Src/stm32g4xx_hal.c ****  ===============================================================================
 300:Drivers/STM32G4xx_HAL_Driver/Src/stm32g4xx_hal.c ****     [..]  This section provides functions allowing to:
 301:Drivers/STM32G4xx_HAL_Driver/Src/stm32g4xx_hal.c ****       (+) Provide a tick value in millisecond
 302:Drivers/STM32G4xx_HAL_Driver/Src/stm32g4xx_hal.c ****       (+) Provide a blocking delay in millisecond
 303:Drivers/STM32G4xx_HAL_Driver/Src/stm32g4xx_hal.c ****       (+) Suspend the time base source interrupt
 304:Drivers/STM32G4xx_HAL_Driver/Src/stm32g4xx_hal.c ****       (+) Resume the time base source interrupt
 305:Drivers/STM32G4xx_HAL_Driver/Src/stm32g4xx_hal.c ****       (+) Get the HAL API driver version
 306:Drivers/STM32G4xx_HAL_Driver/Src/stm32g4xx_hal.c ****       (+) Get the device identifier
 307:Drivers/STM32G4xx_HAL_Driver/Src/stm32g4xx_hal.c ****       (+) Get the device revision identifier
 308:Drivers/STM32G4xx_HAL_Driver/Src/stm32g4xx_hal.c **** 
 309:Drivers/STM32G4xx_HAL_Driver/Src/stm32g4xx_hal.c **** @endverbatim
 310:Drivers/STM32G4xx_HAL_Driver/Src/stm32g4xx_hal.c ****   * @{
 311:Drivers/STM32G4xx_HAL_Driver/Src/stm32g4xx_hal.c ****   */
 312:Drivers/STM32G4xx_HAL_Driver/Src/stm32g4xx_hal.c **** 
 313:Drivers/STM32G4xx_HAL_Driver/Src/stm32g4xx_hal.c **** /**
 314:Drivers/STM32G4xx_HAL_Driver/Src/stm32g4xx_hal.c ****   * @brief This function is called to increment a global variable "uwTick"
 315:Drivers/STM32G4xx_HAL_Driver/Src/stm32g4xx_hal.c ****   *        used as application time base.
 316:Drivers/STM32G4xx_HAL_Driver/Src/stm32g4xx_hal.c ****   * @note In the default implementation, this variable is incremented each 1ms
 317:Drivers/STM32G4xx_HAL_Driver/Src/stm32g4xx_hal.c ****   *       in SysTick ISR.
 318:Drivers/STM32G4xx_HAL_Driver/Src/stm32g4xx_hal.c ****   * @note This function is declared as __weak to be overwritten in case of other
 319:Drivers/STM32G4xx_HAL_Driver/Src/stm32g4xx_hal.c ****   *      implementations in user file.
 320:Drivers/STM32G4xx_HAL_Driver/Src/stm32g4xx_hal.c ****   * @retval None
 321:Drivers/STM32G4xx_HAL_Driver/Src/stm32g4xx_hal.c ****   */
 322:Drivers/STM32G4xx_HAL_Driver/Src/stm32g4xx_hal.c **** __weak void HAL_IncTick(void)
 323:Drivers/STM32G4xx_HAL_Driver/Src/stm32g4xx_hal.c **** {
 263              		.loc 1 323 1 view -0
 264              		.cfi_startproc
 265              		@ args = 0, pretend = 0, frame = 0
 266              		@ frame_needed = 0, uses_anonymous_args = 0
 267              		@ link register save eliminated.
 324:Drivers/STM32G4xx_HAL_Driver/Src/stm32g4xx_hal.c ****   uwTick += uwTickFreq;
 268              		.loc 1 324 3 view .LVU55
 269              		.loc 1 324 10 is_stmt 0 view .LVU56
 270 0000 034A     		ldr	r2, .L26
 271 0002 1368     		ldr	r3, [r2]
 272 0004 0349     		ldr	r1, .L26+4
 273 0006 0968     		ldr	r1, [r1]
 274 0008 0B44     		add	r3, r3, r1
ARM GAS  C:\Users\MyPC\AppData\Local\Temp\cc82JTPu.s 			page 12


 275 000a 1360     		str	r3, [r2]
 325:Drivers/STM32G4xx_HAL_Driver/Src/stm32g4xx_hal.c **** }
 276              		.loc 1 325 1 view .LVU57
 277 000c 7047     		bx	lr
 278              	.L27:
 279 000e 00BF     		.align	2
 280              	.L26:
 281 0010 00000000 		.word	uwTick
 282 0014 00000000 		.word	uwTickFreq
 283              		.cfi_endproc
 284              	.LFE137:
 286              		.section	.text.HAL_GetTick,"ax",%progbits
 287              		.align	1
 288              		.weak	HAL_GetTick
 289              		.syntax unified
 290              		.thumb
 291              		.thumb_func
 293              	HAL_GetTick:
 294              	.LFB138:
 326:Drivers/STM32G4xx_HAL_Driver/Src/stm32g4xx_hal.c **** 
 327:Drivers/STM32G4xx_HAL_Driver/Src/stm32g4xx_hal.c **** /**
 328:Drivers/STM32G4xx_HAL_Driver/Src/stm32g4xx_hal.c ****   * @brief Provides a tick value in millisecond.
 329:Drivers/STM32G4xx_HAL_Driver/Src/stm32g4xx_hal.c ****   * @note This function is declared as __weak to be overwritten in case of other
 330:Drivers/STM32G4xx_HAL_Driver/Src/stm32g4xx_hal.c ****   *       implementations in user file.
 331:Drivers/STM32G4xx_HAL_Driver/Src/stm32g4xx_hal.c ****   * @retval tick value
 332:Drivers/STM32G4xx_HAL_Driver/Src/stm32g4xx_hal.c ****   */
 333:Drivers/STM32G4xx_HAL_Driver/Src/stm32g4xx_hal.c **** __weak uint32_t HAL_GetTick(void)
 334:Drivers/STM32G4xx_HAL_Driver/Src/stm32g4xx_hal.c **** {
 295              		.loc 1 334 1 is_stmt 1 view -0
 296              		.cfi_startproc
 297              		@ args = 0, pretend = 0, frame = 0
 298              		@ frame_needed = 0, uses_anonymous_args = 0
 299              		@ link register save eliminated.
 335:Drivers/STM32G4xx_HAL_Driver/Src/stm32g4xx_hal.c ****   return uwTick;
 300              		.loc 1 335 3 view .LVU59
 301              		.loc 1 335 10 is_stmt 0 view .LVU60
 302 0000 014B     		ldr	r3, .L29
 303 0002 1868     		ldr	r0, [r3]
 336:Drivers/STM32G4xx_HAL_Driver/Src/stm32g4xx_hal.c **** }
 304              		.loc 1 336 1 view .LVU61
 305 0004 7047     		bx	lr
 306              	.L30:
 307 0006 00BF     		.align	2
 308              	.L29:
 309 0008 00000000 		.word	uwTick
 310              		.cfi_endproc
 311              	.LFE138:
 313              		.section	.text.HAL_GetTickPrio,"ax",%progbits
 314              		.align	1
 315              		.global	HAL_GetTickPrio
 316              		.syntax unified
 317              		.thumb
 318              		.thumb_func
 320              	HAL_GetTickPrio:
 321              	.LFB139:
 337:Drivers/STM32G4xx_HAL_Driver/Src/stm32g4xx_hal.c **** 
 338:Drivers/STM32G4xx_HAL_Driver/Src/stm32g4xx_hal.c **** /**
ARM GAS  C:\Users\MyPC\AppData\Local\Temp\cc82JTPu.s 			page 13


 339:Drivers/STM32G4xx_HAL_Driver/Src/stm32g4xx_hal.c ****   * @brief This function returns a tick priority.
 340:Drivers/STM32G4xx_HAL_Driver/Src/stm32g4xx_hal.c ****   * @retval tick priority
 341:Drivers/STM32G4xx_HAL_Driver/Src/stm32g4xx_hal.c ****   */
 342:Drivers/STM32G4xx_HAL_Driver/Src/stm32g4xx_hal.c **** uint32_t HAL_GetTickPrio(void)
 343:Drivers/STM32G4xx_HAL_Driver/Src/stm32g4xx_hal.c **** {
 322              		.loc 1 343 1 is_stmt 1 view -0
 323              		.cfi_startproc
 324              		@ args = 0, pretend = 0, frame = 0
 325              		@ frame_needed = 0, uses_anonymous_args = 0
 326              		@ link register save eliminated.
 344:Drivers/STM32G4xx_HAL_Driver/Src/stm32g4xx_hal.c ****   return uwTickPrio;
 327              		.loc 1 344 3 view .LVU63
 345:Drivers/STM32G4xx_HAL_Driver/Src/stm32g4xx_hal.c **** }
 328              		.loc 1 345 1 is_stmt 0 view .LVU64
 329 0000 014B     		ldr	r3, .L32
 330 0002 1868     		ldr	r0, [r3]
 331 0004 7047     		bx	lr
 332              	.L33:
 333 0006 00BF     		.align	2
 334              	.L32:
 335 0008 00000000 		.word	uwTickPrio
 336              		.cfi_endproc
 337              	.LFE139:
 339              		.section	.text.HAL_SetTickFreq,"ax",%progbits
 340              		.align	1
 341              		.global	HAL_SetTickFreq
 342              		.syntax unified
 343              		.thumb
 344              		.thumb_func
 346              	HAL_SetTickFreq:
 347              	.LVL15:
 348              	.LFB140:
 346:Drivers/STM32G4xx_HAL_Driver/Src/stm32g4xx_hal.c **** 
 347:Drivers/STM32G4xx_HAL_Driver/Src/stm32g4xx_hal.c **** /**
 348:Drivers/STM32G4xx_HAL_Driver/Src/stm32g4xx_hal.c ****   * @brief Set new tick Freq.
 349:Drivers/STM32G4xx_HAL_Driver/Src/stm32g4xx_hal.c ****   * @retval status
 350:Drivers/STM32G4xx_HAL_Driver/Src/stm32g4xx_hal.c ****   */
 351:Drivers/STM32G4xx_HAL_Driver/Src/stm32g4xx_hal.c **** HAL_StatusTypeDef HAL_SetTickFreq(uint32_t Freq)
 352:Drivers/STM32G4xx_HAL_Driver/Src/stm32g4xx_hal.c **** {
 349              		.loc 1 352 1 is_stmt 1 view -0
 350              		.cfi_startproc
 351              		@ args = 0, pretend = 0, frame = 0
 352              		@ frame_needed = 0, uses_anonymous_args = 0
 353              		.loc 1 352 1 is_stmt 0 view .LVU66
 354 0000 10B5     		push	{r4, lr}
 355              	.LCFI3:
 356              		.cfi_def_cfa_offset 8
 357              		.cfi_offset 4, -8
 358              		.cfi_offset 14, -4
 353:Drivers/STM32G4xx_HAL_Driver/Src/stm32g4xx_hal.c ****   HAL_StatusTypeDef status  = HAL_OK;
 359              		.loc 1 353 3 is_stmt 1 view .LVU67
 360              	.LVL16:
 354:Drivers/STM32G4xx_HAL_Driver/Src/stm32g4xx_hal.c ****   uint32_t prevTickFreq;
 361              		.loc 1 354 3 view .LVU68
 355:Drivers/STM32G4xx_HAL_Driver/Src/stm32g4xx_hal.c **** 
 356:Drivers/STM32G4xx_HAL_Driver/Src/stm32g4xx_hal.c ****   assert_param(IS_TICKFREQ(Freq));
 362              		.loc 1 356 3 view .LVU69
ARM GAS  C:\Users\MyPC\AppData\Local\Temp\cc82JTPu.s 			page 14


 357:Drivers/STM32G4xx_HAL_Driver/Src/stm32g4xx_hal.c **** 
 358:Drivers/STM32G4xx_HAL_Driver/Src/stm32g4xx_hal.c ****   if (uwTickFreq != Freq)
 363              		.loc 1 358 3 view .LVU70
 364              		.loc 1 358 18 is_stmt 0 view .LVU71
 365 0002 084B     		ldr	r3, .L39
 366 0004 1C68     		ldr	r4, [r3]
 367              		.loc 1 358 6 view .LVU72
 368 0006 8442     		cmp	r4, r0
 369 0008 01D1     		bne	.L38
 353:Drivers/STM32G4xx_HAL_Driver/Src/stm32g4xx_hal.c ****   uint32_t prevTickFreq;
 370              		.loc 1 353 21 view .LVU73
 371 000a 0020     		movs	r0, #0
 372              	.LVL17:
 373              	.L35:
 359:Drivers/STM32G4xx_HAL_Driver/Src/stm32g4xx_hal.c ****   {
 360:Drivers/STM32G4xx_HAL_Driver/Src/stm32g4xx_hal.c ****     /* Back up uwTickFreq frequency */
 361:Drivers/STM32G4xx_HAL_Driver/Src/stm32g4xx_hal.c ****     prevTickFreq = uwTickFreq;
 362:Drivers/STM32G4xx_HAL_Driver/Src/stm32g4xx_hal.c **** 
 363:Drivers/STM32G4xx_HAL_Driver/Src/stm32g4xx_hal.c ****     /* Update uwTickFreq global variable used by HAL_InitTick() */
 364:Drivers/STM32G4xx_HAL_Driver/Src/stm32g4xx_hal.c ****     uwTickFreq = Freq;
 365:Drivers/STM32G4xx_HAL_Driver/Src/stm32g4xx_hal.c **** 
 366:Drivers/STM32G4xx_HAL_Driver/Src/stm32g4xx_hal.c ****     /* Apply the new tick Freq  */
 367:Drivers/STM32G4xx_HAL_Driver/Src/stm32g4xx_hal.c ****     status = HAL_InitTick(uwTickPrio);
 368:Drivers/STM32G4xx_HAL_Driver/Src/stm32g4xx_hal.c **** 
 369:Drivers/STM32G4xx_HAL_Driver/Src/stm32g4xx_hal.c ****     if (status != HAL_OK)
 370:Drivers/STM32G4xx_HAL_Driver/Src/stm32g4xx_hal.c ****     {
 371:Drivers/STM32G4xx_HAL_Driver/Src/stm32g4xx_hal.c ****       /* Restore previous tick frequency */
 372:Drivers/STM32G4xx_HAL_Driver/Src/stm32g4xx_hal.c ****       uwTickFreq = prevTickFreq;
 373:Drivers/STM32G4xx_HAL_Driver/Src/stm32g4xx_hal.c ****     }
 374:Drivers/STM32G4xx_HAL_Driver/Src/stm32g4xx_hal.c ****   }
 375:Drivers/STM32G4xx_HAL_Driver/Src/stm32g4xx_hal.c **** 
 376:Drivers/STM32G4xx_HAL_Driver/Src/stm32g4xx_hal.c ****   return status;
 374              		.loc 1 376 3 is_stmt 1 view .LVU74
 377:Drivers/STM32G4xx_HAL_Driver/Src/stm32g4xx_hal.c **** }
 375              		.loc 1 377 1 is_stmt 0 view .LVU75
 376 000c 10BD     		pop	{r4, pc}
 377              	.LVL18:
 378              	.L38:
 361:Drivers/STM32G4xx_HAL_Driver/Src/stm32g4xx_hal.c **** 
 379              		.loc 1 361 5 is_stmt 1 view .LVU76
 364:Drivers/STM32G4xx_HAL_Driver/Src/stm32g4xx_hal.c **** 
 380              		.loc 1 364 5 view .LVU77
 364:Drivers/STM32G4xx_HAL_Driver/Src/stm32g4xx_hal.c **** 
 381              		.loc 1 364 16 is_stmt 0 view .LVU78
 382 000e 1860     		str	r0, [r3]
 367:Drivers/STM32G4xx_HAL_Driver/Src/stm32g4xx_hal.c **** 
 383              		.loc 1 367 5 is_stmt 1 view .LVU79
 367:Drivers/STM32G4xx_HAL_Driver/Src/stm32g4xx_hal.c **** 
 384              		.loc 1 367 14 is_stmt 0 view .LVU80
 385 0010 054B     		ldr	r3, .L39+4
 386 0012 1868     		ldr	r0, [r3]
 387              	.LVL19:
 367:Drivers/STM32G4xx_HAL_Driver/Src/stm32g4xx_hal.c **** 
 388              		.loc 1 367 14 view .LVU81
 389 0014 FFF7FEFF 		bl	HAL_InitTick
 390              	.LVL20:
 369:Drivers/STM32G4xx_HAL_Driver/Src/stm32g4xx_hal.c ****     {
ARM GAS  C:\Users\MyPC\AppData\Local\Temp\cc82JTPu.s 			page 15


 391              		.loc 1 369 5 is_stmt 1 view .LVU82
 369:Drivers/STM32G4xx_HAL_Driver/Src/stm32g4xx_hal.c ****     {
 392              		.loc 1 369 8 is_stmt 0 view .LVU83
 393 0018 0028     		cmp	r0, #0
 394 001a F7D0     		beq	.L35
 372:Drivers/STM32G4xx_HAL_Driver/Src/stm32g4xx_hal.c ****     }
 395              		.loc 1 372 7 is_stmt 1 view .LVU84
 372:Drivers/STM32G4xx_HAL_Driver/Src/stm32g4xx_hal.c ****     }
 396              		.loc 1 372 18 is_stmt 0 view .LVU85
 397 001c 014B     		ldr	r3, .L39
 398 001e 1C60     		str	r4, [r3]
 399 0020 F4E7     		b	.L35
 400              	.L40:
 401 0022 00BF     		.align	2
 402              	.L39:
 403 0024 00000000 		.word	uwTickFreq
 404 0028 00000000 		.word	uwTickPrio
 405              		.cfi_endproc
 406              	.LFE140:
 408              		.section	.text.HAL_GetTickFreq,"ax",%progbits
 409              		.align	1
 410              		.global	HAL_GetTickFreq
 411              		.syntax unified
 412              		.thumb
 413              		.thumb_func
 415              	HAL_GetTickFreq:
 416              	.LFB141:
 378:Drivers/STM32G4xx_HAL_Driver/Src/stm32g4xx_hal.c **** 
 379:Drivers/STM32G4xx_HAL_Driver/Src/stm32g4xx_hal.c **** /**
 380:Drivers/STM32G4xx_HAL_Driver/Src/stm32g4xx_hal.c ****   * @brief Returns tick frequency.
 381:Drivers/STM32G4xx_HAL_Driver/Src/stm32g4xx_hal.c ****   * @retval Tick frequency.
 382:Drivers/STM32G4xx_HAL_Driver/Src/stm32g4xx_hal.c ****   *         Value of @ref HAL_TickFreqTypeDef.
 383:Drivers/STM32G4xx_HAL_Driver/Src/stm32g4xx_hal.c ****   */
 384:Drivers/STM32G4xx_HAL_Driver/Src/stm32g4xx_hal.c **** uint32_t HAL_GetTickFreq(void)
 385:Drivers/STM32G4xx_HAL_Driver/Src/stm32g4xx_hal.c **** {
 417              		.loc 1 385 1 is_stmt 1 view -0
 418              		.cfi_startproc
 419              		@ args = 0, pretend = 0, frame = 0
 420              		@ frame_needed = 0, uses_anonymous_args = 0
 421              		@ link register save eliminated.
 386:Drivers/STM32G4xx_HAL_Driver/Src/stm32g4xx_hal.c ****   return uwTickFreq;
 422              		.loc 1 386 3 view .LVU87
 387:Drivers/STM32G4xx_HAL_Driver/Src/stm32g4xx_hal.c **** }
 423              		.loc 1 387 1 is_stmt 0 view .LVU88
 424 0000 014B     		ldr	r3, .L42
 425 0002 1868     		ldr	r0, [r3]
 426 0004 7047     		bx	lr
 427              	.L43:
 428 0006 00BF     		.align	2
 429              	.L42:
 430 0008 00000000 		.word	uwTickFreq
 431              		.cfi_endproc
 432              	.LFE141:
 434              		.section	.text.HAL_Delay,"ax",%progbits
 435              		.align	1
 436              		.weak	HAL_Delay
 437              		.syntax unified
ARM GAS  C:\Users\MyPC\AppData\Local\Temp\cc82JTPu.s 			page 16


 438              		.thumb
 439              		.thumb_func
 441              	HAL_Delay:
 442              	.LVL21:
 443              	.LFB142:
 388:Drivers/STM32G4xx_HAL_Driver/Src/stm32g4xx_hal.c **** 
 389:Drivers/STM32G4xx_HAL_Driver/Src/stm32g4xx_hal.c **** /**
 390:Drivers/STM32G4xx_HAL_Driver/Src/stm32g4xx_hal.c ****   * @brief This function provides minimum delay (in milliseconds) based
 391:Drivers/STM32G4xx_HAL_Driver/Src/stm32g4xx_hal.c ****   *        on variable incremented.
 392:Drivers/STM32G4xx_HAL_Driver/Src/stm32g4xx_hal.c ****   * @note In the default implementation , SysTick timer is the source of time base.
 393:Drivers/STM32G4xx_HAL_Driver/Src/stm32g4xx_hal.c ****   *       It is used to generate interrupts at regular time intervals where uwTick
 394:Drivers/STM32G4xx_HAL_Driver/Src/stm32g4xx_hal.c ****   *       is incremented.
 395:Drivers/STM32G4xx_HAL_Driver/Src/stm32g4xx_hal.c ****   * @note This function is declared as __weak to be overwritten in case of other
 396:Drivers/STM32G4xx_HAL_Driver/Src/stm32g4xx_hal.c ****   *       implementations in user file.
 397:Drivers/STM32G4xx_HAL_Driver/Src/stm32g4xx_hal.c ****   * @param Delay specifies the delay time length, in milliseconds.
 398:Drivers/STM32G4xx_HAL_Driver/Src/stm32g4xx_hal.c ****   * @retval None
 399:Drivers/STM32G4xx_HAL_Driver/Src/stm32g4xx_hal.c ****   */
 400:Drivers/STM32G4xx_HAL_Driver/Src/stm32g4xx_hal.c **** __weak void HAL_Delay(uint32_t Delay)
 401:Drivers/STM32G4xx_HAL_Driver/Src/stm32g4xx_hal.c **** {
 444              		.loc 1 401 1 is_stmt 1 view -0
 445              		.cfi_startproc
 446              		@ args = 0, pretend = 0, frame = 0
 447              		@ frame_needed = 0, uses_anonymous_args = 0
 448              		.loc 1 401 1 is_stmt 0 view .LVU90
 449 0000 38B5     		push	{r3, r4, r5, lr}
 450              	.LCFI4:
 451              		.cfi_def_cfa_offset 16
 452              		.cfi_offset 3, -16
 453              		.cfi_offset 4, -12
 454              		.cfi_offset 5, -8
 455              		.cfi_offset 14, -4
 456 0002 0446     		mov	r4, r0
 402:Drivers/STM32G4xx_HAL_Driver/Src/stm32g4xx_hal.c ****   uint32_t tickstart = HAL_GetTick();
 457              		.loc 1 402 3 is_stmt 1 view .LVU91
 458              		.loc 1 402 24 is_stmt 0 view .LVU92
 459 0004 FFF7FEFF 		bl	HAL_GetTick
 460              	.LVL22:
 461              		.loc 1 402 24 view .LVU93
 462 0008 0546     		mov	r5, r0
 463              	.LVL23:
 403:Drivers/STM32G4xx_HAL_Driver/Src/stm32g4xx_hal.c ****   uint32_t wait = Delay;
 464              		.loc 1 403 3 is_stmt 1 view .LVU94
 404:Drivers/STM32G4xx_HAL_Driver/Src/stm32g4xx_hal.c **** 
 405:Drivers/STM32G4xx_HAL_Driver/Src/stm32g4xx_hal.c ****   /* Add a freq to guarantee minimum wait */
 406:Drivers/STM32G4xx_HAL_Driver/Src/stm32g4xx_hal.c ****   if (wait < HAL_MAX_DELAY)
 465              		.loc 1 406 3 view .LVU95
 466              		.loc 1 406 6 is_stmt 0 view .LVU96
 467 000a B4F1FF3F 		cmp	r4, #-1
 468 000e 02D0     		beq	.L46
 407:Drivers/STM32G4xx_HAL_Driver/Src/stm32g4xx_hal.c ****   {
 408:Drivers/STM32G4xx_HAL_Driver/Src/stm32g4xx_hal.c ****     wait += (uint32_t)(uwTickFreq);
 469              		.loc 1 408 5 is_stmt 1 view .LVU97
 470              		.loc 1 408 13 is_stmt 0 view .LVU98
 471 0010 044B     		ldr	r3, .L48
 472 0012 1B68     		ldr	r3, [r3]
 473              		.loc 1 408 10 view .LVU99
 474 0014 1C44     		add	r4, r4, r3
ARM GAS  C:\Users\MyPC\AppData\Local\Temp\cc82JTPu.s 			page 17


 475              	.LVL24:
 476              	.L46:
 409:Drivers/STM32G4xx_HAL_Driver/Src/stm32g4xx_hal.c ****   }
 410:Drivers/STM32G4xx_HAL_Driver/Src/stm32g4xx_hal.c **** 
 411:Drivers/STM32G4xx_HAL_Driver/Src/stm32g4xx_hal.c ****   while ((HAL_GetTick() - tickstart) < wait)
 412:Drivers/STM32G4xx_HAL_Driver/Src/stm32g4xx_hal.c ****   {
 413:Drivers/STM32G4xx_HAL_Driver/Src/stm32g4xx_hal.c ****   }
 477              		.loc 1 413 3 is_stmt 1 view .LVU100
 411:Drivers/STM32G4xx_HAL_Driver/Src/stm32g4xx_hal.c ****   {
 478              		.loc 1 411 38 discriminator 2 view .LVU101
 411:Drivers/STM32G4xx_HAL_Driver/Src/stm32g4xx_hal.c ****   {
 479              		.loc 1 411 11 is_stmt 0 discriminator 2 view .LVU102
 480 0016 FFF7FEFF 		bl	HAL_GetTick
 481              	.LVL25:
 411:Drivers/STM32G4xx_HAL_Driver/Src/stm32g4xx_hal.c ****   {
 482              		.loc 1 411 25 discriminator 2 view .LVU103
 483 001a 401B     		subs	r0, r0, r5
 411:Drivers/STM32G4xx_HAL_Driver/Src/stm32g4xx_hal.c ****   {
 484              		.loc 1 411 38 discriminator 2 view .LVU104
 485 001c A042     		cmp	r0, r4
 486 001e FAD3     		bcc	.L46
 414:Drivers/STM32G4xx_HAL_Driver/Src/stm32g4xx_hal.c **** }
 487              		.loc 1 414 1 view .LVU105
 488 0020 38BD     		pop	{r3, r4, r5, pc}
 489              	.LVL26:
 490              	.L49:
 491              		.loc 1 414 1 view .LVU106
 492 0022 00BF     		.align	2
 493              	.L48:
 494 0024 00000000 		.word	uwTickFreq
 495              		.cfi_endproc
 496              	.LFE142:
 498              		.section	.text.HAL_SuspendTick,"ax",%progbits
 499              		.align	1
 500              		.weak	HAL_SuspendTick
 501              		.syntax unified
 502              		.thumb
 503              		.thumb_func
 505              	HAL_SuspendTick:
 506              	.LFB143:
 415:Drivers/STM32G4xx_HAL_Driver/Src/stm32g4xx_hal.c **** 
 416:Drivers/STM32G4xx_HAL_Driver/Src/stm32g4xx_hal.c **** /**
 417:Drivers/STM32G4xx_HAL_Driver/Src/stm32g4xx_hal.c ****   * @brief Suspends Tick increment.
 418:Drivers/STM32G4xx_HAL_Driver/Src/stm32g4xx_hal.c ****   * @note In the default implementation , SysTick timer is the source of time base. It is
 419:Drivers/STM32G4xx_HAL_Driver/Src/stm32g4xx_hal.c ****   *       used to generate interrupts at regular time intervals. Once HAL_SuspendTick()
 420:Drivers/STM32G4xx_HAL_Driver/Src/stm32g4xx_hal.c ****   *       is called, the SysTick interrupt will be disabled and so Tick increment
 421:Drivers/STM32G4xx_HAL_Driver/Src/stm32g4xx_hal.c ****   *       is suspended.
 422:Drivers/STM32G4xx_HAL_Driver/Src/stm32g4xx_hal.c ****   * @note This function is declared as __weak to be overwritten in case of other
 423:Drivers/STM32G4xx_HAL_Driver/Src/stm32g4xx_hal.c ****   *       implementations in user file.
 424:Drivers/STM32G4xx_HAL_Driver/Src/stm32g4xx_hal.c ****   * @retval None
 425:Drivers/STM32G4xx_HAL_Driver/Src/stm32g4xx_hal.c ****   */
 426:Drivers/STM32G4xx_HAL_Driver/Src/stm32g4xx_hal.c **** __weak void HAL_SuspendTick(void)
 427:Drivers/STM32G4xx_HAL_Driver/Src/stm32g4xx_hal.c **** {
 507              		.loc 1 427 1 is_stmt 1 view -0
 508              		.cfi_startproc
 509              		@ args = 0, pretend = 0, frame = 0
 510              		@ frame_needed = 0, uses_anonymous_args = 0
ARM GAS  C:\Users\MyPC\AppData\Local\Temp\cc82JTPu.s 			page 18


 511              		@ link register save eliminated.
 428:Drivers/STM32G4xx_HAL_Driver/Src/stm32g4xx_hal.c ****   /* Disable SysTick Interrupt */
 429:Drivers/STM32G4xx_HAL_Driver/Src/stm32g4xx_hal.c ****   CLEAR_BIT(SysTick->CTRL, SysTick_CTRL_TICKINT_Msk);
 512              		.loc 1 429 3 view .LVU108
 513 0000 4FF0E022 		mov	r2, #-536813568
 514 0004 1369     		ldr	r3, [r2, #16]
 515 0006 23F00203 		bic	r3, r3, #2
 516 000a 1361     		str	r3, [r2, #16]
 430:Drivers/STM32G4xx_HAL_Driver/Src/stm32g4xx_hal.c **** }
 517              		.loc 1 430 1 is_stmt 0 view .LVU109
 518 000c 7047     		bx	lr
 519              		.cfi_endproc
 520              	.LFE143:
 522              		.section	.text.HAL_ResumeTick,"ax",%progbits
 523              		.align	1
 524              		.weak	HAL_ResumeTick
 525              		.syntax unified
 526              		.thumb
 527              		.thumb_func
 529              	HAL_ResumeTick:
 530              	.LFB144:
 431:Drivers/STM32G4xx_HAL_Driver/Src/stm32g4xx_hal.c **** 
 432:Drivers/STM32G4xx_HAL_Driver/Src/stm32g4xx_hal.c **** /**
 433:Drivers/STM32G4xx_HAL_Driver/Src/stm32g4xx_hal.c ****   * @brief Resume Tick increment.
 434:Drivers/STM32G4xx_HAL_Driver/Src/stm32g4xx_hal.c ****   * @note In the default implementation , SysTick timer is the source of time base. It is
 435:Drivers/STM32G4xx_HAL_Driver/Src/stm32g4xx_hal.c ****   *       used to generate interrupts at regular time intervals. Once HAL_ResumeTick()
 436:Drivers/STM32G4xx_HAL_Driver/Src/stm32g4xx_hal.c ****   *       is called, the SysTick interrupt will be enabled and so Tick increment
 437:Drivers/STM32G4xx_HAL_Driver/Src/stm32g4xx_hal.c ****   *       is resumed.
 438:Drivers/STM32G4xx_HAL_Driver/Src/stm32g4xx_hal.c ****   * @note This function is declared as __weak to be overwritten in case of other
 439:Drivers/STM32G4xx_HAL_Driver/Src/stm32g4xx_hal.c ****   *       implementations in user file.
 440:Drivers/STM32G4xx_HAL_Driver/Src/stm32g4xx_hal.c ****   * @retval None
 441:Drivers/STM32G4xx_HAL_Driver/Src/stm32g4xx_hal.c ****   */
 442:Drivers/STM32G4xx_HAL_Driver/Src/stm32g4xx_hal.c **** __weak void HAL_ResumeTick(void)
 443:Drivers/STM32G4xx_HAL_Driver/Src/stm32g4xx_hal.c **** {
 531              		.loc 1 443 1 is_stmt 1 view -0
 532              		.cfi_startproc
 533              		@ args = 0, pretend = 0, frame = 0
 534              		@ frame_needed = 0, uses_anonymous_args = 0
 535              		@ link register save eliminated.
 444:Drivers/STM32G4xx_HAL_Driver/Src/stm32g4xx_hal.c ****   /* Enable SysTick Interrupt */
 445:Drivers/STM32G4xx_HAL_Driver/Src/stm32g4xx_hal.c ****   SET_BIT(SysTick->CTRL, SysTick_CTRL_TICKINT_Msk);
 536              		.loc 1 445 3 view .LVU111
 537 0000 4FF0E022 		mov	r2, #-536813568
 538 0004 1369     		ldr	r3, [r2, #16]
 539 0006 43F00203 		orr	r3, r3, #2
 540 000a 1361     		str	r3, [r2, #16]
 446:Drivers/STM32G4xx_HAL_Driver/Src/stm32g4xx_hal.c **** }
 541              		.loc 1 446 1 is_stmt 0 view .LVU112
 542 000c 7047     		bx	lr
 543              		.cfi_endproc
 544              	.LFE144:
 546              		.section	.text.HAL_GetHalVersion,"ax",%progbits
 547              		.align	1
 548              		.global	HAL_GetHalVersion
 549              		.syntax unified
 550              		.thumb
 551              		.thumb_func
ARM GAS  C:\Users\MyPC\AppData\Local\Temp\cc82JTPu.s 			page 19


 553              	HAL_GetHalVersion:
 554              	.LFB145:
 447:Drivers/STM32G4xx_HAL_Driver/Src/stm32g4xx_hal.c **** 
 448:Drivers/STM32G4xx_HAL_Driver/Src/stm32g4xx_hal.c **** /**
 449:Drivers/STM32G4xx_HAL_Driver/Src/stm32g4xx_hal.c ****   * @brief  Returns the HAL revision.
 450:Drivers/STM32G4xx_HAL_Driver/Src/stm32g4xx_hal.c ****   * @retval version : 0xXYZR (8bits for each decimal, R for RC)
 451:Drivers/STM32G4xx_HAL_Driver/Src/stm32g4xx_hal.c ****   */
 452:Drivers/STM32G4xx_HAL_Driver/Src/stm32g4xx_hal.c **** uint32_t HAL_GetHalVersion(void)
 453:Drivers/STM32G4xx_HAL_Driver/Src/stm32g4xx_hal.c **** {
 555              		.loc 1 453 1 is_stmt 1 view -0
 556              		.cfi_startproc
 557              		@ args = 0, pretend = 0, frame = 0
 558              		@ frame_needed = 0, uses_anonymous_args = 0
 559              		@ link register save eliminated.
 454:Drivers/STM32G4xx_HAL_Driver/Src/stm32g4xx_hal.c ****   return __STM32G4xx_HAL_VERSION;
 560              		.loc 1 454 3 view .LVU114
 455:Drivers/STM32G4xx_HAL_Driver/Src/stm32g4xx_hal.c **** }
 561              		.loc 1 455 1 is_stmt 0 view .LVU115
 562 0000 0048     		ldr	r0, .L53
 563 0002 7047     		bx	lr
 564              	.L54:
 565              		.align	2
 566              	.L53:
 567 0004 00070201 		.word	16910080
 568              		.cfi_endproc
 569              	.LFE145:
 571              		.section	.text.HAL_GetREVID,"ax",%progbits
 572              		.align	1
 573              		.global	HAL_GetREVID
 574              		.syntax unified
 575              		.thumb
 576              		.thumb_func
 578              	HAL_GetREVID:
 579              	.LFB146:
 456:Drivers/STM32G4xx_HAL_Driver/Src/stm32g4xx_hal.c **** 
 457:Drivers/STM32G4xx_HAL_Driver/Src/stm32g4xx_hal.c **** /**
 458:Drivers/STM32G4xx_HAL_Driver/Src/stm32g4xx_hal.c ****   * @brief  Returns the device revision identifier.
 459:Drivers/STM32G4xx_HAL_Driver/Src/stm32g4xx_hal.c ****   * @retval Device revision identifier
 460:Drivers/STM32G4xx_HAL_Driver/Src/stm32g4xx_hal.c ****   */
 461:Drivers/STM32G4xx_HAL_Driver/Src/stm32g4xx_hal.c **** uint32_t HAL_GetREVID(void)
 462:Drivers/STM32G4xx_HAL_Driver/Src/stm32g4xx_hal.c **** {
 580              		.loc 1 462 1 is_stmt 1 view -0
 581              		.cfi_startproc
 582              		@ args = 0, pretend = 0, frame = 0
 583              		@ frame_needed = 0, uses_anonymous_args = 0
 584              		@ link register save eliminated.
 463:Drivers/STM32G4xx_HAL_Driver/Src/stm32g4xx_hal.c ****   return ((DBGMCU->IDCODE & DBGMCU_IDCODE_REV_ID) >> 16U);
 585              		.loc 1 463 3 view .LVU117
 586              		.loc 1 463 18 is_stmt 0 view .LVU118
 587 0000 014B     		ldr	r3, .L56
 588 0002 1868     		ldr	r0, [r3]
 464:Drivers/STM32G4xx_HAL_Driver/Src/stm32g4xx_hal.c **** }
 589              		.loc 1 464 1 view .LVU119
 590 0004 000C     		lsrs	r0, r0, #16
 591 0006 7047     		bx	lr
 592              	.L57:
 593              		.align	2
ARM GAS  C:\Users\MyPC\AppData\Local\Temp\cc82JTPu.s 			page 20


 594              	.L56:
 595 0008 002004E0 		.word	-536600576
 596              		.cfi_endproc
 597              	.LFE146:
 599              		.section	.text.HAL_GetDEVID,"ax",%progbits
 600              		.align	1
 601              		.global	HAL_GetDEVID
 602              		.syntax unified
 603              		.thumb
 604              		.thumb_func
 606              	HAL_GetDEVID:
 607              	.LFB147:
 465:Drivers/STM32G4xx_HAL_Driver/Src/stm32g4xx_hal.c **** 
 466:Drivers/STM32G4xx_HAL_Driver/Src/stm32g4xx_hal.c **** /**
 467:Drivers/STM32G4xx_HAL_Driver/Src/stm32g4xx_hal.c ****   * @brief  Returns the device identifier.
 468:Drivers/STM32G4xx_HAL_Driver/Src/stm32g4xx_hal.c ****   * @retval Device identifier
 469:Drivers/STM32G4xx_HAL_Driver/Src/stm32g4xx_hal.c ****   */
 470:Drivers/STM32G4xx_HAL_Driver/Src/stm32g4xx_hal.c **** uint32_t HAL_GetDEVID(void)
 471:Drivers/STM32G4xx_HAL_Driver/Src/stm32g4xx_hal.c **** {
 608              		.loc 1 471 1 is_stmt 1 view -0
 609              		.cfi_startproc
 610              		@ args = 0, pretend = 0, frame = 0
 611              		@ frame_needed = 0, uses_anonymous_args = 0
 612              		@ link register save eliminated.
 472:Drivers/STM32G4xx_HAL_Driver/Src/stm32g4xx_hal.c ****   return (DBGMCU->IDCODE & DBGMCU_IDCODE_DEV_ID);
 613              		.loc 1 472 3 view .LVU121
 614              		.loc 1 472 17 is_stmt 0 view .LVU122
 615 0000 024B     		ldr	r3, .L59
 616 0002 1868     		ldr	r0, [r3]
 473:Drivers/STM32G4xx_HAL_Driver/Src/stm32g4xx_hal.c **** }
 617              		.loc 1 473 1 view .LVU123
 618 0004 C0F30B00 		ubfx	r0, r0, #0, #12
 619 0008 7047     		bx	lr
 620              	.L60:
 621 000a 00BF     		.align	2
 622              	.L59:
 623 000c 002004E0 		.word	-536600576
 624              		.cfi_endproc
 625              	.LFE147:
 627              		.section	.text.HAL_GetUIDw0,"ax",%progbits
 628              		.align	1
 629              		.global	HAL_GetUIDw0
 630              		.syntax unified
 631              		.thumb
 632              		.thumb_func
 634              	HAL_GetUIDw0:
 635              	.LFB148:
 474:Drivers/STM32G4xx_HAL_Driver/Src/stm32g4xx_hal.c **** 
 475:Drivers/STM32G4xx_HAL_Driver/Src/stm32g4xx_hal.c **** /**
 476:Drivers/STM32G4xx_HAL_Driver/Src/stm32g4xx_hal.c ****   * @brief  Return the first word of the unique device identifier (UID based on 96 bits)
 477:Drivers/STM32G4xx_HAL_Driver/Src/stm32g4xx_hal.c ****   * @retval Device identifier
 478:Drivers/STM32G4xx_HAL_Driver/Src/stm32g4xx_hal.c ****   */
 479:Drivers/STM32G4xx_HAL_Driver/Src/stm32g4xx_hal.c **** uint32_t HAL_GetUIDw0(void)
 480:Drivers/STM32G4xx_HAL_Driver/Src/stm32g4xx_hal.c **** {
 636              		.loc 1 480 1 is_stmt 1 view -0
 637              		.cfi_startproc
 638              		@ args = 0, pretend = 0, frame = 0
ARM GAS  C:\Users\MyPC\AppData\Local\Temp\cc82JTPu.s 			page 21


 639              		@ frame_needed = 0, uses_anonymous_args = 0
 640              		@ link register save eliminated.
 481:Drivers/STM32G4xx_HAL_Driver/Src/stm32g4xx_hal.c ****   return (READ_REG(*((uint32_t *)UID_BASE)));
 641              		.loc 1 481 3 view .LVU125
 482:Drivers/STM32G4xx_HAL_Driver/Src/stm32g4xx_hal.c **** }
 642              		.loc 1 482 1 is_stmt 0 view .LVU126
 643 0000 014B     		ldr	r3, .L62
 644 0002 D3F89005 		ldr	r0, [r3, #1424]
 645 0006 7047     		bx	lr
 646              	.L63:
 647              		.align	2
 648              	.L62:
 649 0008 0070FF1F 		.word	536834048
 650              		.cfi_endproc
 651              	.LFE148:
 653              		.section	.text.HAL_GetUIDw1,"ax",%progbits
 654              		.align	1
 655              		.global	HAL_GetUIDw1
 656              		.syntax unified
 657              		.thumb
 658              		.thumb_func
 660              	HAL_GetUIDw1:
 661              	.LFB149:
 483:Drivers/STM32G4xx_HAL_Driver/Src/stm32g4xx_hal.c **** 
 484:Drivers/STM32G4xx_HAL_Driver/Src/stm32g4xx_hal.c **** /**
 485:Drivers/STM32G4xx_HAL_Driver/Src/stm32g4xx_hal.c ****   * @brief  Return the second word of the unique device identifier (UID based on 96 bits)
 486:Drivers/STM32G4xx_HAL_Driver/Src/stm32g4xx_hal.c ****   * @retval Device identifier
 487:Drivers/STM32G4xx_HAL_Driver/Src/stm32g4xx_hal.c ****   */
 488:Drivers/STM32G4xx_HAL_Driver/Src/stm32g4xx_hal.c **** uint32_t HAL_GetUIDw1(void)
 489:Drivers/STM32G4xx_HAL_Driver/Src/stm32g4xx_hal.c **** {
 662              		.loc 1 489 1 is_stmt 1 view -0
 663              		.cfi_startproc
 664              		@ args = 0, pretend = 0, frame = 0
 665              		@ frame_needed = 0, uses_anonymous_args = 0
 666              		@ link register save eliminated.
 490:Drivers/STM32G4xx_HAL_Driver/Src/stm32g4xx_hal.c ****   return (READ_REG(*((uint32_t *)(UID_BASE + 4U))));
 667              		.loc 1 490 3 view .LVU128
 491:Drivers/STM32G4xx_HAL_Driver/Src/stm32g4xx_hal.c **** }
 668              		.loc 1 491 1 is_stmt 0 view .LVU129
 669 0000 014B     		ldr	r3, .L65
 670 0002 D3F89405 		ldr	r0, [r3, #1428]
 671 0006 7047     		bx	lr
 672              	.L66:
 673              		.align	2
 674              	.L65:
 675 0008 0070FF1F 		.word	536834048
 676              		.cfi_endproc
 677              	.LFE149:
 679              		.section	.text.HAL_GetUIDw2,"ax",%progbits
 680              		.align	1
 681              		.global	HAL_GetUIDw2
 682              		.syntax unified
 683              		.thumb
 684              		.thumb_func
 686              	HAL_GetUIDw2:
 687              	.LFB150:
 492:Drivers/STM32G4xx_HAL_Driver/Src/stm32g4xx_hal.c **** 
ARM GAS  C:\Users\MyPC\AppData\Local\Temp\cc82JTPu.s 			page 22


 493:Drivers/STM32G4xx_HAL_Driver/Src/stm32g4xx_hal.c **** /**
 494:Drivers/STM32G4xx_HAL_Driver/Src/stm32g4xx_hal.c ****   * @brief  Return the third word of the unique device identifier (UID based on 96 bits)
 495:Drivers/STM32G4xx_HAL_Driver/Src/stm32g4xx_hal.c ****   * @retval Device identifier
 496:Drivers/STM32G4xx_HAL_Driver/Src/stm32g4xx_hal.c ****   */
 497:Drivers/STM32G4xx_HAL_Driver/Src/stm32g4xx_hal.c **** uint32_t HAL_GetUIDw2(void)
 498:Drivers/STM32G4xx_HAL_Driver/Src/stm32g4xx_hal.c **** {
 688              		.loc 1 498 1 is_stmt 1 view -0
 689              		.cfi_startproc
 690              		@ args = 0, pretend = 0, frame = 0
 691              		@ frame_needed = 0, uses_anonymous_args = 0
 692              		@ link register save eliminated.
 499:Drivers/STM32G4xx_HAL_Driver/Src/stm32g4xx_hal.c ****   return (READ_REG(*((uint32_t *)(UID_BASE + 8U))));
 693              		.loc 1 499 3 view .LVU131
 500:Drivers/STM32G4xx_HAL_Driver/Src/stm32g4xx_hal.c **** }
 694              		.loc 1 500 1 is_stmt 0 view .LVU132
 695 0000 014B     		ldr	r3, .L68
 696 0002 D3F89805 		ldr	r0, [r3, #1432]
 697 0006 7047     		bx	lr
 698              	.L69:
 699              		.align	2
 700              	.L68:
 701 0008 0070FF1F 		.word	536834048
 702              		.cfi_endproc
 703              	.LFE150:
 705              		.section	.text.HAL_DBGMCU_EnableDBGSleepMode,"ax",%progbits
 706              		.align	1
 707              		.global	HAL_DBGMCU_EnableDBGSleepMode
 708              		.syntax unified
 709              		.thumb
 710              		.thumb_func
 712              	HAL_DBGMCU_EnableDBGSleepMode:
 713              	.LFB151:
 501:Drivers/STM32G4xx_HAL_Driver/Src/stm32g4xx_hal.c **** 
 502:Drivers/STM32G4xx_HAL_Driver/Src/stm32g4xx_hal.c **** /**
 503:Drivers/STM32G4xx_HAL_Driver/Src/stm32g4xx_hal.c ****   * @}
 504:Drivers/STM32G4xx_HAL_Driver/Src/stm32g4xx_hal.c ****   */
 505:Drivers/STM32G4xx_HAL_Driver/Src/stm32g4xx_hal.c **** 
 506:Drivers/STM32G4xx_HAL_Driver/Src/stm32g4xx_hal.c **** /** @defgroup HAL_Exported_Functions_Group3 HAL Debug functions
 507:Drivers/STM32G4xx_HAL_Driver/Src/stm32g4xx_hal.c ****   *  @brief    HAL Debug functions
 508:Drivers/STM32G4xx_HAL_Driver/Src/stm32g4xx_hal.c ****   *
 509:Drivers/STM32G4xx_HAL_Driver/Src/stm32g4xx_hal.c **** @verbatim
 510:Drivers/STM32G4xx_HAL_Driver/Src/stm32g4xx_hal.c ****  ===============================================================================
 511:Drivers/STM32G4xx_HAL_Driver/Src/stm32g4xx_hal.c ****                       ##### HAL Debug functions #####
 512:Drivers/STM32G4xx_HAL_Driver/Src/stm32g4xx_hal.c ****  ===============================================================================
 513:Drivers/STM32G4xx_HAL_Driver/Src/stm32g4xx_hal.c ****     [..]  This section provides functions allowing to:
 514:Drivers/STM32G4xx_HAL_Driver/Src/stm32g4xx_hal.c ****       (+) Enable/Disable Debug module during SLEEP mode
 515:Drivers/STM32G4xx_HAL_Driver/Src/stm32g4xx_hal.c ****       (+) Enable/Disable Debug module during STOP0/STOP1/STOP2 modes
 516:Drivers/STM32G4xx_HAL_Driver/Src/stm32g4xx_hal.c ****       (+) Enable/Disable Debug module during STANDBY mode
 517:Drivers/STM32G4xx_HAL_Driver/Src/stm32g4xx_hal.c **** 
 518:Drivers/STM32G4xx_HAL_Driver/Src/stm32g4xx_hal.c **** @endverbatim
 519:Drivers/STM32G4xx_HAL_Driver/Src/stm32g4xx_hal.c ****   * @{
 520:Drivers/STM32G4xx_HAL_Driver/Src/stm32g4xx_hal.c ****   */
 521:Drivers/STM32G4xx_HAL_Driver/Src/stm32g4xx_hal.c **** 
 522:Drivers/STM32G4xx_HAL_Driver/Src/stm32g4xx_hal.c **** /**
 523:Drivers/STM32G4xx_HAL_Driver/Src/stm32g4xx_hal.c ****   * @brief  Enable the Debug Module during SLEEP mode.
 524:Drivers/STM32G4xx_HAL_Driver/Src/stm32g4xx_hal.c ****   * @retval None
 525:Drivers/STM32G4xx_HAL_Driver/Src/stm32g4xx_hal.c ****   */
ARM GAS  C:\Users\MyPC\AppData\Local\Temp\cc82JTPu.s 			page 23


 526:Drivers/STM32G4xx_HAL_Driver/Src/stm32g4xx_hal.c **** void HAL_DBGMCU_EnableDBGSleepMode(void)
 527:Drivers/STM32G4xx_HAL_Driver/Src/stm32g4xx_hal.c **** {
 714              		.loc 1 527 1 is_stmt 1 view -0
 715              		.cfi_startproc
 716              		@ args = 0, pretend = 0, frame = 0
 717              		@ frame_needed = 0, uses_anonymous_args = 0
 718              		@ link register save eliminated.
 528:Drivers/STM32G4xx_HAL_Driver/Src/stm32g4xx_hal.c ****   SET_BIT(DBGMCU->CR, DBGMCU_CR_DBG_SLEEP);
 719              		.loc 1 528 3 view .LVU134
 720 0000 024A     		ldr	r2, .L71
 721 0002 5368     		ldr	r3, [r2, #4]
 722 0004 43F00103 		orr	r3, r3, #1
 723 0008 5360     		str	r3, [r2, #4]
 529:Drivers/STM32G4xx_HAL_Driver/Src/stm32g4xx_hal.c **** }
 724              		.loc 1 529 1 is_stmt 0 view .LVU135
 725 000a 7047     		bx	lr
 726              	.L72:
 727              		.align	2
 728              	.L71:
 729 000c 002004E0 		.word	-536600576
 730              		.cfi_endproc
 731              	.LFE151:
 733              		.section	.text.HAL_DBGMCU_DisableDBGSleepMode,"ax",%progbits
 734              		.align	1
 735              		.global	HAL_DBGMCU_DisableDBGSleepMode
 736              		.syntax unified
 737              		.thumb
 738              		.thumb_func
 740              	HAL_DBGMCU_DisableDBGSleepMode:
 741              	.LFB152:
 530:Drivers/STM32G4xx_HAL_Driver/Src/stm32g4xx_hal.c **** 
 531:Drivers/STM32G4xx_HAL_Driver/Src/stm32g4xx_hal.c **** /**
 532:Drivers/STM32G4xx_HAL_Driver/Src/stm32g4xx_hal.c ****   * @brief  Disable the Debug Module during SLEEP mode.
 533:Drivers/STM32G4xx_HAL_Driver/Src/stm32g4xx_hal.c ****   * @retval None
 534:Drivers/STM32G4xx_HAL_Driver/Src/stm32g4xx_hal.c ****   */
 535:Drivers/STM32G4xx_HAL_Driver/Src/stm32g4xx_hal.c **** void HAL_DBGMCU_DisableDBGSleepMode(void)
 536:Drivers/STM32G4xx_HAL_Driver/Src/stm32g4xx_hal.c **** {
 742              		.loc 1 536 1 is_stmt 1 view -0
 743              		.cfi_startproc
 744              		@ args = 0, pretend = 0, frame = 0
 745              		@ frame_needed = 0, uses_anonymous_args = 0
 746              		@ link register save eliminated.
 537:Drivers/STM32G4xx_HAL_Driver/Src/stm32g4xx_hal.c ****   CLEAR_BIT(DBGMCU->CR, DBGMCU_CR_DBG_SLEEP);
 747              		.loc 1 537 3 view .LVU137
 748 0000 024A     		ldr	r2, .L74
 749 0002 5368     		ldr	r3, [r2, #4]
 750 0004 23F00103 		bic	r3, r3, #1
 751 0008 5360     		str	r3, [r2, #4]
 538:Drivers/STM32G4xx_HAL_Driver/Src/stm32g4xx_hal.c **** }
 752              		.loc 1 538 1 is_stmt 0 view .LVU138
 753 000a 7047     		bx	lr
 754              	.L75:
 755              		.align	2
 756              	.L74:
 757 000c 002004E0 		.word	-536600576
 758              		.cfi_endproc
 759              	.LFE152:
ARM GAS  C:\Users\MyPC\AppData\Local\Temp\cc82JTPu.s 			page 24


 761              		.section	.text.HAL_DBGMCU_EnableDBGStopMode,"ax",%progbits
 762              		.align	1
 763              		.global	HAL_DBGMCU_EnableDBGStopMode
 764              		.syntax unified
 765              		.thumb
 766              		.thumb_func
 768              	HAL_DBGMCU_EnableDBGStopMode:
 769              	.LFB153:
 539:Drivers/STM32G4xx_HAL_Driver/Src/stm32g4xx_hal.c **** 
 540:Drivers/STM32G4xx_HAL_Driver/Src/stm32g4xx_hal.c **** /**
 541:Drivers/STM32G4xx_HAL_Driver/Src/stm32g4xx_hal.c ****   * @brief  Enable the Debug Module during STOP0/STOP1/STOP2 modes.
 542:Drivers/STM32G4xx_HAL_Driver/Src/stm32g4xx_hal.c ****   * @retval None
 543:Drivers/STM32G4xx_HAL_Driver/Src/stm32g4xx_hal.c ****   */
 544:Drivers/STM32G4xx_HAL_Driver/Src/stm32g4xx_hal.c **** void HAL_DBGMCU_EnableDBGStopMode(void)
 545:Drivers/STM32G4xx_HAL_Driver/Src/stm32g4xx_hal.c **** {
 770              		.loc 1 545 1 is_stmt 1 view -0
 771              		.cfi_startproc
 772              		@ args = 0, pretend = 0, frame = 0
 773              		@ frame_needed = 0, uses_anonymous_args = 0
 774              		@ link register save eliminated.
 546:Drivers/STM32G4xx_HAL_Driver/Src/stm32g4xx_hal.c ****   SET_BIT(DBGMCU->CR, DBGMCU_CR_DBG_STOP);
 775              		.loc 1 546 3 view .LVU140
 776 0000 024A     		ldr	r2, .L77
 777 0002 5368     		ldr	r3, [r2, #4]
 778 0004 43F00203 		orr	r3, r3, #2
 779 0008 5360     		str	r3, [r2, #4]
 547:Drivers/STM32G4xx_HAL_Driver/Src/stm32g4xx_hal.c **** }
 780              		.loc 1 547 1 is_stmt 0 view .LVU141
 781 000a 7047     		bx	lr
 782              	.L78:
 783              		.align	2
 784              	.L77:
 785 000c 002004E0 		.word	-536600576
 786              		.cfi_endproc
 787              	.LFE153:
 789              		.section	.text.HAL_DBGMCU_DisableDBGStopMode,"ax",%progbits
 790              		.align	1
 791              		.global	HAL_DBGMCU_DisableDBGStopMode
 792              		.syntax unified
 793              		.thumb
 794              		.thumb_func
 796              	HAL_DBGMCU_DisableDBGStopMode:
 797              	.LFB154:
 548:Drivers/STM32G4xx_HAL_Driver/Src/stm32g4xx_hal.c **** 
 549:Drivers/STM32G4xx_HAL_Driver/Src/stm32g4xx_hal.c **** /**
 550:Drivers/STM32G4xx_HAL_Driver/Src/stm32g4xx_hal.c ****   * @brief  Disable the Debug Module during STOP0/STOP1/STOP2 modes.
 551:Drivers/STM32G4xx_HAL_Driver/Src/stm32g4xx_hal.c ****   * @retval None
 552:Drivers/STM32G4xx_HAL_Driver/Src/stm32g4xx_hal.c ****   */
 553:Drivers/STM32G4xx_HAL_Driver/Src/stm32g4xx_hal.c **** void HAL_DBGMCU_DisableDBGStopMode(void)
 554:Drivers/STM32G4xx_HAL_Driver/Src/stm32g4xx_hal.c **** {
 798              		.loc 1 554 1 is_stmt 1 view -0
 799              		.cfi_startproc
 800              		@ args = 0, pretend = 0, frame = 0
 801              		@ frame_needed = 0, uses_anonymous_args = 0
 802              		@ link register save eliminated.
 555:Drivers/STM32G4xx_HAL_Driver/Src/stm32g4xx_hal.c ****   CLEAR_BIT(DBGMCU->CR, DBGMCU_CR_DBG_STOP);
 803              		.loc 1 555 3 view .LVU143
ARM GAS  C:\Users\MyPC\AppData\Local\Temp\cc82JTPu.s 			page 25


 804 0000 024A     		ldr	r2, .L80
 805 0002 5368     		ldr	r3, [r2, #4]
 806 0004 23F00203 		bic	r3, r3, #2
 807 0008 5360     		str	r3, [r2, #4]
 556:Drivers/STM32G4xx_HAL_Driver/Src/stm32g4xx_hal.c **** }
 808              		.loc 1 556 1 is_stmt 0 view .LVU144
 809 000a 7047     		bx	lr
 810              	.L81:
 811              		.align	2
 812              	.L80:
 813 000c 002004E0 		.word	-536600576
 814              		.cfi_endproc
 815              	.LFE154:
 817              		.section	.text.HAL_DBGMCU_EnableDBGStandbyMode,"ax",%progbits
 818              		.align	1
 819              		.global	HAL_DBGMCU_EnableDBGStandbyMode
 820              		.syntax unified
 821              		.thumb
 822              		.thumb_func
 824              	HAL_DBGMCU_EnableDBGStandbyMode:
 825              	.LFB155:
 557:Drivers/STM32G4xx_HAL_Driver/Src/stm32g4xx_hal.c **** 
 558:Drivers/STM32G4xx_HAL_Driver/Src/stm32g4xx_hal.c **** /**
 559:Drivers/STM32G4xx_HAL_Driver/Src/stm32g4xx_hal.c ****   * @brief  Enable the Debug Module during STANDBY mode.
 560:Drivers/STM32G4xx_HAL_Driver/Src/stm32g4xx_hal.c ****   * @retval None
 561:Drivers/STM32G4xx_HAL_Driver/Src/stm32g4xx_hal.c ****   */
 562:Drivers/STM32G4xx_HAL_Driver/Src/stm32g4xx_hal.c **** void HAL_DBGMCU_EnableDBGStandbyMode(void)
 563:Drivers/STM32G4xx_HAL_Driver/Src/stm32g4xx_hal.c **** {
 826              		.loc 1 563 1 is_stmt 1 view -0
 827              		.cfi_startproc
 828              		@ args = 0, pretend = 0, frame = 0
 829              		@ frame_needed = 0, uses_anonymous_args = 0
 830              		@ link register save eliminated.
 564:Drivers/STM32G4xx_HAL_Driver/Src/stm32g4xx_hal.c ****   SET_BIT(DBGMCU->CR, DBGMCU_CR_DBG_STANDBY);
 831              		.loc 1 564 3 view .LVU146
 832 0000 024A     		ldr	r2, .L83
 833 0002 5368     		ldr	r3, [r2, #4]
 834 0004 43F00403 		orr	r3, r3, #4
 835 0008 5360     		str	r3, [r2, #4]
 565:Drivers/STM32G4xx_HAL_Driver/Src/stm32g4xx_hal.c **** }
 836              		.loc 1 565 1 is_stmt 0 view .LVU147
 837 000a 7047     		bx	lr
 838              	.L84:
 839              		.align	2
 840              	.L83:
 841 000c 002004E0 		.word	-536600576
 842              		.cfi_endproc
 843              	.LFE155:
 845              		.section	.text.HAL_DBGMCU_DisableDBGStandbyMode,"ax",%progbits
 846              		.align	1
 847              		.global	HAL_DBGMCU_DisableDBGStandbyMode
 848              		.syntax unified
 849              		.thumb
 850              		.thumb_func
 852              	HAL_DBGMCU_DisableDBGStandbyMode:
 853              	.LFB156:
 566:Drivers/STM32G4xx_HAL_Driver/Src/stm32g4xx_hal.c **** 
ARM GAS  C:\Users\MyPC\AppData\Local\Temp\cc82JTPu.s 			page 26


 567:Drivers/STM32G4xx_HAL_Driver/Src/stm32g4xx_hal.c **** /**
 568:Drivers/STM32G4xx_HAL_Driver/Src/stm32g4xx_hal.c ****   * @brief  Disable the Debug Module during STANDBY mode.
 569:Drivers/STM32G4xx_HAL_Driver/Src/stm32g4xx_hal.c ****   * @retval None
 570:Drivers/STM32G4xx_HAL_Driver/Src/stm32g4xx_hal.c ****   */
 571:Drivers/STM32G4xx_HAL_Driver/Src/stm32g4xx_hal.c **** void HAL_DBGMCU_DisableDBGStandbyMode(void)
 572:Drivers/STM32G4xx_HAL_Driver/Src/stm32g4xx_hal.c **** {
 854              		.loc 1 572 1 is_stmt 1 view -0
 855              		.cfi_startproc
 856              		@ args = 0, pretend = 0, frame = 0
 857              		@ frame_needed = 0, uses_anonymous_args = 0
 858              		@ link register save eliminated.
 573:Drivers/STM32G4xx_HAL_Driver/Src/stm32g4xx_hal.c ****   CLEAR_BIT(DBGMCU->CR, DBGMCU_CR_DBG_STANDBY);
 859              		.loc 1 573 3 view .LVU149
 860 0000 024A     		ldr	r2, .L86
 861 0002 5368     		ldr	r3, [r2, #4]
 862 0004 23F00403 		bic	r3, r3, #4
 863 0008 5360     		str	r3, [r2, #4]
 574:Drivers/STM32G4xx_HAL_Driver/Src/stm32g4xx_hal.c **** }
 864              		.loc 1 574 1 is_stmt 0 view .LVU150
 865 000a 7047     		bx	lr
 866              	.L87:
 867              		.align	2
 868              	.L86:
 869 000c 002004E0 		.word	-536600576
 870              		.cfi_endproc
 871              	.LFE156:
 873              		.section	.text.HAL_SYSCFG_CCMSRAMErase,"ax",%progbits
 874              		.align	1
 875              		.global	HAL_SYSCFG_CCMSRAMErase
 876              		.syntax unified
 877              		.thumb
 878              		.thumb_func
 880              	HAL_SYSCFG_CCMSRAMErase:
 881              	.LFB157:
 575:Drivers/STM32G4xx_HAL_Driver/Src/stm32g4xx_hal.c **** 
 576:Drivers/STM32G4xx_HAL_Driver/Src/stm32g4xx_hal.c **** /**
 577:Drivers/STM32G4xx_HAL_Driver/Src/stm32g4xx_hal.c ****   * @}
 578:Drivers/STM32G4xx_HAL_Driver/Src/stm32g4xx_hal.c ****   */
 579:Drivers/STM32G4xx_HAL_Driver/Src/stm32g4xx_hal.c **** 
 580:Drivers/STM32G4xx_HAL_Driver/Src/stm32g4xx_hal.c **** /** @defgroup HAL_Exported_Functions_Group4 HAL SYSCFG configuration functions
 581:Drivers/STM32G4xx_HAL_Driver/Src/stm32g4xx_hal.c ****   *  @brief    HAL SYSCFG configuration functions
 582:Drivers/STM32G4xx_HAL_Driver/Src/stm32g4xx_hal.c ****   *
 583:Drivers/STM32G4xx_HAL_Driver/Src/stm32g4xx_hal.c **** @verbatim
 584:Drivers/STM32G4xx_HAL_Driver/Src/stm32g4xx_hal.c ****  ===============================================================================
 585:Drivers/STM32G4xx_HAL_Driver/Src/stm32g4xx_hal.c ****                       ##### HAL SYSCFG configuration functions #####
 586:Drivers/STM32G4xx_HAL_Driver/Src/stm32g4xx_hal.c ****  ===============================================================================
 587:Drivers/STM32G4xx_HAL_Driver/Src/stm32g4xx_hal.c ****     [..]  This section provides functions allowing to:
 588:Drivers/STM32G4xx_HAL_Driver/Src/stm32g4xx_hal.c ****       (+) Start a hardware CCMSRAM erase operation
 589:Drivers/STM32G4xx_HAL_Driver/Src/stm32g4xx_hal.c ****       (+) Enable/Disable the Internal FLASH Bank Swapping
 590:Drivers/STM32G4xx_HAL_Driver/Src/stm32g4xx_hal.c ****       (+) Configure the Voltage reference buffer
 591:Drivers/STM32G4xx_HAL_Driver/Src/stm32g4xx_hal.c ****       (+) Enable/Disable the Voltage reference buffer
 592:Drivers/STM32G4xx_HAL_Driver/Src/stm32g4xx_hal.c ****       (+) Enable/Disable the I/O analog switch voltage booster
 593:Drivers/STM32G4xx_HAL_Driver/Src/stm32g4xx_hal.c **** 
 594:Drivers/STM32G4xx_HAL_Driver/Src/stm32g4xx_hal.c **** @endverbatim
 595:Drivers/STM32G4xx_HAL_Driver/Src/stm32g4xx_hal.c ****   * @{
 596:Drivers/STM32G4xx_HAL_Driver/Src/stm32g4xx_hal.c ****   */
 597:Drivers/STM32G4xx_HAL_Driver/Src/stm32g4xx_hal.c **** /**
ARM GAS  C:\Users\MyPC\AppData\Local\Temp\cc82JTPu.s 			page 27


 598:Drivers/STM32G4xx_HAL_Driver/Src/stm32g4xx_hal.c ****   * @brief  Start a hardware CCMSRAM erase operation.
 599:Drivers/STM32G4xx_HAL_Driver/Src/stm32g4xx_hal.c ****   * @note   As long as CCMSRAM is not erased the CCMER bit will be set.
 600:Drivers/STM32G4xx_HAL_Driver/Src/stm32g4xx_hal.c ****   *         This bit is automatically reset at the end of the CCMSRAM erase operation.
 601:Drivers/STM32G4xx_HAL_Driver/Src/stm32g4xx_hal.c ****   * @retval None
 602:Drivers/STM32G4xx_HAL_Driver/Src/stm32g4xx_hal.c ****   */
 603:Drivers/STM32G4xx_HAL_Driver/Src/stm32g4xx_hal.c **** void HAL_SYSCFG_CCMSRAMErase(void)
 604:Drivers/STM32G4xx_HAL_Driver/Src/stm32g4xx_hal.c **** {
 882              		.loc 1 604 1 is_stmt 1 view -0
 883              		.cfi_startproc
 884              		@ args = 0, pretend = 0, frame = 0
 885              		@ frame_needed = 0, uses_anonymous_args = 0
 886              		@ link register save eliminated.
 605:Drivers/STM32G4xx_HAL_Driver/Src/stm32g4xx_hal.c ****   /* unlock the write protection of the CCMER bit */
 606:Drivers/STM32G4xx_HAL_Driver/Src/stm32g4xx_hal.c ****   SYSCFG->SKR = 0xCA;
 887              		.loc 1 606 3 view .LVU152
 888              		.loc 1 606 15 is_stmt 0 view .LVU153
 889 0000 044B     		ldr	r3, .L89
 890 0002 CA22     		movs	r2, #202
 891 0004 5A62     		str	r2, [r3, #36]
 607:Drivers/STM32G4xx_HAL_Driver/Src/stm32g4xx_hal.c ****   SYSCFG->SKR = 0x53;
 892              		.loc 1 607 3 is_stmt 1 view .LVU154
 893              		.loc 1 607 15 is_stmt 0 view .LVU155
 894 0006 5322     		movs	r2, #83
 895 0008 5A62     		str	r2, [r3, #36]
 608:Drivers/STM32G4xx_HAL_Driver/Src/stm32g4xx_hal.c ****   /* Starts a hardware CCMSRAM erase operation*/
 609:Drivers/STM32G4xx_HAL_Driver/Src/stm32g4xx_hal.c ****   SET_BIT(SYSCFG->SCSR, SYSCFG_SCSR_CCMER);
 896              		.loc 1 609 3 is_stmt 1 view .LVU156
 897 000a 9A69     		ldr	r2, [r3, #24]
 898 000c 42F00102 		orr	r2, r2, #1
 899 0010 9A61     		str	r2, [r3, #24]
 610:Drivers/STM32G4xx_HAL_Driver/Src/stm32g4xx_hal.c **** }
 900              		.loc 1 610 1 is_stmt 0 view .LVU157
 901 0012 7047     		bx	lr
 902              	.L90:
 903              		.align	2
 904              	.L89:
 905 0014 00000140 		.word	1073807360
 906              		.cfi_endproc
 907              	.LFE157:
 909              		.section	.text.HAL_SYSCFG_EnableMemorySwappingBank,"ax",%progbits
 910              		.align	1
 911              		.global	HAL_SYSCFG_EnableMemorySwappingBank
 912              		.syntax unified
 913              		.thumb
 914              		.thumb_func
 916              	HAL_SYSCFG_EnableMemorySwappingBank:
 917              	.LFB158:
 611:Drivers/STM32G4xx_HAL_Driver/Src/stm32g4xx_hal.c **** 
 612:Drivers/STM32G4xx_HAL_Driver/Src/stm32g4xx_hal.c **** /**
 613:Drivers/STM32G4xx_HAL_Driver/Src/stm32g4xx_hal.c ****   * @brief  Enable the Internal FLASH Bank Swapping.
 614:Drivers/STM32G4xx_HAL_Driver/Src/stm32g4xx_hal.c ****   *
 615:Drivers/STM32G4xx_HAL_Driver/Src/stm32g4xx_hal.c ****   * @note   This function can be used only for STM32G4xx devices.
 616:Drivers/STM32G4xx_HAL_Driver/Src/stm32g4xx_hal.c ****   *
 617:Drivers/STM32G4xx_HAL_Driver/Src/stm32g4xx_hal.c ****   * @note   Flash Bank2 mapped at 0x08000000 (and aliased @0x00000000)
 618:Drivers/STM32G4xx_HAL_Driver/Src/stm32g4xx_hal.c ****   *         and Flash Bank1 mapped at 0x08040000 (and aliased at 0x00040000)
 619:Drivers/STM32G4xx_HAL_Driver/Src/stm32g4xx_hal.c ****   *
 620:Drivers/STM32G4xx_HAL_Driver/Src/stm32g4xx_hal.c ****   * @retval None
ARM GAS  C:\Users\MyPC\AppData\Local\Temp\cc82JTPu.s 			page 28


 621:Drivers/STM32G4xx_HAL_Driver/Src/stm32g4xx_hal.c ****   */
 622:Drivers/STM32G4xx_HAL_Driver/Src/stm32g4xx_hal.c **** void HAL_SYSCFG_EnableMemorySwappingBank(void)
 623:Drivers/STM32G4xx_HAL_Driver/Src/stm32g4xx_hal.c **** {
 918              		.loc 1 623 1 is_stmt 1 view -0
 919              		.cfi_startproc
 920              		@ args = 0, pretend = 0, frame = 0
 921              		@ frame_needed = 0, uses_anonymous_args = 0
 922              		@ link register save eliminated.
 624:Drivers/STM32G4xx_HAL_Driver/Src/stm32g4xx_hal.c ****   SET_BIT(SYSCFG->MEMRMP, SYSCFG_MEMRMP_FB_MODE);
 923              		.loc 1 624 3 view .LVU159
 924 0000 024A     		ldr	r2, .L92
 925 0002 1368     		ldr	r3, [r2]
 926 0004 43F48073 		orr	r3, r3, #256
 927 0008 1360     		str	r3, [r2]
 625:Drivers/STM32G4xx_HAL_Driver/Src/stm32g4xx_hal.c **** }
 928              		.loc 1 625 1 is_stmt 0 view .LVU160
 929 000a 7047     		bx	lr
 930              	.L93:
 931              		.align	2
 932              	.L92:
 933 000c 00000140 		.word	1073807360
 934              		.cfi_endproc
 935              	.LFE158:
 937              		.section	.text.HAL_SYSCFG_DisableMemorySwappingBank,"ax",%progbits
 938              		.align	1
 939              		.global	HAL_SYSCFG_DisableMemorySwappingBank
 940              		.syntax unified
 941              		.thumb
 942              		.thumb_func
 944              	HAL_SYSCFG_DisableMemorySwappingBank:
 945              	.LFB159:
 626:Drivers/STM32G4xx_HAL_Driver/Src/stm32g4xx_hal.c **** 
 627:Drivers/STM32G4xx_HAL_Driver/Src/stm32g4xx_hal.c **** /**
 628:Drivers/STM32G4xx_HAL_Driver/Src/stm32g4xx_hal.c ****   * @brief  Disable the Internal FLASH Bank Swapping.
 629:Drivers/STM32G4xx_HAL_Driver/Src/stm32g4xx_hal.c ****   *
 630:Drivers/STM32G4xx_HAL_Driver/Src/stm32g4xx_hal.c ****   * @note   This function can be used only for STM32G4xx devices.
 631:Drivers/STM32G4xx_HAL_Driver/Src/stm32g4xx_hal.c ****   *
 632:Drivers/STM32G4xx_HAL_Driver/Src/stm32g4xx_hal.c ****   * @note   The default state : Flash Bank1 mapped at 0x08000000 (and aliased @0x0000 0000)
 633:Drivers/STM32G4xx_HAL_Driver/Src/stm32g4xx_hal.c ****   *         and Flash Bank2 mapped at 0x08040000 (and aliased at 0x00040000)
 634:Drivers/STM32G4xx_HAL_Driver/Src/stm32g4xx_hal.c ****   *
 635:Drivers/STM32G4xx_HAL_Driver/Src/stm32g4xx_hal.c ****   * @retval None
 636:Drivers/STM32G4xx_HAL_Driver/Src/stm32g4xx_hal.c ****   */
 637:Drivers/STM32G4xx_HAL_Driver/Src/stm32g4xx_hal.c **** void HAL_SYSCFG_DisableMemorySwappingBank(void)
 638:Drivers/STM32G4xx_HAL_Driver/Src/stm32g4xx_hal.c **** {
 946              		.loc 1 638 1 is_stmt 1 view -0
 947              		.cfi_startproc
 948              		@ args = 0, pretend = 0, frame = 0
 949              		@ frame_needed = 0, uses_anonymous_args = 0
 950              		@ link register save eliminated.
 639:Drivers/STM32G4xx_HAL_Driver/Src/stm32g4xx_hal.c ****   CLEAR_BIT(SYSCFG->MEMRMP, SYSCFG_MEMRMP_FB_MODE);
 951              		.loc 1 639 3 view .LVU162
 952 0000 024A     		ldr	r2, .L95
 953 0002 1368     		ldr	r3, [r2]
 954 0004 23F48073 		bic	r3, r3, #256
 955 0008 1360     		str	r3, [r2]
 640:Drivers/STM32G4xx_HAL_Driver/Src/stm32g4xx_hal.c **** }
 956              		.loc 1 640 1 is_stmt 0 view .LVU163
ARM GAS  C:\Users\MyPC\AppData\Local\Temp\cc82JTPu.s 			page 29


 957 000a 7047     		bx	lr
 958              	.L96:
 959              		.align	2
 960              	.L95:
 961 000c 00000140 		.word	1073807360
 962              		.cfi_endproc
 963              	.LFE159:
 965              		.section	.text.HAL_SYSCFG_VREFBUF_VoltageScalingConfig,"ax",%progbits
 966              		.align	1
 967              		.global	HAL_SYSCFG_VREFBUF_VoltageScalingConfig
 968              		.syntax unified
 969              		.thumb
 970              		.thumb_func
 972              	HAL_SYSCFG_VREFBUF_VoltageScalingConfig:
 973              	.LVL27:
 974              	.LFB160:
 641:Drivers/STM32G4xx_HAL_Driver/Src/stm32g4xx_hal.c **** 
 642:Drivers/STM32G4xx_HAL_Driver/Src/stm32g4xx_hal.c **** #if defined(VREFBUF)
 643:Drivers/STM32G4xx_HAL_Driver/Src/stm32g4xx_hal.c **** /**
 644:Drivers/STM32G4xx_HAL_Driver/Src/stm32g4xx_hal.c ****   * @brief Configure the internal voltage reference buffer voltage scale.
 645:Drivers/STM32G4xx_HAL_Driver/Src/stm32g4xx_hal.c ****   * @param  VoltageScaling: specifies the output voltage to achieve
 646:Drivers/STM32G4xx_HAL_Driver/Src/stm32g4xx_hal.c ****   *          This parameter can be one of the following values:
 647:Drivers/STM32G4xx_HAL_Driver/Src/stm32g4xx_hal.c ****   *            @arg SYSCFG_VREFBUF_VOLTAGE_SCALE0: VREFBUF_OUT around 2.048 V.
 648:Drivers/STM32G4xx_HAL_Driver/Src/stm32g4xx_hal.c ****   *                                                This requires VDDA equal to or higher than 2.4 V
 649:Drivers/STM32G4xx_HAL_Driver/Src/stm32g4xx_hal.c ****   *            @arg SYSCFG_VREFBUF_VOLTAGE_SCALE1: VREFBUF_OUT around 2.5 V.
 650:Drivers/STM32G4xx_HAL_Driver/Src/stm32g4xx_hal.c ****   *                                                This requires VDDA equal to or higher than 2.8 V
 651:Drivers/STM32G4xx_HAL_Driver/Src/stm32g4xx_hal.c ****   *            @arg SYSCFG_VREFBUF_VOLTAGE_SCALE2: VREFBUF_OUT around 2.9 V.
 652:Drivers/STM32G4xx_HAL_Driver/Src/stm32g4xx_hal.c ****   *                                                This requires VDDA equal to or higher than 3.15 
 653:Drivers/STM32G4xx_HAL_Driver/Src/stm32g4xx_hal.c ****   * @retval None
 654:Drivers/STM32G4xx_HAL_Driver/Src/stm32g4xx_hal.c ****   */
 655:Drivers/STM32G4xx_HAL_Driver/Src/stm32g4xx_hal.c **** void HAL_SYSCFG_VREFBUF_VoltageScalingConfig(uint32_t VoltageScaling)
 656:Drivers/STM32G4xx_HAL_Driver/Src/stm32g4xx_hal.c **** {
 975              		.loc 1 656 1 is_stmt 1 view -0
 976              		.cfi_startproc
 977              		@ args = 0, pretend = 0, frame = 0
 978              		@ frame_needed = 0, uses_anonymous_args = 0
 979              		@ link register save eliminated.
 657:Drivers/STM32G4xx_HAL_Driver/Src/stm32g4xx_hal.c ****   /* Check the parameters */
 658:Drivers/STM32G4xx_HAL_Driver/Src/stm32g4xx_hal.c ****   assert_param(IS_SYSCFG_VREFBUF_VOLTAGE_SCALE(VoltageScaling));
 980              		.loc 1 658 3 view .LVU165
 659:Drivers/STM32G4xx_HAL_Driver/Src/stm32g4xx_hal.c **** 
 660:Drivers/STM32G4xx_HAL_Driver/Src/stm32g4xx_hal.c ****   MODIFY_REG(VREFBUF->CSR, VREFBUF_CSR_VRS, VoltageScaling);
 981              		.loc 1 660 3 view .LVU166
 982 0000 034A     		ldr	r2, .L98
 983 0002 136B     		ldr	r3, [r2, #48]
 984 0004 23F03003 		bic	r3, r3, #48
 985 0008 0343     		orrs	r3, r3, r0
 986 000a 1363     		str	r3, [r2, #48]
 661:Drivers/STM32G4xx_HAL_Driver/Src/stm32g4xx_hal.c **** }
 987              		.loc 1 661 1 is_stmt 0 view .LVU167
 988 000c 7047     		bx	lr
 989              	.L99:
 990 000e 00BF     		.align	2
 991              	.L98:
 992 0010 00000140 		.word	1073807360
 993              		.cfi_endproc
 994              	.LFE160:
ARM GAS  C:\Users\MyPC\AppData\Local\Temp\cc82JTPu.s 			page 30


 996              		.section	.text.HAL_SYSCFG_VREFBUF_HighImpedanceConfig,"ax",%progbits
 997              		.align	1
 998              		.global	HAL_SYSCFG_VREFBUF_HighImpedanceConfig
 999              		.syntax unified
 1000              		.thumb
 1001              		.thumb_func
 1003              	HAL_SYSCFG_VREFBUF_HighImpedanceConfig:
 1004              	.LVL28:
 1005              	.LFB161:
 662:Drivers/STM32G4xx_HAL_Driver/Src/stm32g4xx_hal.c **** 
 663:Drivers/STM32G4xx_HAL_Driver/Src/stm32g4xx_hal.c **** /**
 664:Drivers/STM32G4xx_HAL_Driver/Src/stm32g4xx_hal.c ****   * @brief Configure the internal voltage reference buffer high impedance mode.
 665:Drivers/STM32G4xx_HAL_Driver/Src/stm32g4xx_hal.c ****   * @param  Mode: specifies the high impedance mode
 666:Drivers/STM32G4xx_HAL_Driver/Src/stm32g4xx_hal.c ****   *          This parameter can be one of the following values:
 667:Drivers/STM32G4xx_HAL_Driver/Src/stm32g4xx_hal.c ****   *            @arg SYSCFG_VREFBUF_HIGH_IMPEDANCE_DISABLE: VREF+ pin is internally connect to VREFI
 668:Drivers/STM32G4xx_HAL_Driver/Src/stm32g4xx_hal.c ****   *            @arg SYSCFG_VREFBUF_HIGH_IMPEDANCE_ENABLE: VREF+ pin is high impedance.
 669:Drivers/STM32G4xx_HAL_Driver/Src/stm32g4xx_hal.c ****   * @retval None
 670:Drivers/STM32G4xx_HAL_Driver/Src/stm32g4xx_hal.c ****   */
 671:Drivers/STM32G4xx_HAL_Driver/Src/stm32g4xx_hal.c **** void HAL_SYSCFG_VREFBUF_HighImpedanceConfig(uint32_t Mode)
 672:Drivers/STM32G4xx_HAL_Driver/Src/stm32g4xx_hal.c **** {
 1006              		.loc 1 672 1 is_stmt 1 view -0
 1007              		.cfi_startproc
 1008              		@ args = 0, pretend = 0, frame = 0
 1009              		@ frame_needed = 0, uses_anonymous_args = 0
 1010              		@ link register save eliminated.
 673:Drivers/STM32G4xx_HAL_Driver/Src/stm32g4xx_hal.c ****   /* Check the parameters */
 674:Drivers/STM32G4xx_HAL_Driver/Src/stm32g4xx_hal.c ****   assert_param(IS_SYSCFG_VREFBUF_HIGH_IMPEDANCE(Mode));
 1011              		.loc 1 674 3 view .LVU169
 675:Drivers/STM32G4xx_HAL_Driver/Src/stm32g4xx_hal.c **** 
 676:Drivers/STM32G4xx_HAL_Driver/Src/stm32g4xx_hal.c ****   MODIFY_REG(VREFBUF->CSR, VREFBUF_CSR_HIZ, Mode);
 1012              		.loc 1 676 3 view .LVU170
 1013 0000 034A     		ldr	r2, .L101
 1014 0002 136B     		ldr	r3, [r2, #48]
 1015 0004 23F00203 		bic	r3, r3, #2
 1016 0008 0343     		orrs	r3, r3, r0
 1017 000a 1363     		str	r3, [r2, #48]
 677:Drivers/STM32G4xx_HAL_Driver/Src/stm32g4xx_hal.c **** }
 1018              		.loc 1 677 1 is_stmt 0 view .LVU171
 1019 000c 7047     		bx	lr
 1020              	.L102:
 1021 000e 00BF     		.align	2
 1022              	.L101:
 1023 0010 00000140 		.word	1073807360
 1024              		.cfi_endproc
 1025              	.LFE161:
 1027              		.section	.text.HAL_SYSCFG_VREFBUF_TrimmingConfig,"ax",%progbits
 1028              		.align	1
 1029              		.global	HAL_SYSCFG_VREFBUF_TrimmingConfig
 1030              		.syntax unified
 1031              		.thumb
 1032              		.thumb_func
 1034              	HAL_SYSCFG_VREFBUF_TrimmingConfig:
 1035              	.LVL29:
 1036              	.LFB162:
 678:Drivers/STM32G4xx_HAL_Driver/Src/stm32g4xx_hal.c **** 
 679:Drivers/STM32G4xx_HAL_Driver/Src/stm32g4xx_hal.c **** /**
 680:Drivers/STM32G4xx_HAL_Driver/Src/stm32g4xx_hal.c ****   * @brief Tune the Internal Voltage Reference buffer (VREFBUF).
ARM GAS  C:\Users\MyPC\AppData\Local\Temp\cc82JTPu.s 			page 31


 681:Drivers/STM32G4xx_HAL_Driver/Src/stm32g4xx_hal.c ****   * @param TrimmingValue specifies trimming code for VREFBUF calibration
 682:Drivers/STM32G4xx_HAL_Driver/Src/stm32g4xx_hal.c ****   *        This parameter can be a number between Min_Data = 0x00 and Max_Data = 0x3F
 683:Drivers/STM32G4xx_HAL_Driver/Src/stm32g4xx_hal.c ****   * @retval None
 684:Drivers/STM32G4xx_HAL_Driver/Src/stm32g4xx_hal.c ****   */
 685:Drivers/STM32G4xx_HAL_Driver/Src/stm32g4xx_hal.c **** void HAL_SYSCFG_VREFBUF_TrimmingConfig(uint32_t TrimmingValue)
 686:Drivers/STM32G4xx_HAL_Driver/Src/stm32g4xx_hal.c **** {
 1037              		.loc 1 686 1 is_stmt 1 view -0
 1038              		.cfi_startproc
 1039              		@ args = 0, pretend = 0, frame = 0
 1040              		@ frame_needed = 0, uses_anonymous_args = 0
 1041              		@ link register save eliminated.
 687:Drivers/STM32G4xx_HAL_Driver/Src/stm32g4xx_hal.c ****   /* Check the parameters */
 688:Drivers/STM32G4xx_HAL_Driver/Src/stm32g4xx_hal.c ****   assert_param(IS_SYSCFG_VREFBUF_TRIMMING(TrimmingValue));
 1042              		.loc 1 688 3 view .LVU173
 689:Drivers/STM32G4xx_HAL_Driver/Src/stm32g4xx_hal.c **** 
 690:Drivers/STM32G4xx_HAL_Driver/Src/stm32g4xx_hal.c ****   MODIFY_REG(VREFBUF->CCR, VREFBUF_CCR_TRIM, TrimmingValue);
 1043              		.loc 1 690 3 view .LVU174
 1044 0000 034A     		ldr	r2, .L104
 1045 0002 536B     		ldr	r3, [r2, #52]
 1046 0004 23F03F03 		bic	r3, r3, #63
 1047 0008 0343     		orrs	r3, r3, r0
 1048 000a 5363     		str	r3, [r2, #52]
 691:Drivers/STM32G4xx_HAL_Driver/Src/stm32g4xx_hal.c **** }
 1049              		.loc 1 691 1 is_stmt 0 view .LVU175
 1050 000c 7047     		bx	lr
 1051              	.L105:
 1052 000e 00BF     		.align	2
 1053              	.L104:
 1054 0010 00000140 		.word	1073807360
 1055              		.cfi_endproc
 1056              	.LFE162:
 1058              		.section	.text.HAL_SYSCFG_EnableVREFBUF,"ax",%progbits
 1059              		.align	1
 1060              		.global	HAL_SYSCFG_EnableVREFBUF
 1061              		.syntax unified
 1062              		.thumb
 1063              		.thumb_func
 1065              	HAL_SYSCFG_EnableVREFBUF:
 1066              	.LFB163:
 692:Drivers/STM32G4xx_HAL_Driver/Src/stm32g4xx_hal.c **** 
 693:Drivers/STM32G4xx_HAL_Driver/Src/stm32g4xx_hal.c **** /**
 694:Drivers/STM32G4xx_HAL_Driver/Src/stm32g4xx_hal.c ****   * @brief  Enable the Internal Voltage Reference buffer (VREFBUF).
 695:Drivers/STM32G4xx_HAL_Driver/Src/stm32g4xx_hal.c ****   * @retval HAL_OK/HAL_TIMEOUT
 696:Drivers/STM32G4xx_HAL_Driver/Src/stm32g4xx_hal.c ****   */
 697:Drivers/STM32G4xx_HAL_Driver/Src/stm32g4xx_hal.c **** HAL_StatusTypeDef HAL_SYSCFG_EnableVREFBUF(void)
 698:Drivers/STM32G4xx_HAL_Driver/Src/stm32g4xx_hal.c **** {
 1067              		.loc 1 698 1 is_stmt 1 view -0
 1068              		.cfi_startproc
 1069              		@ args = 0, pretend = 0, frame = 0
 1070              		@ frame_needed = 0, uses_anonymous_args = 0
 1071 0000 10B5     		push	{r4, lr}
 1072              	.LCFI5:
 1073              		.cfi_def_cfa_offset 8
 1074              		.cfi_offset 4, -8
 1075              		.cfi_offset 14, -4
 699:Drivers/STM32G4xx_HAL_Driver/Src/stm32g4xx_hal.c ****   uint32_t tickstart;
 1076              		.loc 1 699 3 view .LVU177
ARM GAS  C:\Users\MyPC\AppData\Local\Temp\cc82JTPu.s 			page 32


 700:Drivers/STM32G4xx_HAL_Driver/Src/stm32g4xx_hal.c **** 
 701:Drivers/STM32G4xx_HAL_Driver/Src/stm32g4xx_hal.c ****   SET_BIT(VREFBUF->CSR, VREFBUF_CSR_ENVR);
 1077              		.loc 1 701 3 view .LVU178
 1078 0002 0B4A     		ldr	r2, .L113
 1079 0004 136B     		ldr	r3, [r2, #48]
 1080 0006 43F00103 		orr	r3, r3, #1
 1081 000a 1363     		str	r3, [r2, #48]
 702:Drivers/STM32G4xx_HAL_Driver/Src/stm32g4xx_hal.c **** 
 703:Drivers/STM32G4xx_HAL_Driver/Src/stm32g4xx_hal.c ****   /* Get Start Tick*/
 704:Drivers/STM32G4xx_HAL_Driver/Src/stm32g4xx_hal.c ****   tickstart = HAL_GetTick();
 1082              		.loc 1 704 3 view .LVU179
 1083              		.loc 1 704 15 is_stmt 0 view .LVU180
 1084 000c FFF7FEFF 		bl	HAL_GetTick
 1085              	.LVL30:
 1086 0010 0446     		mov	r4, r0
 1087              	.LVL31:
 705:Drivers/STM32G4xx_HAL_Driver/Src/stm32g4xx_hal.c **** 
 706:Drivers/STM32G4xx_HAL_Driver/Src/stm32g4xx_hal.c ****   /* Wait for VRR bit  */
 707:Drivers/STM32G4xx_HAL_Driver/Src/stm32g4xx_hal.c ****   while (READ_BIT(VREFBUF->CSR, VREFBUF_CSR_VRR) == 0x00U)
 1088              		.loc 1 707 3 is_stmt 1 view .LVU181
 1089              	.L107:
 1090              		.loc 1 707 50 view .LVU182
 1091              		.loc 1 707 10 is_stmt 0 view .LVU183
 1092 0012 074B     		ldr	r3, .L113
 1093 0014 1B6B     		ldr	r3, [r3, #48]
 1094              		.loc 1 707 50 view .LVU184
 1095 0016 13F0080F 		tst	r3, #8
 1096 001a 06D1     		bne	.L112
 708:Drivers/STM32G4xx_HAL_Driver/Src/stm32g4xx_hal.c ****   {
 709:Drivers/STM32G4xx_HAL_Driver/Src/stm32g4xx_hal.c ****     if ((HAL_GetTick() - tickstart) > VREFBUF_TIMEOUT_VALUE)
 1097              		.loc 1 709 5 is_stmt 1 view .LVU185
 1098              		.loc 1 709 10 is_stmt 0 view .LVU186
 1099 001c FFF7FEFF 		bl	HAL_GetTick
 1100              	.LVL32:
 1101              		.loc 1 709 24 discriminator 1 view .LVU187
 1102 0020 001B     		subs	r0, r0, r4
 1103              		.loc 1 709 8 discriminator 1 view .LVU188
 1104 0022 0A28     		cmp	r0, #10
 1105 0024 F5D9     		bls	.L107
 710:Drivers/STM32G4xx_HAL_Driver/Src/stm32g4xx_hal.c ****     {
 711:Drivers/STM32G4xx_HAL_Driver/Src/stm32g4xx_hal.c ****       return HAL_TIMEOUT;
 1106              		.loc 1 711 14 view .LVU189
 1107 0026 0320     		movs	r0, #3
 1108 0028 00E0     		b	.L108
 1109              	.L112:
 712:Drivers/STM32G4xx_HAL_Driver/Src/stm32g4xx_hal.c ****     }
 713:Drivers/STM32G4xx_HAL_Driver/Src/stm32g4xx_hal.c ****   }
 714:Drivers/STM32G4xx_HAL_Driver/Src/stm32g4xx_hal.c **** 
 715:Drivers/STM32G4xx_HAL_Driver/Src/stm32g4xx_hal.c ****   return HAL_OK;
 1110              		.loc 1 715 10 view .LVU190
 1111 002a 0020     		movs	r0, #0
 1112              	.L108:
 716:Drivers/STM32G4xx_HAL_Driver/Src/stm32g4xx_hal.c **** }
 1113              		.loc 1 716 1 view .LVU191
 1114 002c 10BD     		pop	{r4, pc}
 1115              	.LVL33:
 1116              	.L114:
ARM GAS  C:\Users\MyPC\AppData\Local\Temp\cc82JTPu.s 			page 33


 1117              		.loc 1 716 1 view .LVU192
 1118 002e 00BF     		.align	2
 1119              	.L113:
 1120 0030 00000140 		.word	1073807360
 1121              		.cfi_endproc
 1122              	.LFE163:
 1124              		.section	.text.HAL_SYSCFG_DisableVREFBUF,"ax",%progbits
 1125              		.align	1
 1126              		.global	HAL_SYSCFG_DisableVREFBUF
 1127              		.syntax unified
 1128              		.thumb
 1129              		.thumb_func
 1131              	HAL_SYSCFG_DisableVREFBUF:
 1132              	.LFB164:
 717:Drivers/STM32G4xx_HAL_Driver/Src/stm32g4xx_hal.c **** 
 718:Drivers/STM32G4xx_HAL_Driver/Src/stm32g4xx_hal.c **** /**
 719:Drivers/STM32G4xx_HAL_Driver/Src/stm32g4xx_hal.c ****   * @brief  Disable the Internal Voltage Reference buffer (VREFBUF).
 720:Drivers/STM32G4xx_HAL_Driver/Src/stm32g4xx_hal.c ****   *
 721:Drivers/STM32G4xx_HAL_Driver/Src/stm32g4xx_hal.c ****   * @retval None
 722:Drivers/STM32G4xx_HAL_Driver/Src/stm32g4xx_hal.c ****   */
 723:Drivers/STM32G4xx_HAL_Driver/Src/stm32g4xx_hal.c **** void HAL_SYSCFG_DisableVREFBUF(void)
 724:Drivers/STM32G4xx_HAL_Driver/Src/stm32g4xx_hal.c **** {
 1133              		.loc 1 724 1 is_stmt 1 view -0
 1134              		.cfi_startproc
 1135              		@ args = 0, pretend = 0, frame = 0
 1136              		@ frame_needed = 0, uses_anonymous_args = 0
 1137              		@ link register save eliminated.
 725:Drivers/STM32G4xx_HAL_Driver/Src/stm32g4xx_hal.c ****   CLEAR_BIT(VREFBUF->CSR, VREFBUF_CSR_ENVR);
 1138              		.loc 1 725 3 view .LVU194
 1139 0000 024A     		ldr	r2, .L116
 1140 0002 136B     		ldr	r3, [r2, #48]
 1141 0004 23F00103 		bic	r3, r3, #1
 1142 0008 1363     		str	r3, [r2, #48]
 726:Drivers/STM32G4xx_HAL_Driver/Src/stm32g4xx_hal.c **** }
 1143              		.loc 1 726 1 is_stmt 0 view .LVU195
 1144 000a 7047     		bx	lr
 1145              	.L117:
 1146              		.align	2
 1147              	.L116:
 1148 000c 00000140 		.word	1073807360
 1149              		.cfi_endproc
 1150              	.LFE164:
 1152              		.section	.text.HAL_SYSCFG_EnableIOSwitchBooster,"ax",%progbits
 1153              		.align	1
 1154              		.global	HAL_SYSCFG_EnableIOSwitchBooster
 1155              		.syntax unified
 1156              		.thumb
 1157              		.thumb_func
 1159              	HAL_SYSCFG_EnableIOSwitchBooster:
 1160              	.LFB165:
 727:Drivers/STM32G4xx_HAL_Driver/Src/stm32g4xx_hal.c **** #endif /* VREFBUF */
 728:Drivers/STM32G4xx_HAL_Driver/Src/stm32g4xx_hal.c **** 
 729:Drivers/STM32G4xx_HAL_Driver/Src/stm32g4xx_hal.c **** /**
 730:Drivers/STM32G4xx_HAL_Driver/Src/stm32g4xx_hal.c ****   * @brief  Enable the I/O analog switch voltage booster
 731:Drivers/STM32G4xx_HAL_Driver/Src/stm32g4xx_hal.c ****   *
 732:Drivers/STM32G4xx_HAL_Driver/Src/stm32g4xx_hal.c ****   * @retval None
 733:Drivers/STM32G4xx_HAL_Driver/Src/stm32g4xx_hal.c ****   */
ARM GAS  C:\Users\MyPC\AppData\Local\Temp\cc82JTPu.s 			page 34


 734:Drivers/STM32G4xx_HAL_Driver/Src/stm32g4xx_hal.c **** void HAL_SYSCFG_EnableIOSwitchBooster(void)
 735:Drivers/STM32G4xx_HAL_Driver/Src/stm32g4xx_hal.c **** {
 1161              		.loc 1 735 1 is_stmt 1 view -0
 1162              		.cfi_startproc
 1163              		@ args = 0, pretend = 0, frame = 0
 1164              		@ frame_needed = 0, uses_anonymous_args = 0
 1165              		@ link register save eliminated.
 736:Drivers/STM32G4xx_HAL_Driver/Src/stm32g4xx_hal.c ****   SET_BIT(SYSCFG->CFGR1, SYSCFG_CFGR1_BOOSTEN);
 1166              		.loc 1 736 3 view .LVU197
 1167 0000 024A     		ldr	r2, .L119
 1168 0002 5368     		ldr	r3, [r2, #4]
 1169 0004 43F48073 		orr	r3, r3, #256
 1170 0008 5360     		str	r3, [r2, #4]
 737:Drivers/STM32G4xx_HAL_Driver/Src/stm32g4xx_hal.c **** }
 1171              		.loc 1 737 1 is_stmt 0 view .LVU198
 1172 000a 7047     		bx	lr
 1173              	.L120:
 1174              		.align	2
 1175              	.L119:
 1176 000c 00000140 		.word	1073807360
 1177              		.cfi_endproc
 1178              	.LFE165:
 1180              		.section	.text.HAL_SYSCFG_DisableIOSwitchBooster,"ax",%progbits
 1181              		.align	1
 1182              		.global	HAL_SYSCFG_DisableIOSwitchBooster
 1183              		.syntax unified
 1184              		.thumb
 1185              		.thumb_func
 1187              	HAL_SYSCFG_DisableIOSwitchBooster:
 1188              	.LFB166:
 738:Drivers/STM32G4xx_HAL_Driver/Src/stm32g4xx_hal.c **** 
 739:Drivers/STM32G4xx_HAL_Driver/Src/stm32g4xx_hal.c **** /**
 740:Drivers/STM32G4xx_HAL_Driver/Src/stm32g4xx_hal.c ****   * @brief  Disable the I/O analog switch voltage booster
 741:Drivers/STM32G4xx_HAL_Driver/Src/stm32g4xx_hal.c ****   *
 742:Drivers/STM32G4xx_HAL_Driver/Src/stm32g4xx_hal.c ****   * @retval None
 743:Drivers/STM32G4xx_HAL_Driver/Src/stm32g4xx_hal.c ****   */
 744:Drivers/STM32G4xx_HAL_Driver/Src/stm32g4xx_hal.c **** void HAL_SYSCFG_DisableIOSwitchBooster(void)
 745:Drivers/STM32G4xx_HAL_Driver/Src/stm32g4xx_hal.c **** {
 1189              		.loc 1 745 1 is_stmt 1 view -0
 1190              		.cfi_startproc
 1191              		@ args = 0, pretend = 0, frame = 0
 1192              		@ frame_needed = 0, uses_anonymous_args = 0
 1193              		@ link register save eliminated.
 746:Drivers/STM32G4xx_HAL_Driver/Src/stm32g4xx_hal.c ****   CLEAR_BIT(SYSCFG->CFGR1, SYSCFG_CFGR1_BOOSTEN);
 1194              		.loc 1 746 3 view .LVU200
 1195 0000 024A     		ldr	r2, .L122
 1196 0002 5368     		ldr	r3, [r2, #4]
 1197 0004 23F48073 		bic	r3, r3, #256
 1198 0008 5360     		str	r3, [r2, #4]
 747:Drivers/STM32G4xx_HAL_Driver/Src/stm32g4xx_hal.c **** }
 1199              		.loc 1 747 1 is_stmt 0 view .LVU201
 1200 000a 7047     		bx	lr
 1201              	.L123:
 1202              		.align	2
 1203              	.L122:
 1204 000c 00000140 		.word	1073807360
 1205              		.cfi_endproc
ARM GAS  C:\Users\MyPC\AppData\Local\Temp\cc82JTPu.s 			page 35


 1206              	.LFE166:
 1208              		.section	.text.HAL_SYSCFG_EnableIOSwitchVDD,"ax",%progbits
 1209              		.align	1
 1210              		.global	HAL_SYSCFG_EnableIOSwitchVDD
 1211              		.syntax unified
 1212              		.thumb
 1213              		.thumb_func
 1215              	HAL_SYSCFG_EnableIOSwitchVDD:
 1216              	.LFB167:
 748:Drivers/STM32G4xx_HAL_Driver/Src/stm32g4xx_hal.c **** 
 749:Drivers/STM32G4xx_HAL_Driver/Src/stm32g4xx_hal.c **** /**
 750:Drivers/STM32G4xx_HAL_Driver/Src/stm32g4xx_hal.c ****   * @brief  Enable the I/O analog switch voltage by VDD
 751:Drivers/STM32G4xx_HAL_Driver/Src/stm32g4xx_hal.c ****   *
 752:Drivers/STM32G4xx_HAL_Driver/Src/stm32g4xx_hal.c ****   * @retval None
 753:Drivers/STM32G4xx_HAL_Driver/Src/stm32g4xx_hal.c ****   */
 754:Drivers/STM32G4xx_HAL_Driver/Src/stm32g4xx_hal.c **** void HAL_SYSCFG_EnableIOSwitchVDD(void)
 755:Drivers/STM32G4xx_HAL_Driver/Src/stm32g4xx_hal.c **** {
 1217              		.loc 1 755 1 is_stmt 1 view -0
 1218              		.cfi_startproc
 1219              		@ args = 0, pretend = 0, frame = 0
 1220              		@ frame_needed = 0, uses_anonymous_args = 0
 1221              		@ link register save eliminated.
 756:Drivers/STM32G4xx_HAL_Driver/Src/stm32g4xx_hal.c ****   SET_BIT(SYSCFG->CFGR1, SYSCFG_CFGR1_ANASWVDD);
 1222              		.loc 1 756 3 view .LVU203
 1223 0000 024A     		ldr	r2, .L125
 1224 0002 5368     		ldr	r3, [r2, #4]
 1225 0004 43F40073 		orr	r3, r3, #512
 1226 0008 5360     		str	r3, [r2, #4]
 757:Drivers/STM32G4xx_HAL_Driver/Src/stm32g4xx_hal.c **** }
 1227              		.loc 1 757 1 is_stmt 0 view .LVU204
 1228 000a 7047     		bx	lr
 1229              	.L126:
 1230              		.align	2
 1231              	.L125:
 1232 000c 00000140 		.word	1073807360
 1233              		.cfi_endproc
 1234              	.LFE167:
 1236              		.section	.text.HAL_SYSCFG_DisableIOSwitchVDD,"ax",%progbits
 1237              		.align	1
 1238              		.global	HAL_SYSCFG_DisableIOSwitchVDD
 1239              		.syntax unified
 1240              		.thumb
 1241              		.thumb_func
 1243              	HAL_SYSCFG_DisableIOSwitchVDD:
 1244              	.LFB168:
 758:Drivers/STM32G4xx_HAL_Driver/Src/stm32g4xx_hal.c **** 
 759:Drivers/STM32G4xx_HAL_Driver/Src/stm32g4xx_hal.c **** /**
 760:Drivers/STM32G4xx_HAL_Driver/Src/stm32g4xx_hal.c ****   * @brief  Disable the I/O analog switch voltage by VDD
 761:Drivers/STM32G4xx_HAL_Driver/Src/stm32g4xx_hal.c ****   *
 762:Drivers/STM32G4xx_HAL_Driver/Src/stm32g4xx_hal.c ****   * @retval None
 763:Drivers/STM32G4xx_HAL_Driver/Src/stm32g4xx_hal.c ****   */
 764:Drivers/STM32G4xx_HAL_Driver/Src/stm32g4xx_hal.c **** void HAL_SYSCFG_DisableIOSwitchVDD(void)
 765:Drivers/STM32G4xx_HAL_Driver/Src/stm32g4xx_hal.c **** {
 1245              		.loc 1 765 1 is_stmt 1 view -0
 1246              		.cfi_startproc
 1247              		@ args = 0, pretend = 0, frame = 0
 1248              		@ frame_needed = 0, uses_anonymous_args = 0
ARM GAS  C:\Users\MyPC\AppData\Local\Temp\cc82JTPu.s 			page 36


 1249              		@ link register save eliminated.
 766:Drivers/STM32G4xx_HAL_Driver/Src/stm32g4xx_hal.c ****   CLEAR_BIT(SYSCFG->CFGR1, SYSCFG_CFGR1_ANASWVDD);
 1250              		.loc 1 766 3 view .LVU206
 1251 0000 024A     		ldr	r2, .L128
 1252 0002 5368     		ldr	r3, [r2, #4]
 1253 0004 23F40073 		bic	r3, r3, #512
 1254 0008 5360     		str	r3, [r2, #4]
 767:Drivers/STM32G4xx_HAL_Driver/Src/stm32g4xx_hal.c **** }
 1255              		.loc 1 767 1 is_stmt 0 view .LVU207
 1256 000a 7047     		bx	lr
 1257              	.L129:
 1258              		.align	2
 1259              	.L128:
 1260 000c 00000140 		.word	1073807360
 1261              		.cfi_endproc
 1262              	.LFE168:
 1264              		.section	.text.HAL_SYSCFG_CCMSRAM_WriteProtectionEnable,"ax",%progbits
 1265              		.align	1
 1266              		.global	HAL_SYSCFG_CCMSRAM_WriteProtectionEnable
 1267              		.syntax unified
 1268              		.thumb
 1269              		.thumb_func
 1271              	HAL_SYSCFG_CCMSRAM_WriteProtectionEnable:
 1272              	.LVL34:
 1273              	.LFB169:
 768:Drivers/STM32G4xx_HAL_Driver/Src/stm32g4xx_hal.c **** 
 769:Drivers/STM32G4xx_HAL_Driver/Src/stm32g4xx_hal.c **** /** @brief  CCMSRAM page write protection enable
 770:Drivers/STM32G4xx_HAL_Driver/Src/stm32g4xx_hal.c ****   * @param Page: This parameter is a long 32bit value and can be a value of @ref SYSCFG_CCMSRAMWRP
 771:Drivers/STM32G4xx_HAL_Driver/Src/stm32g4xx_hal.c ****   * @note   write protection can only be disabled by a system reset
 772:Drivers/STM32G4xx_HAL_Driver/Src/stm32g4xx_hal.c ****   * @retval None
 773:Drivers/STM32G4xx_HAL_Driver/Src/stm32g4xx_hal.c ****   */
 774:Drivers/STM32G4xx_HAL_Driver/Src/stm32g4xx_hal.c **** void HAL_SYSCFG_CCMSRAM_WriteProtectionEnable(uint32_t Page)
 775:Drivers/STM32G4xx_HAL_Driver/Src/stm32g4xx_hal.c **** {
 1274              		.loc 1 775 1 is_stmt 1 view -0
 1275              		.cfi_startproc
 1276              		@ args = 0, pretend = 0, frame = 0
 1277              		@ frame_needed = 0, uses_anonymous_args = 0
 1278              		@ link register save eliminated.
 776:Drivers/STM32G4xx_HAL_Driver/Src/stm32g4xx_hal.c ****   assert_param(IS_SYSCFG_CCMSRAMWRP_PAGE(Page));
 1279              		.loc 1 776 3 view .LVU209
 777:Drivers/STM32G4xx_HAL_Driver/Src/stm32g4xx_hal.c **** 
 778:Drivers/STM32G4xx_HAL_Driver/Src/stm32g4xx_hal.c ****   SET_BIT(SYSCFG->SWPR, (uint32_t)(Page));
 1280              		.loc 1 778 3 view .LVU210
 1281 0000 024A     		ldr	r2, .L131
 1282 0002 136A     		ldr	r3, [r2, #32]
 1283 0004 0343     		orrs	r3, r3, r0
 1284 0006 1362     		str	r3, [r2, #32]
 779:Drivers/STM32G4xx_HAL_Driver/Src/stm32g4xx_hal.c **** }
 1285              		.loc 1 779 1 is_stmt 0 view .LVU211
 1286 0008 7047     		bx	lr
 1287              	.L132:
 1288 000a 00BF     		.align	2
 1289              	.L131:
 1290 000c 00000140 		.word	1073807360
 1291              		.cfi_endproc
 1292              	.LFE169:
 1294              		.global	uwTickFreq
ARM GAS  C:\Users\MyPC\AppData\Local\Temp\cc82JTPu.s 			page 37


 1295              		.section	.data.uwTickFreq,"aw"
 1296              		.align	2
 1299              	uwTickFreq:
 1300 0000 01000000 		.word	1
 1301              		.global	uwTickPrio
 1302              		.section	.data.uwTickPrio,"aw"
 1303              		.align	2
 1306              	uwTickPrio:
 1307 0000 10000000 		.word	16
 1308              		.global	uwTick
 1309              		.section	.bss.uwTick,"aw",%nobits
 1310              		.align	2
 1313              	uwTick:
 1314 0000 00000000 		.space	4
 1315              		.text
 1316              	.Letext0:
 1317              		.file 2 "Drivers/CMSIS/Device/ST/STM32G4xx/Include/stm32g431xx.h"
 1318              		.file 3 "D:/Program Files (x86)/Arm/GNU Toolchain mingw-w64-i686-arm-none-eabi/arm-none-eabi/inclu
 1319              		.file 4 "D:/Program Files (x86)/Arm/GNU Toolchain mingw-w64-i686-arm-none-eabi/arm-none-eabi/inclu
 1320              		.file 5 "Drivers/CMSIS/Include/core_cm4.h"
 1321              		.file 6 "Drivers/STM32G4xx_HAL_Driver/Inc/stm32g4xx_hal_def.h"
 1322              		.file 7 "Drivers/CMSIS/Device/ST/STM32G4xx/Include/system_stm32g4xx.h"
 1323              		.file 8 "Drivers/STM32G4xx_HAL_Driver/Inc/stm32g4xx_hal.h"
 1324              		.file 9 "Drivers/STM32G4xx_HAL_Driver/Inc/stm32g4xx_hal_cortex.h"
ARM GAS  C:\Users\MyPC\AppData\Local\Temp\cc82JTPu.s 			page 38


DEFINED SYMBOLS
                            *ABS*:00000000 stm32g4xx_hal.c
C:\Users\MyPC\AppData\Local\Temp\cc82JTPu.s:21     .text.HAL_MspInit:00000000 $t
C:\Users\MyPC\AppData\Local\Temp\cc82JTPu.s:27     .text.HAL_MspInit:00000000 HAL_MspInit
C:\Users\MyPC\AppData\Local\Temp\cc82JTPu.s:40     .text.HAL_MspDeInit:00000000 $t
C:\Users\MyPC\AppData\Local\Temp\cc82JTPu.s:46     .text.HAL_MspDeInit:00000000 HAL_MspDeInit
C:\Users\MyPC\AppData\Local\Temp\cc82JTPu.s:59     .text.HAL_DeInit:00000000 $t
C:\Users\MyPC\AppData\Local\Temp\cc82JTPu.s:65     .text.HAL_DeInit:00000000 HAL_DeInit
C:\Users\MyPC\AppData\Local\Temp\cc82JTPu.s:109    .text.HAL_DeInit:00000028 $d
C:\Users\MyPC\AppData\Local\Temp\cc82JTPu.s:114    .text.HAL_InitTick:00000000 $t
C:\Users\MyPC\AppData\Local\Temp\cc82JTPu.s:120    .text.HAL_InitTick:00000000 HAL_InitTick
C:\Users\MyPC\AppData\Local\Temp\cc82JTPu.s:197    .text.HAL_InitTick:00000044 $d
C:\Users\MyPC\AppData\Local\Temp\cc82JTPu.s:1299   .data.uwTickFreq:00000000 uwTickFreq
C:\Users\MyPC\AppData\Local\Temp\cc82JTPu.s:1306   .data.uwTickPrio:00000000 uwTickPrio
C:\Users\MyPC\AppData\Local\Temp\cc82JTPu.s:204    .text.HAL_Init:00000000 $t
C:\Users\MyPC\AppData\Local\Temp\cc82JTPu.s:210    .text.HAL_Init:00000000 HAL_Init
C:\Users\MyPC\AppData\Local\Temp\cc82JTPu.s:255    .text.HAL_IncTick:00000000 $t
C:\Users\MyPC\AppData\Local\Temp\cc82JTPu.s:261    .text.HAL_IncTick:00000000 HAL_IncTick
C:\Users\MyPC\AppData\Local\Temp\cc82JTPu.s:281    .text.HAL_IncTick:00000010 $d
C:\Users\MyPC\AppData\Local\Temp\cc82JTPu.s:1313   .bss.uwTick:00000000 uwTick
C:\Users\MyPC\AppData\Local\Temp\cc82JTPu.s:287    .text.HAL_GetTick:00000000 $t
C:\Users\MyPC\AppData\Local\Temp\cc82JTPu.s:293    .text.HAL_GetTick:00000000 HAL_GetTick
C:\Users\MyPC\AppData\Local\Temp\cc82JTPu.s:309    .text.HAL_GetTick:00000008 $d
C:\Users\MyPC\AppData\Local\Temp\cc82JTPu.s:314    .text.HAL_GetTickPrio:00000000 $t
C:\Users\MyPC\AppData\Local\Temp\cc82JTPu.s:320    .text.HAL_GetTickPrio:00000000 HAL_GetTickPrio
C:\Users\MyPC\AppData\Local\Temp\cc82JTPu.s:335    .text.HAL_GetTickPrio:00000008 $d
C:\Users\MyPC\AppData\Local\Temp\cc82JTPu.s:340    .text.HAL_SetTickFreq:00000000 $t
C:\Users\MyPC\AppData\Local\Temp\cc82JTPu.s:346    .text.HAL_SetTickFreq:00000000 HAL_SetTickFreq
C:\Users\MyPC\AppData\Local\Temp\cc82JTPu.s:403    .text.HAL_SetTickFreq:00000024 $d
C:\Users\MyPC\AppData\Local\Temp\cc82JTPu.s:409    .text.HAL_GetTickFreq:00000000 $t
C:\Users\MyPC\AppData\Local\Temp\cc82JTPu.s:415    .text.HAL_GetTickFreq:00000000 HAL_GetTickFreq
C:\Users\MyPC\AppData\Local\Temp\cc82JTPu.s:430    .text.HAL_GetTickFreq:00000008 $d
C:\Users\MyPC\AppData\Local\Temp\cc82JTPu.s:435    .text.HAL_Delay:00000000 $t
C:\Users\MyPC\AppData\Local\Temp\cc82JTPu.s:441    .text.HAL_Delay:00000000 HAL_Delay
C:\Users\MyPC\AppData\Local\Temp\cc82JTPu.s:494    .text.HAL_Delay:00000024 $d
C:\Users\MyPC\AppData\Local\Temp\cc82JTPu.s:499    .text.HAL_SuspendTick:00000000 $t
C:\Users\MyPC\AppData\Local\Temp\cc82JTPu.s:505    .text.HAL_SuspendTick:00000000 HAL_SuspendTick
C:\Users\MyPC\AppData\Local\Temp\cc82JTPu.s:523    .text.HAL_ResumeTick:00000000 $t
C:\Users\MyPC\AppData\Local\Temp\cc82JTPu.s:529    .text.HAL_ResumeTick:00000000 HAL_ResumeTick
C:\Users\MyPC\AppData\Local\Temp\cc82JTPu.s:547    .text.HAL_GetHalVersion:00000000 $t
C:\Users\MyPC\AppData\Local\Temp\cc82JTPu.s:553    .text.HAL_GetHalVersion:00000000 HAL_GetHalVersion
C:\Users\MyPC\AppData\Local\Temp\cc82JTPu.s:567    .text.HAL_GetHalVersion:00000004 $d
C:\Users\MyPC\AppData\Local\Temp\cc82JTPu.s:572    .text.HAL_GetREVID:00000000 $t
C:\Users\MyPC\AppData\Local\Temp\cc82JTPu.s:578    .text.HAL_GetREVID:00000000 HAL_GetREVID
C:\Users\MyPC\AppData\Local\Temp\cc82JTPu.s:595    .text.HAL_GetREVID:00000008 $d
C:\Users\MyPC\AppData\Local\Temp\cc82JTPu.s:600    .text.HAL_GetDEVID:00000000 $t
C:\Users\MyPC\AppData\Local\Temp\cc82JTPu.s:606    .text.HAL_GetDEVID:00000000 HAL_GetDEVID
C:\Users\MyPC\AppData\Local\Temp\cc82JTPu.s:623    .text.HAL_GetDEVID:0000000c $d
C:\Users\MyPC\AppData\Local\Temp\cc82JTPu.s:628    .text.HAL_GetUIDw0:00000000 $t
C:\Users\MyPC\AppData\Local\Temp\cc82JTPu.s:634    .text.HAL_GetUIDw0:00000000 HAL_GetUIDw0
C:\Users\MyPC\AppData\Local\Temp\cc82JTPu.s:649    .text.HAL_GetUIDw0:00000008 $d
C:\Users\MyPC\AppData\Local\Temp\cc82JTPu.s:654    .text.HAL_GetUIDw1:00000000 $t
C:\Users\MyPC\AppData\Local\Temp\cc82JTPu.s:660    .text.HAL_GetUIDw1:00000000 HAL_GetUIDw1
C:\Users\MyPC\AppData\Local\Temp\cc82JTPu.s:675    .text.HAL_GetUIDw1:00000008 $d
C:\Users\MyPC\AppData\Local\Temp\cc82JTPu.s:680    .text.HAL_GetUIDw2:00000000 $t
C:\Users\MyPC\AppData\Local\Temp\cc82JTPu.s:686    .text.HAL_GetUIDw2:00000000 HAL_GetUIDw2
C:\Users\MyPC\AppData\Local\Temp\cc82JTPu.s:701    .text.HAL_GetUIDw2:00000008 $d
ARM GAS  C:\Users\MyPC\AppData\Local\Temp\cc82JTPu.s 			page 39


C:\Users\MyPC\AppData\Local\Temp\cc82JTPu.s:706    .text.HAL_DBGMCU_EnableDBGSleepMode:00000000 $t
C:\Users\MyPC\AppData\Local\Temp\cc82JTPu.s:712    .text.HAL_DBGMCU_EnableDBGSleepMode:00000000 HAL_DBGMCU_EnableDBGSleepMode
C:\Users\MyPC\AppData\Local\Temp\cc82JTPu.s:729    .text.HAL_DBGMCU_EnableDBGSleepMode:0000000c $d
C:\Users\MyPC\AppData\Local\Temp\cc82JTPu.s:734    .text.HAL_DBGMCU_DisableDBGSleepMode:00000000 $t
C:\Users\MyPC\AppData\Local\Temp\cc82JTPu.s:740    .text.HAL_DBGMCU_DisableDBGSleepMode:00000000 HAL_DBGMCU_DisableDBGSleepMode
C:\Users\MyPC\AppData\Local\Temp\cc82JTPu.s:757    .text.HAL_DBGMCU_DisableDBGSleepMode:0000000c $d
C:\Users\MyPC\AppData\Local\Temp\cc82JTPu.s:762    .text.HAL_DBGMCU_EnableDBGStopMode:00000000 $t
C:\Users\MyPC\AppData\Local\Temp\cc82JTPu.s:768    .text.HAL_DBGMCU_EnableDBGStopMode:00000000 HAL_DBGMCU_EnableDBGStopMode
C:\Users\MyPC\AppData\Local\Temp\cc82JTPu.s:785    .text.HAL_DBGMCU_EnableDBGStopMode:0000000c $d
C:\Users\MyPC\AppData\Local\Temp\cc82JTPu.s:790    .text.HAL_DBGMCU_DisableDBGStopMode:00000000 $t
C:\Users\MyPC\AppData\Local\Temp\cc82JTPu.s:796    .text.HAL_DBGMCU_DisableDBGStopMode:00000000 HAL_DBGMCU_DisableDBGStopMode
C:\Users\MyPC\AppData\Local\Temp\cc82JTPu.s:813    .text.HAL_DBGMCU_DisableDBGStopMode:0000000c $d
C:\Users\MyPC\AppData\Local\Temp\cc82JTPu.s:818    .text.HAL_DBGMCU_EnableDBGStandbyMode:00000000 $t
C:\Users\MyPC\AppData\Local\Temp\cc82JTPu.s:824    .text.HAL_DBGMCU_EnableDBGStandbyMode:00000000 HAL_DBGMCU_EnableDBGStandbyMode
C:\Users\MyPC\AppData\Local\Temp\cc82JTPu.s:841    .text.HAL_DBGMCU_EnableDBGStandbyMode:0000000c $d
C:\Users\MyPC\AppData\Local\Temp\cc82JTPu.s:846    .text.HAL_DBGMCU_DisableDBGStandbyMode:00000000 $t
C:\Users\MyPC\AppData\Local\Temp\cc82JTPu.s:852    .text.HAL_DBGMCU_DisableDBGStandbyMode:00000000 HAL_DBGMCU_DisableDBGStandbyMode
C:\Users\MyPC\AppData\Local\Temp\cc82JTPu.s:869    .text.HAL_DBGMCU_DisableDBGStandbyMode:0000000c $d
C:\Users\MyPC\AppData\Local\Temp\cc82JTPu.s:874    .text.HAL_SYSCFG_CCMSRAMErase:00000000 $t
C:\Users\MyPC\AppData\Local\Temp\cc82JTPu.s:880    .text.HAL_SYSCFG_CCMSRAMErase:00000000 HAL_SYSCFG_CCMSRAMErase
C:\Users\MyPC\AppData\Local\Temp\cc82JTPu.s:905    .text.HAL_SYSCFG_CCMSRAMErase:00000014 $d
C:\Users\MyPC\AppData\Local\Temp\cc82JTPu.s:910    .text.HAL_SYSCFG_EnableMemorySwappingBank:00000000 $t
C:\Users\MyPC\AppData\Local\Temp\cc82JTPu.s:916    .text.HAL_SYSCFG_EnableMemorySwappingBank:00000000 HAL_SYSCFG_EnableMemorySwappingBank
C:\Users\MyPC\AppData\Local\Temp\cc82JTPu.s:933    .text.HAL_SYSCFG_EnableMemorySwappingBank:0000000c $d
C:\Users\MyPC\AppData\Local\Temp\cc82JTPu.s:938    .text.HAL_SYSCFG_DisableMemorySwappingBank:00000000 $t
C:\Users\MyPC\AppData\Local\Temp\cc82JTPu.s:944    .text.HAL_SYSCFG_DisableMemorySwappingBank:00000000 HAL_SYSCFG_DisableMemorySwappingBank
C:\Users\MyPC\AppData\Local\Temp\cc82JTPu.s:961    .text.HAL_SYSCFG_DisableMemorySwappingBank:0000000c $d
C:\Users\MyPC\AppData\Local\Temp\cc82JTPu.s:966    .text.HAL_SYSCFG_VREFBUF_VoltageScalingConfig:00000000 $t
C:\Users\MyPC\AppData\Local\Temp\cc82JTPu.s:972    .text.HAL_SYSCFG_VREFBUF_VoltageScalingConfig:00000000 HAL_SYSCFG_VREFBUF_VoltageScalingConfig
C:\Users\MyPC\AppData\Local\Temp\cc82JTPu.s:992    .text.HAL_SYSCFG_VREFBUF_VoltageScalingConfig:00000010 $d
C:\Users\MyPC\AppData\Local\Temp\cc82JTPu.s:997    .text.HAL_SYSCFG_VREFBUF_HighImpedanceConfig:00000000 $t
C:\Users\MyPC\AppData\Local\Temp\cc82JTPu.s:1003   .text.HAL_SYSCFG_VREFBUF_HighImpedanceConfig:00000000 HAL_SYSCFG_VREFBUF_HighImpedanceConfig
C:\Users\MyPC\AppData\Local\Temp\cc82JTPu.s:1023   .text.HAL_SYSCFG_VREFBUF_HighImpedanceConfig:00000010 $d
C:\Users\MyPC\AppData\Local\Temp\cc82JTPu.s:1028   .text.HAL_SYSCFG_VREFBUF_TrimmingConfig:00000000 $t
C:\Users\MyPC\AppData\Local\Temp\cc82JTPu.s:1034   .text.HAL_SYSCFG_VREFBUF_TrimmingConfig:00000000 HAL_SYSCFG_VREFBUF_TrimmingConfig
C:\Users\MyPC\AppData\Local\Temp\cc82JTPu.s:1054   .text.HAL_SYSCFG_VREFBUF_TrimmingConfig:00000010 $d
C:\Users\MyPC\AppData\Local\Temp\cc82JTPu.s:1059   .text.HAL_SYSCFG_EnableVREFBUF:00000000 $t
C:\Users\MyPC\AppData\Local\Temp\cc82JTPu.s:1065   .text.HAL_SYSCFG_EnableVREFBUF:00000000 HAL_SYSCFG_EnableVREFBUF
C:\Users\MyPC\AppData\Local\Temp\cc82JTPu.s:1120   .text.HAL_SYSCFG_EnableVREFBUF:00000030 $d
C:\Users\MyPC\AppData\Local\Temp\cc82JTPu.s:1125   .text.HAL_SYSCFG_DisableVREFBUF:00000000 $t
C:\Users\MyPC\AppData\Local\Temp\cc82JTPu.s:1131   .text.HAL_SYSCFG_DisableVREFBUF:00000000 HAL_SYSCFG_DisableVREFBUF
C:\Users\MyPC\AppData\Local\Temp\cc82JTPu.s:1148   .text.HAL_SYSCFG_DisableVREFBUF:0000000c $d
C:\Users\MyPC\AppData\Local\Temp\cc82JTPu.s:1153   .text.HAL_SYSCFG_EnableIOSwitchBooster:00000000 $t
C:\Users\MyPC\AppData\Local\Temp\cc82JTPu.s:1159   .text.HAL_SYSCFG_EnableIOSwitchBooster:00000000 HAL_SYSCFG_EnableIOSwitchBooster
C:\Users\MyPC\AppData\Local\Temp\cc82JTPu.s:1176   .text.HAL_SYSCFG_EnableIOSwitchBooster:0000000c $d
C:\Users\MyPC\AppData\Local\Temp\cc82JTPu.s:1181   .text.HAL_SYSCFG_DisableIOSwitchBooster:00000000 $t
C:\Users\MyPC\AppData\Local\Temp\cc82JTPu.s:1187   .text.HAL_SYSCFG_DisableIOSwitchBooster:00000000 HAL_SYSCFG_DisableIOSwitchBooster
C:\Users\MyPC\AppData\Local\Temp\cc82JTPu.s:1204   .text.HAL_SYSCFG_DisableIOSwitchBooster:0000000c $d
C:\Users\MyPC\AppData\Local\Temp\cc82JTPu.s:1209   .text.HAL_SYSCFG_EnableIOSwitchVDD:00000000 $t
C:\Users\MyPC\AppData\Local\Temp\cc82JTPu.s:1215   .text.HAL_SYSCFG_EnableIOSwitchVDD:00000000 HAL_SYSCFG_EnableIOSwitchVDD
C:\Users\MyPC\AppData\Local\Temp\cc82JTPu.s:1232   .text.HAL_SYSCFG_EnableIOSwitchVDD:0000000c $d
C:\Users\MyPC\AppData\Local\Temp\cc82JTPu.s:1237   .text.HAL_SYSCFG_DisableIOSwitchVDD:00000000 $t
C:\Users\MyPC\AppData\Local\Temp\cc82JTPu.s:1243   .text.HAL_SYSCFG_DisableIOSwitchVDD:00000000 HAL_SYSCFG_DisableIOSwitchVDD
C:\Users\MyPC\AppData\Local\Temp\cc82JTPu.s:1260   .text.HAL_SYSCFG_DisableIOSwitchVDD:0000000c $d
C:\Users\MyPC\AppData\Local\Temp\cc82JTPu.s:1265   .text.HAL_SYSCFG_CCMSRAM_WriteProtectionEnable:00000000 $t
C:\Users\MyPC\AppData\Local\Temp\cc82JTPu.s:1271   .text.HAL_SYSCFG_CCMSRAM_WriteProtectionEnable:00000000 HAL_SYSCFG_CCMSRAM_WriteProtectionEnable
C:\Users\MyPC\AppData\Local\Temp\cc82JTPu.s:1290   .text.HAL_SYSCFG_CCMSRAM_WriteProtectionEnable:0000000c $d
ARM GAS  C:\Users\MyPC\AppData\Local\Temp\cc82JTPu.s 			page 40


C:\Users\MyPC\AppData\Local\Temp\cc82JTPu.s:1296   .data.uwTickFreq:00000000 $d
C:\Users\MyPC\AppData\Local\Temp\cc82JTPu.s:1303   .data.uwTickPrio:00000000 $d
C:\Users\MyPC\AppData\Local\Temp\cc82JTPu.s:1310   .bss.uwTick:00000000 $d

UNDEFINED SYMBOLS
HAL_SYSTICK_Config
HAL_NVIC_SetPriority
SystemCoreClock
HAL_NVIC_SetPriorityGrouping
