ARM GAS  C:\Users\MyPC\AppData\Local\Temp\ccvsQKSL.s 			page 1


   1              		.cpu cortex-m4
   2              		.arch armv7e-m
   3              		.fpu fpv4-sp-d16
   4              		.eabi_attribute 27, 1
   5              		.eabi_attribute 28, 1
   6              		.eabi_attribute 20, 1
   7              		.eabi_attribute 21, 1
   8              		.eabi_attribute 23, 3
   9              		.eabi_attribute 24, 1
  10              		.eabi_attribute 25, 1
  11              		.eabi_attribute 26, 1
  12              		.eabi_attribute 30, 1
  13              		.eabi_attribute 34, 1
  14              		.eabi_attribute 18, 4
  15              		.file	"stm32g4xx_hal_rcc_ex.c"
  16              		.text
  17              	.Ltext0:
  18              		.cfi_sections	.debug_frame
  19              		.file 1 "Drivers/STM32G4xx_HAL_Driver/Src/stm32g4xx_hal_rcc_ex.c"
  20              		.section	.text.HAL_RCCEx_PeriphCLKConfig,"ax",%progbits
  21              		.align	1
  22              		.global	HAL_RCCEx_PeriphCLKConfig
  23              		.syntax unified
  24              		.thumb
  25              		.thumb_func
  27              	HAL_RCCEx_PeriphCLKConfig:
  28              	.LVL0:
  29              	.LFB132:
   1:Drivers/STM32G4xx_HAL_Driver/Src/stm32g4xx_hal_rcc_ex.c **** /**
   2:Drivers/STM32G4xx_HAL_Driver/Src/stm32g4xx_hal_rcc_ex.c ****   ******************************************************************************
   3:Drivers/STM32G4xx_HAL_Driver/Src/stm32g4xx_hal_rcc_ex.c ****   * @file    stm32g4xx_hal_rcc_ex.c
   4:Drivers/STM32G4xx_HAL_Driver/Src/stm32g4xx_hal_rcc_ex.c ****   * @author  MCD Application Team
   5:Drivers/STM32G4xx_HAL_Driver/Src/stm32g4xx_hal_rcc_ex.c ****   * @brief   Extended RCC HAL module driver.
   6:Drivers/STM32G4xx_HAL_Driver/Src/stm32g4xx_hal_rcc_ex.c ****   *          This file provides firmware functions to manage the following
   7:Drivers/STM32G4xx_HAL_Driver/Src/stm32g4xx_hal_rcc_ex.c ****   *          functionalities RCC extended peripheral:
   8:Drivers/STM32G4xx_HAL_Driver/Src/stm32g4xx_hal_rcc_ex.c ****   *           + Extended Peripheral Control functions
   9:Drivers/STM32G4xx_HAL_Driver/Src/stm32g4xx_hal_rcc_ex.c ****   *           + Extended Clock management functions
  10:Drivers/STM32G4xx_HAL_Driver/Src/stm32g4xx_hal_rcc_ex.c ****   *           + Extended Clock Recovery System Control functions
  11:Drivers/STM32G4xx_HAL_Driver/Src/stm32g4xx_hal_rcc_ex.c ****   *
  12:Drivers/STM32G4xx_HAL_Driver/Src/stm32g4xx_hal_rcc_ex.c ****   ******************************************************************************
  13:Drivers/STM32G4xx_HAL_Driver/Src/stm32g4xx_hal_rcc_ex.c ****   * @attention
  14:Drivers/STM32G4xx_HAL_Driver/Src/stm32g4xx_hal_rcc_ex.c ****   *
  15:Drivers/STM32G4xx_HAL_Driver/Src/stm32g4xx_hal_rcc_ex.c ****   * Copyright (c) 2019 STMicroelectronics.
  16:Drivers/STM32G4xx_HAL_Driver/Src/stm32g4xx_hal_rcc_ex.c ****   * All rights reserved.
  17:Drivers/STM32G4xx_HAL_Driver/Src/stm32g4xx_hal_rcc_ex.c ****   *
  18:Drivers/STM32G4xx_HAL_Driver/Src/stm32g4xx_hal_rcc_ex.c ****   * This software is licensed under terms that can be found in the LICENSE file in
  19:Drivers/STM32G4xx_HAL_Driver/Src/stm32g4xx_hal_rcc_ex.c ****   * the root directory of this software component.
  20:Drivers/STM32G4xx_HAL_Driver/Src/stm32g4xx_hal_rcc_ex.c ****   * If no LICENSE file comes with this software, it is provided AS-IS.
  21:Drivers/STM32G4xx_HAL_Driver/Src/stm32g4xx_hal_rcc_ex.c ****   ******************************************************************************
  22:Drivers/STM32G4xx_HAL_Driver/Src/stm32g4xx_hal_rcc_ex.c ****   */
  23:Drivers/STM32G4xx_HAL_Driver/Src/stm32g4xx_hal_rcc_ex.c **** 
  24:Drivers/STM32G4xx_HAL_Driver/Src/stm32g4xx_hal_rcc_ex.c **** /* Includes ------------------------------------------------------------------*/
  25:Drivers/STM32G4xx_HAL_Driver/Src/stm32g4xx_hal_rcc_ex.c **** #include "stm32g4xx_hal.h"
  26:Drivers/STM32G4xx_HAL_Driver/Src/stm32g4xx_hal_rcc_ex.c **** 
  27:Drivers/STM32G4xx_HAL_Driver/Src/stm32g4xx_hal_rcc_ex.c **** /** @addtogroup STM32G4xx_HAL_Driver
  28:Drivers/STM32G4xx_HAL_Driver/Src/stm32g4xx_hal_rcc_ex.c ****   * @{
  29:Drivers/STM32G4xx_HAL_Driver/Src/stm32g4xx_hal_rcc_ex.c ****   */
ARM GAS  C:\Users\MyPC\AppData\Local\Temp\ccvsQKSL.s 			page 2


  30:Drivers/STM32G4xx_HAL_Driver/Src/stm32g4xx_hal_rcc_ex.c **** 
  31:Drivers/STM32G4xx_HAL_Driver/Src/stm32g4xx_hal_rcc_ex.c **** /** @defgroup RCCEx RCCEx
  32:Drivers/STM32G4xx_HAL_Driver/Src/stm32g4xx_hal_rcc_ex.c ****   * @brief RCC Extended HAL module driver
  33:Drivers/STM32G4xx_HAL_Driver/Src/stm32g4xx_hal_rcc_ex.c ****   * @{
  34:Drivers/STM32G4xx_HAL_Driver/Src/stm32g4xx_hal_rcc_ex.c ****   */
  35:Drivers/STM32G4xx_HAL_Driver/Src/stm32g4xx_hal_rcc_ex.c **** 
  36:Drivers/STM32G4xx_HAL_Driver/Src/stm32g4xx_hal_rcc_ex.c **** #ifdef HAL_RCC_MODULE_ENABLED
  37:Drivers/STM32G4xx_HAL_Driver/Src/stm32g4xx_hal_rcc_ex.c **** 
  38:Drivers/STM32G4xx_HAL_Driver/Src/stm32g4xx_hal_rcc_ex.c **** /* Private typedef -----------------------------------------------------------*/
  39:Drivers/STM32G4xx_HAL_Driver/Src/stm32g4xx_hal_rcc_ex.c **** /* Private defines -----------------------------------------------------------*/
  40:Drivers/STM32G4xx_HAL_Driver/Src/stm32g4xx_hal_rcc_ex.c **** /** @defgroup RCCEx_Private_Constants RCCEx Private Constants
  41:Drivers/STM32G4xx_HAL_Driver/Src/stm32g4xx_hal_rcc_ex.c ****  * @{
  42:Drivers/STM32G4xx_HAL_Driver/Src/stm32g4xx_hal_rcc_ex.c ****  */
  43:Drivers/STM32G4xx_HAL_Driver/Src/stm32g4xx_hal_rcc_ex.c **** #define PLL_TIMEOUT_VALUE        2U                /* 2 ms (minimum Tick + 1) */
  44:Drivers/STM32G4xx_HAL_Driver/Src/stm32g4xx_hal_rcc_ex.c **** 
  45:Drivers/STM32G4xx_HAL_Driver/Src/stm32g4xx_hal_rcc_ex.c **** #define DIVIDER_P_UPDATE          0U
  46:Drivers/STM32G4xx_HAL_Driver/Src/stm32g4xx_hal_rcc_ex.c **** #define DIVIDER_Q_UPDATE          1U
  47:Drivers/STM32G4xx_HAL_Driver/Src/stm32g4xx_hal_rcc_ex.c **** #define DIVIDER_R_UPDATE          2U
  48:Drivers/STM32G4xx_HAL_Driver/Src/stm32g4xx_hal_rcc_ex.c **** 
  49:Drivers/STM32G4xx_HAL_Driver/Src/stm32g4xx_hal_rcc_ex.c **** #define __LSCO_CLK_ENABLE()       __HAL_RCC_GPIOA_CLK_ENABLE()
  50:Drivers/STM32G4xx_HAL_Driver/Src/stm32g4xx_hal_rcc_ex.c **** #define LSCO_GPIO_PORT            GPIOA
  51:Drivers/STM32G4xx_HAL_Driver/Src/stm32g4xx_hal_rcc_ex.c **** #define LSCO_PIN                  GPIO_PIN_2
  52:Drivers/STM32G4xx_HAL_Driver/Src/stm32g4xx_hal_rcc_ex.c **** /**
  53:Drivers/STM32G4xx_HAL_Driver/Src/stm32g4xx_hal_rcc_ex.c ****   * @}
  54:Drivers/STM32G4xx_HAL_Driver/Src/stm32g4xx_hal_rcc_ex.c ****   */
  55:Drivers/STM32G4xx_HAL_Driver/Src/stm32g4xx_hal_rcc_ex.c **** 
  56:Drivers/STM32G4xx_HAL_Driver/Src/stm32g4xx_hal_rcc_ex.c **** /* Private macros ------------------------------------------------------------*/
  57:Drivers/STM32G4xx_HAL_Driver/Src/stm32g4xx_hal_rcc_ex.c **** /* Private variables ---------------------------------------------------------*/
  58:Drivers/STM32G4xx_HAL_Driver/Src/stm32g4xx_hal_rcc_ex.c **** /* Private function prototypes -----------------------------------------------*/
  59:Drivers/STM32G4xx_HAL_Driver/Src/stm32g4xx_hal_rcc_ex.c **** /** @defgroup RCCEx_Private_Functions RCCEx Private Functions
  60:Drivers/STM32G4xx_HAL_Driver/Src/stm32g4xx_hal_rcc_ex.c ****  * @{
  61:Drivers/STM32G4xx_HAL_Driver/Src/stm32g4xx_hal_rcc_ex.c ****  */
  62:Drivers/STM32G4xx_HAL_Driver/Src/stm32g4xx_hal_rcc_ex.c **** 
  63:Drivers/STM32G4xx_HAL_Driver/Src/stm32g4xx_hal_rcc_ex.c **** /**
  64:Drivers/STM32G4xx_HAL_Driver/Src/stm32g4xx_hal_rcc_ex.c ****   * @}
  65:Drivers/STM32G4xx_HAL_Driver/Src/stm32g4xx_hal_rcc_ex.c ****   */
  66:Drivers/STM32G4xx_HAL_Driver/Src/stm32g4xx_hal_rcc_ex.c **** 
  67:Drivers/STM32G4xx_HAL_Driver/Src/stm32g4xx_hal_rcc_ex.c **** /* Exported functions --------------------------------------------------------*/
  68:Drivers/STM32G4xx_HAL_Driver/Src/stm32g4xx_hal_rcc_ex.c **** 
  69:Drivers/STM32G4xx_HAL_Driver/Src/stm32g4xx_hal_rcc_ex.c **** /** @defgroup RCCEx_Exported_Functions RCCEx Exported Functions
  70:Drivers/STM32G4xx_HAL_Driver/Src/stm32g4xx_hal_rcc_ex.c ****   * @{
  71:Drivers/STM32G4xx_HAL_Driver/Src/stm32g4xx_hal_rcc_ex.c ****   */
  72:Drivers/STM32G4xx_HAL_Driver/Src/stm32g4xx_hal_rcc_ex.c **** 
  73:Drivers/STM32G4xx_HAL_Driver/Src/stm32g4xx_hal_rcc_ex.c **** /** @defgroup RCCEx_Exported_Functions_Group1 Extended Peripheral Control functions
  74:Drivers/STM32G4xx_HAL_Driver/Src/stm32g4xx_hal_rcc_ex.c ****  *  @brief  Extended Peripheral Control functions
  75:Drivers/STM32G4xx_HAL_Driver/Src/stm32g4xx_hal_rcc_ex.c ****  *
  76:Drivers/STM32G4xx_HAL_Driver/Src/stm32g4xx_hal_rcc_ex.c **** @verbatim
  77:Drivers/STM32G4xx_HAL_Driver/Src/stm32g4xx_hal_rcc_ex.c ****  ===============================================================================
  78:Drivers/STM32G4xx_HAL_Driver/Src/stm32g4xx_hal_rcc_ex.c ****                 ##### Extended Peripheral Control functions  #####
  79:Drivers/STM32G4xx_HAL_Driver/Src/stm32g4xx_hal_rcc_ex.c ****  ===============================================================================
  80:Drivers/STM32G4xx_HAL_Driver/Src/stm32g4xx_hal_rcc_ex.c ****     [..]
  81:Drivers/STM32G4xx_HAL_Driver/Src/stm32g4xx_hal_rcc_ex.c ****     This subsection provides a set of functions allowing to control the RCC Clocks
  82:Drivers/STM32G4xx_HAL_Driver/Src/stm32g4xx_hal_rcc_ex.c ****     frequencies.
  83:Drivers/STM32G4xx_HAL_Driver/Src/stm32g4xx_hal_rcc_ex.c ****     [..]
  84:Drivers/STM32G4xx_HAL_Driver/Src/stm32g4xx_hal_rcc_ex.c ****     (@) Important note: Care must be taken when HAL_RCCEx_PeriphCLKConfig() is used to
  85:Drivers/STM32G4xx_HAL_Driver/Src/stm32g4xx_hal_rcc_ex.c ****         select the RTC clock source; in this case the Backup domain will be reset in
  86:Drivers/STM32G4xx_HAL_Driver/Src/stm32g4xx_hal_rcc_ex.c ****         order to modify the RTC Clock source, as consequence RTC registers (including
ARM GAS  C:\Users\MyPC\AppData\Local\Temp\ccvsQKSL.s 			page 3


  87:Drivers/STM32G4xx_HAL_Driver/Src/stm32g4xx_hal_rcc_ex.c ****         the backup registers) are set to their reset values.
  88:Drivers/STM32G4xx_HAL_Driver/Src/stm32g4xx_hal_rcc_ex.c **** 
  89:Drivers/STM32G4xx_HAL_Driver/Src/stm32g4xx_hal_rcc_ex.c **** @endverbatim
  90:Drivers/STM32G4xx_HAL_Driver/Src/stm32g4xx_hal_rcc_ex.c ****   * @{
  91:Drivers/STM32G4xx_HAL_Driver/Src/stm32g4xx_hal_rcc_ex.c ****   */
  92:Drivers/STM32G4xx_HAL_Driver/Src/stm32g4xx_hal_rcc_ex.c **** /**
  93:Drivers/STM32G4xx_HAL_Driver/Src/stm32g4xx_hal_rcc_ex.c ****   * @brief  Initialize the RCC extended peripherals clocks according to the specified
  94:Drivers/STM32G4xx_HAL_Driver/Src/stm32g4xx_hal_rcc_ex.c ****   *         parameters in the RCC_PeriphCLKInitTypeDef.
  95:Drivers/STM32G4xx_HAL_Driver/Src/stm32g4xx_hal_rcc_ex.c ****   * @param  PeriphClkInit  pointer to an RCC_PeriphCLKInitTypeDef structure that
  96:Drivers/STM32G4xx_HAL_Driver/Src/stm32g4xx_hal_rcc_ex.c ****   *         contains a field PeriphClockSelection which can be a combination of the following value
  97:Drivers/STM32G4xx_HAL_Driver/Src/stm32g4xx_hal_rcc_ex.c ****   *            @arg @ref RCC_PERIPHCLK_RTC  RTC peripheral clock
  98:Drivers/STM32G4xx_HAL_Driver/Src/stm32g4xx_hal_rcc_ex.c ****   *            @arg @ref RCC_PERIPHCLK_USART1  USART1 peripheral clock
  99:Drivers/STM32G4xx_HAL_Driver/Src/stm32g4xx_hal_rcc_ex.c ****   *            @arg @ref RCC_PERIPHCLK_USART2  USART2 peripheral clock
 100:Drivers/STM32G4xx_HAL_Driver/Src/stm32g4xx_hal_rcc_ex.c ****   *            @arg @ref RCC_PERIPHCLK_USART3  USART3 peripheral clock
 101:Drivers/STM32G4xx_HAL_Driver/Src/stm32g4xx_hal_rcc_ex.c ****   *            @arg @ref RCC_PERIPHCLK_UART4  UART4 peripheral clock (only for devices with UART4)
 102:Drivers/STM32G4xx_HAL_Driver/Src/stm32g4xx_hal_rcc_ex.c ****   *            @arg @ref RCC_PERIPHCLK_UART5  UART5 peripheral clock (only for devices with UART5)
 103:Drivers/STM32G4xx_HAL_Driver/Src/stm32g4xx_hal_rcc_ex.c ****   *            @arg @ref RCC_PERIPHCLK_LPUART1  LPUART1 peripheral clock
 104:Drivers/STM32G4xx_HAL_Driver/Src/stm32g4xx_hal_rcc_ex.c ****   *            @arg @ref RCC_PERIPHCLK_I2C1  I2C1 peripheral clock
 105:Drivers/STM32G4xx_HAL_Driver/Src/stm32g4xx_hal_rcc_ex.c ****   *            @arg @ref RCC_PERIPHCLK_I2C2  I2C2 peripheral clock
 106:Drivers/STM32G4xx_HAL_Driver/Src/stm32g4xx_hal_rcc_ex.c ****   *            @arg @ref RCC_PERIPHCLK_I2C3  I2C3 peripheral clock
 107:Drivers/STM32G4xx_HAL_Driver/Src/stm32g4xx_hal_rcc_ex.c ****   *            @arg @ref RCC_PERIPHCLK_I2C4  I2C4 peripheral clock (only for devices with I2C4)
 108:Drivers/STM32G4xx_HAL_Driver/Src/stm32g4xx_hal_rcc_ex.c ****   *            @arg @ref RCC_PERIPHCLK_LPTIM1  LPTIM1 peripheral clock
 109:Drivers/STM32G4xx_HAL_Driver/Src/stm32g4xx_hal_rcc_ex.c ****   *            @arg @ref RCC_PERIPHCLK_SAI1  SAI1 peripheral clock
 110:Drivers/STM32G4xx_HAL_Driver/Src/stm32g4xx_hal_rcc_ex.c ****   *            @arg @ref RCC_PERIPHCLK_I2S  I2S peripheral clock
 111:Drivers/STM32G4xx_HAL_Driver/Src/stm32g4xx_hal_rcc_ex.c ****   *            @arg @ref RCC_PERIPHCLK_FDCAN  FDCAN peripheral clock (only for devices with FDCAN)
 112:Drivers/STM32G4xx_HAL_Driver/Src/stm32g4xx_hal_rcc_ex.c ****   *            @arg @ref RCC_PERIPHCLK_RNG  RNG peripheral clock
 113:Drivers/STM32G4xx_HAL_Driver/Src/stm32g4xx_hal_rcc_ex.c ****   *            @arg @ref RCC_PERIPHCLK_USB  USB peripheral clock (only for devices with USB)
 114:Drivers/STM32G4xx_HAL_Driver/Src/stm32g4xx_hal_rcc_ex.c ****   *            @arg @ref RCC_PERIPHCLK_ADC12  ADC1 and ADC2 peripheral clock
 115:Drivers/STM32G4xx_HAL_Driver/Src/stm32g4xx_hal_rcc_ex.c ****   *            @arg @ref RCC_PERIPHCLK_ADC345  ADC3, ADC4 and ADC5 peripheral clock (only for devic
 116:Drivers/STM32G4xx_HAL_Driver/Src/stm32g4xx_hal_rcc_ex.c ****   *            @arg @ref RCC_PERIPHCLK_QSPI  QuadSPI peripheral clock (only for devices with QuadSP
 117:Drivers/STM32G4xx_HAL_Driver/Src/stm32g4xx_hal_rcc_ex.c ****   *
 118:Drivers/STM32G4xx_HAL_Driver/Src/stm32g4xx_hal_rcc_ex.c ****   * @note   Care must be taken when HAL_RCCEx_PeriphCLKConfig() is used to select
 119:Drivers/STM32G4xx_HAL_Driver/Src/stm32g4xx_hal_rcc_ex.c ****   *         the RTC clock source: in this case the access to Backup domain is enabled.
 120:Drivers/STM32G4xx_HAL_Driver/Src/stm32g4xx_hal_rcc_ex.c ****   *
 121:Drivers/STM32G4xx_HAL_Driver/Src/stm32g4xx_hal_rcc_ex.c ****   * @retval HAL status
 122:Drivers/STM32G4xx_HAL_Driver/Src/stm32g4xx_hal_rcc_ex.c ****   */
 123:Drivers/STM32G4xx_HAL_Driver/Src/stm32g4xx_hal_rcc_ex.c **** HAL_StatusTypeDef HAL_RCCEx_PeriphCLKConfig(RCC_PeriphCLKInitTypeDef const *PeriphClkInit)
 124:Drivers/STM32G4xx_HAL_Driver/Src/stm32g4xx_hal_rcc_ex.c **** {
  30              		.loc 1 124 1 view -0
  31              		.cfi_startproc
  32              		@ args = 0, pretend = 0, frame = 8
  33              		@ frame_needed = 0, uses_anonymous_args = 0
  34              		.loc 1 124 1 is_stmt 0 view .LVU1
  35 0000 F0B5     		push	{r4, r5, r6, r7, lr}
  36              	.LCFI0:
  37              		.cfi_def_cfa_offset 20
  38              		.cfi_offset 4, -20
  39              		.cfi_offset 5, -16
  40              		.cfi_offset 6, -12
  41              		.cfi_offset 7, -8
  42              		.cfi_offset 14, -4
  43 0002 83B0     		sub	sp, sp, #12
  44              	.LCFI1:
  45              		.cfi_def_cfa_offset 32
  46 0004 0446     		mov	r4, r0
 125:Drivers/STM32G4xx_HAL_Driver/Src/stm32g4xx_hal_rcc_ex.c ****   uint32_t tmpregister;
  47              		.loc 1 125 3 is_stmt 1 view .LVU2
ARM GAS  C:\Users\MyPC\AppData\Local\Temp\ccvsQKSL.s 			page 4


 126:Drivers/STM32G4xx_HAL_Driver/Src/stm32g4xx_hal_rcc_ex.c ****   uint32_t tickstart;
  48              		.loc 1 126 3 view .LVU3
 127:Drivers/STM32G4xx_HAL_Driver/Src/stm32g4xx_hal_rcc_ex.c ****   HAL_StatusTypeDef ret = HAL_OK;      /* Intermediate status */
  49              		.loc 1 127 3 view .LVU4
  50              	.LVL1:
 128:Drivers/STM32G4xx_HAL_Driver/Src/stm32g4xx_hal_rcc_ex.c ****   HAL_StatusTypeDef status = HAL_OK;   /* Final status */
  51              		.loc 1 128 3 view .LVU5
 129:Drivers/STM32G4xx_HAL_Driver/Src/stm32g4xx_hal_rcc_ex.c **** 
 130:Drivers/STM32G4xx_HAL_Driver/Src/stm32g4xx_hal_rcc_ex.c ****   /* Check the parameters */
 131:Drivers/STM32G4xx_HAL_Driver/Src/stm32g4xx_hal_rcc_ex.c ****   assert_param(IS_RCC_PERIPHCLOCK(PeriphClkInit->PeriphClockSelection));
  52              		.loc 1 131 3 view .LVU6
 132:Drivers/STM32G4xx_HAL_Driver/Src/stm32g4xx_hal_rcc_ex.c **** 
 133:Drivers/STM32G4xx_HAL_Driver/Src/stm32g4xx_hal_rcc_ex.c ****   /*-------------------------- RTC clock source configuration ----------------------*/
 134:Drivers/STM32G4xx_HAL_Driver/Src/stm32g4xx_hal_rcc_ex.c ****   if((PeriphClkInit->PeriphClockSelection & RCC_PERIPHCLK_RTC) == RCC_PERIPHCLK_RTC)
  53              		.loc 1 134 3 view .LVU7
  54              		.loc 1 134 20 is_stmt 0 view .LVU8
  55 0006 0368     		ldr	r3, [r0]
  56              		.loc 1 134 5 view .LVU9
  57 0008 13F4002F 		tst	r3, #524288
  58 000c 6BD0     		beq	.L27
  59              	.LBB2:
 135:Drivers/STM32G4xx_HAL_Driver/Src/stm32g4xx_hal_rcc_ex.c ****   {
 136:Drivers/STM32G4xx_HAL_Driver/Src/stm32g4xx_hal_rcc_ex.c ****     FlagStatus       pwrclkchanged = RESET;
  60              		.loc 1 136 5 is_stmt 1 view .LVU10
  61              	.LVL2:
 137:Drivers/STM32G4xx_HAL_Driver/Src/stm32g4xx_hal_rcc_ex.c ****     
 138:Drivers/STM32G4xx_HAL_Driver/Src/stm32g4xx_hal_rcc_ex.c ****     /* Check for RTC Parameters used to output RTCCLK */
 139:Drivers/STM32G4xx_HAL_Driver/Src/stm32g4xx_hal_rcc_ex.c ****     assert_param(IS_RCC_RTCCLKSOURCE(PeriphClkInit->RTCClockSelection));
  62              		.loc 1 139 5 view .LVU11
 140:Drivers/STM32G4xx_HAL_Driver/Src/stm32g4xx_hal_rcc_ex.c **** 
 141:Drivers/STM32G4xx_HAL_Driver/Src/stm32g4xx_hal_rcc_ex.c ****     /* Enable Power Clock */
 142:Drivers/STM32G4xx_HAL_Driver/Src/stm32g4xx_hal_rcc_ex.c ****     if(__HAL_RCC_PWR_IS_CLK_DISABLED())
  63              		.loc 1 142 5 view .LVU12
  64              		.loc 1 142 8 is_stmt 0 view .LVU13
  65 000e AD4B     		ldr	r3, .L40
  66 0010 9B6D     		ldr	r3, [r3, #88]
  67              		.loc 1 142 7 view .LVU14
  68 0012 13F0805F 		tst	r3, #268435456
  69 0016 1FD1     		bne	.L28
 143:Drivers/STM32G4xx_HAL_Driver/Src/stm32g4xx_hal_rcc_ex.c ****     {
 144:Drivers/STM32G4xx_HAL_Driver/Src/stm32g4xx_hal_rcc_ex.c ****       __HAL_RCC_PWR_CLK_ENABLE();
  70              		.loc 1 144 7 is_stmt 1 view .LVU15
  71              	.LBB3:
  72              		.loc 1 144 7 view .LVU16
  73              		.loc 1 144 7 view .LVU17
  74 0018 AA4B     		ldr	r3, .L40
  75 001a 9A6D     		ldr	r2, [r3, #88]
  76 001c 42F08052 		orr	r2, r2, #268435456
  77 0020 9A65     		str	r2, [r3, #88]
  78              		.loc 1 144 7 view .LVU18
  79 0022 9B6D     		ldr	r3, [r3, #88]
  80 0024 03F08053 		and	r3, r3, #268435456
  81 0028 0193     		str	r3, [sp, #4]
  82              		.loc 1 144 7 view .LVU19
  83 002a 019B     		ldr	r3, [sp, #4]
  84              	.LBE3:
  85              		.loc 1 144 7 view .LVU20
ARM GAS  C:\Users\MyPC\AppData\Local\Temp\ccvsQKSL.s 			page 5


 145:Drivers/STM32G4xx_HAL_Driver/Src/stm32g4xx_hal_rcc_ex.c ****       pwrclkchanged = SET;
  86              		.loc 1 145 7 view .LVU21
  87              	.LVL3:
  88              		.loc 1 145 21 is_stmt 0 view .LVU22
  89 002c 0123     		movs	r3, #1
  90 002e 1E46     		mov	r6, r3
  91              	.LVL4:
  92              	.L3:
 146:Drivers/STM32G4xx_HAL_Driver/Src/stm32g4xx_hal_rcc_ex.c ****     }
 147:Drivers/STM32G4xx_HAL_Driver/Src/stm32g4xx_hal_rcc_ex.c ****       
 148:Drivers/STM32G4xx_HAL_Driver/Src/stm32g4xx_hal_rcc_ex.c ****     /* Enable write access to Backup domain */
 149:Drivers/STM32G4xx_HAL_Driver/Src/stm32g4xx_hal_rcc_ex.c ****     SET_BIT(PWR->CR1, PWR_CR1_DBP);
  93              		.loc 1 149 5 is_stmt 1 view .LVU23
  94 0030 A54A     		ldr	r2, .L40+4
  95 0032 1368     		ldr	r3, [r2]
  96 0034 43F48073 		orr	r3, r3, #256
  97 0038 1360     		str	r3, [r2]
 150:Drivers/STM32G4xx_HAL_Driver/Src/stm32g4xx_hal_rcc_ex.c **** 
 151:Drivers/STM32G4xx_HAL_Driver/Src/stm32g4xx_hal_rcc_ex.c ****     /* Wait for Backup domain Write protection disable */
 152:Drivers/STM32G4xx_HAL_Driver/Src/stm32g4xx_hal_rcc_ex.c ****     tickstart = HAL_GetTick();
  98              		.loc 1 152 5 view .LVU24
  99              		.loc 1 152 17 is_stmt 0 view .LVU25
 100 003a FFF7FEFF 		bl	HAL_GetTick
 101              	.LVL5:
 102              		.loc 1 152 17 view .LVU26
 103 003e 0546     		mov	r5, r0
 104              	.LVL6:
 153:Drivers/STM32G4xx_HAL_Driver/Src/stm32g4xx_hal_rcc_ex.c **** 
 154:Drivers/STM32G4xx_HAL_Driver/Src/stm32g4xx_hal_rcc_ex.c ****     while((PWR->CR1 & PWR_CR1_DBP) == 0U)
 105              		.loc 1 154 5 is_stmt 1 view .LVU27
 106              	.L4:
 107              		.loc 1 154 36 view .LVU28
 108              		.loc 1 154 15 is_stmt 0 view .LVU29
 109 0040 A14B     		ldr	r3, .L40+4
 110 0042 1B68     		ldr	r3, [r3]
 111              		.loc 1 154 36 view .LVU30
 112 0044 13F4807F 		tst	r3, #256
 113 0048 09D1     		bne	.L32
 155:Drivers/STM32G4xx_HAL_Driver/Src/stm32g4xx_hal_rcc_ex.c ****     {
 156:Drivers/STM32G4xx_HAL_Driver/Src/stm32g4xx_hal_rcc_ex.c ****       if((HAL_GetTick() - tickstart) > RCC_DBP_TIMEOUT_VALUE)
 114              		.loc 1 156 7 is_stmt 1 view .LVU31
 115              		.loc 1 156 11 is_stmt 0 view .LVU32
 116 004a FFF7FEFF 		bl	HAL_GetTick
 117              	.LVL7:
 118              		.loc 1 156 25 discriminator 1 view .LVU33
 119 004e 401B     		subs	r0, r0, r5
 120              		.loc 1 156 9 discriminator 1 view .LVU34
 121 0050 0228     		cmp	r0, #2
 122 0052 F5D9     		bls	.L4
 157:Drivers/STM32G4xx_HAL_Driver/Src/stm32g4xx_hal_rcc_ex.c ****       {
 158:Drivers/STM32G4xx_HAL_Driver/Src/stm32g4xx_hal_rcc_ex.c ****         ret = HAL_TIMEOUT;
 123              		.loc 1 158 13 view .LVU35
 124 0054 0325     		movs	r5, #3
 125              	.LVL8:
 126              		.loc 1 158 13 view .LVU36
 127 0056 03E0     		b	.L5
 128              	.LVL9:
ARM GAS  C:\Users\MyPC\AppData\Local\Temp\ccvsQKSL.s 			page 6


 129              	.L28:
 136:Drivers/STM32G4xx_HAL_Driver/Src/stm32g4xx_hal_rcc_ex.c ****     
 130              		.loc 1 136 22 view .LVU37
 131 0058 0023     		movs	r3, #0
 132 005a 1E46     		mov	r6, r3
 133 005c E8E7     		b	.L3
 134              	.LVL10:
 135              	.L32:
 136:Drivers/STM32G4xx_HAL_Driver/Src/stm32g4xx_hal_rcc_ex.c ****     
 136              		.loc 1 136 22 view .LVU38
 137              	.LBE2:
 127:Drivers/STM32G4xx_HAL_Driver/Src/stm32g4xx_hal_rcc_ex.c ****   HAL_StatusTypeDef status = HAL_OK;   /* Final status */
 138              		.loc 1 127 21 view .LVU39
 139 005e 0025     		movs	r5, #0
 140              	.LVL11:
 141              	.L5:
 142              	.LBB4:
 159:Drivers/STM32G4xx_HAL_Driver/Src/stm32g4xx_hal_rcc_ex.c ****         break;
 160:Drivers/STM32G4xx_HAL_Driver/Src/stm32g4xx_hal_rcc_ex.c ****       }
 161:Drivers/STM32G4xx_HAL_Driver/Src/stm32g4xx_hal_rcc_ex.c ****     }
 162:Drivers/STM32G4xx_HAL_Driver/Src/stm32g4xx_hal_rcc_ex.c **** 
 163:Drivers/STM32G4xx_HAL_Driver/Src/stm32g4xx_hal_rcc_ex.c ****     if(ret == HAL_OK)
 143              		.loc 1 163 5 is_stmt 1 view .LVU40
 144              		.loc 1 163 7 is_stmt 0 view .LVU41
 145 0060 45BB     		cbnz	r5, .L7
 164:Drivers/STM32G4xx_HAL_Driver/Src/stm32g4xx_hal_rcc_ex.c ****     { 
 165:Drivers/STM32G4xx_HAL_Driver/Src/stm32g4xx_hal_rcc_ex.c ****       /* Reset the Backup domain only if the RTC Clock source selection is modified from default */
 166:Drivers/STM32G4xx_HAL_Driver/Src/stm32g4xx_hal_rcc_ex.c ****       tmpregister = READ_BIT(RCC->BDCR, RCC_BDCR_RTCSEL);
 146              		.loc 1 166 7 is_stmt 1 view .LVU42
 147              		.loc 1 166 21 is_stmt 0 view .LVU43
 148 0062 984B     		ldr	r3, .L40
 149 0064 D3F89030 		ldr	r3, [r3, #144]
 150              	.LVL12:
 167:Drivers/STM32G4xx_HAL_Driver/Src/stm32g4xx_hal_rcc_ex.c ****       
 168:Drivers/STM32G4xx_HAL_Driver/Src/stm32g4xx_hal_rcc_ex.c ****       if((tmpregister != RCC_RTCCLKSOURCE_NONE) && (tmpregister != PeriphClkInit->RTCClockSelection
 151              		.loc 1 168 7 is_stmt 1 view .LVU44
 152              		.loc 1 168 9 is_stmt 0 view .LVU45
 153 0068 13F44073 		ands	r3, r3, #768
 154              	.LVL13:
 155              		.loc 1 168 9 view .LVU46
 156 006c 18D0     		beq	.L8
 157              		.loc 1 168 81 discriminator 1 view .LVU47
 158 006e 226C     		ldr	r2, [r4, #64]
 159              		.loc 1 168 49 discriminator 1 view .LVU48
 160 0070 9A42     		cmp	r2, r3
 161 0072 12D0     		beq	.L9
 169:Drivers/STM32G4xx_HAL_Driver/Src/stm32g4xx_hal_rcc_ex.c ****       {
 170:Drivers/STM32G4xx_HAL_Driver/Src/stm32g4xx_hal_rcc_ex.c ****         /* Store the content of BDCR register before the reset of Backup Domain */
 171:Drivers/STM32G4xx_HAL_Driver/Src/stm32g4xx_hal_rcc_ex.c ****         tmpregister = READ_BIT(RCC->BDCR, ~(RCC_BDCR_RTCSEL));
 162              		.loc 1 171 9 is_stmt 1 view .LVU49
 163              		.loc 1 171 23 is_stmt 0 view .LVU50
 164 0074 934A     		ldr	r2, .L40
 165 0076 D2F89030 		ldr	r3, [r2, #144]
 166              	.LVL14:
 167              		.loc 1 171 21 view .LVU51
 168 007a 23F44073 		bic	r3, r3, #768
 169              	.LVL15:
ARM GAS  C:\Users\MyPC\AppData\Local\Temp\ccvsQKSL.s 			page 7


 172:Drivers/STM32G4xx_HAL_Driver/Src/stm32g4xx_hal_rcc_ex.c ****         /* RTC Clock selection can be changed only if the Backup Domain is reset */
 173:Drivers/STM32G4xx_HAL_Driver/Src/stm32g4xx_hal_rcc_ex.c ****         __HAL_RCC_BACKUPRESET_FORCE();
 170              		.loc 1 173 9 is_stmt 1 view .LVU52
 171 007e D2F89010 		ldr	r1, [r2, #144]
 172 0082 41F48031 		orr	r1, r1, #65536
 173 0086 C2F89010 		str	r1, [r2, #144]
 174:Drivers/STM32G4xx_HAL_Driver/Src/stm32g4xx_hal_rcc_ex.c ****         __HAL_RCC_BACKUPRESET_RELEASE();
 174              		.loc 1 174 9 view .LVU53
 175 008a D2F89010 		ldr	r1, [r2, #144]
 176 008e 21F48031 		bic	r1, r1, #65536
 177 0092 C2F89010 		str	r1, [r2, #144]
 175:Drivers/STM32G4xx_HAL_Driver/Src/stm32g4xx_hal_rcc_ex.c ****         /* Restore the Content of BDCR register */
 176:Drivers/STM32G4xx_HAL_Driver/Src/stm32g4xx_hal_rcc_ex.c ****         RCC->BDCR = tmpregister;
 178              		.loc 1 176 9 view .LVU54
 179              		.loc 1 176 19 is_stmt 0 view .LVU55
 180 0096 C2F89030 		str	r3, [r2, #144]
 181              	.L9:
 177:Drivers/STM32G4xx_HAL_Driver/Src/stm32g4xx_hal_rcc_ex.c ****       }
 178:Drivers/STM32G4xx_HAL_Driver/Src/stm32g4xx_hal_rcc_ex.c **** 
 179:Drivers/STM32G4xx_HAL_Driver/Src/stm32g4xx_hal_rcc_ex.c ****       /* Wait for LSE reactivation if LSE was enable prior to Backup Domain reset */
 180:Drivers/STM32G4xx_HAL_Driver/Src/stm32g4xx_hal_rcc_ex.c ****       if (HAL_IS_BIT_SET(tmpregister, RCC_BDCR_LSEON))
 182              		.loc 1 180 7 is_stmt 1 view .LVU56
 183              		.loc 1 180 10 is_stmt 0 view .LVU57
 184 009a 13F0010F 		tst	r3, #1
 185 009e 10D1     		bne	.L33
 186              	.LVL16:
 187              	.L8:
 181:Drivers/STM32G4xx_HAL_Driver/Src/stm32g4xx_hal_rcc_ex.c ****       {
 182:Drivers/STM32G4xx_HAL_Driver/Src/stm32g4xx_hal_rcc_ex.c ****         /* Get Start Tick*/
 183:Drivers/STM32G4xx_HAL_Driver/Src/stm32g4xx_hal_rcc_ex.c ****         tickstart = HAL_GetTick();
 184:Drivers/STM32G4xx_HAL_Driver/Src/stm32g4xx_hal_rcc_ex.c **** 
 185:Drivers/STM32G4xx_HAL_Driver/Src/stm32g4xx_hal_rcc_ex.c ****         /* Wait till LSE is ready */
 186:Drivers/STM32G4xx_HAL_Driver/Src/stm32g4xx_hal_rcc_ex.c ****         while(READ_BIT(RCC->BDCR, RCC_BDCR_LSERDY) == 0U)
 187:Drivers/STM32G4xx_HAL_Driver/Src/stm32g4xx_hal_rcc_ex.c ****         {
 188:Drivers/STM32G4xx_HAL_Driver/Src/stm32g4xx_hal_rcc_ex.c ****           if((HAL_GetTick() - tickstart) > RCC_LSE_TIMEOUT_VALUE)
 189:Drivers/STM32G4xx_HAL_Driver/Src/stm32g4xx_hal_rcc_ex.c ****           {
 190:Drivers/STM32G4xx_HAL_Driver/Src/stm32g4xx_hal_rcc_ex.c ****             ret = HAL_TIMEOUT;
 191:Drivers/STM32G4xx_HAL_Driver/Src/stm32g4xx_hal_rcc_ex.c ****             break;
 192:Drivers/STM32G4xx_HAL_Driver/Src/stm32g4xx_hal_rcc_ex.c ****           }
 193:Drivers/STM32G4xx_HAL_Driver/Src/stm32g4xx_hal_rcc_ex.c ****         }
 194:Drivers/STM32G4xx_HAL_Driver/Src/stm32g4xx_hal_rcc_ex.c ****       }
 195:Drivers/STM32G4xx_HAL_Driver/Src/stm32g4xx_hal_rcc_ex.c ****       
 196:Drivers/STM32G4xx_HAL_Driver/Src/stm32g4xx_hal_rcc_ex.c ****       if(ret == HAL_OK)
 188              		.loc 1 196 7 is_stmt 1 view .LVU58
 189              		.loc 1 196 9 is_stmt 0 view .LVU59
 190 00a0 45B9     		cbnz	r5, .L7
 197:Drivers/STM32G4xx_HAL_Driver/Src/stm32g4xx_hal_rcc_ex.c ****       {
 198:Drivers/STM32G4xx_HAL_Driver/Src/stm32g4xx_hal_rcc_ex.c ****         /* Apply new RTC clock source selection */
 199:Drivers/STM32G4xx_HAL_Driver/Src/stm32g4xx_hal_rcc_ex.c ****         __HAL_RCC_RTC_CONFIG(PeriphClkInit->RTCClockSelection);
 191              		.loc 1 199 9 is_stmt 1 view .LVU60
 192 00a2 884A     		ldr	r2, .L40
 193 00a4 D2F89030 		ldr	r3, [r2, #144]
 194 00a8 23F44073 		bic	r3, r3, #768
 195 00ac 216C     		ldr	r1, [r4, #64]
 196 00ae 0B43     		orrs	r3, r3, r1
 197 00b0 C2F89030 		str	r3, [r2, #144]
 198              	.L7:
ARM GAS  C:\Users\MyPC\AppData\Local\Temp\ccvsQKSL.s 			page 8


 199              	.LVL17:
 200:Drivers/STM32G4xx_HAL_Driver/Src/stm32g4xx_hal_rcc_ex.c ****       }
 201:Drivers/STM32G4xx_HAL_Driver/Src/stm32g4xx_hal_rcc_ex.c ****       else
 202:Drivers/STM32G4xx_HAL_Driver/Src/stm32g4xx_hal_rcc_ex.c ****       {
 203:Drivers/STM32G4xx_HAL_Driver/Src/stm32g4xx_hal_rcc_ex.c ****         /* set overall return value */
 204:Drivers/STM32G4xx_HAL_Driver/Src/stm32g4xx_hal_rcc_ex.c ****         status = ret;
 205:Drivers/STM32G4xx_HAL_Driver/Src/stm32g4xx_hal_rcc_ex.c ****       }
 206:Drivers/STM32G4xx_HAL_Driver/Src/stm32g4xx_hal_rcc_ex.c ****     }
 207:Drivers/STM32G4xx_HAL_Driver/Src/stm32g4xx_hal_rcc_ex.c ****     else
 208:Drivers/STM32G4xx_HAL_Driver/Src/stm32g4xx_hal_rcc_ex.c ****     {
 209:Drivers/STM32G4xx_HAL_Driver/Src/stm32g4xx_hal_rcc_ex.c ****       /* set overall return value */
 210:Drivers/STM32G4xx_HAL_Driver/Src/stm32g4xx_hal_rcc_ex.c ****       status = ret;
 211:Drivers/STM32G4xx_HAL_Driver/Src/stm32g4xx_hal_rcc_ex.c ****     }
 212:Drivers/STM32G4xx_HAL_Driver/Src/stm32g4xx_hal_rcc_ex.c **** 
 213:Drivers/STM32G4xx_HAL_Driver/Src/stm32g4xx_hal_rcc_ex.c ****     /* Restore clock configuration if changed */
 214:Drivers/STM32G4xx_HAL_Driver/Src/stm32g4xx_hal_rcc_ex.c ****     if(pwrclkchanged == SET)
 200              		.loc 1 214 5 view .LVU61
 201              		.loc 1 214 7 is_stmt 0 view .LVU62
 202 00b4 C6B1     		cbz	r6, .L2
 215:Drivers/STM32G4xx_HAL_Driver/Src/stm32g4xx_hal_rcc_ex.c ****     {
 216:Drivers/STM32G4xx_HAL_Driver/Src/stm32g4xx_hal_rcc_ex.c ****       __HAL_RCC_PWR_CLK_DISABLE();
 203              		.loc 1 216 7 is_stmt 1 view .LVU63
 204 00b6 834A     		ldr	r2, .L40
 205 00b8 936D     		ldr	r3, [r2, #88]
 206 00ba 23F08053 		bic	r3, r3, #268435456
 207 00be 9365     		str	r3, [r2, #88]
 208 00c0 12E0     		b	.L2
 209              	.LVL18:
 210              	.L33:
 183:Drivers/STM32G4xx_HAL_Driver/Src/stm32g4xx_hal_rcc_ex.c **** 
 211              		.loc 1 183 9 view .LVU64
 183:Drivers/STM32G4xx_HAL_Driver/Src/stm32g4xx_hal_rcc_ex.c **** 
 212              		.loc 1 183 21 is_stmt 0 view .LVU65
 213 00c2 FFF7FEFF 		bl	HAL_GetTick
 214              	.LVL19:
 183:Drivers/STM32G4xx_HAL_Driver/Src/stm32g4xx_hal_rcc_ex.c **** 
 215              		.loc 1 183 21 view .LVU66
 216 00c6 0746     		mov	r7, r0
 217              	.LVL20:
 186:Drivers/STM32G4xx_HAL_Driver/Src/stm32g4xx_hal_rcc_ex.c ****         {
 218              		.loc 1 186 9 is_stmt 1 view .LVU67
 219              	.L10:
 186:Drivers/STM32G4xx_HAL_Driver/Src/stm32g4xx_hal_rcc_ex.c ****         {
 220              		.loc 1 186 52 view .LVU68
 186:Drivers/STM32G4xx_HAL_Driver/Src/stm32g4xx_hal_rcc_ex.c ****         {
 221              		.loc 1 186 15 is_stmt 0 view .LVU69
 222 00c8 7E4B     		ldr	r3, .L40
 223 00ca D3F89030 		ldr	r3, [r3, #144]
 186:Drivers/STM32G4xx_HAL_Driver/Src/stm32g4xx_hal_rcc_ex.c ****         {
 224              		.loc 1 186 52 view .LVU70
 225 00ce 13F0020F 		tst	r3, #2
 226 00d2 E5D1     		bne	.L8
 188:Drivers/STM32G4xx_HAL_Driver/Src/stm32g4xx_hal_rcc_ex.c ****           {
 227              		.loc 1 188 11 is_stmt 1 view .LVU71
 188:Drivers/STM32G4xx_HAL_Driver/Src/stm32g4xx_hal_rcc_ex.c ****           {
 228              		.loc 1 188 15 is_stmt 0 view .LVU72
 229 00d4 FFF7FEFF 		bl	HAL_GetTick
ARM GAS  C:\Users\MyPC\AppData\Local\Temp\ccvsQKSL.s 			page 9


 230              	.LVL21:
 188:Drivers/STM32G4xx_HAL_Driver/Src/stm32g4xx_hal_rcc_ex.c ****           {
 231              		.loc 1 188 29 discriminator 1 view .LVU73
 232 00d8 C01B     		subs	r0, r0, r7
 188:Drivers/STM32G4xx_HAL_Driver/Src/stm32g4xx_hal_rcc_ex.c ****           {
 233              		.loc 1 188 13 discriminator 1 view .LVU74
 234 00da 41F28833 		movw	r3, #5000
 235 00de 9842     		cmp	r0, r3
 236 00e0 F2D9     		bls	.L10
 190:Drivers/STM32G4xx_HAL_Driver/Src/stm32g4xx_hal_rcc_ex.c ****             break;
 237              		.loc 1 190 17 view .LVU75
 238 00e2 0325     		movs	r5, #3
 239              	.LVL22:
 190:Drivers/STM32G4xx_HAL_Driver/Src/stm32g4xx_hal_rcc_ex.c ****             break;
 240              		.loc 1 190 17 view .LVU76
 241 00e4 DCE7     		b	.L8
 242              	.LVL23:
 243              	.L27:
 190:Drivers/STM32G4xx_HAL_Driver/Src/stm32g4xx_hal_rcc_ex.c ****             break;
 244              		.loc 1 190 17 view .LVU77
 245              	.LBE4:
 128:Drivers/STM32G4xx_HAL_Driver/Src/stm32g4xx_hal_rcc_ex.c **** 
 246              		.loc 1 128 21 view .LVU78
 247 00e6 0025     		movs	r5, #0
 248              	.LVL24:
 249              	.L2:
 217:Drivers/STM32G4xx_HAL_Driver/Src/stm32g4xx_hal_rcc_ex.c ****     }
 218:Drivers/STM32G4xx_HAL_Driver/Src/stm32g4xx_hal_rcc_ex.c ****   }
 219:Drivers/STM32G4xx_HAL_Driver/Src/stm32g4xx_hal_rcc_ex.c **** 
 220:Drivers/STM32G4xx_HAL_Driver/Src/stm32g4xx_hal_rcc_ex.c ****   /*-------------------------- USART1 clock source configuration -------------------*/
 221:Drivers/STM32G4xx_HAL_Driver/Src/stm32g4xx_hal_rcc_ex.c ****   if(((PeriphClkInit->PeriphClockSelection) & RCC_PERIPHCLK_USART1) == RCC_PERIPHCLK_USART1)
 250              		.loc 1 221 3 is_stmt 1 view .LVU79
 251              		.loc 1 221 21 is_stmt 0 view .LVU80
 252 00e8 2368     		ldr	r3, [r4]
 253              		.loc 1 221 5 view .LVU81
 254 00ea 13F0010F 		tst	r3, #1
 255 00ee 08D0     		beq	.L12
 222:Drivers/STM32G4xx_HAL_Driver/Src/stm32g4xx_hal_rcc_ex.c ****   {
 223:Drivers/STM32G4xx_HAL_Driver/Src/stm32g4xx_hal_rcc_ex.c ****     /* Check the parameters */
 224:Drivers/STM32G4xx_HAL_Driver/Src/stm32g4xx_hal_rcc_ex.c ****     assert_param(IS_RCC_USART1CLKSOURCE(PeriphClkInit->Usart1ClockSelection));
 256              		.loc 1 224 5 is_stmt 1 view .LVU82
 225:Drivers/STM32G4xx_HAL_Driver/Src/stm32g4xx_hal_rcc_ex.c **** 
 226:Drivers/STM32G4xx_HAL_Driver/Src/stm32g4xx_hal_rcc_ex.c ****     /* Configure the USART1 clock source */
 227:Drivers/STM32G4xx_HAL_Driver/Src/stm32g4xx_hal_rcc_ex.c ****     __HAL_RCC_USART1_CONFIG(PeriphClkInit->Usart1ClockSelection);
 257              		.loc 1 227 5 view .LVU83
 258 00f0 744A     		ldr	r2, .L40
 259 00f2 D2F88830 		ldr	r3, [r2, #136]
 260 00f6 23F00303 		bic	r3, r3, #3
 261 00fa 6168     		ldr	r1, [r4, #4]
 262 00fc 0B43     		orrs	r3, r3, r1
 263 00fe C2F88830 		str	r3, [r2, #136]
 264              	.L12:
 228:Drivers/STM32G4xx_HAL_Driver/Src/stm32g4xx_hal_rcc_ex.c ****   }
 229:Drivers/STM32G4xx_HAL_Driver/Src/stm32g4xx_hal_rcc_ex.c **** 
 230:Drivers/STM32G4xx_HAL_Driver/Src/stm32g4xx_hal_rcc_ex.c ****   /*-------------------------- USART2 clock source configuration -------------------*/
 231:Drivers/STM32G4xx_HAL_Driver/Src/stm32g4xx_hal_rcc_ex.c ****   if(((PeriphClkInit->PeriphClockSelection) & RCC_PERIPHCLK_USART2) == RCC_PERIPHCLK_USART2)
 265              		.loc 1 231 3 view .LVU84
ARM GAS  C:\Users\MyPC\AppData\Local\Temp\ccvsQKSL.s 			page 10


 266              		.loc 1 231 21 is_stmt 0 view .LVU85
 267 0102 2368     		ldr	r3, [r4]
 268              		.loc 1 231 5 view .LVU86
 269 0104 13F0020F 		tst	r3, #2
 270 0108 08D0     		beq	.L13
 232:Drivers/STM32G4xx_HAL_Driver/Src/stm32g4xx_hal_rcc_ex.c ****   {
 233:Drivers/STM32G4xx_HAL_Driver/Src/stm32g4xx_hal_rcc_ex.c ****     /* Check the parameters */
 234:Drivers/STM32G4xx_HAL_Driver/Src/stm32g4xx_hal_rcc_ex.c ****     assert_param(IS_RCC_USART2CLKSOURCE(PeriphClkInit->Usart2ClockSelection));
 271              		.loc 1 234 5 is_stmt 1 view .LVU87
 235:Drivers/STM32G4xx_HAL_Driver/Src/stm32g4xx_hal_rcc_ex.c **** 
 236:Drivers/STM32G4xx_HAL_Driver/Src/stm32g4xx_hal_rcc_ex.c ****     /* Configure the USART2 clock source */
 237:Drivers/STM32G4xx_HAL_Driver/Src/stm32g4xx_hal_rcc_ex.c ****     __HAL_RCC_USART2_CONFIG(PeriphClkInit->Usart2ClockSelection);
 272              		.loc 1 237 5 view .LVU88
 273 010a 6E4A     		ldr	r2, .L40
 274 010c D2F88830 		ldr	r3, [r2, #136]
 275 0110 23F00C03 		bic	r3, r3, #12
 276 0114 A168     		ldr	r1, [r4, #8]
 277 0116 0B43     		orrs	r3, r3, r1
 278 0118 C2F88830 		str	r3, [r2, #136]
 279              	.L13:
 238:Drivers/STM32G4xx_HAL_Driver/Src/stm32g4xx_hal_rcc_ex.c ****   }
 239:Drivers/STM32G4xx_HAL_Driver/Src/stm32g4xx_hal_rcc_ex.c **** 
 240:Drivers/STM32G4xx_HAL_Driver/Src/stm32g4xx_hal_rcc_ex.c **** #if defined(USART3)
 241:Drivers/STM32G4xx_HAL_Driver/Src/stm32g4xx_hal_rcc_ex.c **** 
 242:Drivers/STM32G4xx_HAL_Driver/Src/stm32g4xx_hal_rcc_ex.c ****   /*-------------------------- USART3 clock source configuration -------------------*/
 243:Drivers/STM32G4xx_HAL_Driver/Src/stm32g4xx_hal_rcc_ex.c ****   if(((PeriphClkInit->PeriphClockSelection) & RCC_PERIPHCLK_USART3) == RCC_PERIPHCLK_USART3)
 280              		.loc 1 243 3 view .LVU89
 281              		.loc 1 243 21 is_stmt 0 view .LVU90
 282 011c 2368     		ldr	r3, [r4]
 283              		.loc 1 243 5 view .LVU91
 284 011e 13F0040F 		tst	r3, #4
 285 0122 08D0     		beq	.L14
 244:Drivers/STM32G4xx_HAL_Driver/Src/stm32g4xx_hal_rcc_ex.c ****   {
 245:Drivers/STM32G4xx_HAL_Driver/Src/stm32g4xx_hal_rcc_ex.c ****     /* Check the parameters */
 246:Drivers/STM32G4xx_HAL_Driver/Src/stm32g4xx_hal_rcc_ex.c ****     assert_param(IS_RCC_USART3CLKSOURCE(PeriphClkInit->Usart3ClockSelection));
 286              		.loc 1 246 5 is_stmt 1 view .LVU92
 247:Drivers/STM32G4xx_HAL_Driver/Src/stm32g4xx_hal_rcc_ex.c **** 
 248:Drivers/STM32G4xx_HAL_Driver/Src/stm32g4xx_hal_rcc_ex.c ****     /* Configure the USART3 clock source */
 249:Drivers/STM32G4xx_HAL_Driver/Src/stm32g4xx_hal_rcc_ex.c ****     __HAL_RCC_USART3_CONFIG(PeriphClkInit->Usart3ClockSelection);
 287              		.loc 1 249 5 view .LVU93
 288 0124 674A     		ldr	r2, .L40
 289 0126 D2F88830 		ldr	r3, [r2, #136]
 290 012a 23F03003 		bic	r3, r3, #48
 291 012e E168     		ldr	r1, [r4, #12]
 292 0130 0B43     		orrs	r3, r3, r1
 293 0132 C2F88830 		str	r3, [r2, #136]
 294              	.L14:
 250:Drivers/STM32G4xx_HAL_Driver/Src/stm32g4xx_hal_rcc_ex.c ****   }
 251:Drivers/STM32G4xx_HAL_Driver/Src/stm32g4xx_hal_rcc_ex.c **** 
 252:Drivers/STM32G4xx_HAL_Driver/Src/stm32g4xx_hal_rcc_ex.c **** #endif /* USART3 */
 253:Drivers/STM32G4xx_HAL_Driver/Src/stm32g4xx_hal_rcc_ex.c **** 
 254:Drivers/STM32G4xx_HAL_Driver/Src/stm32g4xx_hal_rcc_ex.c **** #if defined(UART4)
 255:Drivers/STM32G4xx_HAL_Driver/Src/stm32g4xx_hal_rcc_ex.c ****   /*-------------------------- UART4 clock source configuration --------------------*/
 256:Drivers/STM32G4xx_HAL_Driver/Src/stm32g4xx_hal_rcc_ex.c ****   if(((PeriphClkInit->PeriphClockSelection) & RCC_PERIPHCLK_UART4) == RCC_PERIPHCLK_UART4)
 295              		.loc 1 256 3 view .LVU94
 296              		.loc 1 256 21 is_stmt 0 view .LVU95
 297 0136 2368     		ldr	r3, [r4]
ARM GAS  C:\Users\MyPC\AppData\Local\Temp\ccvsQKSL.s 			page 11


 298              		.loc 1 256 5 view .LVU96
 299 0138 13F0080F 		tst	r3, #8
 300 013c 08D0     		beq	.L15
 257:Drivers/STM32G4xx_HAL_Driver/Src/stm32g4xx_hal_rcc_ex.c ****   {
 258:Drivers/STM32G4xx_HAL_Driver/Src/stm32g4xx_hal_rcc_ex.c ****     /* Check the parameters */
 259:Drivers/STM32G4xx_HAL_Driver/Src/stm32g4xx_hal_rcc_ex.c ****     assert_param(IS_RCC_UART4CLKSOURCE(PeriphClkInit->Uart4ClockSelection));
 301              		.loc 1 259 5 is_stmt 1 view .LVU97
 260:Drivers/STM32G4xx_HAL_Driver/Src/stm32g4xx_hal_rcc_ex.c **** 
 261:Drivers/STM32G4xx_HAL_Driver/Src/stm32g4xx_hal_rcc_ex.c ****     /* Configure the UART4 clock source */
 262:Drivers/STM32G4xx_HAL_Driver/Src/stm32g4xx_hal_rcc_ex.c ****     __HAL_RCC_UART4_CONFIG(PeriphClkInit->Uart4ClockSelection);
 302              		.loc 1 262 5 view .LVU98
 303 013e 614A     		ldr	r2, .L40
 304 0140 D2F88830 		ldr	r3, [r2, #136]
 305 0144 23F0C003 		bic	r3, r3, #192
 306 0148 2169     		ldr	r1, [r4, #16]
 307 014a 0B43     		orrs	r3, r3, r1
 308 014c C2F88830 		str	r3, [r2, #136]
 309              	.L15:
 263:Drivers/STM32G4xx_HAL_Driver/Src/stm32g4xx_hal_rcc_ex.c ****   }
 264:Drivers/STM32G4xx_HAL_Driver/Src/stm32g4xx_hal_rcc_ex.c **** #endif /* UART4 */
 265:Drivers/STM32G4xx_HAL_Driver/Src/stm32g4xx_hal_rcc_ex.c **** 
 266:Drivers/STM32G4xx_HAL_Driver/Src/stm32g4xx_hal_rcc_ex.c **** #if defined(UART5)
 267:Drivers/STM32G4xx_HAL_Driver/Src/stm32g4xx_hal_rcc_ex.c **** 
 268:Drivers/STM32G4xx_HAL_Driver/Src/stm32g4xx_hal_rcc_ex.c ****   /*-------------------------- UART5 clock source configuration --------------------*/
 269:Drivers/STM32G4xx_HAL_Driver/Src/stm32g4xx_hal_rcc_ex.c ****   if(((PeriphClkInit->PeriphClockSelection) & RCC_PERIPHCLK_UART5) == RCC_PERIPHCLK_UART5)
 270:Drivers/STM32G4xx_HAL_Driver/Src/stm32g4xx_hal_rcc_ex.c ****   {
 271:Drivers/STM32G4xx_HAL_Driver/Src/stm32g4xx_hal_rcc_ex.c ****     /* Check the parameters */
 272:Drivers/STM32G4xx_HAL_Driver/Src/stm32g4xx_hal_rcc_ex.c ****     assert_param(IS_RCC_UART5CLKSOURCE(PeriphClkInit->Uart5ClockSelection));
 273:Drivers/STM32G4xx_HAL_Driver/Src/stm32g4xx_hal_rcc_ex.c **** 
 274:Drivers/STM32G4xx_HAL_Driver/Src/stm32g4xx_hal_rcc_ex.c ****     /* Configure the UART5 clock source */
 275:Drivers/STM32G4xx_HAL_Driver/Src/stm32g4xx_hal_rcc_ex.c ****     __HAL_RCC_UART5_CONFIG(PeriphClkInit->Uart5ClockSelection);
 276:Drivers/STM32G4xx_HAL_Driver/Src/stm32g4xx_hal_rcc_ex.c ****   }
 277:Drivers/STM32G4xx_HAL_Driver/Src/stm32g4xx_hal_rcc_ex.c **** 
 278:Drivers/STM32G4xx_HAL_Driver/Src/stm32g4xx_hal_rcc_ex.c **** #endif /* UART5 */
 279:Drivers/STM32G4xx_HAL_Driver/Src/stm32g4xx_hal_rcc_ex.c **** 
 280:Drivers/STM32G4xx_HAL_Driver/Src/stm32g4xx_hal_rcc_ex.c ****   /*-------------------------- LPUART1 clock source configuration ------------------*/
 281:Drivers/STM32G4xx_HAL_Driver/Src/stm32g4xx_hal_rcc_ex.c ****   if(((PeriphClkInit->PeriphClockSelection) & RCC_PERIPHCLK_LPUART1) == RCC_PERIPHCLK_LPUART1)
 310              		.loc 1 281 3 view .LVU99
 311              		.loc 1 281 21 is_stmt 0 view .LVU100
 312 0150 2368     		ldr	r3, [r4]
 313              		.loc 1 281 5 view .LVU101
 314 0152 13F0200F 		tst	r3, #32
 315 0156 08D0     		beq	.L16
 282:Drivers/STM32G4xx_HAL_Driver/Src/stm32g4xx_hal_rcc_ex.c ****   {
 283:Drivers/STM32G4xx_HAL_Driver/Src/stm32g4xx_hal_rcc_ex.c ****     /* Check the parameters */
 284:Drivers/STM32G4xx_HAL_Driver/Src/stm32g4xx_hal_rcc_ex.c ****     assert_param(IS_RCC_LPUART1CLKSOURCE(PeriphClkInit->Lpuart1ClockSelection));
 316              		.loc 1 284 5 is_stmt 1 view .LVU102
 285:Drivers/STM32G4xx_HAL_Driver/Src/stm32g4xx_hal_rcc_ex.c **** 
 286:Drivers/STM32G4xx_HAL_Driver/Src/stm32g4xx_hal_rcc_ex.c ****     /* Configure the LPUAR1 clock source */
 287:Drivers/STM32G4xx_HAL_Driver/Src/stm32g4xx_hal_rcc_ex.c ****     __HAL_RCC_LPUART1_CONFIG(PeriphClkInit->Lpuart1ClockSelection);
 317              		.loc 1 287 5 view .LVU103
 318 0158 5A4A     		ldr	r2, .L40
 319 015a D2F88830 		ldr	r3, [r2, #136]
 320 015e 23F44063 		bic	r3, r3, #3072
 321 0162 6169     		ldr	r1, [r4, #20]
 322 0164 0B43     		orrs	r3, r3, r1
 323 0166 C2F88830 		str	r3, [r2, #136]
ARM GAS  C:\Users\MyPC\AppData\Local\Temp\ccvsQKSL.s 			page 12


 324              	.L16:
 288:Drivers/STM32G4xx_HAL_Driver/Src/stm32g4xx_hal_rcc_ex.c ****   }
 289:Drivers/STM32G4xx_HAL_Driver/Src/stm32g4xx_hal_rcc_ex.c **** 
 290:Drivers/STM32G4xx_HAL_Driver/Src/stm32g4xx_hal_rcc_ex.c ****   /*-------------------------- I2C1 clock source configuration ---------------------*/
 291:Drivers/STM32G4xx_HAL_Driver/Src/stm32g4xx_hal_rcc_ex.c ****   if(((PeriphClkInit->PeriphClockSelection) & RCC_PERIPHCLK_I2C1) == RCC_PERIPHCLK_I2C1)
 325              		.loc 1 291 3 view .LVU104
 326              		.loc 1 291 21 is_stmt 0 view .LVU105
 327 016a 2368     		ldr	r3, [r4]
 328              		.loc 1 291 5 view .LVU106
 329 016c 13F0400F 		tst	r3, #64
 330 0170 08D0     		beq	.L17
 292:Drivers/STM32G4xx_HAL_Driver/Src/stm32g4xx_hal_rcc_ex.c ****   {
 293:Drivers/STM32G4xx_HAL_Driver/Src/stm32g4xx_hal_rcc_ex.c ****     /* Check the parameters */
 294:Drivers/STM32G4xx_HAL_Driver/Src/stm32g4xx_hal_rcc_ex.c ****     assert_param(IS_RCC_I2C1CLKSOURCE(PeriphClkInit->I2c1ClockSelection));
 331              		.loc 1 294 5 is_stmt 1 view .LVU107
 295:Drivers/STM32G4xx_HAL_Driver/Src/stm32g4xx_hal_rcc_ex.c **** 
 296:Drivers/STM32G4xx_HAL_Driver/Src/stm32g4xx_hal_rcc_ex.c ****     /* Configure the I2C1 clock source */
 297:Drivers/STM32G4xx_HAL_Driver/Src/stm32g4xx_hal_rcc_ex.c ****     __HAL_RCC_I2C1_CONFIG(PeriphClkInit->I2c1ClockSelection);
 332              		.loc 1 297 5 view .LVU108
 333 0172 544A     		ldr	r2, .L40
 334 0174 D2F88830 		ldr	r3, [r2, #136]
 335 0178 23F44053 		bic	r3, r3, #12288
 336 017c A169     		ldr	r1, [r4, #24]
 337 017e 0B43     		orrs	r3, r3, r1
 338 0180 C2F88830 		str	r3, [r2, #136]
 339              	.L17:
 298:Drivers/STM32G4xx_HAL_Driver/Src/stm32g4xx_hal_rcc_ex.c ****   }
 299:Drivers/STM32G4xx_HAL_Driver/Src/stm32g4xx_hal_rcc_ex.c **** 
 300:Drivers/STM32G4xx_HAL_Driver/Src/stm32g4xx_hal_rcc_ex.c ****   /*-------------------------- I2C2 clock source configuration ---------------------*/
 301:Drivers/STM32G4xx_HAL_Driver/Src/stm32g4xx_hal_rcc_ex.c ****   if(((PeriphClkInit->PeriphClockSelection) & RCC_PERIPHCLK_I2C2) == RCC_PERIPHCLK_I2C2)
 340              		.loc 1 301 3 view .LVU109
 341              		.loc 1 301 21 is_stmt 0 view .LVU110
 342 0184 2368     		ldr	r3, [r4]
 343              		.loc 1 301 5 view .LVU111
 344 0186 13F0800F 		tst	r3, #128
 345 018a 08D0     		beq	.L18
 302:Drivers/STM32G4xx_HAL_Driver/Src/stm32g4xx_hal_rcc_ex.c ****   {
 303:Drivers/STM32G4xx_HAL_Driver/Src/stm32g4xx_hal_rcc_ex.c ****     /* Check the parameters */
 304:Drivers/STM32G4xx_HAL_Driver/Src/stm32g4xx_hal_rcc_ex.c ****     assert_param(IS_RCC_I2C2CLKSOURCE(PeriphClkInit->I2c2ClockSelection));
 346              		.loc 1 304 5 is_stmt 1 view .LVU112
 305:Drivers/STM32G4xx_HAL_Driver/Src/stm32g4xx_hal_rcc_ex.c **** 
 306:Drivers/STM32G4xx_HAL_Driver/Src/stm32g4xx_hal_rcc_ex.c ****     /* Configure the I2C2 clock source */
 307:Drivers/STM32G4xx_HAL_Driver/Src/stm32g4xx_hal_rcc_ex.c ****     __HAL_RCC_I2C2_CONFIG(PeriphClkInit->I2c2ClockSelection);
 347              		.loc 1 307 5 view .LVU113
 348 018c 4D4A     		ldr	r2, .L40
 349 018e D2F88830 		ldr	r3, [r2, #136]
 350 0192 23F44043 		bic	r3, r3, #49152
 351 0196 E169     		ldr	r1, [r4, #28]
 352 0198 0B43     		orrs	r3, r3, r1
 353 019a C2F88830 		str	r3, [r2, #136]
 354              	.L18:
 308:Drivers/STM32G4xx_HAL_Driver/Src/stm32g4xx_hal_rcc_ex.c ****   }
 309:Drivers/STM32G4xx_HAL_Driver/Src/stm32g4xx_hal_rcc_ex.c **** #if defined(I2C3)
 310:Drivers/STM32G4xx_HAL_Driver/Src/stm32g4xx_hal_rcc_ex.c **** 
 311:Drivers/STM32G4xx_HAL_Driver/Src/stm32g4xx_hal_rcc_ex.c ****   /*-------------------------- I2C3 clock source configuration ---------------------*/
 312:Drivers/STM32G4xx_HAL_Driver/Src/stm32g4xx_hal_rcc_ex.c ****   if(((PeriphClkInit->PeriphClockSelection) & RCC_PERIPHCLK_I2C3) == RCC_PERIPHCLK_I2C3)
 355              		.loc 1 312 3 view .LVU114
ARM GAS  C:\Users\MyPC\AppData\Local\Temp\ccvsQKSL.s 			page 13


 356              		.loc 1 312 21 is_stmt 0 view .LVU115
 357 019e 2368     		ldr	r3, [r4]
 358              		.loc 1 312 5 view .LVU116
 359 01a0 13F4807F 		tst	r3, #256
 360 01a4 08D0     		beq	.L19
 313:Drivers/STM32G4xx_HAL_Driver/Src/stm32g4xx_hal_rcc_ex.c ****   {
 314:Drivers/STM32G4xx_HAL_Driver/Src/stm32g4xx_hal_rcc_ex.c ****     /* Check the parameters */
 315:Drivers/STM32G4xx_HAL_Driver/Src/stm32g4xx_hal_rcc_ex.c ****     assert_param(IS_RCC_I2C3CLKSOURCE(PeriphClkInit->I2c3ClockSelection));
 361              		.loc 1 315 5 is_stmt 1 view .LVU117
 316:Drivers/STM32G4xx_HAL_Driver/Src/stm32g4xx_hal_rcc_ex.c **** 
 317:Drivers/STM32G4xx_HAL_Driver/Src/stm32g4xx_hal_rcc_ex.c ****     /* Configure the I2C3 clock source */
 318:Drivers/STM32G4xx_HAL_Driver/Src/stm32g4xx_hal_rcc_ex.c ****     __HAL_RCC_I2C3_CONFIG(PeriphClkInit->I2c3ClockSelection);
 362              		.loc 1 318 5 view .LVU118
 363 01a6 474A     		ldr	r2, .L40
 364 01a8 D2F88830 		ldr	r3, [r2, #136]
 365 01ac 23F44033 		bic	r3, r3, #196608
 366 01b0 216A     		ldr	r1, [r4, #32]
 367 01b2 0B43     		orrs	r3, r3, r1
 368 01b4 C2F88830 		str	r3, [r2, #136]
 369              	.L19:
 319:Drivers/STM32G4xx_HAL_Driver/Src/stm32g4xx_hal_rcc_ex.c ****   }
 320:Drivers/STM32G4xx_HAL_Driver/Src/stm32g4xx_hal_rcc_ex.c **** 
 321:Drivers/STM32G4xx_HAL_Driver/Src/stm32g4xx_hal_rcc_ex.c **** #endif /* I2C3 */
 322:Drivers/STM32G4xx_HAL_Driver/Src/stm32g4xx_hal_rcc_ex.c **** #if defined(I2C4)
 323:Drivers/STM32G4xx_HAL_Driver/Src/stm32g4xx_hal_rcc_ex.c **** 
 324:Drivers/STM32G4xx_HAL_Driver/Src/stm32g4xx_hal_rcc_ex.c ****   /*-------------------------- I2C4 clock source configuration ---------------------*/
 325:Drivers/STM32G4xx_HAL_Driver/Src/stm32g4xx_hal_rcc_ex.c ****   if(((PeriphClkInit->PeriphClockSelection) & RCC_PERIPHCLK_I2C4) == RCC_PERIPHCLK_I2C4)
 326:Drivers/STM32G4xx_HAL_Driver/Src/stm32g4xx_hal_rcc_ex.c ****   {
 327:Drivers/STM32G4xx_HAL_Driver/Src/stm32g4xx_hal_rcc_ex.c ****     /* Check the parameters */
 328:Drivers/STM32G4xx_HAL_Driver/Src/stm32g4xx_hal_rcc_ex.c ****     assert_param(IS_RCC_I2C4CLKSOURCE(PeriphClkInit->I2c4ClockSelection));
 329:Drivers/STM32G4xx_HAL_Driver/Src/stm32g4xx_hal_rcc_ex.c **** 
 330:Drivers/STM32G4xx_HAL_Driver/Src/stm32g4xx_hal_rcc_ex.c ****     /* Configure the I2C4 clock source */
 331:Drivers/STM32G4xx_HAL_Driver/Src/stm32g4xx_hal_rcc_ex.c ****     __HAL_RCC_I2C4_CONFIG(PeriphClkInit->I2c4ClockSelection);
 332:Drivers/STM32G4xx_HAL_Driver/Src/stm32g4xx_hal_rcc_ex.c ****   }
 333:Drivers/STM32G4xx_HAL_Driver/Src/stm32g4xx_hal_rcc_ex.c **** 
 334:Drivers/STM32G4xx_HAL_Driver/Src/stm32g4xx_hal_rcc_ex.c **** #endif /* I2C4 */
 335:Drivers/STM32G4xx_HAL_Driver/Src/stm32g4xx_hal_rcc_ex.c **** 
 336:Drivers/STM32G4xx_HAL_Driver/Src/stm32g4xx_hal_rcc_ex.c ****   /*-------------------------- LPTIM1 clock source configuration ---------------------*/
 337:Drivers/STM32G4xx_HAL_Driver/Src/stm32g4xx_hal_rcc_ex.c ****   if(((PeriphClkInit->PeriphClockSelection) & RCC_PERIPHCLK_LPTIM1) == RCC_PERIPHCLK_LPTIM1)
 370              		.loc 1 337 3 view .LVU119
 371              		.loc 1 337 21 is_stmt 0 view .LVU120
 372 01b8 2368     		ldr	r3, [r4]
 373              		.loc 1 337 5 view .LVU121
 374 01ba 13F4007F 		tst	r3, #512
 375 01be 08D0     		beq	.L20
 338:Drivers/STM32G4xx_HAL_Driver/Src/stm32g4xx_hal_rcc_ex.c ****   {
 339:Drivers/STM32G4xx_HAL_Driver/Src/stm32g4xx_hal_rcc_ex.c ****     /* Check the parameters */
 340:Drivers/STM32G4xx_HAL_Driver/Src/stm32g4xx_hal_rcc_ex.c ****     assert_param(IS_RCC_LPTIM1CLKSOURCE(PeriphClkInit->Lptim1ClockSelection));
 376              		.loc 1 340 5 is_stmt 1 view .LVU122
 341:Drivers/STM32G4xx_HAL_Driver/Src/stm32g4xx_hal_rcc_ex.c **** 
 342:Drivers/STM32G4xx_HAL_Driver/Src/stm32g4xx_hal_rcc_ex.c ****     /* Configure the LPTIM1 clock source */
 343:Drivers/STM32G4xx_HAL_Driver/Src/stm32g4xx_hal_rcc_ex.c ****     __HAL_RCC_LPTIM1_CONFIG(PeriphClkInit->Lptim1ClockSelection);
 377              		.loc 1 343 5 view .LVU123
 378 01c0 404A     		ldr	r2, .L40
 379 01c2 D2F88830 		ldr	r3, [r2, #136]
 380 01c6 23F44023 		bic	r3, r3, #786432
 381 01ca 616A     		ldr	r1, [r4, #36]
ARM GAS  C:\Users\MyPC\AppData\Local\Temp\ccvsQKSL.s 			page 14


 382 01cc 0B43     		orrs	r3, r3, r1
 383 01ce C2F88830 		str	r3, [r2, #136]
 384              	.L20:
 344:Drivers/STM32G4xx_HAL_Driver/Src/stm32g4xx_hal_rcc_ex.c ****   }
 345:Drivers/STM32G4xx_HAL_Driver/Src/stm32g4xx_hal_rcc_ex.c **** 
 346:Drivers/STM32G4xx_HAL_Driver/Src/stm32g4xx_hal_rcc_ex.c **** #if defined(SAI1) 
 347:Drivers/STM32G4xx_HAL_Driver/Src/stm32g4xx_hal_rcc_ex.c ****   /*-------------------------- SAI1 clock source configuration ---------------------*/
 348:Drivers/STM32G4xx_HAL_Driver/Src/stm32g4xx_hal_rcc_ex.c ****   if(((PeriphClkInit->PeriphClockSelection) & RCC_PERIPHCLK_SAI1) == RCC_PERIPHCLK_SAI1)
 385              		.loc 1 348 3 view .LVU124
 386              		.loc 1 348 21 is_stmt 0 view .LVU125
 387 01d2 2368     		ldr	r3, [r4]
 388              		.loc 1 348 5 view .LVU126
 389 01d4 13F4806F 		tst	r3, #1024
 390 01d8 0CD0     		beq	.L21
 349:Drivers/STM32G4xx_HAL_Driver/Src/stm32g4xx_hal_rcc_ex.c ****   {
 350:Drivers/STM32G4xx_HAL_Driver/Src/stm32g4xx_hal_rcc_ex.c ****     /* Check the parameters */
 351:Drivers/STM32G4xx_HAL_Driver/Src/stm32g4xx_hal_rcc_ex.c ****     assert_param(IS_RCC_SAI1CLKSOURCE(PeriphClkInit->Sai1ClockSelection));
 391              		.loc 1 351 5 is_stmt 1 view .LVU127
 352:Drivers/STM32G4xx_HAL_Driver/Src/stm32g4xx_hal_rcc_ex.c **** 
 353:Drivers/STM32G4xx_HAL_Driver/Src/stm32g4xx_hal_rcc_ex.c ****     /* Configure the SAI1 interface clock source */
 354:Drivers/STM32G4xx_HAL_Driver/Src/stm32g4xx_hal_rcc_ex.c ****     __HAL_RCC_SAI1_CONFIG(PeriphClkInit->Sai1ClockSelection);
 392              		.loc 1 354 5 view .LVU128
 393 01da 3A4A     		ldr	r2, .L40
 394 01dc D2F88830 		ldr	r3, [r2, #136]
 395 01e0 23F44013 		bic	r3, r3, #3145728
 396 01e4 A16A     		ldr	r1, [r4, #40]
 397 01e6 0B43     		orrs	r3, r3, r1
 398 01e8 C2F88830 		str	r3, [r2, #136]
 355:Drivers/STM32G4xx_HAL_Driver/Src/stm32g4xx_hal_rcc_ex.c ****     
 356:Drivers/STM32G4xx_HAL_Driver/Src/stm32g4xx_hal_rcc_ex.c ****     if(PeriphClkInit->Sai1ClockSelection == RCC_SAI1CLKSOURCE_PLL)
 399              		.loc 1 356 5 view .LVU129
 400              		.loc 1 356 21 is_stmt 0 view .LVU130
 401 01ec A36A     		ldr	r3, [r4, #40]
 402              		.loc 1 356 7 view .LVU131
 403 01ee B3F5801F 		cmp	r3, #1048576
 404 01f2 57D0     		beq	.L34
 405              	.L21:
 357:Drivers/STM32G4xx_HAL_Driver/Src/stm32g4xx_hal_rcc_ex.c ****     {
 358:Drivers/STM32G4xx_HAL_Driver/Src/stm32g4xx_hal_rcc_ex.c ****       /* Enable PLL48M1CLK output */
 359:Drivers/STM32G4xx_HAL_Driver/Src/stm32g4xx_hal_rcc_ex.c ****       __HAL_RCC_PLLCLKOUT_ENABLE(RCC_PLL_48M1CLK);
 360:Drivers/STM32G4xx_HAL_Driver/Src/stm32g4xx_hal_rcc_ex.c ****     }
 361:Drivers/STM32G4xx_HAL_Driver/Src/stm32g4xx_hal_rcc_ex.c ****   }
 362:Drivers/STM32G4xx_HAL_Driver/Src/stm32g4xx_hal_rcc_ex.c **** 
 363:Drivers/STM32G4xx_HAL_Driver/Src/stm32g4xx_hal_rcc_ex.c **** #endif /* SAI1 */
 364:Drivers/STM32G4xx_HAL_Driver/Src/stm32g4xx_hal_rcc_ex.c **** 
 365:Drivers/STM32G4xx_HAL_Driver/Src/stm32g4xx_hal_rcc_ex.c **** #if defined(SPI_I2S_SUPPORT)
 366:Drivers/STM32G4xx_HAL_Driver/Src/stm32g4xx_hal_rcc_ex.c ****   /*-------------------------- I2S clock source configuration ---------------------*/
 367:Drivers/STM32G4xx_HAL_Driver/Src/stm32g4xx_hal_rcc_ex.c ****   if(((PeriphClkInit->PeriphClockSelection) & RCC_PERIPHCLK_I2S) == RCC_PERIPHCLK_I2S)
 406              		.loc 1 367 3 is_stmt 1 view .LVU132
 407              		.loc 1 367 21 is_stmt 0 view .LVU133
 408 01f4 2368     		ldr	r3, [r4]
 409              		.loc 1 367 5 view .LVU134
 410 01f6 13F4006F 		tst	r3, #2048
 411 01fa 0CD0     		beq	.L22
 368:Drivers/STM32G4xx_HAL_Driver/Src/stm32g4xx_hal_rcc_ex.c ****   {
 369:Drivers/STM32G4xx_HAL_Driver/Src/stm32g4xx_hal_rcc_ex.c ****     /* Check the parameters */
 370:Drivers/STM32G4xx_HAL_Driver/Src/stm32g4xx_hal_rcc_ex.c ****     assert_param(IS_RCC_I2SCLKSOURCE(PeriphClkInit->I2sClockSelection));
ARM GAS  C:\Users\MyPC\AppData\Local\Temp\ccvsQKSL.s 			page 15


 412              		.loc 1 370 5 is_stmt 1 view .LVU135
 371:Drivers/STM32G4xx_HAL_Driver/Src/stm32g4xx_hal_rcc_ex.c **** 
 372:Drivers/STM32G4xx_HAL_Driver/Src/stm32g4xx_hal_rcc_ex.c ****     /* Configure the I2S interface clock source */
 373:Drivers/STM32G4xx_HAL_Driver/Src/stm32g4xx_hal_rcc_ex.c ****     __HAL_RCC_I2S_CONFIG(PeriphClkInit->I2sClockSelection);
 413              		.loc 1 373 5 view .LVU136
 414 01fc 314A     		ldr	r2, .L40
 415 01fe D2F88830 		ldr	r3, [r2, #136]
 416 0202 23F44003 		bic	r3, r3, #12582912
 417 0206 E16A     		ldr	r1, [r4, #44]
 418 0208 0B43     		orrs	r3, r3, r1
 419 020a C2F88830 		str	r3, [r2, #136]
 374:Drivers/STM32G4xx_HAL_Driver/Src/stm32g4xx_hal_rcc_ex.c ****     
 375:Drivers/STM32G4xx_HAL_Driver/Src/stm32g4xx_hal_rcc_ex.c ****     if(PeriphClkInit->I2sClockSelection == RCC_I2SCLKSOURCE_PLL)
 420              		.loc 1 375 5 view .LVU137
 421              		.loc 1 375 21 is_stmt 0 view .LVU138
 422 020e E36A     		ldr	r3, [r4, #44]
 423              		.loc 1 375 7 view .LVU139
 424 0210 B3F5800F 		cmp	r3, #4194304
 425 0214 4BD0     		beq	.L35
 426              	.L22:
 376:Drivers/STM32G4xx_HAL_Driver/Src/stm32g4xx_hal_rcc_ex.c ****     {
 377:Drivers/STM32G4xx_HAL_Driver/Src/stm32g4xx_hal_rcc_ex.c ****       /* Enable PLL48M1CLK output */
 378:Drivers/STM32G4xx_HAL_Driver/Src/stm32g4xx_hal_rcc_ex.c ****       __HAL_RCC_PLLCLKOUT_ENABLE(RCC_PLL_48M1CLK);
 379:Drivers/STM32G4xx_HAL_Driver/Src/stm32g4xx_hal_rcc_ex.c ****     }
 380:Drivers/STM32G4xx_HAL_Driver/Src/stm32g4xx_hal_rcc_ex.c ****   }
 381:Drivers/STM32G4xx_HAL_Driver/Src/stm32g4xx_hal_rcc_ex.c **** 
 382:Drivers/STM32G4xx_HAL_Driver/Src/stm32g4xx_hal_rcc_ex.c **** #endif /* SPI_I2S_SUPPORT */
 383:Drivers/STM32G4xx_HAL_Driver/Src/stm32g4xx_hal_rcc_ex.c **** 
 384:Drivers/STM32G4xx_HAL_Driver/Src/stm32g4xx_hal_rcc_ex.c **** #if defined(FDCAN1)
 385:Drivers/STM32G4xx_HAL_Driver/Src/stm32g4xx_hal_rcc_ex.c ****   /*-------------------------- FDCAN clock source configuration ---------------------*/
 386:Drivers/STM32G4xx_HAL_Driver/Src/stm32g4xx_hal_rcc_ex.c ****   if(((PeriphClkInit->PeriphClockSelection) & RCC_PERIPHCLK_FDCAN) == RCC_PERIPHCLK_FDCAN)
 427              		.loc 1 386 3 is_stmt 1 view .LVU140
 428              		.loc 1 386 21 is_stmt 0 view .LVU141
 429 0216 2368     		ldr	r3, [r4]
 430              		.loc 1 386 5 view .LVU142
 431 0218 13F4805F 		tst	r3, #4096
 432 021c 0CD0     		beq	.L23
 387:Drivers/STM32G4xx_HAL_Driver/Src/stm32g4xx_hal_rcc_ex.c ****   {
 388:Drivers/STM32G4xx_HAL_Driver/Src/stm32g4xx_hal_rcc_ex.c ****     /* Check the parameters */
 389:Drivers/STM32G4xx_HAL_Driver/Src/stm32g4xx_hal_rcc_ex.c ****     assert_param(IS_RCC_FDCANCLKSOURCE(PeriphClkInit->FdcanClockSelection));
 433              		.loc 1 389 5 is_stmt 1 view .LVU143
 390:Drivers/STM32G4xx_HAL_Driver/Src/stm32g4xx_hal_rcc_ex.c **** 
 391:Drivers/STM32G4xx_HAL_Driver/Src/stm32g4xx_hal_rcc_ex.c ****     /* Configure the FDCAN interface clock source */
 392:Drivers/STM32G4xx_HAL_Driver/Src/stm32g4xx_hal_rcc_ex.c ****     __HAL_RCC_FDCAN_CONFIG(PeriphClkInit->FdcanClockSelection);
 434              		.loc 1 392 5 view .LVU144
 435 021e 294A     		ldr	r2, .L40
 436 0220 D2F88830 		ldr	r3, [r2, #136]
 437 0224 23F04073 		bic	r3, r3, #50331648
 438 0228 216B     		ldr	r1, [r4, #48]
 439 022a 0B43     		orrs	r3, r3, r1
 440 022c C2F88830 		str	r3, [r2, #136]
 393:Drivers/STM32G4xx_HAL_Driver/Src/stm32g4xx_hal_rcc_ex.c ****     
 394:Drivers/STM32G4xx_HAL_Driver/Src/stm32g4xx_hal_rcc_ex.c ****     if(PeriphClkInit->FdcanClockSelection == RCC_FDCANCLKSOURCE_PLL)
 441              		.loc 1 394 5 view .LVU145
 442              		.loc 1 394 21 is_stmt 0 view .LVU146
 443 0230 236B     		ldr	r3, [r4, #48]
 444              		.loc 1 394 7 view .LVU147
ARM GAS  C:\Users\MyPC\AppData\Local\Temp\ccvsQKSL.s 			page 16


 445 0232 B3F1807F 		cmp	r3, #16777216
 446 0236 3FD0     		beq	.L36
 447              	.L23:
 395:Drivers/STM32G4xx_HAL_Driver/Src/stm32g4xx_hal_rcc_ex.c ****     {
 396:Drivers/STM32G4xx_HAL_Driver/Src/stm32g4xx_hal_rcc_ex.c ****       /* Enable PLL48M1CLK output */
 397:Drivers/STM32G4xx_HAL_Driver/Src/stm32g4xx_hal_rcc_ex.c ****       __HAL_RCC_PLLCLKOUT_ENABLE(RCC_PLL_48M1CLK);
 398:Drivers/STM32G4xx_HAL_Driver/Src/stm32g4xx_hal_rcc_ex.c ****     }
 399:Drivers/STM32G4xx_HAL_Driver/Src/stm32g4xx_hal_rcc_ex.c ****   }
 400:Drivers/STM32G4xx_HAL_Driver/Src/stm32g4xx_hal_rcc_ex.c **** #endif /* FDCAN1 */
 401:Drivers/STM32G4xx_HAL_Driver/Src/stm32g4xx_hal_rcc_ex.c **** 
 402:Drivers/STM32G4xx_HAL_Driver/Src/stm32g4xx_hal_rcc_ex.c **** #if defined(USB)
 403:Drivers/STM32G4xx_HAL_Driver/Src/stm32g4xx_hal_rcc_ex.c **** 
 404:Drivers/STM32G4xx_HAL_Driver/Src/stm32g4xx_hal_rcc_ex.c ****   /*-------------------------- USB clock source configuration ----------------------*/
 405:Drivers/STM32G4xx_HAL_Driver/Src/stm32g4xx_hal_rcc_ex.c ****   if(((PeriphClkInit->PeriphClockSelection) & RCC_PERIPHCLK_USB) == (RCC_PERIPHCLK_USB))
 448              		.loc 1 405 3 is_stmt 1 view .LVU148
 449              		.loc 1 405 21 is_stmt 0 view .LVU149
 450 0238 2368     		ldr	r3, [r4]
 451              		.loc 1 405 5 view .LVU150
 452 023a 13F4005F 		tst	r3, #8192
 453 023e 0CD0     		beq	.L24
 406:Drivers/STM32G4xx_HAL_Driver/Src/stm32g4xx_hal_rcc_ex.c ****   {
 407:Drivers/STM32G4xx_HAL_Driver/Src/stm32g4xx_hal_rcc_ex.c ****     assert_param(IS_RCC_USBCLKSOURCE(PeriphClkInit->UsbClockSelection));
 454              		.loc 1 407 5 is_stmt 1 view .LVU151
 408:Drivers/STM32G4xx_HAL_Driver/Src/stm32g4xx_hal_rcc_ex.c ****     __HAL_RCC_USB_CONFIG(PeriphClkInit->UsbClockSelection);
 455              		.loc 1 408 5 view .LVU152
 456 0240 204A     		ldr	r2, .L40
 457 0242 D2F88830 		ldr	r3, [r2, #136]
 458 0246 23F04063 		bic	r3, r3, #201326592
 459 024a 616B     		ldr	r1, [r4, #52]
 460 024c 0B43     		orrs	r3, r3, r1
 461 024e C2F88830 		str	r3, [r2, #136]
 409:Drivers/STM32G4xx_HAL_Driver/Src/stm32g4xx_hal_rcc_ex.c **** 
 410:Drivers/STM32G4xx_HAL_Driver/Src/stm32g4xx_hal_rcc_ex.c ****     if(PeriphClkInit->UsbClockSelection == RCC_USBCLKSOURCE_PLL)
 462              		.loc 1 410 5 view .LVU153
 463              		.loc 1 410 21 is_stmt 0 view .LVU154
 464 0252 636B     		ldr	r3, [r4, #52]
 465              		.loc 1 410 7 view .LVU155
 466 0254 B3F1006F 		cmp	r3, #134217728
 467 0258 38D0     		beq	.L37
 468              	.L24:
 411:Drivers/STM32G4xx_HAL_Driver/Src/stm32g4xx_hal_rcc_ex.c ****     {
 412:Drivers/STM32G4xx_HAL_Driver/Src/stm32g4xx_hal_rcc_ex.c ****       /* Enable PLL48M1CLK output */
 413:Drivers/STM32G4xx_HAL_Driver/Src/stm32g4xx_hal_rcc_ex.c ****       __HAL_RCC_PLLCLKOUT_ENABLE(RCC_PLL_48M1CLK);
 414:Drivers/STM32G4xx_HAL_Driver/Src/stm32g4xx_hal_rcc_ex.c ****     }
 415:Drivers/STM32G4xx_HAL_Driver/Src/stm32g4xx_hal_rcc_ex.c ****   }
 416:Drivers/STM32G4xx_HAL_Driver/Src/stm32g4xx_hal_rcc_ex.c **** 
 417:Drivers/STM32G4xx_HAL_Driver/Src/stm32g4xx_hal_rcc_ex.c **** #endif /* USB */
 418:Drivers/STM32G4xx_HAL_Driver/Src/stm32g4xx_hal_rcc_ex.c **** 
 419:Drivers/STM32G4xx_HAL_Driver/Src/stm32g4xx_hal_rcc_ex.c ****   /*-------------------------- RNG clock source configuration ----------------------*/
 420:Drivers/STM32G4xx_HAL_Driver/Src/stm32g4xx_hal_rcc_ex.c ****   if(((PeriphClkInit->PeriphClockSelection) & RCC_PERIPHCLK_RNG) == (RCC_PERIPHCLK_RNG))
 469              		.loc 1 420 3 is_stmt 1 view .LVU156
 470              		.loc 1 420 21 is_stmt 0 view .LVU157
 471 025a 2368     		ldr	r3, [r4]
 472              		.loc 1 420 5 view .LVU158
 473 025c 13F4804F 		tst	r3, #16384
 474 0260 0CD0     		beq	.L25
 421:Drivers/STM32G4xx_HAL_Driver/Src/stm32g4xx_hal_rcc_ex.c ****   {
ARM GAS  C:\Users\MyPC\AppData\Local\Temp\ccvsQKSL.s 			page 17


 422:Drivers/STM32G4xx_HAL_Driver/Src/stm32g4xx_hal_rcc_ex.c ****     assert_param(IS_RCC_RNGCLKSOURCE(PeriphClkInit->RngClockSelection));
 475              		.loc 1 422 5 is_stmt 1 view .LVU159
 423:Drivers/STM32G4xx_HAL_Driver/Src/stm32g4xx_hal_rcc_ex.c ****     __HAL_RCC_RNG_CONFIG(PeriphClkInit->RngClockSelection);
 476              		.loc 1 423 5 view .LVU160
 477 0262 184A     		ldr	r2, .L40
 478 0264 D2F88830 		ldr	r3, [r2, #136]
 479 0268 23F04063 		bic	r3, r3, #201326592
 480 026c A16B     		ldr	r1, [r4, #56]
 481 026e 0B43     		orrs	r3, r3, r1
 482 0270 C2F88830 		str	r3, [r2, #136]
 424:Drivers/STM32G4xx_HAL_Driver/Src/stm32g4xx_hal_rcc_ex.c **** 
 425:Drivers/STM32G4xx_HAL_Driver/Src/stm32g4xx_hal_rcc_ex.c ****     if(PeriphClkInit->RngClockSelection == RCC_RNGCLKSOURCE_PLL)
 483              		.loc 1 425 5 view .LVU161
 484              		.loc 1 425 21 is_stmt 0 view .LVU162
 485 0274 A36B     		ldr	r3, [r4, #56]
 486              		.loc 1 425 7 view .LVU163
 487 0276 B3F1006F 		cmp	r3, #134217728
 488 027a 2CD0     		beq	.L38
 489              	.L25:
 426:Drivers/STM32G4xx_HAL_Driver/Src/stm32g4xx_hal_rcc_ex.c ****     {
 427:Drivers/STM32G4xx_HAL_Driver/Src/stm32g4xx_hal_rcc_ex.c ****       /* Enable PLL48M1CLK output */
 428:Drivers/STM32G4xx_HAL_Driver/Src/stm32g4xx_hal_rcc_ex.c ****       __HAL_RCC_PLLCLKOUT_ENABLE(RCC_PLL_48M1CLK);
 429:Drivers/STM32G4xx_HAL_Driver/Src/stm32g4xx_hal_rcc_ex.c ****     }
 430:Drivers/STM32G4xx_HAL_Driver/Src/stm32g4xx_hal_rcc_ex.c ****   }
 431:Drivers/STM32G4xx_HAL_Driver/Src/stm32g4xx_hal_rcc_ex.c **** 
 432:Drivers/STM32G4xx_HAL_Driver/Src/stm32g4xx_hal_rcc_ex.c ****   /*-------------------------- ADC12 clock source configuration ----------------------*/
 433:Drivers/STM32G4xx_HAL_Driver/Src/stm32g4xx_hal_rcc_ex.c ****   if(((PeriphClkInit->PeriphClockSelection) & RCC_PERIPHCLK_ADC12) == RCC_PERIPHCLK_ADC12)
 490              		.loc 1 433 3 is_stmt 1 view .LVU164
 491              		.loc 1 433 21 is_stmt 0 view .LVU165
 492 027c 2368     		ldr	r3, [r4]
 493              		.loc 1 433 5 view .LVU166
 494 027e 13F4004F 		tst	r3, #32768
 495 0282 0CD0     		beq	.L26
 434:Drivers/STM32G4xx_HAL_Driver/Src/stm32g4xx_hal_rcc_ex.c ****   {
 435:Drivers/STM32G4xx_HAL_Driver/Src/stm32g4xx_hal_rcc_ex.c ****     /* Check the parameters */
 436:Drivers/STM32G4xx_HAL_Driver/Src/stm32g4xx_hal_rcc_ex.c ****     assert_param(IS_RCC_ADC12CLKSOURCE(PeriphClkInit->Adc12ClockSelection));
 496              		.loc 1 436 5 is_stmt 1 view .LVU167
 437:Drivers/STM32G4xx_HAL_Driver/Src/stm32g4xx_hal_rcc_ex.c **** 
 438:Drivers/STM32G4xx_HAL_Driver/Src/stm32g4xx_hal_rcc_ex.c ****     /* Configure the ADC12 interface clock source */
 439:Drivers/STM32G4xx_HAL_Driver/Src/stm32g4xx_hal_rcc_ex.c ****     __HAL_RCC_ADC12_CONFIG(PeriphClkInit->Adc12ClockSelection);
 497              		.loc 1 439 5 view .LVU168
 498 0284 0F4A     		ldr	r2, .L40
 499 0286 D2F88830 		ldr	r3, [r2, #136]
 500 028a 23F04053 		bic	r3, r3, #805306368
 501 028e E16B     		ldr	r1, [r4, #60]
 502 0290 0B43     		orrs	r3, r3, r1
 503 0292 C2F88830 		str	r3, [r2, #136]
 440:Drivers/STM32G4xx_HAL_Driver/Src/stm32g4xx_hal_rcc_ex.c ****     
 441:Drivers/STM32G4xx_HAL_Driver/Src/stm32g4xx_hal_rcc_ex.c ****     if(PeriphClkInit->Adc12ClockSelection == RCC_ADC12CLKSOURCE_PLL)
 504              		.loc 1 441 5 view .LVU169
 505              		.loc 1 441 21 is_stmt 0 view .LVU170
 506 0296 E36B     		ldr	r3, [r4, #60]
 507              		.loc 1 441 7 view .LVU171
 508 0298 B3F1805F 		cmp	r3, #268435456
 509 029c 20D0     		beq	.L39
 510              	.L26:
 442:Drivers/STM32G4xx_HAL_Driver/Src/stm32g4xx_hal_rcc_ex.c ****     {
ARM GAS  C:\Users\MyPC\AppData\Local\Temp\ccvsQKSL.s 			page 18


 443:Drivers/STM32G4xx_HAL_Driver/Src/stm32g4xx_hal_rcc_ex.c ****       /* Enable PLLADCCLK output */
 444:Drivers/STM32G4xx_HAL_Driver/Src/stm32g4xx_hal_rcc_ex.c ****       __HAL_RCC_PLLCLKOUT_ENABLE(RCC_PLL_ADCCLK);
 445:Drivers/STM32G4xx_HAL_Driver/Src/stm32g4xx_hal_rcc_ex.c ****     }
 446:Drivers/STM32G4xx_HAL_Driver/Src/stm32g4xx_hal_rcc_ex.c ****   }
 447:Drivers/STM32G4xx_HAL_Driver/Src/stm32g4xx_hal_rcc_ex.c ****   
 448:Drivers/STM32G4xx_HAL_Driver/Src/stm32g4xx_hal_rcc_ex.c **** #if defined(ADC345_COMMON)
 449:Drivers/STM32G4xx_HAL_Driver/Src/stm32g4xx_hal_rcc_ex.c ****   /*-------------------------- ADC345 clock source configuration ----------------------*/
 450:Drivers/STM32G4xx_HAL_Driver/Src/stm32g4xx_hal_rcc_ex.c ****   if(((PeriphClkInit->PeriphClockSelection) & RCC_PERIPHCLK_ADC345) == RCC_PERIPHCLK_ADC345)
 451:Drivers/STM32G4xx_HAL_Driver/Src/stm32g4xx_hal_rcc_ex.c ****   {
 452:Drivers/STM32G4xx_HAL_Driver/Src/stm32g4xx_hal_rcc_ex.c ****     /* Check the parameters */
 453:Drivers/STM32G4xx_HAL_Driver/Src/stm32g4xx_hal_rcc_ex.c ****     assert_param(IS_RCC_ADC345CLKSOURCE(PeriphClkInit->Adc345ClockSelection));
 454:Drivers/STM32G4xx_HAL_Driver/Src/stm32g4xx_hal_rcc_ex.c **** 
 455:Drivers/STM32G4xx_HAL_Driver/Src/stm32g4xx_hal_rcc_ex.c ****     /* Configure the ADC345 interface clock source */
 456:Drivers/STM32G4xx_HAL_Driver/Src/stm32g4xx_hal_rcc_ex.c ****     __HAL_RCC_ADC345_CONFIG(PeriphClkInit->Adc345ClockSelection);
 457:Drivers/STM32G4xx_HAL_Driver/Src/stm32g4xx_hal_rcc_ex.c ****     
 458:Drivers/STM32G4xx_HAL_Driver/Src/stm32g4xx_hal_rcc_ex.c ****     if(PeriphClkInit->Adc345ClockSelection == RCC_ADC345CLKSOURCE_PLL)
 459:Drivers/STM32G4xx_HAL_Driver/Src/stm32g4xx_hal_rcc_ex.c ****     {
 460:Drivers/STM32G4xx_HAL_Driver/Src/stm32g4xx_hal_rcc_ex.c ****       /* Enable PLLADCCLK output */
 461:Drivers/STM32G4xx_HAL_Driver/Src/stm32g4xx_hal_rcc_ex.c ****       __HAL_RCC_PLLCLKOUT_ENABLE(RCC_PLL_ADCCLK);
 462:Drivers/STM32G4xx_HAL_Driver/Src/stm32g4xx_hal_rcc_ex.c ****     }
 463:Drivers/STM32G4xx_HAL_Driver/Src/stm32g4xx_hal_rcc_ex.c ****   }
 464:Drivers/STM32G4xx_HAL_Driver/Src/stm32g4xx_hal_rcc_ex.c **** #endif /* ADC345_COMMON */
 465:Drivers/STM32G4xx_HAL_Driver/Src/stm32g4xx_hal_rcc_ex.c **** 
 466:Drivers/STM32G4xx_HAL_Driver/Src/stm32g4xx_hal_rcc_ex.c **** #if defined(QUADSPI)
 467:Drivers/STM32G4xx_HAL_Driver/Src/stm32g4xx_hal_rcc_ex.c **** 
 468:Drivers/STM32G4xx_HAL_Driver/Src/stm32g4xx_hal_rcc_ex.c ****   /*-------------------------- QuadSPIx clock source configuration ----------------*/
 469:Drivers/STM32G4xx_HAL_Driver/Src/stm32g4xx_hal_rcc_ex.c ****   if(((PeriphClkInit->PeriphClockSelection) & RCC_PERIPHCLK_QSPI) == RCC_PERIPHCLK_QSPI)
 470:Drivers/STM32G4xx_HAL_Driver/Src/stm32g4xx_hal_rcc_ex.c ****   {
 471:Drivers/STM32G4xx_HAL_Driver/Src/stm32g4xx_hal_rcc_ex.c ****     /* Check the parameters */
 472:Drivers/STM32G4xx_HAL_Driver/Src/stm32g4xx_hal_rcc_ex.c ****     assert_param(IS_RCC_QSPICLKSOURCE(PeriphClkInit->QspiClockSelection));
 473:Drivers/STM32G4xx_HAL_Driver/Src/stm32g4xx_hal_rcc_ex.c **** 
 474:Drivers/STM32G4xx_HAL_Driver/Src/stm32g4xx_hal_rcc_ex.c ****     /* Configure the QuadSPI clock source */
 475:Drivers/STM32G4xx_HAL_Driver/Src/stm32g4xx_hal_rcc_ex.c ****     __HAL_RCC_QSPI_CONFIG(PeriphClkInit->QspiClockSelection);
 476:Drivers/STM32G4xx_HAL_Driver/Src/stm32g4xx_hal_rcc_ex.c **** 
 477:Drivers/STM32G4xx_HAL_Driver/Src/stm32g4xx_hal_rcc_ex.c ****     if(PeriphClkInit->QspiClockSelection == RCC_QSPICLKSOURCE_PLL)
 478:Drivers/STM32G4xx_HAL_Driver/Src/stm32g4xx_hal_rcc_ex.c ****     {
 479:Drivers/STM32G4xx_HAL_Driver/Src/stm32g4xx_hal_rcc_ex.c ****       /* Enable PLL48M1CLK output */
 480:Drivers/STM32G4xx_HAL_Driver/Src/stm32g4xx_hal_rcc_ex.c ****       __HAL_RCC_PLLCLKOUT_ENABLE(RCC_PLL_48M1CLK);
 481:Drivers/STM32G4xx_HAL_Driver/Src/stm32g4xx_hal_rcc_ex.c ****     }
 482:Drivers/STM32G4xx_HAL_Driver/Src/stm32g4xx_hal_rcc_ex.c ****   }
 483:Drivers/STM32G4xx_HAL_Driver/Src/stm32g4xx_hal_rcc_ex.c **** 
 484:Drivers/STM32G4xx_HAL_Driver/Src/stm32g4xx_hal_rcc_ex.c **** #endif /* QUADSPI */
 485:Drivers/STM32G4xx_HAL_Driver/Src/stm32g4xx_hal_rcc_ex.c **** 
 486:Drivers/STM32G4xx_HAL_Driver/Src/stm32g4xx_hal_rcc_ex.c ****   return status;
 511              		.loc 1 486 3 is_stmt 1 view .LVU172
 487:Drivers/STM32G4xx_HAL_Driver/Src/stm32g4xx_hal_rcc_ex.c **** }
 512              		.loc 1 487 1 is_stmt 0 view .LVU173
 513 029e 2846     		mov	r0, r5
 514 02a0 03B0     		add	sp, sp, #12
 515              	.LCFI2:
 516              		.cfi_remember_state
 517              		.cfi_def_cfa_offset 20
 518              		@ sp needed
 519 02a2 F0BD     		pop	{r4, r5, r6, r7, pc}
 520              	.LVL25:
 521              	.L34:
 522              	.LCFI3:
ARM GAS  C:\Users\MyPC\AppData\Local\Temp\ccvsQKSL.s 			page 19


 523              		.cfi_restore_state
 359:Drivers/STM32G4xx_HAL_Driver/Src/stm32g4xx_hal_rcc_ex.c ****     }
 524              		.loc 1 359 7 is_stmt 1 view .LVU174
 525 02a4 D368     		ldr	r3, [r2, #12]
 526 02a6 43F48013 		orr	r3, r3, #1048576
 527 02aa D360     		str	r3, [r2, #12]
 528 02ac A2E7     		b	.L21
 529              	.L35:
 378:Drivers/STM32G4xx_HAL_Driver/Src/stm32g4xx_hal_rcc_ex.c ****     }
 530              		.loc 1 378 7 view .LVU175
 531 02ae D368     		ldr	r3, [r2, #12]
 532 02b0 43F48013 		orr	r3, r3, #1048576
 533 02b4 D360     		str	r3, [r2, #12]
 534 02b6 AEE7     		b	.L22
 535              	.L36:
 397:Drivers/STM32G4xx_HAL_Driver/Src/stm32g4xx_hal_rcc_ex.c ****     }
 536              		.loc 1 397 7 view .LVU176
 537 02b8 D368     		ldr	r3, [r2, #12]
 538 02ba 43F48013 		orr	r3, r3, #1048576
 539 02be D360     		str	r3, [r2, #12]
 540 02c0 BAE7     		b	.L23
 541              	.L41:
 542 02c2 00BF     		.align	2
 543              	.L40:
 544 02c4 00100240 		.word	1073876992
 545 02c8 00700040 		.word	1073770496
 546              	.L37:
 413:Drivers/STM32G4xx_HAL_Driver/Src/stm32g4xx_hal_rcc_ex.c ****     }
 547              		.loc 1 413 7 view .LVU177
 548 02cc D368     		ldr	r3, [r2, #12]
 549 02ce 43F48013 		orr	r3, r3, #1048576
 550 02d2 D360     		str	r3, [r2, #12]
 551 02d4 C1E7     		b	.L24
 552              	.L38:
 428:Drivers/STM32G4xx_HAL_Driver/Src/stm32g4xx_hal_rcc_ex.c ****     }
 553              		.loc 1 428 7 view .LVU178
 554 02d6 D368     		ldr	r3, [r2, #12]
 555 02d8 43F48013 		orr	r3, r3, #1048576
 556 02dc D360     		str	r3, [r2, #12]
 557 02de CDE7     		b	.L25
 558              	.L39:
 444:Drivers/STM32G4xx_HAL_Driver/Src/stm32g4xx_hal_rcc_ex.c ****     }
 559              		.loc 1 444 7 view .LVU179
 560 02e0 D368     		ldr	r3, [r2, #12]
 561 02e2 43F48033 		orr	r3, r3, #65536
 562 02e6 D360     		str	r3, [r2, #12]
 563 02e8 D9E7     		b	.L26
 564              		.cfi_endproc
 565              	.LFE132:
 567 02ea 00BF     		.section	.text.HAL_RCCEx_GetPeriphCLKConfig,"ax",%progbits
 568              		.align	1
 569              		.global	HAL_RCCEx_GetPeriphCLKConfig
 570              		.syntax unified
 571              		.thumb
 572              		.thumb_func
 574              	HAL_RCCEx_GetPeriphCLKConfig:
 575              	.LVL26:
ARM GAS  C:\Users\MyPC\AppData\Local\Temp\ccvsQKSL.s 			page 20


 576              	.LFB133:
 488:Drivers/STM32G4xx_HAL_Driver/Src/stm32g4xx_hal_rcc_ex.c **** 
 489:Drivers/STM32G4xx_HAL_Driver/Src/stm32g4xx_hal_rcc_ex.c **** /**
 490:Drivers/STM32G4xx_HAL_Driver/Src/stm32g4xx_hal_rcc_ex.c ****   * @brief  Get the RCC_ClkInitStruct according to the internal RCC configuration registers.
 491:Drivers/STM32G4xx_HAL_Driver/Src/stm32g4xx_hal_rcc_ex.c ****   * @param  PeriphClkInit  pointer to an RCC_PeriphCLKInitTypeDef structure that
 492:Drivers/STM32G4xx_HAL_Driver/Src/stm32g4xx_hal_rcc_ex.c ****   *         returns the configuration information for the Extended Peripherals
 493:Drivers/STM32G4xx_HAL_Driver/Src/stm32g4xx_hal_rcc_ex.c ****   *         clocks(USART1, USART2, USART3, UART4, UART5, LPUART1, I2C1, I2C2, I2C3, I2C4,
 494:Drivers/STM32G4xx_HAL_Driver/Src/stm32g4xx_hal_rcc_ex.c ****   *         LPTIM1, SAI1, I2Sx, FDCANx, USB, RNG, ADCx, RTC, QSPI).
 495:Drivers/STM32G4xx_HAL_Driver/Src/stm32g4xx_hal_rcc_ex.c ****   * @retval None
 496:Drivers/STM32G4xx_HAL_Driver/Src/stm32g4xx_hal_rcc_ex.c ****   */
 497:Drivers/STM32G4xx_HAL_Driver/Src/stm32g4xx_hal_rcc_ex.c **** void HAL_RCCEx_GetPeriphCLKConfig(RCC_PeriphCLKInitTypeDef  *PeriphClkInit)
 498:Drivers/STM32G4xx_HAL_Driver/Src/stm32g4xx_hal_rcc_ex.c **** {
 577              		.loc 1 498 1 view -0
 578              		.cfi_startproc
 579              		@ args = 0, pretend = 0, frame = 0
 580              		@ frame_needed = 0, uses_anonymous_args = 0
 581              		@ link register save eliminated.
 499:Drivers/STM32G4xx_HAL_Driver/Src/stm32g4xx_hal_rcc_ex.c ****   /* Set all possible values for the extended clock type parameter------------*/
 500:Drivers/STM32G4xx_HAL_Driver/Src/stm32g4xx_hal_rcc_ex.c **** 
 501:Drivers/STM32G4xx_HAL_Driver/Src/stm32g4xx_hal_rcc_ex.c **** #if defined(STM32G474xx) || defined(STM32G484xx)
 502:Drivers/STM32G4xx_HAL_Driver/Src/stm32g4xx_hal_rcc_ex.c **** 
 503:Drivers/STM32G4xx_HAL_Driver/Src/stm32g4xx_hal_rcc_ex.c ****   PeriphClkInit->PeriphClockSelection = RCC_PERIPHCLK_USART1  | RCC_PERIPHCLK_USART2 | RCC_PERIPHCL
 504:Drivers/STM32G4xx_HAL_Driver/Src/stm32g4xx_hal_rcc_ex.c ****                                         RCC_PERIPHCLK_UART5   | \
 505:Drivers/STM32G4xx_HAL_Driver/Src/stm32g4xx_hal_rcc_ex.c ****                                         RCC_PERIPHCLK_LPUART1 | RCC_PERIPHCLK_I2C1   | RCC_PERIPHCL
 506:Drivers/STM32G4xx_HAL_Driver/Src/stm32g4xx_hal_rcc_ex.c ****                                         RCC_PERIPHCLK_I2C4    | \
 507:Drivers/STM32G4xx_HAL_Driver/Src/stm32g4xx_hal_rcc_ex.c ****                                         RCC_PERIPHCLK_LPTIM1  | RCC_PERIPHCLK_SAI1   | RCC_PERIPHCL
 508:Drivers/STM32G4xx_HAL_Driver/Src/stm32g4xx_hal_rcc_ex.c ****                                         RCC_PERIPHCLK_RNG     | RCC_PERIPHCLK_USB    | RCC_PERIPHCL
 509:Drivers/STM32G4xx_HAL_Driver/Src/stm32g4xx_hal_rcc_ex.c ****                                         RCC_PERIPHCLK_QSPI    | \
 510:Drivers/STM32G4xx_HAL_Driver/Src/stm32g4xx_hal_rcc_ex.c ****                                         RCC_PERIPHCLK_RTC;
 511:Drivers/STM32G4xx_HAL_Driver/Src/stm32g4xx_hal_rcc_ex.c **** 
 512:Drivers/STM32G4xx_HAL_Driver/Src/stm32g4xx_hal_rcc_ex.c **** #elif defined(STM32G414xx)
 513:Drivers/STM32G4xx_HAL_Driver/Src/stm32g4xx_hal_rcc_ex.c **** 
 514:Drivers/STM32G4xx_HAL_Driver/Src/stm32g4xx_hal_rcc_ex.c ****   PeriphClkInit->PeriphClockSelection = RCC_PERIPHCLK_USART1  | RCC_PERIPHCLK_USART2  | RCC_PERIPHC
 515:Drivers/STM32G4xx_HAL_Driver/Src/stm32g4xx_hal_rcc_ex.c ****                                         RCC_PERIPHCLK_LPTIM1  | RCC_PERIPHCLK_I2S     | RCC_PERIPHC
 516:Drivers/STM32G4xx_HAL_Driver/Src/stm32g4xx_hal_rcc_ex.c ****                                         RCC_PERIPHCLK_ADC12   | RCC_PERIPHCLK_RTC;
 517:Drivers/STM32G4xx_HAL_Driver/Src/stm32g4xx_hal_rcc_ex.c **** 
 518:Drivers/STM32G4xx_HAL_Driver/Src/stm32g4xx_hal_rcc_ex.c **** #elif defined(STM32G491xx) || defined(STM32G4A1xx)
 519:Drivers/STM32G4xx_HAL_Driver/Src/stm32g4xx_hal_rcc_ex.c **** 
 520:Drivers/STM32G4xx_HAL_Driver/Src/stm32g4xx_hal_rcc_ex.c ****   PeriphClkInit->PeriphClockSelection = RCC_PERIPHCLK_USART1  | RCC_PERIPHCLK_USART2 | RCC_PERIPHCL
 521:Drivers/STM32G4xx_HAL_Driver/Src/stm32g4xx_hal_rcc_ex.c ****                                         RCC_PERIPHCLK_UART5   | \
 522:Drivers/STM32G4xx_HAL_Driver/Src/stm32g4xx_hal_rcc_ex.c ****                                         RCC_PERIPHCLK_LPUART1 | RCC_PERIPHCLK_I2C1   | RCC_PERIPHCL
 523:Drivers/STM32G4xx_HAL_Driver/Src/stm32g4xx_hal_rcc_ex.c ****                                         RCC_PERIPHCLK_LPTIM1  | RCC_PERIPHCLK_SAI1   | RCC_PERIPHCL
 524:Drivers/STM32G4xx_HAL_Driver/Src/stm32g4xx_hal_rcc_ex.c ****                                         RCC_PERIPHCLK_RNG     | RCC_PERIPHCLK_USB    | RCC_PERIPHCL
 525:Drivers/STM32G4xx_HAL_Driver/Src/stm32g4xx_hal_rcc_ex.c ****                                         RCC_PERIPHCLK_QSPI    | \
 526:Drivers/STM32G4xx_HAL_Driver/Src/stm32g4xx_hal_rcc_ex.c ****                                         RCC_PERIPHCLK_RTC;
 527:Drivers/STM32G4xx_HAL_Driver/Src/stm32g4xx_hal_rcc_ex.c **** 
 528:Drivers/STM32G4xx_HAL_Driver/Src/stm32g4xx_hal_rcc_ex.c **** #elif defined(STM32G473xx) || defined(STM32G483xx)
 529:Drivers/STM32G4xx_HAL_Driver/Src/stm32g4xx_hal_rcc_ex.c **** 
 530:Drivers/STM32G4xx_HAL_Driver/Src/stm32g4xx_hal_rcc_ex.c ****   PeriphClkInit->PeriphClockSelection = RCC_PERIPHCLK_USART1  | RCC_PERIPHCLK_USART2 | RCC_PERIPHCL
 531:Drivers/STM32G4xx_HAL_Driver/Src/stm32g4xx_hal_rcc_ex.c ****                                         RCC_PERIPHCLK_UART5   | \
 532:Drivers/STM32G4xx_HAL_Driver/Src/stm32g4xx_hal_rcc_ex.c ****                                         RCC_PERIPHCLK_LPUART1 | RCC_PERIPHCLK_I2C1   | RCC_PERIPHCL
 533:Drivers/STM32G4xx_HAL_Driver/Src/stm32g4xx_hal_rcc_ex.c ****                                         RCC_PERIPHCLK_I2C4    | \
 534:Drivers/STM32G4xx_HAL_Driver/Src/stm32g4xx_hal_rcc_ex.c ****                                         RCC_PERIPHCLK_LPTIM1  | RCC_PERIPHCLK_SAI1   | RCC_PERIPHCL
 535:Drivers/STM32G4xx_HAL_Driver/Src/stm32g4xx_hal_rcc_ex.c ****                                         RCC_PERIPHCLK_RNG     | RCC_PERIPHCLK_USB    | RCC_PERIPHCL
 536:Drivers/STM32G4xx_HAL_Driver/Src/stm32g4xx_hal_rcc_ex.c ****                                         RCC_PERIPHCLK_QSPI    | \
 537:Drivers/STM32G4xx_HAL_Driver/Src/stm32g4xx_hal_rcc_ex.c ****                                         RCC_PERIPHCLK_RTC;
 538:Drivers/STM32G4xx_HAL_Driver/Src/stm32g4xx_hal_rcc_ex.c **** 
ARM GAS  C:\Users\MyPC\AppData\Local\Temp\ccvsQKSL.s 			page 21


 539:Drivers/STM32G4xx_HAL_Driver/Src/stm32g4xx_hal_rcc_ex.c **** #elif defined(STM32G471xx)
 540:Drivers/STM32G4xx_HAL_Driver/Src/stm32g4xx_hal_rcc_ex.c **** 
 541:Drivers/STM32G4xx_HAL_Driver/Src/stm32g4xx_hal_rcc_ex.c ****   PeriphClkInit->PeriphClockSelection = RCC_PERIPHCLK_USART1  | RCC_PERIPHCLK_USART2 | RCC_PERIPHCL
 542:Drivers/STM32G4xx_HAL_Driver/Src/stm32g4xx_hal_rcc_ex.c ****                                         RCC_PERIPHCLK_UART5   | \
 543:Drivers/STM32G4xx_HAL_Driver/Src/stm32g4xx_hal_rcc_ex.c ****                                         RCC_PERIPHCLK_LPUART1 | RCC_PERIPHCLK_I2C1   | RCC_PERIPHCL
 544:Drivers/STM32G4xx_HAL_Driver/Src/stm32g4xx_hal_rcc_ex.c ****                                         RCC_PERIPHCLK_I2C4    | \
 545:Drivers/STM32G4xx_HAL_Driver/Src/stm32g4xx_hal_rcc_ex.c ****                                         RCC_PERIPHCLK_LPTIM1  | RCC_PERIPHCLK_SAI1   | RCC_PERIPHCL
 546:Drivers/STM32G4xx_HAL_Driver/Src/stm32g4xx_hal_rcc_ex.c ****                                         RCC_PERIPHCLK_RNG     | RCC_PERIPHCLK_USB    | RCC_PERIPHCL
 547:Drivers/STM32G4xx_HAL_Driver/Src/stm32g4xx_hal_rcc_ex.c ****                                         RCC_PERIPHCLK_RTC;
 548:Drivers/STM32G4xx_HAL_Driver/Src/stm32g4xx_hal_rcc_ex.c **** 
 549:Drivers/STM32G4xx_HAL_Driver/Src/stm32g4xx_hal_rcc_ex.c **** #elif defined(STM32G431xx) || defined(STM32G441xx)
 550:Drivers/STM32G4xx_HAL_Driver/Src/stm32g4xx_hal_rcc_ex.c **** 
 551:Drivers/STM32G4xx_HAL_Driver/Src/stm32g4xx_hal_rcc_ex.c ****   PeriphClkInit->PeriphClockSelection = RCC_PERIPHCLK_USART1  | RCC_PERIPHCLK_USART2 | RCC_PERIPHCL
 582              		.loc 1 551 3 view .LVU181
 583              		.loc 1 551 39 is_stmt 0 view .LVU182
 584 0000 294B     		ldr	r3, .L43
 585 0002 0360     		str	r3, [r0]
 552:Drivers/STM32G4xx_HAL_Driver/Src/stm32g4xx_hal_rcc_ex.c ****                                         RCC_PERIPHCLK_LPUART1 | RCC_PERIPHCLK_I2C1   | RCC_PERIPHCL
 553:Drivers/STM32G4xx_HAL_Driver/Src/stm32g4xx_hal_rcc_ex.c ****                                         RCC_PERIPHCLK_LPTIM1  | RCC_PERIPHCLK_SAI1   | RCC_PERIPHCL
 554:Drivers/STM32G4xx_HAL_Driver/Src/stm32g4xx_hal_rcc_ex.c ****                                         RCC_PERIPHCLK_RNG     | RCC_PERIPHCLK_USB    | RCC_PERIPHCL
 555:Drivers/STM32G4xx_HAL_Driver/Src/stm32g4xx_hal_rcc_ex.c ****                                         RCC_PERIPHCLK_RTC;
 556:Drivers/STM32G4xx_HAL_Driver/Src/stm32g4xx_hal_rcc_ex.c **** #elif defined(STM32G411xB) || defined(STM32G411xC)
 557:Drivers/STM32G4xx_HAL_Driver/Src/stm32g4xx_hal_rcc_ex.c **** 
 558:Drivers/STM32G4xx_HAL_Driver/Src/stm32g4xx_hal_rcc_ex.c ****   PeriphClkInit->PeriphClockSelection = RCC_PERIPHCLK_USART1  | RCC_PERIPHCLK_USART2 | RCC_PERIPHCL
 559:Drivers/STM32G4xx_HAL_Driver/Src/stm32g4xx_hal_rcc_ex.c ****                                         RCC_PERIPHCLK_LPUART1 | RCC_PERIPHCLK_I2C1   | RCC_PERIPHCL
 560:Drivers/STM32G4xx_HAL_Driver/Src/stm32g4xx_hal_rcc_ex.c ****                                         RCC_PERIPHCLK_LPTIM1  | RCC_PERIPHCLK_I2S    | RCC_PERIPHCL
 561:Drivers/STM32G4xx_HAL_Driver/Src/stm32g4xx_hal_rcc_ex.c ****                                         RCC_PERIPHCLK_RNG     | RCC_PERIPHCLK_ADC12  | RCC_PERIPHCL
 562:Drivers/STM32G4xx_HAL_Driver/Src/stm32g4xx_hal_rcc_ex.c **** 
 563:Drivers/STM32G4xx_HAL_Driver/Src/stm32g4xx_hal_rcc_ex.c **** #elif defined(STM32GBK1CB)
 564:Drivers/STM32G4xx_HAL_Driver/Src/stm32g4xx_hal_rcc_ex.c **** 
 565:Drivers/STM32G4xx_HAL_Driver/Src/stm32g4xx_hal_rcc_ex.c ****   PeriphClkInit->PeriphClockSelection = RCC_PERIPHCLK_USART1  | RCC_PERIPHCLK_USART2 | RCC_PERIPHCL
 566:Drivers/STM32G4xx_HAL_Driver/Src/stm32g4xx_hal_rcc_ex.c ****                                         RCC_PERIPHCLK_LPUART1 | RCC_PERIPHCLK_I2C1   | RCC_PERIPHCL
 567:Drivers/STM32G4xx_HAL_Driver/Src/stm32g4xx_hal_rcc_ex.c ****                                         RCC_PERIPHCLK_LPTIM1  | RCC_PERIPHCLK_SAI1   | RCC_PERIPHCL
 568:Drivers/STM32G4xx_HAL_Driver/Src/stm32g4xx_hal_rcc_ex.c ****                                         RCC_PERIPHCLK_RNG     | RCC_PERIPHCLK_USB    | RCC_PERIPHCL
 569:Drivers/STM32G4xx_HAL_Driver/Src/stm32g4xx_hal_rcc_ex.c ****                                         RCC_PERIPHCLK_RTC;
 570:Drivers/STM32G4xx_HAL_Driver/Src/stm32g4xx_hal_rcc_ex.c **** 
 571:Drivers/STM32G4xx_HAL_Driver/Src/stm32g4xx_hal_rcc_ex.c **** #endif /* STM32G474xx || STM32G484xx */
 572:Drivers/STM32G4xx_HAL_Driver/Src/stm32g4xx_hal_rcc_ex.c **** 
 573:Drivers/STM32G4xx_HAL_Driver/Src/stm32g4xx_hal_rcc_ex.c **** 
 574:Drivers/STM32G4xx_HAL_Driver/Src/stm32g4xx_hal_rcc_ex.c ****   /* Get the USART1 clock source ---------------------------------------------*/
 575:Drivers/STM32G4xx_HAL_Driver/Src/stm32g4xx_hal_rcc_ex.c ****   PeriphClkInit->Usart1ClockSelection  = __HAL_RCC_GET_USART1_SOURCE();
 586              		.loc 1 575 3 is_stmt 1 view .LVU183
 587              		.loc 1 575 42 is_stmt 0 view .LVU184
 588 0004 294B     		ldr	r3, .L43+4
 589 0006 D3F88820 		ldr	r2, [r3, #136]
 590 000a 02F00302 		and	r2, r2, #3
 591              		.loc 1 575 40 view .LVU185
 592 000e 4260     		str	r2, [r0, #4]
 576:Drivers/STM32G4xx_HAL_Driver/Src/stm32g4xx_hal_rcc_ex.c ****   /* Get the USART2 clock source ---------------------------------------------*/
 577:Drivers/STM32G4xx_HAL_Driver/Src/stm32g4xx_hal_rcc_ex.c ****   PeriphClkInit->Usart2ClockSelection  = __HAL_RCC_GET_USART2_SOURCE();
 593              		.loc 1 577 3 is_stmt 1 view .LVU186
 594              		.loc 1 577 42 is_stmt 0 view .LVU187
 595 0010 D3F88820 		ldr	r2, [r3, #136]
 596 0014 02F00C02 		and	r2, r2, #12
 597              		.loc 1 577 40 view .LVU188
 598 0018 8260     		str	r2, [r0, #8]
 578:Drivers/STM32G4xx_HAL_Driver/Src/stm32g4xx_hal_rcc_ex.c **** 
ARM GAS  C:\Users\MyPC\AppData\Local\Temp\ccvsQKSL.s 			page 22


 579:Drivers/STM32G4xx_HAL_Driver/Src/stm32g4xx_hal_rcc_ex.c **** #if defined(USART3)
 580:Drivers/STM32G4xx_HAL_Driver/Src/stm32g4xx_hal_rcc_ex.c ****   /* Get the USART3 clock source ---------------------------------------------*/
 581:Drivers/STM32G4xx_HAL_Driver/Src/stm32g4xx_hal_rcc_ex.c ****   PeriphClkInit->Usart3ClockSelection  = __HAL_RCC_GET_USART3_SOURCE();
 599              		.loc 1 581 3 is_stmt 1 view .LVU189
 600              		.loc 1 581 42 is_stmt 0 view .LVU190
 601 001a D3F88820 		ldr	r2, [r3, #136]
 602 001e 02F03002 		and	r2, r2, #48
 603              		.loc 1 581 40 view .LVU191
 604 0022 C260     		str	r2, [r0, #12]
 582:Drivers/STM32G4xx_HAL_Driver/Src/stm32g4xx_hal_rcc_ex.c **** #endif /* USART3 */
 583:Drivers/STM32G4xx_HAL_Driver/Src/stm32g4xx_hal_rcc_ex.c **** 
 584:Drivers/STM32G4xx_HAL_Driver/Src/stm32g4xx_hal_rcc_ex.c **** #if defined(UART4)
 585:Drivers/STM32G4xx_HAL_Driver/Src/stm32g4xx_hal_rcc_ex.c ****   /* Get the UART4 clock source ----------------------------------------------*/
 586:Drivers/STM32G4xx_HAL_Driver/Src/stm32g4xx_hal_rcc_ex.c ****   PeriphClkInit->Uart4ClockSelection   = __HAL_RCC_GET_UART4_SOURCE();
 605              		.loc 1 586 3 is_stmt 1 view .LVU192
 606              		.loc 1 586 42 is_stmt 0 view .LVU193
 607 0024 D3F88820 		ldr	r2, [r3, #136]
 608 0028 02F0C002 		and	r2, r2, #192
 609              		.loc 1 586 40 view .LVU194
 610 002c 0261     		str	r2, [r0, #16]
 587:Drivers/STM32G4xx_HAL_Driver/Src/stm32g4xx_hal_rcc_ex.c **** #endif /* UART4 */
 588:Drivers/STM32G4xx_HAL_Driver/Src/stm32g4xx_hal_rcc_ex.c **** 
 589:Drivers/STM32G4xx_HAL_Driver/Src/stm32g4xx_hal_rcc_ex.c **** #if defined(UART5)
 590:Drivers/STM32G4xx_HAL_Driver/Src/stm32g4xx_hal_rcc_ex.c ****   /* Get the UART5 clock source ----------------------------------------------*/
 591:Drivers/STM32G4xx_HAL_Driver/Src/stm32g4xx_hal_rcc_ex.c ****   PeriphClkInit->Uart5ClockSelection   = __HAL_RCC_GET_UART5_SOURCE();
 592:Drivers/STM32G4xx_HAL_Driver/Src/stm32g4xx_hal_rcc_ex.c **** #endif /* UART5 */
 593:Drivers/STM32G4xx_HAL_Driver/Src/stm32g4xx_hal_rcc_ex.c ****   
 594:Drivers/STM32G4xx_HAL_Driver/Src/stm32g4xx_hal_rcc_ex.c ****   /* Get the LPUART1 clock source --------------------------------------------*/
 595:Drivers/STM32G4xx_HAL_Driver/Src/stm32g4xx_hal_rcc_ex.c ****   PeriphClkInit->Lpuart1ClockSelection = __HAL_RCC_GET_LPUART1_SOURCE();
 611              		.loc 1 595 3 is_stmt 1 view .LVU195
 612              		.loc 1 595 42 is_stmt 0 view .LVU196
 613 002e D3F88820 		ldr	r2, [r3, #136]
 614 0032 02F44062 		and	r2, r2, #3072
 615              		.loc 1 595 40 view .LVU197
 616 0036 4261     		str	r2, [r0, #20]
 596:Drivers/STM32G4xx_HAL_Driver/Src/stm32g4xx_hal_rcc_ex.c **** 
 597:Drivers/STM32G4xx_HAL_Driver/Src/stm32g4xx_hal_rcc_ex.c ****   /* Get the I2C1 clock source -----------------------------------------------*/
 598:Drivers/STM32G4xx_HAL_Driver/Src/stm32g4xx_hal_rcc_ex.c ****   PeriphClkInit->I2c1ClockSelection    = __HAL_RCC_GET_I2C1_SOURCE();
 617              		.loc 1 598 3 is_stmt 1 view .LVU198
 618              		.loc 1 598 42 is_stmt 0 view .LVU199
 619 0038 D3F88820 		ldr	r2, [r3, #136]
 620 003c 02F44052 		and	r2, r2, #12288
 621              		.loc 1 598 40 view .LVU200
 622 0040 8261     		str	r2, [r0, #24]
 599:Drivers/STM32G4xx_HAL_Driver/Src/stm32g4xx_hal_rcc_ex.c **** 
 600:Drivers/STM32G4xx_HAL_Driver/Src/stm32g4xx_hal_rcc_ex.c ****   /* Get the I2C2 clock source ----------------------------------------------*/
 601:Drivers/STM32G4xx_HAL_Driver/Src/stm32g4xx_hal_rcc_ex.c ****   PeriphClkInit->I2c2ClockSelection    = __HAL_RCC_GET_I2C2_SOURCE();
 623              		.loc 1 601 3 is_stmt 1 view .LVU201
 624              		.loc 1 601 42 is_stmt 0 view .LVU202
 625 0042 D3F88820 		ldr	r2, [r3, #136]
 626 0046 02F44042 		and	r2, r2, #49152
 627              		.loc 1 601 40 view .LVU203
 628 004a C261     		str	r2, [r0, #28]
 602:Drivers/STM32G4xx_HAL_Driver/Src/stm32g4xx_hal_rcc_ex.c **** 
 603:Drivers/STM32G4xx_HAL_Driver/Src/stm32g4xx_hal_rcc_ex.c **** #if defined(I2C3)
 604:Drivers/STM32G4xx_HAL_Driver/Src/stm32g4xx_hal_rcc_ex.c ****   /* Get the I2C3 clock source -----------------------------------------------*/
 605:Drivers/STM32G4xx_HAL_Driver/Src/stm32g4xx_hal_rcc_ex.c ****   PeriphClkInit->I2c3ClockSelection    = __HAL_RCC_GET_I2C3_SOURCE();
ARM GAS  C:\Users\MyPC\AppData\Local\Temp\ccvsQKSL.s 			page 23


 629              		.loc 1 605 3 is_stmt 1 view .LVU204
 630              		.loc 1 605 42 is_stmt 0 view .LVU205
 631 004c D3F88820 		ldr	r2, [r3, #136]
 632 0050 02F44032 		and	r2, r2, #196608
 633              		.loc 1 605 40 view .LVU206
 634 0054 0262     		str	r2, [r0, #32]
 606:Drivers/STM32G4xx_HAL_Driver/Src/stm32g4xx_hal_rcc_ex.c **** #endif /* I2C3 */
 607:Drivers/STM32G4xx_HAL_Driver/Src/stm32g4xx_hal_rcc_ex.c **** 
 608:Drivers/STM32G4xx_HAL_Driver/Src/stm32g4xx_hal_rcc_ex.c **** #if defined(I2C4)
 609:Drivers/STM32G4xx_HAL_Driver/Src/stm32g4xx_hal_rcc_ex.c ****   /* Get the I2C4 clock source -----------------------------------------------*/
 610:Drivers/STM32G4xx_HAL_Driver/Src/stm32g4xx_hal_rcc_ex.c ****   PeriphClkInit->I2c4ClockSelection    = __HAL_RCC_GET_I2C4_SOURCE();
 611:Drivers/STM32G4xx_HAL_Driver/Src/stm32g4xx_hal_rcc_ex.c **** #endif /* I2C4 */
 612:Drivers/STM32G4xx_HAL_Driver/Src/stm32g4xx_hal_rcc_ex.c **** 
 613:Drivers/STM32G4xx_HAL_Driver/Src/stm32g4xx_hal_rcc_ex.c ****   /* Get the LPTIM1 clock source ---------------------------------------------*/
 614:Drivers/STM32G4xx_HAL_Driver/Src/stm32g4xx_hal_rcc_ex.c ****   PeriphClkInit->Lptim1ClockSelection  = __HAL_RCC_GET_LPTIM1_SOURCE();
 635              		.loc 1 614 3 is_stmt 1 view .LVU207
 636              		.loc 1 614 42 is_stmt 0 view .LVU208
 637 0056 D3F88820 		ldr	r2, [r3, #136]
 638 005a 02F44022 		and	r2, r2, #786432
 639              		.loc 1 614 40 view .LVU209
 640 005e 4262     		str	r2, [r0, #36]
 615:Drivers/STM32G4xx_HAL_Driver/Src/stm32g4xx_hal_rcc_ex.c **** 
 616:Drivers/STM32G4xx_HAL_Driver/Src/stm32g4xx_hal_rcc_ex.c **** #if defined(SAI1)
 617:Drivers/STM32G4xx_HAL_Driver/Src/stm32g4xx_hal_rcc_ex.c ****   /* Get the SAI1 clock source -----------------------------------------------*/
 618:Drivers/STM32G4xx_HAL_Driver/Src/stm32g4xx_hal_rcc_ex.c ****   PeriphClkInit->Sai1ClockSelection    = __HAL_RCC_GET_SAI1_SOURCE();
 641              		.loc 1 618 3 is_stmt 1 view .LVU210
 642              		.loc 1 618 42 is_stmt 0 view .LVU211
 643 0060 D3F88820 		ldr	r2, [r3, #136]
 644 0064 02F44012 		and	r2, r2, #3145728
 645              		.loc 1 618 40 view .LVU212
 646 0068 8262     		str	r2, [r0, #40]
 619:Drivers/STM32G4xx_HAL_Driver/Src/stm32g4xx_hal_rcc_ex.c **** #endif /* SAI1 */
 620:Drivers/STM32G4xx_HAL_Driver/Src/stm32g4xx_hal_rcc_ex.c **** 
 621:Drivers/STM32G4xx_HAL_Driver/Src/stm32g4xx_hal_rcc_ex.c **** #if defined(SPI_I2S_SUPPORT)
 622:Drivers/STM32G4xx_HAL_Driver/Src/stm32g4xx_hal_rcc_ex.c ****   /* Get the I2S clock source -----------------------------------------------*/
 623:Drivers/STM32G4xx_HAL_Driver/Src/stm32g4xx_hal_rcc_ex.c ****   PeriphClkInit->I2sClockSelection    = __HAL_RCC_GET_I2S_SOURCE();
 647              		.loc 1 623 3 is_stmt 1 view .LVU213
 648              		.loc 1 623 41 is_stmt 0 view .LVU214
 649 006a D3F88820 		ldr	r2, [r3, #136]
 650 006e 02F44002 		and	r2, r2, #12582912
 651              		.loc 1 623 39 view .LVU215
 652 0072 C262     		str	r2, [r0, #44]
 624:Drivers/STM32G4xx_HAL_Driver/Src/stm32g4xx_hal_rcc_ex.c **** #endif /* SPI_I2S_SUPPORT */
 625:Drivers/STM32G4xx_HAL_Driver/Src/stm32g4xx_hal_rcc_ex.c **** 
 626:Drivers/STM32G4xx_HAL_Driver/Src/stm32g4xx_hal_rcc_ex.c **** #if defined(FDCAN1)
 627:Drivers/STM32G4xx_HAL_Driver/Src/stm32g4xx_hal_rcc_ex.c ****   /* Get the FDCAN clock source -----------------------------------------------*/
 628:Drivers/STM32G4xx_HAL_Driver/Src/stm32g4xx_hal_rcc_ex.c ****   PeriphClkInit->FdcanClockSelection    = __HAL_RCC_GET_FDCAN_SOURCE();
 653              		.loc 1 628 3 is_stmt 1 view .LVU216
 654              		.loc 1 628 43 is_stmt 0 view .LVU217
 655 0074 D3F88820 		ldr	r2, [r3, #136]
 656 0078 02F04072 		and	r2, r2, #50331648
 657              		.loc 1 628 41 view .LVU218
 658 007c 0263     		str	r2, [r0, #48]
 629:Drivers/STM32G4xx_HAL_Driver/Src/stm32g4xx_hal_rcc_ex.c **** #endif /* FDCAN1 */
 630:Drivers/STM32G4xx_HAL_Driver/Src/stm32g4xx_hal_rcc_ex.c **** 
 631:Drivers/STM32G4xx_HAL_Driver/Src/stm32g4xx_hal_rcc_ex.c **** #if defined(USB)
 632:Drivers/STM32G4xx_HAL_Driver/Src/stm32g4xx_hal_rcc_ex.c ****   /* Get the USB clock source ------------------------------------------------*/
ARM GAS  C:\Users\MyPC\AppData\Local\Temp\ccvsQKSL.s 			page 24


 633:Drivers/STM32G4xx_HAL_Driver/Src/stm32g4xx_hal_rcc_ex.c ****   PeriphClkInit->UsbClockSelection   = __HAL_RCC_GET_USB_SOURCE();
 659              		.loc 1 633 3 is_stmt 1 view .LVU219
 660              		.loc 1 633 40 is_stmt 0 view .LVU220
 661 007e D3F88820 		ldr	r2, [r3, #136]
 662 0082 02F04062 		and	r2, r2, #201326592
 663              		.loc 1 633 38 view .LVU221
 664 0086 4263     		str	r2, [r0, #52]
 634:Drivers/STM32G4xx_HAL_Driver/Src/stm32g4xx_hal_rcc_ex.c **** #endif /* USB */
 635:Drivers/STM32G4xx_HAL_Driver/Src/stm32g4xx_hal_rcc_ex.c **** 
 636:Drivers/STM32G4xx_HAL_Driver/Src/stm32g4xx_hal_rcc_ex.c ****   /* Get the RNG clock source ------------------------------------------------*/
 637:Drivers/STM32G4xx_HAL_Driver/Src/stm32g4xx_hal_rcc_ex.c ****   PeriphClkInit->RngClockSelection   = __HAL_RCC_GET_RNG_SOURCE();
 665              		.loc 1 637 3 is_stmt 1 view .LVU222
 666              		.loc 1 637 40 is_stmt 0 view .LVU223
 667 0088 D3F88820 		ldr	r2, [r3, #136]
 668 008c 02F04062 		and	r2, r2, #201326592
 669              		.loc 1 637 38 view .LVU224
 670 0090 8263     		str	r2, [r0, #56]
 638:Drivers/STM32G4xx_HAL_Driver/Src/stm32g4xx_hal_rcc_ex.c **** 
 639:Drivers/STM32G4xx_HAL_Driver/Src/stm32g4xx_hal_rcc_ex.c ****   /* Get the ADC12 clock source -----------------------------------------------*/
 640:Drivers/STM32G4xx_HAL_Driver/Src/stm32g4xx_hal_rcc_ex.c ****   PeriphClkInit->Adc12ClockSelection     = __HAL_RCC_GET_ADC12_SOURCE();
 671              		.loc 1 640 3 is_stmt 1 view .LVU225
 672              		.loc 1 640 44 is_stmt 0 view .LVU226
 673 0092 D3F88820 		ldr	r2, [r3, #136]
 674 0096 02F04052 		and	r2, r2, #805306368
 675              		.loc 1 640 42 view .LVU227
 676 009a C263     		str	r2, [r0, #60]
 641:Drivers/STM32G4xx_HAL_Driver/Src/stm32g4xx_hal_rcc_ex.c **** 
 642:Drivers/STM32G4xx_HAL_Driver/Src/stm32g4xx_hal_rcc_ex.c **** #if defined(ADC345_COMMON)
 643:Drivers/STM32G4xx_HAL_Driver/Src/stm32g4xx_hal_rcc_ex.c ****   /* Get the ADC345 clock source ----------------------------------------------*/
 644:Drivers/STM32G4xx_HAL_Driver/Src/stm32g4xx_hal_rcc_ex.c ****   PeriphClkInit->Adc345ClockSelection     = __HAL_RCC_GET_ADC345_SOURCE();
 645:Drivers/STM32G4xx_HAL_Driver/Src/stm32g4xx_hal_rcc_ex.c **** #endif /* ADC345_COMMON */
 646:Drivers/STM32G4xx_HAL_Driver/Src/stm32g4xx_hal_rcc_ex.c **** 
 647:Drivers/STM32G4xx_HAL_Driver/Src/stm32g4xx_hal_rcc_ex.c **** #if defined(QUADSPI)
 648:Drivers/STM32G4xx_HAL_Driver/Src/stm32g4xx_hal_rcc_ex.c ****   /* Get the QuadSPIclock source --------------------------------------------*/
 649:Drivers/STM32G4xx_HAL_Driver/Src/stm32g4xx_hal_rcc_ex.c ****   PeriphClkInit->QspiClockSelection = __HAL_RCC_GET_QSPI_SOURCE();
 650:Drivers/STM32G4xx_HAL_Driver/Src/stm32g4xx_hal_rcc_ex.c **** #endif /* QUADSPI */
 651:Drivers/STM32G4xx_HAL_Driver/Src/stm32g4xx_hal_rcc_ex.c **** 
 652:Drivers/STM32G4xx_HAL_Driver/Src/stm32g4xx_hal_rcc_ex.c ****   /* Get the RTC clock source ------------------------------------------------*/
 653:Drivers/STM32G4xx_HAL_Driver/Src/stm32g4xx_hal_rcc_ex.c ****   PeriphClkInit->RTCClockSelection     = __HAL_RCC_GET_RTC_SOURCE();
 677              		.loc 1 653 3 is_stmt 1 view .LVU228
 678              		.loc 1 653 42 is_stmt 0 view .LVU229
 679 009c D3F89030 		ldr	r3, [r3, #144]
 680 00a0 03F44073 		and	r3, r3, #768
 681              		.loc 1 653 40 view .LVU230
 682 00a4 0364     		str	r3, [r0, #64]
 654:Drivers/STM32G4xx_HAL_Driver/Src/stm32g4xx_hal_rcc_ex.c **** 
 655:Drivers/STM32G4xx_HAL_Driver/Src/stm32g4xx_hal_rcc_ex.c **** }
 683              		.loc 1 655 1 view .LVU231
 684 00a6 7047     		bx	lr
 685              	.L44:
 686              		.align	2
 687              	.L43:
 688 00a8 EFFF0800 		.word	589807
 689 00ac 00100240 		.word	1073876992
 690              		.cfi_endproc
 691              	.LFE133:
 693              		.section	.text.HAL_RCCEx_GetPeriphCLKFreq,"ax",%progbits
ARM GAS  C:\Users\MyPC\AppData\Local\Temp\ccvsQKSL.s 			page 25


 694              		.align	1
 695              		.global	HAL_RCCEx_GetPeriphCLKFreq
 696              		.syntax unified
 697              		.thumb
 698              		.thumb_func
 700              	HAL_RCCEx_GetPeriphCLKFreq:
 701              	.LVL27:
 702              	.LFB134:
 656:Drivers/STM32G4xx_HAL_Driver/Src/stm32g4xx_hal_rcc_ex.c **** 
 657:Drivers/STM32G4xx_HAL_Driver/Src/stm32g4xx_hal_rcc_ex.c **** /**
 658:Drivers/STM32G4xx_HAL_Driver/Src/stm32g4xx_hal_rcc_ex.c ****   * @brief  Return the peripheral clock frequency for peripherals with clock source from PLL
 659:Drivers/STM32G4xx_HAL_Driver/Src/stm32g4xx_hal_rcc_ex.c ****   * @note   Return 0 if peripheral clock identifier not managed by this API
 660:Drivers/STM32G4xx_HAL_Driver/Src/stm32g4xx_hal_rcc_ex.c ****   * @param  PeriphClk  Peripheral clock identifier
 661:Drivers/STM32G4xx_HAL_Driver/Src/stm32g4xx_hal_rcc_ex.c ****   *         This parameter can be one of the following values:
 662:Drivers/STM32G4xx_HAL_Driver/Src/stm32g4xx_hal_rcc_ex.c ****   *            @arg @ref RCC_PERIPHCLK_USART1  USART1 peripheral clock
 663:Drivers/STM32G4xx_HAL_Driver/Src/stm32g4xx_hal_rcc_ex.c ****   *            @arg @ref RCC_PERIPHCLK_USART2  USART2 peripheral clock
 664:Drivers/STM32G4xx_HAL_Driver/Src/stm32g4xx_hal_rcc_ex.c ****   *            @arg @ref RCC_PERIPHCLK_USART3  USART3 peripheral clock
 665:Drivers/STM32G4xx_HAL_Driver/Src/stm32g4xx_hal_rcc_ex.c ****   *            @arg @ref RCC_PERIPHCLK_UART4  UART4 peripheral clock (only for devices with UART4)
 666:Drivers/STM32G4xx_HAL_Driver/Src/stm32g4xx_hal_rcc_ex.c ****   *            @arg @ref RCC_PERIPHCLK_UART5  UART5 peripheral clock (only for devices with UART5)
 667:Drivers/STM32G4xx_HAL_Driver/Src/stm32g4xx_hal_rcc_ex.c ****   *            @arg @ref RCC_PERIPHCLK_LPUART1  LPUART1 peripheral clock
 668:Drivers/STM32G4xx_HAL_Driver/Src/stm32g4xx_hal_rcc_ex.c ****   *            @arg @ref RCC_PERIPHCLK_I2C1  I2C1 peripheral clock
 669:Drivers/STM32G4xx_HAL_Driver/Src/stm32g4xx_hal_rcc_ex.c ****   *            @arg @ref RCC_PERIPHCLK_I2C2  I2C2 peripheral clock
 670:Drivers/STM32G4xx_HAL_Driver/Src/stm32g4xx_hal_rcc_ex.c ****   *            @arg @ref RCC_PERIPHCLK_I2C3  I2C3 peripheral clock
 671:Drivers/STM32G4xx_HAL_Driver/Src/stm32g4xx_hal_rcc_ex.c ****   *            @arg @ref RCC_PERIPHCLK_I2C4  I2C4 peripheral clock (only for devices with I2C4)
 672:Drivers/STM32G4xx_HAL_Driver/Src/stm32g4xx_hal_rcc_ex.c ****   *            @arg @ref RCC_PERIPHCLK_LPTIM1  LPTIM1 peripheral clock
 673:Drivers/STM32G4xx_HAL_Driver/Src/stm32g4xx_hal_rcc_ex.c ****   *            @arg @ref RCC_PERIPHCLK_SAI1  SAI1 peripheral clock
 674:Drivers/STM32G4xx_HAL_Driver/Src/stm32g4xx_hal_rcc_ex.c ****   *            @arg @ref RCC_PERIPHCLK_I2S  SPI peripheral clock
 675:Drivers/STM32G4xx_HAL_Driver/Src/stm32g4xx_hal_rcc_ex.c ****   *            @arg @ref RCC_PERIPHCLK_FDCAN  FDCAN peripheral clock (only for devices with FDCAN)
 676:Drivers/STM32G4xx_HAL_Driver/Src/stm32g4xx_hal_rcc_ex.c ****   *            @arg @ref RCC_PERIPHCLK_RNG  RNG peripheral clock
 677:Drivers/STM32G4xx_HAL_Driver/Src/stm32g4xx_hal_rcc_ex.c ****   *            @arg @ref RCC_PERIPHCLK_USB  USB peripheral clock (only for devices with USB)
 678:Drivers/STM32G4xx_HAL_Driver/Src/stm32g4xx_hal_rcc_ex.c ****   *            @arg @ref RCC_PERIPHCLK_ADC12  ADC1 and ADC2 peripheral clock
 679:Drivers/STM32G4xx_HAL_Driver/Src/stm32g4xx_hal_rcc_ex.c ****   *            @arg @ref RCC_PERIPHCLK_ADC345  ADC3, ADC4 and ADC5 peripheral clock (only for devic
 680:Drivers/STM32G4xx_HAL_Driver/Src/stm32g4xx_hal_rcc_ex.c ****   *            @arg @ref RCC_PERIPHCLK_QSPI  QSPI peripheral clock (only for devices with QSPI)
 681:Drivers/STM32G4xx_HAL_Driver/Src/stm32g4xx_hal_rcc_ex.c ****   *            @arg @ref RCC_PERIPHCLK_RTC  RTC peripheral clock
 682:Drivers/STM32G4xx_HAL_Driver/Src/stm32g4xx_hal_rcc_ex.c ****   * @retval Frequency in Hz
 683:Drivers/STM32G4xx_HAL_Driver/Src/stm32g4xx_hal_rcc_ex.c ****   */
 684:Drivers/STM32G4xx_HAL_Driver/Src/stm32g4xx_hal_rcc_ex.c **** uint32_t HAL_RCCEx_GetPeriphCLKFreq(uint32_t PeriphClk)
 685:Drivers/STM32G4xx_HAL_Driver/Src/stm32g4xx_hal_rcc_ex.c **** {
 703              		.loc 1 685 1 is_stmt 1 view -0
 704              		.cfi_startproc
 705              		@ args = 0, pretend = 0, frame = 0
 706              		@ frame_needed = 0, uses_anonymous_args = 0
 707              		.loc 1 685 1 is_stmt 0 view .LVU233
 708 0000 08B5     		push	{r3, lr}
 709              	.LCFI4:
 710              		.cfi_def_cfa_offset 8
 711              		.cfi_offset 3, -8
 712              		.cfi_offset 14, -4
 686:Drivers/STM32G4xx_HAL_Driver/Src/stm32g4xx_hal_rcc_ex.c ****   uint32_t frequency = 0U;
 713              		.loc 1 686 3 is_stmt 1 view .LVU234
 714              	.LVL28:
 687:Drivers/STM32G4xx_HAL_Driver/Src/stm32g4xx_hal_rcc_ex.c ****   uint32_t srcclk;
 715              		.loc 1 687 3 view .LVU235
 688:Drivers/STM32G4xx_HAL_Driver/Src/stm32g4xx_hal_rcc_ex.c ****   uint32_t pllvco, plln, pllp;
 716              		.loc 1 688 3 view .LVU236
 689:Drivers/STM32G4xx_HAL_Driver/Src/stm32g4xx_hal_rcc_ex.c **** 
 690:Drivers/STM32G4xx_HAL_Driver/Src/stm32g4xx_hal_rcc_ex.c ****   /* Check the parameters */
ARM GAS  C:\Users\MyPC\AppData\Local\Temp\ccvsQKSL.s 			page 26


 691:Drivers/STM32G4xx_HAL_Driver/Src/stm32g4xx_hal_rcc_ex.c ****   assert_param(IS_RCC_PERIPHCLOCK(PeriphClk));
 717              		.loc 1 691 3 view .LVU237
 692:Drivers/STM32G4xx_HAL_Driver/Src/stm32g4xx_hal_rcc_ex.c **** 
 693:Drivers/STM32G4xx_HAL_Driver/Src/stm32g4xx_hal_rcc_ex.c ****   if(PeriphClk == RCC_PERIPHCLK_RTC)
 718              		.loc 1 693 3 view .LVU238
 719              		.loc 1 693 5 is_stmt 0 view .LVU239
 720 0002 B0F5002F 		cmp	r0, #524288
 721 0006 42D0     		beq	.L134
 694:Drivers/STM32G4xx_HAL_Driver/Src/stm32g4xx_hal_rcc_ex.c ****   {
 695:Drivers/STM32G4xx_HAL_Driver/Src/stm32g4xx_hal_rcc_ex.c ****     /* Get the current RTC source */
 696:Drivers/STM32G4xx_HAL_Driver/Src/stm32g4xx_hal_rcc_ex.c ****     srcclk = __HAL_RCC_GET_RTC_SOURCE();
 697:Drivers/STM32G4xx_HAL_Driver/Src/stm32g4xx_hal_rcc_ex.c **** 
 698:Drivers/STM32G4xx_HAL_Driver/Src/stm32g4xx_hal_rcc_ex.c ****     /* Check if LSE is ready and if RTC clock selection is LSE */
 699:Drivers/STM32G4xx_HAL_Driver/Src/stm32g4xx_hal_rcc_ex.c ****     if ((HAL_IS_BIT_SET(RCC->BDCR, RCC_BDCR_LSERDY)) && (srcclk == RCC_RTCCLKSOURCE_LSE))
 700:Drivers/STM32G4xx_HAL_Driver/Src/stm32g4xx_hal_rcc_ex.c ****     {
 701:Drivers/STM32G4xx_HAL_Driver/Src/stm32g4xx_hal_rcc_ex.c ****       frequency = LSE_VALUE;
 702:Drivers/STM32G4xx_HAL_Driver/Src/stm32g4xx_hal_rcc_ex.c ****     }
 703:Drivers/STM32G4xx_HAL_Driver/Src/stm32g4xx_hal_rcc_ex.c ****     /* Check if LSI is ready and if RTC clock selection is LSI */
 704:Drivers/STM32G4xx_HAL_Driver/Src/stm32g4xx_hal_rcc_ex.c ****     else if ((HAL_IS_BIT_SET(RCC->CSR, RCC_CSR_LSIRDY)) && (srcclk == RCC_RTCCLKSOURCE_LSI))
 705:Drivers/STM32G4xx_HAL_Driver/Src/stm32g4xx_hal_rcc_ex.c ****     {
 706:Drivers/STM32G4xx_HAL_Driver/Src/stm32g4xx_hal_rcc_ex.c ****       frequency = LSI_VALUE;
 707:Drivers/STM32G4xx_HAL_Driver/Src/stm32g4xx_hal_rcc_ex.c ****     }
 708:Drivers/STM32G4xx_HAL_Driver/Src/stm32g4xx_hal_rcc_ex.c ****     /* Check if HSE is ready  and if RTC clock selection is HSI_DIV32*/
 709:Drivers/STM32G4xx_HAL_Driver/Src/stm32g4xx_hal_rcc_ex.c ****     else if ((HAL_IS_BIT_SET(RCC->CR, RCC_CR_HSERDY)) && (srcclk == RCC_RTCCLKSOURCE_HSE_DIV32))
 710:Drivers/STM32G4xx_HAL_Driver/Src/stm32g4xx_hal_rcc_ex.c ****     {
 711:Drivers/STM32G4xx_HAL_Driver/Src/stm32g4xx_hal_rcc_ex.c ****       frequency = HSE_VALUE / 32U;
 712:Drivers/STM32G4xx_HAL_Driver/Src/stm32g4xx_hal_rcc_ex.c ****     }
 713:Drivers/STM32G4xx_HAL_Driver/Src/stm32g4xx_hal_rcc_ex.c ****     /* Clock not enabled for RTC*/
 714:Drivers/STM32G4xx_HAL_Driver/Src/stm32g4xx_hal_rcc_ex.c ****     else
 715:Drivers/STM32G4xx_HAL_Driver/Src/stm32g4xx_hal_rcc_ex.c ****     {
 716:Drivers/STM32G4xx_HAL_Driver/Src/stm32g4xx_hal_rcc_ex.c ****       /* nothing to do: frequency already initialized to 0 */
 717:Drivers/STM32G4xx_HAL_Driver/Src/stm32g4xx_hal_rcc_ex.c ****     }
 718:Drivers/STM32G4xx_HAL_Driver/Src/stm32g4xx_hal_rcc_ex.c ****   }
 719:Drivers/STM32G4xx_HAL_Driver/Src/stm32g4xx_hal_rcc_ex.c ****   else
 720:Drivers/STM32G4xx_HAL_Driver/Src/stm32g4xx_hal_rcc_ex.c ****   {
 721:Drivers/STM32G4xx_HAL_Driver/Src/stm32g4xx_hal_rcc_ex.c ****     /* Other external peripheral clock source than RTC */
 722:Drivers/STM32G4xx_HAL_Driver/Src/stm32g4xx_hal_rcc_ex.c **** 
 723:Drivers/STM32G4xx_HAL_Driver/Src/stm32g4xx_hal_rcc_ex.c ****     /* Compute PLL clock input */
 724:Drivers/STM32G4xx_HAL_Driver/Src/stm32g4xx_hal_rcc_ex.c ****     if(__HAL_RCC_GET_PLL_OSCSOURCE() == RCC_PLLSOURCE_HSI)   /* HSI ? */
 722              		.loc 1 724 5 is_stmt 1 view .LVU240
 723              		.loc 1 724 8 is_stmt 0 view .LVU241
 724 0008 A14B     		ldr	r3, .L168
 725 000a DB68     		ldr	r3, [r3, #12]
 726 000c 03F00303 		and	r3, r3, #3
 727              		.loc 1 724 7 view .LVU242
 728 0010 022B     		cmp	r3, #2
 729 0012 5FD0     		beq	.L135
 725:Drivers/STM32G4xx_HAL_Driver/Src/stm32g4xx_hal_rcc_ex.c ****     {
 726:Drivers/STM32G4xx_HAL_Driver/Src/stm32g4xx_hal_rcc_ex.c ****       if(HAL_IS_BIT_SET(RCC->CR, RCC_CR_HSIRDY))
 727:Drivers/STM32G4xx_HAL_Driver/Src/stm32g4xx_hal_rcc_ex.c ****       {
 728:Drivers/STM32G4xx_HAL_Driver/Src/stm32g4xx_hal_rcc_ex.c ****         pllvco = HSI_VALUE;
 729:Drivers/STM32G4xx_HAL_Driver/Src/stm32g4xx_hal_rcc_ex.c ****       }
 730:Drivers/STM32G4xx_HAL_Driver/Src/stm32g4xx_hal_rcc_ex.c ****       else
 731:Drivers/STM32G4xx_HAL_Driver/Src/stm32g4xx_hal_rcc_ex.c ****       {
 732:Drivers/STM32G4xx_HAL_Driver/Src/stm32g4xx_hal_rcc_ex.c ****         pllvco = 0U;
 733:Drivers/STM32G4xx_HAL_Driver/Src/stm32g4xx_hal_rcc_ex.c ****       }
 734:Drivers/STM32G4xx_HAL_Driver/Src/stm32g4xx_hal_rcc_ex.c ****     }
ARM GAS  C:\Users\MyPC\AppData\Local\Temp\ccvsQKSL.s 			page 27


 735:Drivers/STM32G4xx_HAL_Driver/Src/stm32g4xx_hal_rcc_ex.c ****     else if(__HAL_RCC_GET_PLL_OSCSOURCE() == RCC_PLLSOURCE_HSE)   /* HSE ? */
 730              		.loc 1 735 10 is_stmt 1 view .LVU243
 731              		.loc 1 735 13 is_stmt 0 view .LVU244
 732 0014 9E4B     		ldr	r3, .L168
 733 0016 DB68     		ldr	r3, [r3, #12]
 734 0018 03F00303 		and	r3, r3, #3
 735              		.loc 1 735 12 view .LVU245
 736 001c 032B     		cmp	r3, #3
 737 001e 60D0     		beq	.L136
 736:Drivers/STM32G4xx_HAL_Driver/Src/stm32g4xx_hal_rcc_ex.c ****     {
 737:Drivers/STM32G4xx_HAL_Driver/Src/stm32g4xx_hal_rcc_ex.c ****       if(HAL_IS_BIT_SET(RCC->CR, RCC_CR_HSERDY))
 738:Drivers/STM32G4xx_HAL_Driver/Src/stm32g4xx_hal_rcc_ex.c ****       {
 739:Drivers/STM32G4xx_HAL_Driver/Src/stm32g4xx_hal_rcc_ex.c ****         pllvco = HSE_VALUE;
 740:Drivers/STM32G4xx_HAL_Driver/Src/stm32g4xx_hal_rcc_ex.c ****       }
 741:Drivers/STM32G4xx_HAL_Driver/Src/stm32g4xx_hal_rcc_ex.c ****       else
 742:Drivers/STM32G4xx_HAL_Driver/Src/stm32g4xx_hal_rcc_ex.c ****       {
 743:Drivers/STM32G4xx_HAL_Driver/Src/stm32g4xx_hal_rcc_ex.c ****         pllvco = 0U;
 744:Drivers/STM32G4xx_HAL_Driver/Src/stm32g4xx_hal_rcc_ex.c ****       }
 745:Drivers/STM32G4xx_HAL_Driver/Src/stm32g4xx_hal_rcc_ex.c ****     }
 746:Drivers/STM32G4xx_HAL_Driver/Src/stm32g4xx_hal_rcc_ex.c ****     else /* No source */
 747:Drivers/STM32G4xx_HAL_Driver/Src/stm32g4xx_hal_rcc_ex.c ****     {
 748:Drivers/STM32G4xx_HAL_Driver/Src/stm32g4xx_hal_rcc_ex.c ****       pllvco = 0U;
 738              		.loc 1 748 14 view .LVU246
 739 0020 0022     		movs	r2, #0
 740              	.L51:
 741              	.LVL29:
 749:Drivers/STM32G4xx_HAL_Driver/Src/stm32g4xx_hal_rcc_ex.c ****     }
 750:Drivers/STM32G4xx_HAL_Driver/Src/stm32g4xx_hal_rcc_ex.c **** 
 751:Drivers/STM32G4xx_HAL_Driver/Src/stm32g4xx_hal_rcc_ex.c ****     /* f(PLL Source) / PLLM */
 752:Drivers/STM32G4xx_HAL_Driver/Src/stm32g4xx_hal_rcc_ex.c ****     pllvco = (pllvco / ((READ_BIT(RCC->PLLCFGR, RCC_PLLCFGR_PLLM) >> RCC_PLLCFGR_PLLM_Pos) + 1U));
 742              		.loc 1 752 5 is_stmt 1 view .LVU247
 743              		.loc 1 752 26 is_stmt 0 view .LVU248
 744 0022 9B4B     		ldr	r3, .L168
 745 0024 DB68     		ldr	r3, [r3, #12]
 746              		.loc 1 752 67 view .LVU249
 747 0026 C3F30313 		ubfx	r3, r3, #4, #4
 748              		.loc 1 752 92 view .LVU250
 749 002a 0133     		adds	r3, r3, #1
 750              		.loc 1 752 12 view .LVU251
 751 002c B2FBF3F2 		udiv	r2, r2, r3
 752              	.LVL30:
 753:Drivers/STM32G4xx_HAL_Driver/Src/stm32g4xx_hal_rcc_ex.c **** 
 754:Drivers/STM32G4xx_HAL_Driver/Src/stm32g4xx_hal_rcc_ex.c ****     switch(PeriphClk)
 753              		.loc 1 754 5 is_stmt 1 view .LVU252
 754 0030 B0F5807F 		cmp	r0, #256
 755 0034 00F09081 		beq	.L52
 756 0038 00F28680 		bhi	.L53
 757 003c 0828     		cmp	r0, #8
 758 003e 00F02D81 		beq	.L54
 759 0042 57D8     		bhi	.L55
 760 0044 0228     		cmp	r0, #2
 761 0046 00F0DF80 		beq	.L56
 762 004a 0428     		cmp	r0, #4
 763 004c 00F0FE80 		beq	.L57
 764 0050 0128     		cmp	r0, #1
 765 0052 4DD1     		bne	.L137
 755:Drivers/STM32G4xx_HAL_Driver/Src/stm32g4xx_hal_rcc_ex.c ****     {
ARM GAS  C:\Users\MyPC\AppData\Local\Temp\ccvsQKSL.s 			page 28


 756:Drivers/STM32G4xx_HAL_Driver/Src/stm32g4xx_hal_rcc_ex.c **** 
 757:Drivers/STM32G4xx_HAL_Driver/Src/stm32g4xx_hal_rcc_ex.c ****     case RCC_PERIPHCLK_USART1:
 758:Drivers/STM32G4xx_HAL_Driver/Src/stm32g4xx_hal_rcc_ex.c ****       /* Get the current USART1 source */
 759:Drivers/STM32G4xx_HAL_Driver/Src/stm32g4xx_hal_rcc_ex.c ****       srcclk = __HAL_RCC_GET_USART1_SOURCE();
 766              		.loc 1 759 7 view .LVU253
 767              		.loc 1 759 16 is_stmt 0 view .LVU254
 768 0054 8E4B     		ldr	r3, .L168
 769 0056 D3F88830 		ldr	r3, [r3, #136]
 770              	.LVL31:
 760:Drivers/STM32G4xx_HAL_Driver/Src/stm32g4xx_hal_rcc_ex.c **** 
 761:Drivers/STM32G4xx_HAL_Driver/Src/stm32g4xx_hal_rcc_ex.c ****       if(srcclk == RCC_USART1CLKSOURCE_PCLK2)
 771              		.loc 1 761 7 is_stmt 1 view .LVU255
 772              		.loc 1 761 9 is_stmt 0 view .LVU256
 773 005a 13F00303 		ands	r3, r3, #3
 774              	.LVL32:
 775              		.loc 1 761 9 view .LVU257
 776 005e 00F0CD80 		beq	.L138
 762:Drivers/STM32G4xx_HAL_Driver/Src/stm32g4xx_hal_rcc_ex.c ****       {
 763:Drivers/STM32G4xx_HAL_Driver/Src/stm32g4xx_hal_rcc_ex.c ****         frequency = HAL_RCC_GetPCLK2Freq();
 764:Drivers/STM32G4xx_HAL_Driver/Src/stm32g4xx_hal_rcc_ex.c ****       }
 765:Drivers/STM32G4xx_HAL_Driver/Src/stm32g4xx_hal_rcc_ex.c ****       else if(srcclk == RCC_USART1CLKSOURCE_SYSCLK)
 777              		.loc 1 765 12 is_stmt 1 view .LVU258
 778              		.loc 1 765 14 is_stmt 0 view .LVU259
 779 0062 012B     		cmp	r3, #1
 780 0064 00F0CD80 		beq	.L139
 766:Drivers/STM32G4xx_HAL_Driver/Src/stm32g4xx_hal_rcc_ex.c ****       {
 767:Drivers/STM32G4xx_HAL_Driver/Src/stm32g4xx_hal_rcc_ex.c ****         frequency = HAL_RCC_GetSysClockFreq();
 768:Drivers/STM32G4xx_HAL_Driver/Src/stm32g4xx_hal_rcc_ex.c ****       }
 769:Drivers/STM32G4xx_HAL_Driver/Src/stm32g4xx_hal_rcc_ex.c ****       else if((HAL_IS_BIT_SET(RCC->CR, RCC_CR_HSIRDY)) && (srcclk == RCC_USART1CLKSOURCE_HSI) )
 781              		.loc 1 769 12 is_stmt 1 view .LVU260
 782              		.loc 1 769 16 is_stmt 0 view .LVU261
 783 0068 894A     		ldr	r2, .L168
 784              	.LVL33:
 785              		.loc 1 769 16 view .LVU262
 786 006a 1268     		ldr	r2, [r2]
 787              		.loc 1 769 14 view .LVU263
 788 006c 12F4806F 		tst	r2, #1024
 789 0070 02D0     		beq	.L72
 790              		.loc 1 769 56 discriminator 1 view .LVU264
 791 0072 022B     		cmp	r3, #2
 792 0074 00F08682 		beq	.L107
 793              	.L72:
 770:Drivers/STM32G4xx_HAL_Driver/Src/stm32g4xx_hal_rcc_ex.c ****       {
 771:Drivers/STM32G4xx_HAL_Driver/Src/stm32g4xx_hal_rcc_ex.c ****         frequency = HSI_VALUE;
 772:Drivers/STM32G4xx_HAL_Driver/Src/stm32g4xx_hal_rcc_ex.c ****       }
 773:Drivers/STM32G4xx_HAL_Driver/Src/stm32g4xx_hal_rcc_ex.c ****       else if((HAL_IS_BIT_SET(RCC->BDCR, RCC_BDCR_LSERDY)) && (srcclk == RCC_USART1CLKSOURCE_LSE))
 794              		.loc 1 773 12 is_stmt 1 view .LVU265
 795              		.loc 1 773 16 is_stmt 0 view .LVU266
 796 0078 854A     		ldr	r2, .L168
 797 007a D2F89000 		ldr	r0, [r2, #144]
 798              	.LVL34:
 799              		.loc 1 773 14 view .LVU267
 800 007e 10F00200 		ands	r0, r0, #2
 801 0082 26D0     		beq	.L45
 802              		.loc 1 773 60 discriminator 1 view .LVU268
 803 0084 032B     		cmp	r3, #3
 804 0086 00F07F82 		beq	.L108
ARM GAS  C:\Users\MyPC\AppData\Local\Temp\ccvsQKSL.s 			page 29


 686:Drivers/STM32G4xx_HAL_Driver/Src/stm32g4xx_hal_rcc_ex.c ****   uint32_t srcclk;
 805              		.loc 1 686 12 view .LVU269
 806 008a 0020     		movs	r0, #0
 807 008c 21E0     		b	.L45
 808              	.LVL35:
 809              	.L134:
 696:Drivers/STM32G4xx_HAL_Driver/Src/stm32g4xx_hal_rcc_ex.c **** 
 810              		.loc 1 696 5 is_stmt 1 view .LVU270
 696:Drivers/STM32G4xx_HAL_Driver/Src/stm32g4xx_hal_rcc_ex.c **** 
 811              		.loc 1 696 14 is_stmt 0 view .LVU271
 812 008e 804A     		ldr	r2, .L168
 813 0090 D2F89030 		ldr	r3, [r2, #144]
 696:Drivers/STM32G4xx_HAL_Driver/Src/stm32g4xx_hal_rcc_ex.c **** 
 814              		.loc 1 696 12 view .LVU272
 815 0094 03F44073 		and	r3, r3, #768
 816              	.LVL36:
 699:Drivers/STM32G4xx_HAL_Driver/Src/stm32g4xx_hal_rcc_ex.c ****     {
 817              		.loc 1 699 5 is_stmt 1 view .LVU273
 699:Drivers/STM32G4xx_HAL_Driver/Src/stm32g4xx_hal_rcc_ex.c ****     {
 818              		.loc 1 699 10 is_stmt 0 view .LVU274
 819 0098 D2F89020 		ldr	r2, [r2, #144]
 699:Drivers/STM32G4xx_HAL_Driver/Src/stm32g4xx_hal_rcc_ex.c ****     {
 820              		.loc 1 699 8 view .LVU275
 821 009c 12F0020F 		tst	r2, #2
 822 00a0 03D0     		beq	.L47
 699:Drivers/STM32G4xx_HAL_Driver/Src/stm32g4xx_hal_rcc_ex.c ****     {
 823              		.loc 1 699 54 discriminator 1 view .LVU276
 824 00a2 B3F5807F 		cmp	r3, #256
 825 00a6 00F06382 		beq	.L103
 826              	.L47:
 704:Drivers/STM32G4xx_HAL_Driver/Src/stm32g4xx_hal_rcc_ex.c ****     {
 827              		.loc 1 704 10 is_stmt 1 view .LVU277
 704:Drivers/STM32G4xx_HAL_Driver/Src/stm32g4xx_hal_rcc_ex.c ****     {
 828              		.loc 1 704 15 is_stmt 0 view .LVU278
 829 00aa 794A     		ldr	r2, .L168
 830 00ac D2F89420 		ldr	r2, [r2, #148]
 704:Drivers/STM32G4xx_HAL_Driver/Src/stm32g4xx_hal_rcc_ex.c ****     {
 831              		.loc 1 704 13 view .LVU279
 832 00b0 12F0020F 		tst	r2, #2
 833 00b4 03D0     		beq	.L49
 704:Drivers/STM32G4xx_HAL_Driver/Src/stm32g4xx_hal_rcc_ex.c ****     {
 834              		.loc 1 704 57 discriminator 1 view .LVU280
 835 00b6 B3F5007F 		cmp	r3, #512
 836 00ba 00F05C82 		beq	.L104
 837              	.L49:
 709:Drivers/STM32G4xx_HAL_Driver/Src/stm32g4xx_hal_rcc_ex.c ****     {
 838              		.loc 1 709 10 is_stmt 1 view .LVU281
 709:Drivers/STM32G4xx_HAL_Driver/Src/stm32g4xx_hal_rcc_ex.c ****     {
 839              		.loc 1 709 15 is_stmt 0 view .LVU282
 840 00be 744A     		ldr	r2, .L168
 841 00c0 1068     		ldr	r0, [r2]
 842              	.LVL37:
 709:Drivers/STM32G4xx_HAL_Driver/Src/stm32g4xx_hal_rcc_ex.c ****     {
 843              		.loc 1 709 13 view .LVU283
 844 00c2 10F40030 		ands	r0, r0, #131072
 845 00c6 04D0     		beq	.L45
 709:Drivers/STM32G4xx_HAL_Driver/Src/stm32g4xx_hal_rcc_ex.c ****     {
ARM GAS  C:\Users\MyPC\AppData\Local\Temp\ccvsQKSL.s 			page 30


 846              		.loc 1 709 55 discriminator 1 view .LVU284
 847 00c8 B3F5407F 		cmp	r3, #768
 848 00cc 00F05882 		beq	.L105
 686:Drivers/STM32G4xx_HAL_Driver/Src/stm32g4xx_hal_rcc_ex.c ****   uint32_t srcclk;
 849              		.loc 1 686 12 view .LVU285
 850 00d0 0020     		movs	r0, #0
 851              	.LVL38:
 852              	.L45:
 774:Drivers/STM32G4xx_HAL_Driver/Src/stm32g4xx_hal_rcc_ex.c ****       {
 775:Drivers/STM32G4xx_HAL_Driver/Src/stm32g4xx_hal_rcc_ex.c ****         frequency = LSE_VALUE;
 776:Drivers/STM32G4xx_HAL_Driver/Src/stm32g4xx_hal_rcc_ex.c ****       }
 777:Drivers/STM32G4xx_HAL_Driver/Src/stm32g4xx_hal_rcc_ex.c ****       /* Clock not enabled for USART1 */
 778:Drivers/STM32G4xx_HAL_Driver/Src/stm32g4xx_hal_rcc_ex.c ****       else
 779:Drivers/STM32G4xx_HAL_Driver/Src/stm32g4xx_hal_rcc_ex.c ****       {
 780:Drivers/STM32G4xx_HAL_Driver/Src/stm32g4xx_hal_rcc_ex.c ****         /* nothing to do: frequency already initialized to 0 */
 781:Drivers/STM32G4xx_HAL_Driver/Src/stm32g4xx_hal_rcc_ex.c ****       }
 782:Drivers/STM32G4xx_HAL_Driver/Src/stm32g4xx_hal_rcc_ex.c ****       break;
 783:Drivers/STM32G4xx_HAL_Driver/Src/stm32g4xx_hal_rcc_ex.c **** 
 784:Drivers/STM32G4xx_HAL_Driver/Src/stm32g4xx_hal_rcc_ex.c ****     case RCC_PERIPHCLK_USART2:
 785:Drivers/STM32G4xx_HAL_Driver/Src/stm32g4xx_hal_rcc_ex.c ****       /* Get the current USART2 source */
 786:Drivers/STM32G4xx_HAL_Driver/Src/stm32g4xx_hal_rcc_ex.c ****       srcclk = __HAL_RCC_GET_USART2_SOURCE();
 787:Drivers/STM32G4xx_HAL_Driver/Src/stm32g4xx_hal_rcc_ex.c **** 
 788:Drivers/STM32G4xx_HAL_Driver/Src/stm32g4xx_hal_rcc_ex.c ****       if(srcclk == RCC_USART2CLKSOURCE_PCLK1)
 789:Drivers/STM32G4xx_HAL_Driver/Src/stm32g4xx_hal_rcc_ex.c ****       {
 790:Drivers/STM32G4xx_HAL_Driver/Src/stm32g4xx_hal_rcc_ex.c ****         frequency = HAL_RCC_GetPCLK1Freq();
 791:Drivers/STM32G4xx_HAL_Driver/Src/stm32g4xx_hal_rcc_ex.c ****       }
 792:Drivers/STM32G4xx_HAL_Driver/Src/stm32g4xx_hal_rcc_ex.c ****       else if(srcclk == RCC_USART2CLKSOURCE_SYSCLK)
 793:Drivers/STM32G4xx_HAL_Driver/Src/stm32g4xx_hal_rcc_ex.c ****       {
 794:Drivers/STM32G4xx_HAL_Driver/Src/stm32g4xx_hal_rcc_ex.c ****         frequency = HAL_RCC_GetSysClockFreq();
 795:Drivers/STM32G4xx_HAL_Driver/Src/stm32g4xx_hal_rcc_ex.c ****       }
 796:Drivers/STM32G4xx_HAL_Driver/Src/stm32g4xx_hal_rcc_ex.c ****       else if((HAL_IS_BIT_SET(RCC->CR, RCC_CR_HSIRDY)) && (srcclk == RCC_USART2CLKSOURCE_HSI))
 797:Drivers/STM32G4xx_HAL_Driver/Src/stm32g4xx_hal_rcc_ex.c ****       {
 798:Drivers/STM32G4xx_HAL_Driver/Src/stm32g4xx_hal_rcc_ex.c ****         frequency = HSI_VALUE;
 799:Drivers/STM32G4xx_HAL_Driver/Src/stm32g4xx_hal_rcc_ex.c ****       }
 800:Drivers/STM32G4xx_HAL_Driver/Src/stm32g4xx_hal_rcc_ex.c ****       else if((HAL_IS_BIT_SET(RCC->BDCR, RCC_BDCR_LSERDY))  && (srcclk == RCC_USART2CLKSOURCE_LSE))
 801:Drivers/STM32G4xx_HAL_Driver/Src/stm32g4xx_hal_rcc_ex.c ****       {
 802:Drivers/STM32G4xx_HAL_Driver/Src/stm32g4xx_hal_rcc_ex.c ****         frequency = LSE_VALUE;
 803:Drivers/STM32G4xx_HAL_Driver/Src/stm32g4xx_hal_rcc_ex.c ****       }
 804:Drivers/STM32G4xx_HAL_Driver/Src/stm32g4xx_hal_rcc_ex.c ****       /* Clock not enabled for USART2 */
 805:Drivers/STM32G4xx_HAL_Driver/Src/stm32g4xx_hal_rcc_ex.c ****       else
 806:Drivers/STM32G4xx_HAL_Driver/Src/stm32g4xx_hal_rcc_ex.c ****       {
 807:Drivers/STM32G4xx_HAL_Driver/Src/stm32g4xx_hal_rcc_ex.c ****         /* nothing to do: frequency already initialized to 0 */
 808:Drivers/STM32G4xx_HAL_Driver/Src/stm32g4xx_hal_rcc_ex.c ****       }
 809:Drivers/STM32G4xx_HAL_Driver/Src/stm32g4xx_hal_rcc_ex.c ****       break;
 810:Drivers/STM32G4xx_HAL_Driver/Src/stm32g4xx_hal_rcc_ex.c **** 
 811:Drivers/STM32G4xx_HAL_Driver/Src/stm32g4xx_hal_rcc_ex.c **** #if defined(USART3)
 812:Drivers/STM32G4xx_HAL_Driver/Src/stm32g4xx_hal_rcc_ex.c ****     case RCC_PERIPHCLK_USART3:
 813:Drivers/STM32G4xx_HAL_Driver/Src/stm32g4xx_hal_rcc_ex.c ****       /* Get the current USART3 source */
 814:Drivers/STM32G4xx_HAL_Driver/Src/stm32g4xx_hal_rcc_ex.c ****       srcclk = __HAL_RCC_GET_USART3_SOURCE();
 815:Drivers/STM32G4xx_HAL_Driver/Src/stm32g4xx_hal_rcc_ex.c **** 
 816:Drivers/STM32G4xx_HAL_Driver/Src/stm32g4xx_hal_rcc_ex.c ****       if(srcclk == RCC_USART3CLKSOURCE_PCLK1)
 817:Drivers/STM32G4xx_HAL_Driver/Src/stm32g4xx_hal_rcc_ex.c ****       {
 818:Drivers/STM32G4xx_HAL_Driver/Src/stm32g4xx_hal_rcc_ex.c ****         frequency = HAL_RCC_GetPCLK1Freq();
 819:Drivers/STM32G4xx_HAL_Driver/Src/stm32g4xx_hal_rcc_ex.c ****       }
 820:Drivers/STM32G4xx_HAL_Driver/Src/stm32g4xx_hal_rcc_ex.c ****       else if(srcclk == RCC_USART3CLKSOURCE_SYSCLK)
 821:Drivers/STM32G4xx_HAL_Driver/Src/stm32g4xx_hal_rcc_ex.c ****       {
 822:Drivers/STM32G4xx_HAL_Driver/Src/stm32g4xx_hal_rcc_ex.c ****         frequency = HAL_RCC_GetSysClockFreq();
ARM GAS  C:\Users\MyPC\AppData\Local\Temp\ccvsQKSL.s 			page 31


 823:Drivers/STM32G4xx_HAL_Driver/Src/stm32g4xx_hal_rcc_ex.c ****       }
 824:Drivers/STM32G4xx_HAL_Driver/Src/stm32g4xx_hal_rcc_ex.c ****       else if((HAL_IS_BIT_SET(RCC->CR, RCC_CR_HSIRDY)) && (srcclk == RCC_USART3CLKSOURCE_HSI))
 825:Drivers/STM32G4xx_HAL_Driver/Src/stm32g4xx_hal_rcc_ex.c ****       {
 826:Drivers/STM32G4xx_HAL_Driver/Src/stm32g4xx_hal_rcc_ex.c ****         frequency = HSI_VALUE;
 827:Drivers/STM32G4xx_HAL_Driver/Src/stm32g4xx_hal_rcc_ex.c ****       }
 828:Drivers/STM32G4xx_HAL_Driver/Src/stm32g4xx_hal_rcc_ex.c ****       else if((HAL_IS_BIT_SET(RCC->BDCR, RCC_BDCR_LSERDY)) && (srcclk == RCC_USART3CLKSOURCE_LSE))
 829:Drivers/STM32G4xx_HAL_Driver/Src/stm32g4xx_hal_rcc_ex.c ****       {
 830:Drivers/STM32G4xx_HAL_Driver/Src/stm32g4xx_hal_rcc_ex.c ****         frequency = LSE_VALUE;
 831:Drivers/STM32G4xx_HAL_Driver/Src/stm32g4xx_hal_rcc_ex.c ****       }
 832:Drivers/STM32G4xx_HAL_Driver/Src/stm32g4xx_hal_rcc_ex.c ****       /* Clock not enabled for USART3 */
 833:Drivers/STM32G4xx_HAL_Driver/Src/stm32g4xx_hal_rcc_ex.c ****       else
 834:Drivers/STM32G4xx_HAL_Driver/Src/stm32g4xx_hal_rcc_ex.c ****       {
 835:Drivers/STM32G4xx_HAL_Driver/Src/stm32g4xx_hal_rcc_ex.c ****         /* nothing to do: frequency already initialized to 0 */
 836:Drivers/STM32G4xx_HAL_Driver/Src/stm32g4xx_hal_rcc_ex.c ****       }
 837:Drivers/STM32G4xx_HAL_Driver/Src/stm32g4xx_hal_rcc_ex.c ****       break;
 838:Drivers/STM32G4xx_HAL_Driver/Src/stm32g4xx_hal_rcc_ex.c **** #endif /* USART3 */
 839:Drivers/STM32G4xx_HAL_Driver/Src/stm32g4xx_hal_rcc_ex.c ****       
 840:Drivers/STM32G4xx_HAL_Driver/Src/stm32g4xx_hal_rcc_ex.c **** #if defined(UART4)
 841:Drivers/STM32G4xx_HAL_Driver/Src/stm32g4xx_hal_rcc_ex.c ****     case RCC_PERIPHCLK_UART4:
 842:Drivers/STM32G4xx_HAL_Driver/Src/stm32g4xx_hal_rcc_ex.c ****       /* Get the current UART4 source */
 843:Drivers/STM32G4xx_HAL_Driver/Src/stm32g4xx_hal_rcc_ex.c ****       srcclk = __HAL_RCC_GET_UART4_SOURCE();
 844:Drivers/STM32G4xx_HAL_Driver/Src/stm32g4xx_hal_rcc_ex.c **** 
 845:Drivers/STM32G4xx_HAL_Driver/Src/stm32g4xx_hal_rcc_ex.c ****       if(srcclk == RCC_UART4CLKSOURCE_PCLK1)
 846:Drivers/STM32G4xx_HAL_Driver/Src/stm32g4xx_hal_rcc_ex.c ****       {
 847:Drivers/STM32G4xx_HAL_Driver/Src/stm32g4xx_hal_rcc_ex.c ****         frequency = HAL_RCC_GetPCLK1Freq();
 848:Drivers/STM32G4xx_HAL_Driver/Src/stm32g4xx_hal_rcc_ex.c ****       }
 849:Drivers/STM32G4xx_HAL_Driver/Src/stm32g4xx_hal_rcc_ex.c ****       else if(srcclk == RCC_UART4CLKSOURCE_SYSCLK)
 850:Drivers/STM32G4xx_HAL_Driver/Src/stm32g4xx_hal_rcc_ex.c ****       {
 851:Drivers/STM32G4xx_HAL_Driver/Src/stm32g4xx_hal_rcc_ex.c ****         frequency = HAL_RCC_GetSysClockFreq();
 852:Drivers/STM32G4xx_HAL_Driver/Src/stm32g4xx_hal_rcc_ex.c ****       }
 853:Drivers/STM32G4xx_HAL_Driver/Src/stm32g4xx_hal_rcc_ex.c ****       else if((HAL_IS_BIT_SET(RCC->CR, RCC_CR_HSIRDY)) && (srcclk == RCC_UART4CLKSOURCE_HSI))
 854:Drivers/STM32G4xx_HAL_Driver/Src/stm32g4xx_hal_rcc_ex.c ****       {
 855:Drivers/STM32G4xx_HAL_Driver/Src/stm32g4xx_hal_rcc_ex.c ****         frequency = HSI_VALUE;
 856:Drivers/STM32G4xx_HAL_Driver/Src/stm32g4xx_hal_rcc_ex.c ****       }
 857:Drivers/STM32G4xx_HAL_Driver/Src/stm32g4xx_hal_rcc_ex.c ****       else if((HAL_IS_BIT_SET(RCC->BDCR, RCC_BDCR_LSERDY)) && (srcclk == RCC_UART4CLKSOURCE_LSE))
 858:Drivers/STM32G4xx_HAL_Driver/Src/stm32g4xx_hal_rcc_ex.c ****       {
 859:Drivers/STM32G4xx_HAL_Driver/Src/stm32g4xx_hal_rcc_ex.c ****         frequency = LSE_VALUE;
 860:Drivers/STM32G4xx_HAL_Driver/Src/stm32g4xx_hal_rcc_ex.c ****       }
 861:Drivers/STM32G4xx_HAL_Driver/Src/stm32g4xx_hal_rcc_ex.c ****       /* Clock not enabled for UART4 */
 862:Drivers/STM32G4xx_HAL_Driver/Src/stm32g4xx_hal_rcc_ex.c ****       else
 863:Drivers/STM32G4xx_HAL_Driver/Src/stm32g4xx_hal_rcc_ex.c ****       {
 864:Drivers/STM32G4xx_HAL_Driver/Src/stm32g4xx_hal_rcc_ex.c ****         /* nothing to do: frequency already initialized to 0 */
 865:Drivers/STM32G4xx_HAL_Driver/Src/stm32g4xx_hal_rcc_ex.c ****       }
 866:Drivers/STM32G4xx_HAL_Driver/Src/stm32g4xx_hal_rcc_ex.c ****       break;
 867:Drivers/STM32G4xx_HAL_Driver/Src/stm32g4xx_hal_rcc_ex.c **** #endif /* UART4 */
 868:Drivers/STM32G4xx_HAL_Driver/Src/stm32g4xx_hal_rcc_ex.c **** 
 869:Drivers/STM32G4xx_HAL_Driver/Src/stm32g4xx_hal_rcc_ex.c **** #if defined(UART5)
 870:Drivers/STM32G4xx_HAL_Driver/Src/stm32g4xx_hal_rcc_ex.c ****     case RCC_PERIPHCLK_UART5:
 871:Drivers/STM32G4xx_HAL_Driver/Src/stm32g4xx_hal_rcc_ex.c ****       /* Get the current UART5 source */
 872:Drivers/STM32G4xx_HAL_Driver/Src/stm32g4xx_hal_rcc_ex.c ****       srcclk = __HAL_RCC_GET_UART5_SOURCE();
 873:Drivers/STM32G4xx_HAL_Driver/Src/stm32g4xx_hal_rcc_ex.c **** 
 874:Drivers/STM32G4xx_HAL_Driver/Src/stm32g4xx_hal_rcc_ex.c ****       if(srcclk == RCC_UART5CLKSOURCE_PCLK1)
 875:Drivers/STM32G4xx_HAL_Driver/Src/stm32g4xx_hal_rcc_ex.c ****       {
 876:Drivers/STM32G4xx_HAL_Driver/Src/stm32g4xx_hal_rcc_ex.c ****         frequency = HAL_RCC_GetPCLK1Freq();
 877:Drivers/STM32G4xx_HAL_Driver/Src/stm32g4xx_hal_rcc_ex.c ****       }
 878:Drivers/STM32G4xx_HAL_Driver/Src/stm32g4xx_hal_rcc_ex.c ****       else if(srcclk == RCC_UART5CLKSOURCE_SYSCLK)
 879:Drivers/STM32G4xx_HAL_Driver/Src/stm32g4xx_hal_rcc_ex.c ****       {
ARM GAS  C:\Users\MyPC\AppData\Local\Temp\ccvsQKSL.s 			page 32


 880:Drivers/STM32G4xx_HAL_Driver/Src/stm32g4xx_hal_rcc_ex.c ****         frequency = HAL_RCC_GetSysClockFreq();
 881:Drivers/STM32G4xx_HAL_Driver/Src/stm32g4xx_hal_rcc_ex.c ****       }
 882:Drivers/STM32G4xx_HAL_Driver/Src/stm32g4xx_hal_rcc_ex.c ****       else if((HAL_IS_BIT_SET(RCC->CR, RCC_CR_HSIRDY)) && (srcclk == RCC_UART5CLKSOURCE_HSI))
 883:Drivers/STM32G4xx_HAL_Driver/Src/stm32g4xx_hal_rcc_ex.c ****       {
 884:Drivers/STM32G4xx_HAL_Driver/Src/stm32g4xx_hal_rcc_ex.c ****         frequency = HSI_VALUE;
 885:Drivers/STM32G4xx_HAL_Driver/Src/stm32g4xx_hal_rcc_ex.c ****       }
 886:Drivers/STM32G4xx_HAL_Driver/Src/stm32g4xx_hal_rcc_ex.c ****       else if((HAL_IS_BIT_SET(RCC->BDCR, RCC_BDCR_LSERDY)) && (srcclk == RCC_UART5CLKSOURCE_LSE))
 887:Drivers/STM32G4xx_HAL_Driver/Src/stm32g4xx_hal_rcc_ex.c ****       {
 888:Drivers/STM32G4xx_HAL_Driver/Src/stm32g4xx_hal_rcc_ex.c ****         frequency = LSE_VALUE;
 889:Drivers/STM32G4xx_HAL_Driver/Src/stm32g4xx_hal_rcc_ex.c ****       }
 890:Drivers/STM32G4xx_HAL_Driver/Src/stm32g4xx_hal_rcc_ex.c ****       /* Clock not enabled for UART5 */
 891:Drivers/STM32G4xx_HAL_Driver/Src/stm32g4xx_hal_rcc_ex.c ****       else
 892:Drivers/STM32G4xx_HAL_Driver/Src/stm32g4xx_hal_rcc_ex.c ****       {
 893:Drivers/STM32G4xx_HAL_Driver/Src/stm32g4xx_hal_rcc_ex.c ****         /* nothing to do: frequency already initialized to 0 */
 894:Drivers/STM32G4xx_HAL_Driver/Src/stm32g4xx_hal_rcc_ex.c ****       }
 895:Drivers/STM32G4xx_HAL_Driver/Src/stm32g4xx_hal_rcc_ex.c ****       break;
 896:Drivers/STM32G4xx_HAL_Driver/Src/stm32g4xx_hal_rcc_ex.c **** #endif /* UART5 */
 897:Drivers/STM32G4xx_HAL_Driver/Src/stm32g4xx_hal_rcc_ex.c **** 
 898:Drivers/STM32G4xx_HAL_Driver/Src/stm32g4xx_hal_rcc_ex.c ****     case RCC_PERIPHCLK_LPUART1:
 899:Drivers/STM32G4xx_HAL_Driver/Src/stm32g4xx_hal_rcc_ex.c ****       /* Get the current LPUART1 source */
 900:Drivers/STM32G4xx_HAL_Driver/Src/stm32g4xx_hal_rcc_ex.c ****       srcclk = __HAL_RCC_GET_LPUART1_SOURCE();
 901:Drivers/STM32G4xx_HAL_Driver/Src/stm32g4xx_hal_rcc_ex.c **** 
 902:Drivers/STM32G4xx_HAL_Driver/Src/stm32g4xx_hal_rcc_ex.c ****       if(srcclk == RCC_LPUART1CLKSOURCE_PCLK1)
 903:Drivers/STM32G4xx_HAL_Driver/Src/stm32g4xx_hal_rcc_ex.c ****       {
 904:Drivers/STM32G4xx_HAL_Driver/Src/stm32g4xx_hal_rcc_ex.c ****         frequency = HAL_RCC_GetPCLK1Freq();
 905:Drivers/STM32G4xx_HAL_Driver/Src/stm32g4xx_hal_rcc_ex.c ****       }
 906:Drivers/STM32G4xx_HAL_Driver/Src/stm32g4xx_hal_rcc_ex.c ****       else if(srcclk == RCC_LPUART1CLKSOURCE_SYSCLK)
 907:Drivers/STM32G4xx_HAL_Driver/Src/stm32g4xx_hal_rcc_ex.c ****       {
 908:Drivers/STM32G4xx_HAL_Driver/Src/stm32g4xx_hal_rcc_ex.c ****         frequency = HAL_RCC_GetSysClockFreq();
 909:Drivers/STM32G4xx_HAL_Driver/Src/stm32g4xx_hal_rcc_ex.c ****       }
 910:Drivers/STM32G4xx_HAL_Driver/Src/stm32g4xx_hal_rcc_ex.c ****       else if((HAL_IS_BIT_SET(RCC->CR, RCC_CR_HSIRDY)) && (srcclk == RCC_LPUART1CLKSOURCE_HSI))
 911:Drivers/STM32G4xx_HAL_Driver/Src/stm32g4xx_hal_rcc_ex.c ****       {
 912:Drivers/STM32G4xx_HAL_Driver/Src/stm32g4xx_hal_rcc_ex.c ****         frequency = HSI_VALUE;
 913:Drivers/STM32G4xx_HAL_Driver/Src/stm32g4xx_hal_rcc_ex.c ****       }
 914:Drivers/STM32G4xx_HAL_Driver/Src/stm32g4xx_hal_rcc_ex.c ****       else if((HAL_IS_BIT_SET(RCC->BDCR, RCC_BDCR_LSERDY)) && (srcclk == RCC_LPUART1CLKSOURCE_LSE))
 915:Drivers/STM32G4xx_HAL_Driver/Src/stm32g4xx_hal_rcc_ex.c ****       {
 916:Drivers/STM32G4xx_HAL_Driver/Src/stm32g4xx_hal_rcc_ex.c ****         frequency = LSE_VALUE;
 917:Drivers/STM32G4xx_HAL_Driver/Src/stm32g4xx_hal_rcc_ex.c ****       }
 918:Drivers/STM32G4xx_HAL_Driver/Src/stm32g4xx_hal_rcc_ex.c ****       /* Clock not enabled for LPUART1 */
 919:Drivers/STM32G4xx_HAL_Driver/Src/stm32g4xx_hal_rcc_ex.c ****       else
 920:Drivers/STM32G4xx_HAL_Driver/Src/stm32g4xx_hal_rcc_ex.c ****       {
 921:Drivers/STM32G4xx_HAL_Driver/Src/stm32g4xx_hal_rcc_ex.c ****         /* nothing to do: frequency already initialized to 0 */
 922:Drivers/STM32G4xx_HAL_Driver/Src/stm32g4xx_hal_rcc_ex.c ****       }
 923:Drivers/STM32G4xx_HAL_Driver/Src/stm32g4xx_hal_rcc_ex.c ****       break;
 924:Drivers/STM32G4xx_HAL_Driver/Src/stm32g4xx_hal_rcc_ex.c **** 
 925:Drivers/STM32G4xx_HAL_Driver/Src/stm32g4xx_hal_rcc_ex.c ****     case RCC_PERIPHCLK_I2C1:
 926:Drivers/STM32G4xx_HAL_Driver/Src/stm32g4xx_hal_rcc_ex.c ****       /* Get the current I2C1 source */
 927:Drivers/STM32G4xx_HAL_Driver/Src/stm32g4xx_hal_rcc_ex.c ****       srcclk = __HAL_RCC_GET_I2C1_SOURCE();
 928:Drivers/STM32G4xx_HAL_Driver/Src/stm32g4xx_hal_rcc_ex.c **** 
 929:Drivers/STM32G4xx_HAL_Driver/Src/stm32g4xx_hal_rcc_ex.c ****       if(srcclk == RCC_I2C1CLKSOURCE_PCLK1)
 930:Drivers/STM32G4xx_HAL_Driver/Src/stm32g4xx_hal_rcc_ex.c ****       {
 931:Drivers/STM32G4xx_HAL_Driver/Src/stm32g4xx_hal_rcc_ex.c ****         frequency = HAL_RCC_GetPCLK1Freq();
 932:Drivers/STM32G4xx_HAL_Driver/Src/stm32g4xx_hal_rcc_ex.c ****       }
 933:Drivers/STM32G4xx_HAL_Driver/Src/stm32g4xx_hal_rcc_ex.c ****       else if(srcclk == RCC_I2C1CLKSOURCE_SYSCLK)
 934:Drivers/STM32G4xx_HAL_Driver/Src/stm32g4xx_hal_rcc_ex.c ****       {
 935:Drivers/STM32G4xx_HAL_Driver/Src/stm32g4xx_hal_rcc_ex.c ****         frequency = HAL_RCC_GetSysClockFreq();
 936:Drivers/STM32G4xx_HAL_Driver/Src/stm32g4xx_hal_rcc_ex.c ****       }
ARM GAS  C:\Users\MyPC\AppData\Local\Temp\ccvsQKSL.s 			page 33


 937:Drivers/STM32G4xx_HAL_Driver/Src/stm32g4xx_hal_rcc_ex.c ****       else if((HAL_IS_BIT_SET(RCC->CR, RCC_CR_HSIRDY)) && (srcclk == RCC_I2C1CLKSOURCE_HSI))
 938:Drivers/STM32G4xx_HAL_Driver/Src/stm32g4xx_hal_rcc_ex.c ****       {
 939:Drivers/STM32G4xx_HAL_Driver/Src/stm32g4xx_hal_rcc_ex.c ****         frequency = HSI_VALUE;
 940:Drivers/STM32G4xx_HAL_Driver/Src/stm32g4xx_hal_rcc_ex.c ****       }
 941:Drivers/STM32G4xx_HAL_Driver/Src/stm32g4xx_hal_rcc_ex.c ****       /* Clock not enabled for I2C1 */
 942:Drivers/STM32G4xx_HAL_Driver/Src/stm32g4xx_hal_rcc_ex.c ****       else
 943:Drivers/STM32G4xx_HAL_Driver/Src/stm32g4xx_hal_rcc_ex.c ****       {
 944:Drivers/STM32G4xx_HAL_Driver/Src/stm32g4xx_hal_rcc_ex.c ****         /* nothing to do: frequency already initialized to 0 */
 945:Drivers/STM32G4xx_HAL_Driver/Src/stm32g4xx_hal_rcc_ex.c ****       }
 946:Drivers/STM32G4xx_HAL_Driver/Src/stm32g4xx_hal_rcc_ex.c ****       break;
 947:Drivers/STM32G4xx_HAL_Driver/Src/stm32g4xx_hal_rcc_ex.c **** 
 948:Drivers/STM32G4xx_HAL_Driver/Src/stm32g4xx_hal_rcc_ex.c ****     case RCC_PERIPHCLK_I2C2:
 949:Drivers/STM32G4xx_HAL_Driver/Src/stm32g4xx_hal_rcc_ex.c ****       /* Get the current I2C2 source */
 950:Drivers/STM32G4xx_HAL_Driver/Src/stm32g4xx_hal_rcc_ex.c ****       srcclk = __HAL_RCC_GET_I2C2_SOURCE();
 951:Drivers/STM32G4xx_HAL_Driver/Src/stm32g4xx_hal_rcc_ex.c **** 
 952:Drivers/STM32G4xx_HAL_Driver/Src/stm32g4xx_hal_rcc_ex.c ****       if(srcclk == RCC_I2C2CLKSOURCE_PCLK1)
 953:Drivers/STM32G4xx_HAL_Driver/Src/stm32g4xx_hal_rcc_ex.c ****       {
 954:Drivers/STM32G4xx_HAL_Driver/Src/stm32g4xx_hal_rcc_ex.c ****         frequency = HAL_RCC_GetPCLK1Freq();
 955:Drivers/STM32G4xx_HAL_Driver/Src/stm32g4xx_hal_rcc_ex.c ****       }
 956:Drivers/STM32G4xx_HAL_Driver/Src/stm32g4xx_hal_rcc_ex.c ****       else if(srcclk == RCC_I2C2CLKSOURCE_SYSCLK)
 957:Drivers/STM32G4xx_HAL_Driver/Src/stm32g4xx_hal_rcc_ex.c ****       {
 958:Drivers/STM32G4xx_HAL_Driver/Src/stm32g4xx_hal_rcc_ex.c ****         frequency = HAL_RCC_GetSysClockFreq();
 959:Drivers/STM32G4xx_HAL_Driver/Src/stm32g4xx_hal_rcc_ex.c ****       }
 960:Drivers/STM32G4xx_HAL_Driver/Src/stm32g4xx_hal_rcc_ex.c ****       else if((HAL_IS_BIT_SET(RCC->CR, RCC_CR_HSIRDY)) && (srcclk == RCC_I2C2CLKSOURCE_HSI))
 961:Drivers/STM32G4xx_HAL_Driver/Src/stm32g4xx_hal_rcc_ex.c ****       {
 962:Drivers/STM32G4xx_HAL_Driver/Src/stm32g4xx_hal_rcc_ex.c ****         frequency = HSI_VALUE;
 963:Drivers/STM32G4xx_HAL_Driver/Src/stm32g4xx_hal_rcc_ex.c ****       }
 964:Drivers/STM32G4xx_HAL_Driver/Src/stm32g4xx_hal_rcc_ex.c ****       /* Clock not enabled for I2C2 */
 965:Drivers/STM32G4xx_HAL_Driver/Src/stm32g4xx_hal_rcc_ex.c ****       else
 966:Drivers/STM32G4xx_HAL_Driver/Src/stm32g4xx_hal_rcc_ex.c ****       {
 967:Drivers/STM32G4xx_HAL_Driver/Src/stm32g4xx_hal_rcc_ex.c ****         /* nothing to do: frequency already initialized to 0 */
 968:Drivers/STM32G4xx_HAL_Driver/Src/stm32g4xx_hal_rcc_ex.c ****       }
 969:Drivers/STM32G4xx_HAL_Driver/Src/stm32g4xx_hal_rcc_ex.c ****       break;
 970:Drivers/STM32G4xx_HAL_Driver/Src/stm32g4xx_hal_rcc_ex.c **** 
 971:Drivers/STM32G4xx_HAL_Driver/Src/stm32g4xx_hal_rcc_ex.c **** #if defined(I2C3)
 972:Drivers/STM32G4xx_HAL_Driver/Src/stm32g4xx_hal_rcc_ex.c **** 
 973:Drivers/STM32G4xx_HAL_Driver/Src/stm32g4xx_hal_rcc_ex.c ****     case RCC_PERIPHCLK_I2C3:
 974:Drivers/STM32G4xx_HAL_Driver/Src/stm32g4xx_hal_rcc_ex.c ****       /* Get the current I2C3 source */
 975:Drivers/STM32G4xx_HAL_Driver/Src/stm32g4xx_hal_rcc_ex.c ****       srcclk = __HAL_RCC_GET_I2C3_SOURCE();
 976:Drivers/STM32G4xx_HAL_Driver/Src/stm32g4xx_hal_rcc_ex.c **** 
 977:Drivers/STM32G4xx_HAL_Driver/Src/stm32g4xx_hal_rcc_ex.c ****       if(srcclk == RCC_I2C3CLKSOURCE_PCLK1)
 978:Drivers/STM32G4xx_HAL_Driver/Src/stm32g4xx_hal_rcc_ex.c ****       {
 979:Drivers/STM32G4xx_HAL_Driver/Src/stm32g4xx_hal_rcc_ex.c ****         frequency = HAL_RCC_GetPCLK1Freq();
 980:Drivers/STM32G4xx_HAL_Driver/Src/stm32g4xx_hal_rcc_ex.c ****       }
 981:Drivers/STM32G4xx_HAL_Driver/Src/stm32g4xx_hal_rcc_ex.c ****       else if(srcclk == RCC_I2C3CLKSOURCE_SYSCLK)
 982:Drivers/STM32G4xx_HAL_Driver/Src/stm32g4xx_hal_rcc_ex.c ****       {
 983:Drivers/STM32G4xx_HAL_Driver/Src/stm32g4xx_hal_rcc_ex.c ****         frequency = HAL_RCC_GetSysClockFreq();
 984:Drivers/STM32G4xx_HAL_Driver/Src/stm32g4xx_hal_rcc_ex.c ****       }
 985:Drivers/STM32G4xx_HAL_Driver/Src/stm32g4xx_hal_rcc_ex.c ****       else if((HAL_IS_BIT_SET(RCC->CR, RCC_CR_HSIRDY)) && (srcclk == RCC_I2C3CLKSOURCE_HSI))
 986:Drivers/STM32G4xx_HAL_Driver/Src/stm32g4xx_hal_rcc_ex.c ****       {
 987:Drivers/STM32G4xx_HAL_Driver/Src/stm32g4xx_hal_rcc_ex.c ****         frequency = HSI_VALUE;
 988:Drivers/STM32G4xx_HAL_Driver/Src/stm32g4xx_hal_rcc_ex.c ****       }
 989:Drivers/STM32G4xx_HAL_Driver/Src/stm32g4xx_hal_rcc_ex.c ****       /* Clock not enabled for I2C3 */
 990:Drivers/STM32G4xx_HAL_Driver/Src/stm32g4xx_hal_rcc_ex.c ****       else
 991:Drivers/STM32G4xx_HAL_Driver/Src/stm32g4xx_hal_rcc_ex.c ****       {
 992:Drivers/STM32G4xx_HAL_Driver/Src/stm32g4xx_hal_rcc_ex.c ****         /* nothing to do: frequency already initialized to 0 */
 993:Drivers/STM32G4xx_HAL_Driver/Src/stm32g4xx_hal_rcc_ex.c ****       }
ARM GAS  C:\Users\MyPC\AppData\Local\Temp\ccvsQKSL.s 			page 34


 994:Drivers/STM32G4xx_HAL_Driver/Src/stm32g4xx_hal_rcc_ex.c ****       break;
 995:Drivers/STM32G4xx_HAL_Driver/Src/stm32g4xx_hal_rcc_ex.c **** 
 996:Drivers/STM32G4xx_HAL_Driver/Src/stm32g4xx_hal_rcc_ex.c **** #endif /* I2C3 */
 997:Drivers/STM32G4xx_HAL_Driver/Src/stm32g4xx_hal_rcc_ex.c **** 
 998:Drivers/STM32G4xx_HAL_Driver/Src/stm32g4xx_hal_rcc_ex.c **** #if defined(I2C4)
 999:Drivers/STM32G4xx_HAL_Driver/Src/stm32g4xx_hal_rcc_ex.c **** 
1000:Drivers/STM32G4xx_HAL_Driver/Src/stm32g4xx_hal_rcc_ex.c ****     case RCC_PERIPHCLK_I2C4:
1001:Drivers/STM32G4xx_HAL_Driver/Src/stm32g4xx_hal_rcc_ex.c ****       /* Get the current I2C4 source */
1002:Drivers/STM32G4xx_HAL_Driver/Src/stm32g4xx_hal_rcc_ex.c ****       srcclk = __HAL_RCC_GET_I2C4_SOURCE();
1003:Drivers/STM32G4xx_HAL_Driver/Src/stm32g4xx_hal_rcc_ex.c **** 
1004:Drivers/STM32G4xx_HAL_Driver/Src/stm32g4xx_hal_rcc_ex.c ****       if(srcclk == RCC_I2C4CLKSOURCE_PCLK1)
1005:Drivers/STM32G4xx_HAL_Driver/Src/stm32g4xx_hal_rcc_ex.c ****       {
1006:Drivers/STM32G4xx_HAL_Driver/Src/stm32g4xx_hal_rcc_ex.c ****         frequency = HAL_RCC_GetPCLK1Freq();
1007:Drivers/STM32G4xx_HAL_Driver/Src/stm32g4xx_hal_rcc_ex.c ****       }
1008:Drivers/STM32G4xx_HAL_Driver/Src/stm32g4xx_hal_rcc_ex.c ****       else if(srcclk == RCC_I2C4CLKSOURCE_SYSCLK)
1009:Drivers/STM32G4xx_HAL_Driver/Src/stm32g4xx_hal_rcc_ex.c ****       {
1010:Drivers/STM32G4xx_HAL_Driver/Src/stm32g4xx_hal_rcc_ex.c ****         frequency = HAL_RCC_GetSysClockFreq();
1011:Drivers/STM32G4xx_HAL_Driver/Src/stm32g4xx_hal_rcc_ex.c ****       }
1012:Drivers/STM32G4xx_HAL_Driver/Src/stm32g4xx_hal_rcc_ex.c ****       else if((HAL_IS_BIT_SET(RCC->CR, RCC_CR_HSIRDY)) && (srcclk == RCC_I2C4CLKSOURCE_HSI))
1013:Drivers/STM32G4xx_HAL_Driver/Src/stm32g4xx_hal_rcc_ex.c ****       {
1014:Drivers/STM32G4xx_HAL_Driver/Src/stm32g4xx_hal_rcc_ex.c ****         frequency = HSI_VALUE;
1015:Drivers/STM32G4xx_HAL_Driver/Src/stm32g4xx_hal_rcc_ex.c ****       }
1016:Drivers/STM32G4xx_HAL_Driver/Src/stm32g4xx_hal_rcc_ex.c ****       /* Clock not enabled for I2C4 */
1017:Drivers/STM32G4xx_HAL_Driver/Src/stm32g4xx_hal_rcc_ex.c ****       else
1018:Drivers/STM32G4xx_HAL_Driver/Src/stm32g4xx_hal_rcc_ex.c ****       {
1019:Drivers/STM32G4xx_HAL_Driver/Src/stm32g4xx_hal_rcc_ex.c ****         /* nothing to do: frequency already initialized to 0 */
1020:Drivers/STM32G4xx_HAL_Driver/Src/stm32g4xx_hal_rcc_ex.c ****       }
1021:Drivers/STM32G4xx_HAL_Driver/Src/stm32g4xx_hal_rcc_ex.c ****       break;
1022:Drivers/STM32G4xx_HAL_Driver/Src/stm32g4xx_hal_rcc_ex.c **** 
1023:Drivers/STM32G4xx_HAL_Driver/Src/stm32g4xx_hal_rcc_ex.c **** #endif /* I2C4 */
1024:Drivers/STM32G4xx_HAL_Driver/Src/stm32g4xx_hal_rcc_ex.c **** 
1025:Drivers/STM32G4xx_HAL_Driver/Src/stm32g4xx_hal_rcc_ex.c ****     case RCC_PERIPHCLK_LPTIM1:
1026:Drivers/STM32G4xx_HAL_Driver/Src/stm32g4xx_hal_rcc_ex.c ****       /* Get the current LPTIM1 source */
1027:Drivers/STM32G4xx_HAL_Driver/Src/stm32g4xx_hal_rcc_ex.c ****       srcclk = __HAL_RCC_GET_LPTIM1_SOURCE();
1028:Drivers/STM32G4xx_HAL_Driver/Src/stm32g4xx_hal_rcc_ex.c **** 
1029:Drivers/STM32G4xx_HAL_Driver/Src/stm32g4xx_hal_rcc_ex.c ****       if(srcclk == RCC_LPTIM1CLKSOURCE_PCLK1)
1030:Drivers/STM32G4xx_HAL_Driver/Src/stm32g4xx_hal_rcc_ex.c ****       {
1031:Drivers/STM32G4xx_HAL_Driver/Src/stm32g4xx_hal_rcc_ex.c ****         frequency = HAL_RCC_GetPCLK1Freq();
1032:Drivers/STM32G4xx_HAL_Driver/Src/stm32g4xx_hal_rcc_ex.c ****       }
1033:Drivers/STM32G4xx_HAL_Driver/Src/stm32g4xx_hal_rcc_ex.c ****       else if((HAL_IS_BIT_SET(RCC->CSR, RCC_CSR_LSIRDY)) && (srcclk == RCC_LPTIM1CLKSOURCE_LSI))
1034:Drivers/STM32G4xx_HAL_Driver/Src/stm32g4xx_hal_rcc_ex.c ****       {
1035:Drivers/STM32G4xx_HAL_Driver/Src/stm32g4xx_hal_rcc_ex.c ****         frequency = LSI_VALUE;
1036:Drivers/STM32G4xx_HAL_Driver/Src/stm32g4xx_hal_rcc_ex.c ****       }
1037:Drivers/STM32G4xx_HAL_Driver/Src/stm32g4xx_hal_rcc_ex.c ****       else if((HAL_IS_BIT_SET(RCC->CR, RCC_CR_HSIRDY)) && (srcclk == RCC_LPTIM1CLKSOURCE_HSI))
1038:Drivers/STM32G4xx_HAL_Driver/Src/stm32g4xx_hal_rcc_ex.c ****       {
1039:Drivers/STM32G4xx_HAL_Driver/Src/stm32g4xx_hal_rcc_ex.c ****         frequency = HSI_VALUE;
1040:Drivers/STM32G4xx_HAL_Driver/Src/stm32g4xx_hal_rcc_ex.c ****       }
1041:Drivers/STM32G4xx_HAL_Driver/Src/stm32g4xx_hal_rcc_ex.c ****       else if ((HAL_IS_BIT_SET(RCC->BDCR, RCC_BDCR_LSERDY)) && (srcclk == RCC_LPTIM1CLKSOURCE_LSE))
1042:Drivers/STM32G4xx_HAL_Driver/Src/stm32g4xx_hal_rcc_ex.c ****       {
1043:Drivers/STM32G4xx_HAL_Driver/Src/stm32g4xx_hal_rcc_ex.c ****         frequency = LSE_VALUE;
1044:Drivers/STM32G4xx_HAL_Driver/Src/stm32g4xx_hal_rcc_ex.c ****       }
1045:Drivers/STM32G4xx_HAL_Driver/Src/stm32g4xx_hal_rcc_ex.c ****       /* Clock not enabled for LPTIM1 */
1046:Drivers/STM32G4xx_HAL_Driver/Src/stm32g4xx_hal_rcc_ex.c ****       else
1047:Drivers/STM32G4xx_HAL_Driver/Src/stm32g4xx_hal_rcc_ex.c ****       {
1048:Drivers/STM32G4xx_HAL_Driver/Src/stm32g4xx_hal_rcc_ex.c ****         /* nothing to do: frequency already initialized to 0 */
1049:Drivers/STM32G4xx_HAL_Driver/Src/stm32g4xx_hal_rcc_ex.c ****       }
1050:Drivers/STM32G4xx_HAL_Driver/Src/stm32g4xx_hal_rcc_ex.c ****       break;
ARM GAS  C:\Users\MyPC\AppData\Local\Temp\ccvsQKSL.s 			page 35


1051:Drivers/STM32G4xx_HAL_Driver/Src/stm32g4xx_hal_rcc_ex.c **** 
1052:Drivers/STM32G4xx_HAL_Driver/Src/stm32g4xx_hal_rcc_ex.c **** #if defined(SAI1)
1053:Drivers/STM32G4xx_HAL_Driver/Src/stm32g4xx_hal_rcc_ex.c **** 
1054:Drivers/STM32G4xx_HAL_Driver/Src/stm32g4xx_hal_rcc_ex.c ****     case RCC_PERIPHCLK_SAI1:
1055:Drivers/STM32G4xx_HAL_Driver/Src/stm32g4xx_hal_rcc_ex.c ****       /* Get the current SAI1 source */
1056:Drivers/STM32G4xx_HAL_Driver/Src/stm32g4xx_hal_rcc_ex.c ****       srcclk = __HAL_RCC_GET_SAI1_SOURCE();
1057:Drivers/STM32G4xx_HAL_Driver/Src/stm32g4xx_hal_rcc_ex.c **** 
1058:Drivers/STM32G4xx_HAL_Driver/Src/stm32g4xx_hal_rcc_ex.c ****       if(srcclk == RCC_SAI1CLKSOURCE_SYSCLK)
1059:Drivers/STM32G4xx_HAL_Driver/Src/stm32g4xx_hal_rcc_ex.c ****       {
1060:Drivers/STM32G4xx_HAL_Driver/Src/stm32g4xx_hal_rcc_ex.c ****         frequency = HAL_RCC_GetSysClockFreq();
1061:Drivers/STM32G4xx_HAL_Driver/Src/stm32g4xx_hal_rcc_ex.c ****       }
1062:Drivers/STM32G4xx_HAL_Driver/Src/stm32g4xx_hal_rcc_ex.c ****       else if(srcclk == RCC_SAI1CLKSOURCE_PLL)
1063:Drivers/STM32G4xx_HAL_Driver/Src/stm32g4xx_hal_rcc_ex.c ****       {
1064:Drivers/STM32G4xx_HAL_Driver/Src/stm32g4xx_hal_rcc_ex.c ****         if(__HAL_RCC_GET_PLLCLKOUT_CONFIG(RCC_PLL_48M1CLK) != 0U)
1065:Drivers/STM32G4xx_HAL_Driver/Src/stm32g4xx_hal_rcc_ex.c ****         {
1066:Drivers/STM32G4xx_HAL_Driver/Src/stm32g4xx_hal_rcc_ex.c ****           /* f(PLLQ) = f(VCO input) * PLLN / PLLQ */
1067:Drivers/STM32G4xx_HAL_Driver/Src/stm32g4xx_hal_rcc_ex.c ****           plln = READ_BIT(RCC->PLLCFGR, RCC_PLLCFGR_PLLN) >> RCC_PLLCFGR_PLLN_Pos;
1068:Drivers/STM32G4xx_HAL_Driver/Src/stm32g4xx_hal_rcc_ex.c ****           frequency = (pllvco * plln) / (((READ_BIT(RCC->PLLCFGR, RCC_PLLCFGR_PLLQ) >> RCC_PLLCFGR_
1069:Drivers/STM32G4xx_HAL_Driver/Src/stm32g4xx_hal_rcc_ex.c ****         }
1070:Drivers/STM32G4xx_HAL_Driver/Src/stm32g4xx_hal_rcc_ex.c ****       }
1071:Drivers/STM32G4xx_HAL_Driver/Src/stm32g4xx_hal_rcc_ex.c ****       else if(srcclk == RCC_SAI1CLKSOURCE_EXT)
1072:Drivers/STM32G4xx_HAL_Driver/Src/stm32g4xx_hal_rcc_ex.c ****       {
1073:Drivers/STM32G4xx_HAL_Driver/Src/stm32g4xx_hal_rcc_ex.c ****         /* External clock used.*/
1074:Drivers/STM32G4xx_HAL_Driver/Src/stm32g4xx_hal_rcc_ex.c ****         frequency = EXTERNAL_CLOCK_VALUE;
1075:Drivers/STM32G4xx_HAL_Driver/Src/stm32g4xx_hal_rcc_ex.c ****       }
1076:Drivers/STM32G4xx_HAL_Driver/Src/stm32g4xx_hal_rcc_ex.c ****       else if((HAL_IS_BIT_SET(RCC->CR, RCC_CR_HSIRDY)) && (srcclk == RCC_SAI1CLKSOURCE_HSI))
1077:Drivers/STM32G4xx_HAL_Driver/Src/stm32g4xx_hal_rcc_ex.c ****       {
1078:Drivers/STM32G4xx_HAL_Driver/Src/stm32g4xx_hal_rcc_ex.c ****         frequency = HSI_VALUE;
1079:Drivers/STM32G4xx_HAL_Driver/Src/stm32g4xx_hal_rcc_ex.c ****       }
1080:Drivers/STM32G4xx_HAL_Driver/Src/stm32g4xx_hal_rcc_ex.c ****       /* Clock not enabled for SAI1 */
1081:Drivers/STM32G4xx_HAL_Driver/Src/stm32g4xx_hal_rcc_ex.c ****       else
1082:Drivers/STM32G4xx_HAL_Driver/Src/stm32g4xx_hal_rcc_ex.c ****       {
1083:Drivers/STM32G4xx_HAL_Driver/Src/stm32g4xx_hal_rcc_ex.c ****         /* nothing to do: frequency already initialized to 0 */
1084:Drivers/STM32G4xx_HAL_Driver/Src/stm32g4xx_hal_rcc_ex.c ****       }
1085:Drivers/STM32G4xx_HAL_Driver/Src/stm32g4xx_hal_rcc_ex.c ****       break;
1086:Drivers/STM32G4xx_HAL_Driver/Src/stm32g4xx_hal_rcc_ex.c **** 
1087:Drivers/STM32G4xx_HAL_Driver/Src/stm32g4xx_hal_rcc_ex.c **** #endif /* SAI1 */
1088:Drivers/STM32G4xx_HAL_Driver/Src/stm32g4xx_hal_rcc_ex.c **** 
1089:Drivers/STM32G4xx_HAL_Driver/Src/stm32g4xx_hal_rcc_ex.c **** #if defined(SPI_I2S_SUPPORT)
1090:Drivers/STM32G4xx_HAL_Driver/Src/stm32g4xx_hal_rcc_ex.c ****     case RCC_PERIPHCLK_I2S:
1091:Drivers/STM32G4xx_HAL_Driver/Src/stm32g4xx_hal_rcc_ex.c ****       /* Get the current I2Sx source */
1092:Drivers/STM32G4xx_HAL_Driver/Src/stm32g4xx_hal_rcc_ex.c ****       srcclk = __HAL_RCC_GET_I2S_SOURCE();
1093:Drivers/STM32G4xx_HAL_Driver/Src/stm32g4xx_hal_rcc_ex.c **** 
1094:Drivers/STM32G4xx_HAL_Driver/Src/stm32g4xx_hal_rcc_ex.c ****       if(srcclk == RCC_I2SCLKSOURCE_SYSCLK)
1095:Drivers/STM32G4xx_HAL_Driver/Src/stm32g4xx_hal_rcc_ex.c ****       {
1096:Drivers/STM32G4xx_HAL_Driver/Src/stm32g4xx_hal_rcc_ex.c ****         frequency = HAL_RCC_GetSysClockFreq();
1097:Drivers/STM32G4xx_HAL_Driver/Src/stm32g4xx_hal_rcc_ex.c ****       }
1098:Drivers/STM32G4xx_HAL_Driver/Src/stm32g4xx_hal_rcc_ex.c ****       else if(srcclk == RCC_I2SCLKSOURCE_PLL)
1099:Drivers/STM32G4xx_HAL_Driver/Src/stm32g4xx_hal_rcc_ex.c ****       {
1100:Drivers/STM32G4xx_HAL_Driver/Src/stm32g4xx_hal_rcc_ex.c ****         if(__HAL_RCC_GET_PLLCLKOUT_CONFIG(RCC_PLL_48M1CLK) != 0U)
1101:Drivers/STM32G4xx_HAL_Driver/Src/stm32g4xx_hal_rcc_ex.c ****         {
1102:Drivers/STM32G4xx_HAL_Driver/Src/stm32g4xx_hal_rcc_ex.c ****           /* f(PLLQ) = f(VCO input) * PLLN / PLLQ */
1103:Drivers/STM32G4xx_HAL_Driver/Src/stm32g4xx_hal_rcc_ex.c ****           plln = READ_BIT(RCC->PLLCFGR, RCC_PLLCFGR_PLLN) >> RCC_PLLCFGR_PLLN_Pos;
1104:Drivers/STM32G4xx_HAL_Driver/Src/stm32g4xx_hal_rcc_ex.c ****           frequency = (pllvco * plln) / (((READ_BIT(RCC->PLLCFGR, RCC_PLLCFGR_PLLQ) >> RCC_PLLCFGR_
1105:Drivers/STM32G4xx_HAL_Driver/Src/stm32g4xx_hal_rcc_ex.c ****         }
1106:Drivers/STM32G4xx_HAL_Driver/Src/stm32g4xx_hal_rcc_ex.c ****       }
1107:Drivers/STM32G4xx_HAL_Driver/Src/stm32g4xx_hal_rcc_ex.c ****       else if(srcclk == RCC_I2SCLKSOURCE_EXT)
ARM GAS  C:\Users\MyPC\AppData\Local\Temp\ccvsQKSL.s 			page 36


1108:Drivers/STM32G4xx_HAL_Driver/Src/stm32g4xx_hal_rcc_ex.c ****       {
1109:Drivers/STM32G4xx_HAL_Driver/Src/stm32g4xx_hal_rcc_ex.c ****         /* External clock used.*/
1110:Drivers/STM32G4xx_HAL_Driver/Src/stm32g4xx_hal_rcc_ex.c ****         frequency = EXTERNAL_CLOCK_VALUE;
1111:Drivers/STM32G4xx_HAL_Driver/Src/stm32g4xx_hal_rcc_ex.c ****       }      
1112:Drivers/STM32G4xx_HAL_Driver/Src/stm32g4xx_hal_rcc_ex.c ****       else if((HAL_IS_BIT_SET(RCC->CR, RCC_CR_HSIRDY)) && (srcclk == RCC_I2SCLKSOURCE_HSI))
1113:Drivers/STM32G4xx_HAL_Driver/Src/stm32g4xx_hal_rcc_ex.c ****       {
1114:Drivers/STM32G4xx_HAL_Driver/Src/stm32g4xx_hal_rcc_ex.c ****         frequency = HSI_VALUE;
1115:Drivers/STM32G4xx_HAL_Driver/Src/stm32g4xx_hal_rcc_ex.c ****       }
1116:Drivers/STM32G4xx_HAL_Driver/Src/stm32g4xx_hal_rcc_ex.c ****       /* Clock not enabled for I2S */
1117:Drivers/STM32G4xx_HAL_Driver/Src/stm32g4xx_hal_rcc_ex.c ****       else
1118:Drivers/STM32G4xx_HAL_Driver/Src/stm32g4xx_hal_rcc_ex.c ****       {
1119:Drivers/STM32G4xx_HAL_Driver/Src/stm32g4xx_hal_rcc_ex.c ****         /* nothing to do: frequency already initialized to 0 */
1120:Drivers/STM32G4xx_HAL_Driver/Src/stm32g4xx_hal_rcc_ex.c ****       }
1121:Drivers/STM32G4xx_HAL_Driver/Src/stm32g4xx_hal_rcc_ex.c ****       break;
1122:Drivers/STM32G4xx_HAL_Driver/Src/stm32g4xx_hal_rcc_ex.c **** #endif /* SPI_I2S_SUPPORT */
1123:Drivers/STM32G4xx_HAL_Driver/Src/stm32g4xx_hal_rcc_ex.c **** 
1124:Drivers/STM32G4xx_HAL_Driver/Src/stm32g4xx_hal_rcc_ex.c **** #if defined(FDCAN1)
1125:Drivers/STM32G4xx_HAL_Driver/Src/stm32g4xx_hal_rcc_ex.c ****     case RCC_PERIPHCLK_FDCAN:
1126:Drivers/STM32G4xx_HAL_Driver/Src/stm32g4xx_hal_rcc_ex.c ****       /* Get the current FDCANx source */
1127:Drivers/STM32G4xx_HAL_Driver/Src/stm32g4xx_hal_rcc_ex.c ****       srcclk = __HAL_RCC_GET_FDCAN_SOURCE();
1128:Drivers/STM32G4xx_HAL_Driver/Src/stm32g4xx_hal_rcc_ex.c **** 
1129:Drivers/STM32G4xx_HAL_Driver/Src/stm32g4xx_hal_rcc_ex.c ****       if(srcclk == RCC_FDCANCLKSOURCE_PCLK1)
1130:Drivers/STM32G4xx_HAL_Driver/Src/stm32g4xx_hal_rcc_ex.c ****       {
1131:Drivers/STM32G4xx_HAL_Driver/Src/stm32g4xx_hal_rcc_ex.c ****         frequency = HAL_RCC_GetPCLK1Freq();
1132:Drivers/STM32G4xx_HAL_Driver/Src/stm32g4xx_hal_rcc_ex.c ****       }
1133:Drivers/STM32G4xx_HAL_Driver/Src/stm32g4xx_hal_rcc_ex.c ****       else if(srcclk == RCC_FDCANCLKSOURCE_HSE)
1134:Drivers/STM32G4xx_HAL_Driver/Src/stm32g4xx_hal_rcc_ex.c ****       {
1135:Drivers/STM32G4xx_HAL_Driver/Src/stm32g4xx_hal_rcc_ex.c ****         frequency = HSE_VALUE;
1136:Drivers/STM32G4xx_HAL_Driver/Src/stm32g4xx_hal_rcc_ex.c ****       }
1137:Drivers/STM32G4xx_HAL_Driver/Src/stm32g4xx_hal_rcc_ex.c ****       else if(srcclk == RCC_FDCANCLKSOURCE_PLL)
1138:Drivers/STM32G4xx_HAL_Driver/Src/stm32g4xx_hal_rcc_ex.c ****       {
1139:Drivers/STM32G4xx_HAL_Driver/Src/stm32g4xx_hal_rcc_ex.c ****         if(__HAL_RCC_GET_PLLCLKOUT_CONFIG(RCC_PLL_48M1CLK) != 0U)
1140:Drivers/STM32G4xx_HAL_Driver/Src/stm32g4xx_hal_rcc_ex.c ****         {
1141:Drivers/STM32G4xx_HAL_Driver/Src/stm32g4xx_hal_rcc_ex.c ****           /* f(PLLQ) = f(VCO input) * PLLN / PLLQ */
1142:Drivers/STM32G4xx_HAL_Driver/Src/stm32g4xx_hal_rcc_ex.c ****           plln = READ_BIT(RCC->PLLCFGR, RCC_PLLCFGR_PLLN) >> RCC_PLLCFGR_PLLN_Pos;
1143:Drivers/STM32G4xx_HAL_Driver/Src/stm32g4xx_hal_rcc_ex.c ****           frequency = (pllvco * plln) / (((READ_BIT(RCC->PLLCFGR, RCC_PLLCFGR_PLLQ) >> RCC_PLLCFGR_
1144:Drivers/STM32G4xx_HAL_Driver/Src/stm32g4xx_hal_rcc_ex.c ****         }
1145:Drivers/STM32G4xx_HAL_Driver/Src/stm32g4xx_hal_rcc_ex.c ****       }
1146:Drivers/STM32G4xx_HAL_Driver/Src/stm32g4xx_hal_rcc_ex.c ****       /* Clock not enabled for FDCAN */
1147:Drivers/STM32G4xx_HAL_Driver/Src/stm32g4xx_hal_rcc_ex.c ****       else
1148:Drivers/STM32G4xx_HAL_Driver/Src/stm32g4xx_hal_rcc_ex.c ****       {
1149:Drivers/STM32G4xx_HAL_Driver/Src/stm32g4xx_hal_rcc_ex.c ****         /* nothing to do: frequency already initialized to 0 */
1150:Drivers/STM32G4xx_HAL_Driver/Src/stm32g4xx_hal_rcc_ex.c ****       }
1151:Drivers/STM32G4xx_HAL_Driver/Src/stm32g4xx_hal_rcc_ex.c ****       break;
1152:Drivers/STM32G4xx_HAL_Driver/Src/stm32g4xx_hal_rcc_ex.c **** #endif /* FDCAN1 */
1153:Drivers/STM32G4xx_HAL_Driver/Src/stm32g4xx_hal_rcc_ex.c ****     
1154:Drivers/STM32G4xx_HAL_Driver/Src/stm32g4xx_hal_rcc_ex.c **** #if defined(USB)
1155:Drivers/STM32G4xx_HAL_Driver/Src/stm32g4xx_hal_rcc_ex.c ****     
1156:Drivers/STM32G4xx_HAL_Driver/Src/stm32g4xx_hal_rcc_ex.c ****     case RCC_PERIPHCLK_USB:
1157:Drivers/STM32G4xx_HAL_Driver/Src/stm32g4xx_hal_rcc_ex.c ****       /* Get the current USB source */
1158:Drivers/STM32G4xx_HAL_Driver/Src/stm32g4xx_hal_rcc_ex.c ****       srcclk = __HAL_RCC_GET_USB_SOURCE();
1159:Drivers/STM32G4xx_HAL_Driver/Src/stm32g4xx_hal_rcc_ex.c ****       
1160:Drivers/STM32G4xx_HAL_Driver/Src/stm32g4xx_hal_rcc_ex.c ****       if(srcclk == RCC_USBCLKSOURCE_PLL)  /* PLL ? */
1161:Drivers/STM32G4xx_HAL_Driver/Src/stm32g4xx_hal_rcc_ex.c ****       {
1162:Drivers/STM32G4xx_HAL_Driver/Src/stm32g4xx_hal_rcc_ex.c ****         /* f(PLLQ) = f(VCO input) * PLLN / PLLQ */
1163:Drivers/STM32G4xx_HAL_Driver/Src/stm32g4xx_hal_rcc_ex.c ****         plln = READ_BIT(RCC->PLLCFGR, RCC_PLLCFGR_PLLN) >> RCC_PLLCFGR_PLLN_Pos;
1164:Drivers/STM32G4xx_HAL_Driver/Src/stm32g4xx_hal_rcc_ex.c ****         frequency = (pllvco * plln) / (((READ_BIT(RCC->PLLCFGR, RCC_PLLCFGR_PLLQ) >> RCC_PLLCFGR_PL
ARM GAS  C:\Users\MyPC\AppData\Local\Temp\ccvsQKSL.s 			page 37


1165:Drivers/STM32G4xx_HAL_Driver/Src/stm32g4xx_hal_rcc_ex.c ****       }
1166:Drivers/STM32G4xx_HAL_Driver/Src/stm32g4xx_hal_rcc_ex.c ****       else if((HAL_IS_BIT_SET(RCC->CRRCR, RCC_CRRCR_HSI48RDY)) && (srcclk == RCC_USBCLKSOURCE_HSI48
1167:Drivers/STM32G4xx_HAL_Driver/Src/stm32g4xx_hal_rcc_ex.c ****       {
1168:Drivers/STM32G4xx_HAL_Driver/Src/stm32g4xx_hal_rcc_ex.c ****         frequency = HSI48_VALUE;
1169:Drivers/STM32G4xx_HAL_Driver/Src/stm32g4xx_hal_rcc_ex.c ****       }
1170:Drivers/STM32G4xx_HAL_Driver/Src/stm32g4xx_hal_rcc_ex.c ****       else /* No clock source */
1171:Drivers/STM32G4xx_HAL_Driver/Src/stm32g4xx_hal_rcc_ex.c ****       {
1172:Drivers/STM32G4xx_HAL_Driver/Src/stm32g4xx_hal_rcc_ex.c ****         /* nothing to do: frequency already initialized to 0 */
1173:Drivers/STM32G4xx_HAL_Driver/Src/stm32g4xx_hal_rcc_ex.c ****       }
1174:Drivers/STM32G4xx_HAL_Driver/Src/stm32g4xx_hal_rcc_ex.c ****       break;
1175:Drivers/STM32G4xx_HAL_Driver/Src/stm32g4xx_hal_rcc_ex.c ****       
1176:Drivers/STM32G4xx_HAL_Driver/Src/stm32g4xx_hal_rcc_ex.c **** #endif /* USB */
1177:Drivers/STM32G4xx_HAL_Driver/Src/stm32g4xx_hal_rcc_ex.c **** 
1178:Drivers/STM32G4xx_HAL_Driver/Src/stm32g4xx_hal_rcc_ex.c ****     case RCC_PERIPHCLK_RNG:
1179:Drivers/STM32G4xx_HAL_Driver/Src/stm32g4xx_hal_rcc_ex.c ****       /* Get the current RNG source */
1180:Drivers/STM32G4xx_HAL_Driver/Src/stm32g4xx_hal_rcc_ex.c ****       srcclk = __HAL_RCC_GET_RNG_SOURCE();
1181:Drivers/STM32G4xx_HAL_Driver/Src/stm32g4xx_hal_rcc_ex.c **** 
1182:Drivers/STM32G4xx_HAL_Driver/Src/stm32g4xx_hal_rcc_ex.c ****       if(srcclk == RCC_RNGCLKSOURCE_PLL)  /* PLL ? */
1183:Drivers/STM32G4xx_HAL_Driver/Src/stm32g4xx_hal_rcc_ex.c ****       {
1184:Drivers/STM32G4xx_HAL_Driver/Src/stm32g4xx_hal_rcc_ex.c ****         /* f(PLLQ) = f(VCO input) * PLLN / PLLQ */
1185:Drivers/STM32G4xx_HAL_Driver/Src/stm32g4xx_hal_rcc_ex.c ****         plln = READ_BIT(RCC->PLLCFGR, RCC_PLLCFGR_PLLN) >> RCC_PLLCFGR_PLLN_Pos;
1186:Drivers/STM32G4xx_HAL_Driver/Src/stm32g4xx_hal_rcc_ex.c ****         frequency = (pllvco * plln) / (((READ_BIT(RCC->PLLCFGR, RCC_PLLCFGR_PLLQ) >> RCC_PLLCFGR_PL
1187:Drivers/STM32G4xx_HAL_Driver/Src/stm32g4xx_hal_rcc_ex.c ****       }
1188:Drivers/STM32G4xx_HAL_Driver/Src/stm32g4xx_hal_rcc_ex.c ****       else if( (HAL_IS_BIT_SET(RCC->CRRCR, RCC_CRRCR_HSI48RDY)) && (srcclk == RCC_RNGCLKSOURCE_HSI4
1189:Drivers/STM32G4xx_HAL_Driver/Src/stm32g4xx_hal_rcc_ex.c ****       {
1190:Drivers/STM32G4xx_HAL_Driver/Src/stm32g4xx_hal_rcc_ex.c ****         frequency = HSI48_VALUE;
1191:Drivers/STM32G4xx_HAL_Driver/Src/stm32g4xx_hal_rcc_ex.c ****       }
1192:Drivers/STM32G4xx_HAL_Driver/Src/stm32g4xx_hal_rcc_ex.c ****       else /* No clock source */
1193:Drivers/STM32G4xx_HAL_Driver/Src/stm32g4xx_hal_rcc_ex.c ****       {
1194:Drivers/STM32G4xx_HAL_Driver/Src/stm32g4xx_hal_rcc_ex.c ****         /* nothing to do: frequency already initialized to 0 */
1195:Drivers/STM32G4xx_HAL_Driver/Src/stm32g4xx_hal_rcc_ex.c ****       }
1196:Drivers/STM32G4xx_HAL_Driver/Src/stm32g4xx_hal_rcc_ex.c ****       break;
1197:Drivers/STM32G4xx_HAL_Driver/Src/stm32g4xx_hal_rcc_ex.c **** 
1198:Drivers/STM32G4xx_HAL_Driver/Src/stm32g4xx_hal_rcc_ex.c ****     case RCC_PERIPHCLK_ADC12:
1199:Drivers/STM32G4xx_HAL_Driver/Src/stm32g4xx_hal_rcc_ex.c ****       /* Get the current ADC12 source */
1200:Drivers/STM32G4xx_HAL_Driver/Src/stm32g4xx_hal_rcc_ex.c ****       srcclk = __HAL_RCC_GET_ADC12_SOURCE();
1201:Drivers/STM32G4xx_HAL_Driver/Src/stm32g4xx_hal_rcc_ex.c ****       
1202:Drivers/STM32G4xx_HAL_Driver/Src/stm32g4xx_hal_rcc_ex.c ****       if(srcclk == RCC_ADC12CLKSOURCE_PLL)
1203:Drivers/STM32G4xx_HAL_Driver/Src/stm32g4xx_hal_rcc_ex.c ****       {
1204:Drivers/STM32G4xx_HAL_Driver/Src/stm32g4xx_hal_rcc_ex.c ****         if(__HAL_RCC_GET_PLLCLKOUT_CONFIG(RCC_PLL_ADCCLK) != 0U)
1205:Drivers/STM32G4xx_HAL_Driver/Src/stm32g4xx_hal_rcc_ex.c ****         {
1206:Drivers/STM32G4xx_HAL_Driver/Src/stm32g4xx_hal_rcc_ex.c ****           /* f(PLLP) = f(VCO input) * PLLN / PLLP */
1207:Drivers/STM32G4xx_HAL_Driver/Src/stm32g4xx_hal_rcc_ex.c ****           plln = READ_BIT(RCC->PLLCFGR, RCC_PLLCFGR_PLLN) >> RCC_PLLCFGR_PLLN_Pos;
1208:Drivers/STM32G4xx_HAL_Driver/Src/stm32g4xx_hal_rcc_ex.c ****           pllp = READ_BIT(RCC->PLLCFGR, RCC_PLLCFGR_PLLPDIV) >> RCC_PLLCFGR_PLLPDIV_Pos;
1209:Drivers/STM32G4xx_HAL_Driver/Src/stm32g4xx_hal_rcc_ex.c ****           if(pllp == 0U)
1210:Drivers/STM32G4xx_HAL_Driver/Src/stm32g4xx_hal_rcc_ex.c ****           {
1211:Drivers/STM32G4xx_HAL_Driver/Src/stm32g4xx_hal_rcc_ex.c ****             if(READ_BIT(RCC->PLLCFGR, RCC_PLLCFGR_PLLP) != 0U)
1212:Drivers/STM32G4xx_HAL_Driver/Src/stm32g4xx_hal_rcc_ex.c ****             {
1213:Drivers/STM32G4xx_HAL_Driver/Src/stm32g4xx_hal_rcc_ex.c ****               pllp = 17U;
1214:Drivers/STM32G4xx_HAL_Driver/Src/stm32g4xx_hal_rcc_ex.c ****             }
1215:Drivers/STM32G4xx_HAL_Driver/Src/stm32g4xx_hal_rcc_ex.c ****             else
1216:Drivers/STM32G4xx_HAL_Driver/Src/stm32g4xx_hal_rcc_ex.c ****             {
1217:Drivers/STM32G4xx_HAL_Driver/Src/stm32g4xx_hal_rcc_ex.c ****               pllp = 7U;
1218:Drivers/STM32G4xx_HAL_Driver/Src/stm32g4xx_hal_rcc_ex.c ****             }
1219:Drivers/STM32G4xx_HAL_Driver/Src/stm32g4xx_hal_rcc_ex.c ****           }
1220:Drivers/STM32G4xx_HAL_Driver/Src/stm32g4xx_hal_rcc_ex.c ****           frequency = (pllvco * plln) / pllp;
1221:Drivers/STM32G4xx_HAL_Driver/Src/stm32g4xx_hal_rcc_ex.c ****         }
ARM GAS  C:\Users\MyPC\AppData\Local\Temp\ccvsQKSL.s 			page 38


1222:Drivers/STM32G4xx_HAL_Driver/Src/stm32g4xx_hal_rcc_ex.c ****       }
1223:Drivers/STM32G4xx_HAL_Driver/Src/stm32g4xx_hal_rcc_ex.c ****       else if(srcclk == RCC_ADC12CLKSOURCE_SYSCLK)
1224:Drivers/STM32G4xx_HAL_Driver/Src/stm32g4xx_hal_rcc_ex.c ****       {
1225:Drivers/STM32G4xx_HAL_Driver/Src/stm32g4xx_hal_rcc_ex.c ****         frequency = HAL_RCC_GetSysClockFreq();
1226:Drivers/STM32G4xx_HAL_Driver/Src/stm32g4xx_hal_rcc_ex.c ****       }
1227:Drivers/STM32G4xx_HAL_Driver/Src/stm32g4xx_hal_rcc_ex.c ****       /* Clock not enabled for ADC12 */
1228:Drivers/STM32G4xx_HAL_Driver/Src/stm32g4xx_hal_rcc_ex.c ****       else
1229:Drivers/STM32G4xx_HAL_Driver/Src/stm32g4xx_hal_rcc_ex.c ****       {
1230:Drivers/STM32G4xx_HAL_Driver/Src/stm32g4xx_hal_rcc_ex.c ****         /* nothing to do: frequency already initialized to 0 */
1231:Drivers/STM32G4xx_HAL_Driver/Src/stm32g4xx_hal_rcc_ex.c ****       }
1232:Drivers/STM32G4xx_HAL_Driver/Src/stm32g4xx_hal_rcc_ex.c ****       break;
1233:Drivers/STM32G4xx_HAL_Driver/Src/stm32g4xx_hal_rcc_ex.c **** 
1234:Drivers/STM32G4xx_HAL_Driver/Src/stm32g4xx_hal_rcc_ex.c **** #if defined(ADC345_COMMON)
1235:Drivers/STM32G4xx_HAL_Driver/Src/stm32g4xx_hal_rcc_ex.c ****     case RCC_PERIPHCLK_ADC345:
1236:Drivers/STM32G4xx_HAL_Driver/Src/stm32g4xx_hal_rcc_ex.c ****       /* Get the current ADC345 source */
1237:Drivers/STM32G4xx_HAL_Driver/Src/stm32g4xx_hal_rcc_ex.c ****       srcclk = __HAL_RCC_GET_ADC345_SOURCE();
1238:Drivers/STM32G4xx_HAL_Driver/Src/stm32g4xx_hal_rcc_ex.c ****       
1239:Drivers/STM32G4xx_HAL_Driver/Src/stm32g4xx_hal_rcc_ex.c ****       if(srcclk == RCC_ADC345CLKSOURCE_PLL)
1240:Drivers/STM32G4xx_HAL_Driver/Src/stm32g4xx_hal_rcc_ex.c ****       {
1241:Drivers/STM32G4xx_HAL_Driver/Src/stm32g4xx_hal_rcc_ex.c ****         if(__HAL_RCC_GET_PLLCLKOUT_CONFIG(RCC_PLL_ADCCLK) != 0U)
1242:Drivers/STM32G4xx_HAL_Driver/Src/stm32g4xx_hal_rcc_ex.c ****         {
1243:Drivers/STM32G4xx_HAL_Driver/Src/stm32g4xx_hal_rcc_ex.c ****           /* f(PLLP) = f(VCO input) * PLLN / PLLP */
1244:Drivers/STM32G4xx_HAL_Driver/Src/stm32g4xx_hal_rcc_ex.c ****           plln = READ_BIT(RCC->PLLCFGR, RCC_PLLCFGR_PLLN) >> RCC_PLLCFGR_PLLN_Pos;
1245:Drivers/STM32G4xx_HAL_Driver/Src/stm32g4xx_hal_rcc_ex.c ****           pllp = READ_BIT(RCC->PLLCFGR, RCC_PLLCFGR_PLLPDIV) >> RCC_PLLCFGR_PLLPDIV_Pos;
1246:Drivers/STM32G4xx_HAL_Driver/Src/stm32g4xx_hal_rcc_ex.c ****           if(pllp == 0U)
1247:Drivers/STM32G4xx_HAL_Driver/Src/stm32g4xx_hal_rcc_ex.c ****           {
1248:Drivers/STM32G4xx_HAL_Driver/Src/stm32g4xx_hal_rcc_ex.c ****             if(READ_BIT(RCC->PLLCFGR, RCC_PLLCFGR_PLLP) != 0U)
1249:Drivers/STM32G4xx_HAL_Driver/Src/stm32g4xx_hal_rcc_ex.c ****             {
1250:Drivers/STM32G4xx_HAL_Driver/Src/stm32g4xx_hal_rcc_ex.c ****               pllp = 17U;
1251:Drivers/STM32G4xx_HAL_Driver/Src/stm32g4xx_hal_rcc_ex.c ****             }
1252:Drivers/STM32G4xx_HAL_Driver/Src/stm32g4xx_hal_rcc_ex.c ****             else
1253:Drivers/STM32G4xx_HAL_Driver/Src/stm32g4xx_hal_rcc_ex.c ****             {
1254:Drivers/STM32G4xx_HAL_Driver/Src/stm32g4xx_hal_rcc_ex.c ****               pllp = 7U;
1255:Drivers/STM32G4xx_HAL_Driver/Src/stm32g4xx_hal_rcc_ex.c ****             }
1256:Drivers/STM32G4xx_HAL_Driver/Src/stm32g4xx_hal_rcc_ex.c ****           }
1257:Drivers/STM32G4xx_HAL_Driver/Src/stm32g4xx_hal_rcc_ex.c ****           frequency = (pllvco * plln) / pllp;
1258:Drivers/STM32G4xx_HAL_Driver/Src/stm32g4xx_hal_rcc_ex.c ****         }
1259:Drivers/STM32G4xx_HAL_Driver/Src/stm32g4xx_hal_rcc_ex.c ****       }
1260:Drivers/STM32G4xx_HAL_Driver/Src/stm32g4xx_hal_rcc_ex.c ****       else if(srcclk == RCC_ADC345CLKSOURCE_SYSCLK)
1261:Drivers/STM32G4xx_HAL_Driver/Src/stm32g4xx_hal_rcc_ex.c ****       {
1262:Drivers/STM32G4xx_HAL_Driver/Src/stm32g4xx_hal_rcc_ex.c ****         frequency = HAL_RCC_GetSysClockFreq();
1263:Drivers/STM32G4xx_HAL_Driver/Src/stm32g4xx_hal_rcc_ex.c ****       }
1264:Drivers/STM32G4xx_HAL_Driver/Src/stm32g4xx_hal_rcc_ex.c ****       /* Clock not enabled for ADC345 */
1265:Drivers/STM32G4xx_HAL_Driver/Src/stm32g4xx_hal_rcc_ex.c ****       else
1266:Drivers/STM32G4xx_HAL_Driver/Src/stm32g4xx_hal_rcc_ex.c ****       {
1267:Drivers/STM32G4xx_HAL_Driver/Src/stm32g4xx_hal_rcc_ex.c ****         /* nothing to do: frequency already initialized to 0 */
1268:Drivers/STM32G4xx_HAL_Driver/Src/stm32g4xx_hal_rcc_ex.c ****       }
1269:Drivers/STM32G4xx_HAL_Driver/Src/stm32g4xx_hal_rcc_ex.c ****       break;
1270:Drivers/STM32G4xx_HAL_Driver/Src/stm32g4xx_hal_rcc_ex.c **** #endif /* ADC345_COMMON */
1271:Drivers/STM32G4xx_HAL_Driver/Src/stm32g4xx_hal_rcc_ex.c **** 
1272:Drivers/STM32G4xx_HAL_Driver/Src/stm32g4xx_hal_rcc_ex.c **** #if defined(QUADSPI)
1273:Drivers/STM32G4xx_HAL_Driver/Src/stm32g4xx_hal_rcc_ex.c **** 
1274:Drivers/STM32G4xx_HAL_Driver/Src/stm32g4xx_hal_rcc_ex.c ****     case RCC_PERIPHCLK_QSPI:
1275:Drivers/STM32G4xx_HAL_Driver/Src/stm32g4xx_hal_rcc_ex.c ****       /* Get the current QSPI source */
1276:Drivers/STM32G4xx_HAL_Driver/Src/stm32g4xx_hal_rcc_ex.c ****       srcclk = __HAL_RCC_GET_QSPI_SOURCE();
1277:Drivers/STM32G4xx_HAL_Driver/Src/stm32g4xx_hal_rcc_ex.c ****       
1278:Drivers/STM32G4xx_HAL_Driver/Src/stm32g4xx_hal_rcc_ex.c ****       if(srcclk == RCC_QSPICLKSOURCE_PLL)  /* PLL ? */
ARM GAS  C:\Users\MyPC\AppData\Local\Temp\ccvsQKSL.s 			page 39


1279:Drivers/STM32G4xx_HAL_Driver/Src/stm32g4xx_hal_rcc_ex.c ****       {
1280:Drivers/STM32G4xx_HAL_Driver/Src/stm32g4xx_hal_rcc_ex.c ****         /* f(PLLQ) = f(VCO input) * PLLN / PLLQ */
1281:Drivers/STM32G4xx_HAL_Driver/Src/stm32g4xx_hal_rcc_ex.c ****         plln = READ_BIT(RCC->PLLCFGR, RCC_PLLCFGR_PLLN) >> RCC_PLLCFGR_PLLN_Pos;
1282:Drivers/STM32G4xx_HAL_Driver/Src/stm32g4xx_hal_rcc_ex.c ****         frequency = (pllvco * plln) / (((READ_BIT(RCC->PLLCFGR, RCC_PLLCFGR_PLLQ) >> RCC_PLLCFGR_PL
1283:Drivers/STM32G4xx_HAL_Driver/Src/stm32g4xx_hal_rcc_ex.c ****       }
1284:Drivers/STM32G4xx_HAL_Driver/Src/stm32g4xx_hal_rcc_ex.c ****       else if(srcclk == RCC_QSPICLKSOURCE_HSI)
1285:Drivers/STM32G4xx_HAL_Driver/Src/stm32g4xx_hal_rcc_ex.c ****       {
1286:Drivers/STM32G4xx_HAL_Driver/Src/stm32g4xx_hal_rcc_ex.c ****         frequency = HSI_VALUE;
1287:Drivers/STM32G4xx_HAL_Driver/Src/stm32g4xx_hal_rcc_ex.c ****       }      
1288:Drivers/STM32G4xx_HAL_Driver/Src/stm32g4xx_hal_rcc_ex.c ****       else if(srcclk == RCC_QSPICLKSOURCE_SYSCLK)
1289:Drivers/STM32G4xx_HAL_Driver/Src/stm32g4xx_hal_rcc_ex.c ****       {
1290:Drivers/STM32G4xx_HAL_Driver/Src/stm32g4xx_hal_rcc_ex.c ****         frequency = HAL_RCC_GetSysClockFreq();
1291:Drivers/STM32G4xx_HAL_Driver/Src/stm32g4xx_hal_rcc_ex.c ****       }
1292:Drivers/STM32G4xx_HAL_Driver/Src/stm32g4xx_hal_rcc_ex.c ****       else /* No clock source */
1293:Drivers/STM32G4xx_HAL_Driver/Src/stm32g4xx_hal_rcc_ex.c ****       {
1294:Drivers/STM32G4xx_HAL_Driver/Src/stm32g4xx_hal_rcc_ex.c ****         /* nothing to do: frequency already initialized to 0 */
1295:Drivers/STM32G4xx_HAL_Driver/Src/stm32g4xx_hal_rcc_ex.c ****       }
1296:Drivers/STM32G4xx_HAL_Driver/Src/stm32g4xx_hal_rcc_ex.c ****       break;
1297:Drivers/STM32G4xx_HAL_Driver/Src/stm32g4xx_hal_rcc_ex.c **** 
1298:Drivers/STM32G4xx_HAL_Driver/Src/stm32g4xx_hal_rcc_ex.c **** #endif /* QUADSPI */
1299:Drivers/STM32G4xx_HAL_Driver/Src/stm32g4xx_hal_rcc_ex.c **** 
1300:Drivers/STM32G4xx_HAL_Driver/Src/stm32g4xx_hal_rcc_ex.c ****     default:
1301:Drivers/STM32G4xx_HAL_Driver/Src/stm32g4xx_hal_rcc_ex.c ****       break;
1302:Drivers/STM32G4xx_HAL_Driver/Src/stm32g4xx_hal_rcc_ex.c ****     }
1303:Drivers/STM32G4xx_HAL_Driver/Src/stm32g4xx_hal_rcc_ex.c ****   }
1304:Drivers/STM32G4xx_HAL_Driver/Src/stm32g4xx_hal_rcc_ex.c **** 
1305:Drivers/STM32G4xx_HAL_Driver/Src/stm32g4xx_hal_rcc_ex.c ****   return(frequency);
1306:Drivers/STM32G4xx_HAL_Driver/Src/stm32g4xx_hal_rcc_ex.c **** }
 853              		.loc 1 1306 1 view .LVU286
 854 00d2 08BD     		pop	{r3, pc}
 855              	.LVL39:
 856              	.L135:
 726:Drivers/STM32G4xx_HAL_Driver/Src/stm32g4xx_hal_rcc_ex.c ****       {
 857              		.loc 1 726 7 is_stmt 1 view .LVU287
 726:Drivers/STM32G4xx_HAL_Driver/Src/stm32g4xx_hal_rcc_ex.c ****       {
 858              		.loc 1 726 10 is_stmt 0 view .LVU288
 859 00d4 6E4B     		ldr	r3, .L168
 860 00d6 1A68     		ldr	r2, [r3]
 726:Drivers/STM32G4xx_HAL_Driver/Src/stm32g4xx_hal_rcc_ex.c ****       {
 861              		.loc 1 726 9 view .LVU289
 862 00d8 12F48062 		ands	r2, r2, #1024
 863 00dc A1D0     		beq	.L51
 728:Drivers/STM32G4xx_HAL_Driver/Src/stm32g4xx_hal_rcc_ex.c ****       }
 864              		.loc 1 728 16 view .LVU290
 865 00de 6D4A     		ldr	r2, .L168+4
 866 00e0 9FE7     		b	.L51
 867              	.L136:
 737:Drivers/STM32G4xx_HAL_Driver/Src/stm32g4xx_hal_rcc_ex.c ****       {
 868              		.loc 1 737 7 is_stmt 1 view .LVU291
 737:Drivers/STM32G4xx_HAL_Driver/Src/stm32g4xx_hal_rcc_ex.c ****       {
 869              		.loc 1 737 10 is_stmt 0 view .LVU292
 870 00e2 6B4B     		ldr	r3, .L168
 871 00e4 1A68     		ldr	r2, [r3]
 737:Drivers/STM32G4xx_HAL_Driver/Src/stm32g4xx_hal_rcc_ex.c ****       {
 872              		.loc 1 737 9 view .LVU293
 873 00e6 12F40032 		ands	r2, r2, #131072
 874 00ea 9AD0     		beq	.L51
ARM GAS  C:\Users\MyPC\AppData\Local\Temp\ccvsQKSL.s 			page 40


 739:Drivers/STM32G4xx_HAL_Driver/Src/stm32g4xx_hal_rcc_ex.c ****       }
 875              		.loc 1 739 16 view .LVU294
 876 00ec 6A4A     		ldr	r2, .L168+8
 877 00ee 98E7     		b	.L51
 878              	.LVL40:
 879              	.L137:
 754:Drivers/STM32G4xx_HAL_Driver/Src/stm32g4xx_hal_rcc_ex.c ****     {
 880              		.loc 1 754 5 view .LVU295
 881 00f0 0020     		movs	r0, #0
 882              	.LVL41:
 754:Drivers/STM32G4xx_HAL_Driver/Src/stm32g4xx_hal_rcc_ex.c ****     {
 883              		.loc 1 754 5 view .LVU296
 884 00f2 EEE7     		b	.L45
 885              	.LVL42:
 886              	.L55:
 754:Drivers/STM32G4xx_HAL_Driver/Src/stm32g4xx_hal_rcc_ex.c ****     {
 887              		.loc 1 754 5 view .LVU297
 888 00f4 4028     		cmp	r0, #64
 889 00f6 00F0F980 		beq	.L59
 890 00fa 8028     		cmp	r0, #128
 891 00fc 00F01181 		beq	.L60
 892 0100 2028     		cmp	r0, #32
 893 0102 1FD1     		bne	.L140
 900:Drivers/STM32G4xx_HAL_Driver/Src/stm32g4xx_hal_rcc_ex.c **** 
 894              		.loc 1 900 7 is_stmt 1 view .LVU298
 900:Drivers/STM32G4xx_HAL_Driver/Src/stm32g4xx_hal_rcc_ex.c **** 
 895              		.loc 1 900 16 is_stmt 0 view .LVU299
 896 0104 624B     		ldr	r3, .L168
 897 0106 D3F88830 		ldr	r3, [r3, #136]
 898              	.LVL43:
 902:Drivers/STM32G4xx_HAL_Driver/Src/stm32g4xx_hal_rcc_ex.c ****       {
 899              		.loc 1 902 7 is_stmt 1 view .LVU300
 902:Drivers/STM32G4xx_HAL_Driver/Src/stm32g4xx_hal_rcc_ex.c ****       {
 900              		.loc 1 902 9 is_stmt 0 view .LVU301
 901 010a 13F44063 		ands	r3, r3, #3072
 902              	.LVL44:
 902:Drivers/STM32G4xx_HAL_Driver/Src/stm32g4xx_hal_rcc_ex.c ****       {
 903              		.loc 1 902 9 view .LVU302
 904 010e 00F0E780 		beq	.L141
 906:Drivers/STM32G4xx_HAL_Driver/Src/stm32g4xx_hal_rcc_ex.c ****       {
 905              		.loc 1 906 12 is_stmt 1 view .LVU303
 906:Drivers/STM32G4xx_HAL_Driver/Src/stm32g4xx_hal_rcc_ex.c ****       {
 906              		.loc 1 906 14 is_stmt 0 view .LVU304
 907 0112 B3F5806F 		cmp	r3, #1024
 908 0116 00F0E680 		beq	.L142
 910:Drivers/STM32G4xx_HAL_Driver/Src/stm32g4xx_hal_rcc_ex.c ****       {
 909              		.loc 1 910 12 is_stmt 1 view .LVU305
 910:Drivers/STM32G4xx_HAL_Driver/Src/stm32g4xx_hal_rcc_ex.c ****       {
 910              		.loc 1 910 16 is_stmt 0 view .LVU306
 911 011a 5D4A     		ldr	r2, .L168
 912              	.LVL45:
 910:Drivers/STM32G4xx_HAL_Driver/Src/stm32g4xx_hal_rcc_ex.c ****       {
 913              		.loc 1 910 16 view .LVU307
 914 011c 1268     		ldr	r2, [r2]
 910:Drivers/STM32G4xx_HAL_Driver/Src/stm32g4xx_hal_rcc_ex.c ****       {
 915              		.loc 1 910 14 view .LVU308
 916 011e 12F4806F 		tst	r2, #1024
ARM GAS  C:\Users\MyPC\AppData\Local\Temp\ccvsQKSL.s 			page 41


 917 0122 03D0     		beq	.L84
 910:Drivers/STM32G4xx_HAL_Driver/Src/stm32g4xx_hal_rcc_ex.c ****       {
 918              		.loc 1 910 56 discriminator 1 view .LVU309
 919 0124 B3F5006F 		cmp	r3, #2048
 920 0128 00F04082 		beq	.L115
 921              	.L84:
 914:Drivers/STM32G4xx_HAL_Driver/Src/stm32g4xx_hal_rcc_ex.c ****       {
 922              		.loc 1 914 12 is_stmt 1 view .LVU310
 914:Drivers/STM32G4xx_HAL_Driver/Src/stm32g4xx_hal_rcc_ex.c ****       {
 923              		.loc 1 914 16 is_stmt 0 view .LVU311
 924 012c 584A     		ldr	r2, .L168
 925 012e D2F89000 		ldr	r0, [r2, #144]
 926              	.LVL46:
 914:Drivers/STM32G4xx_HAL_Driver/Src/stm32g4xx_hal_rcc_ex.c ****       {
 927              		.loc 1 914 14 view .LVU312
 928 0132 10F00200 		ands	r0, r0, #2
 929 0136 CCD0     		beq	.L45
 914:Drivers/STM32G4xx_HAL_Driver/Src/stm32g4xx_hal_rcc_ex.c ****       {
 930              		.loc 1 914 60 discriminator 1 view .LVU313
 931 0138 B3F5406F 		cmp	r3, #3072
 932 013c 00F03882 		beq	.L116
 686:Drivers/STM32G4xx_HAL_Driver/Src/stm32g4xx_hal_rcc_ex.c ****   uint32_t srcclk;
 933              		.loc 1 686 12 view .LVU314
 934 0140 0020     		movs	r0, #0
 935 0142 C6E7     		b	.L45
 936              	.LVL47:
 937              	.L140:
 754:Drivers/STM32G4xx_HAL_Driver/Src/stm32g4xx_hal_rcc_ex.c ****     {
 938              		.loc 1 754 5 view .LVU315
 939 0144 0020     		movs	r0, #0
 940              	.LVL48:
 754:Drivers/STM32G4xx_HAL_Driver/Src/stm32g4xx_hal_rcc_ex.c ****     {
 941              		.loc 1 754 5 view .LVU316
 942 0146 C4E7     		b	.L45
 943              	.LVL49:
 944              	.L53:
 754:Drivers/STM32G4xx_HAL_Driver/Src/stm32g4xx_hal_rcc_ex.c ****     {
 945              		.loc 1 754 5 view .LVU317
 946 0148 B0F5805F 		cmp	r0, #4096
 947 014c 00F08681 		beq	.L62
 948 0150 32D8     		bhi	.L63
 949 0152 B0F5806F 		cmp	r0, #1024
 950 0156 00F01D81 		beq	.L64
 951 015a B0F5006F 		cmp	r0, #2048
 952 015e 00F04B81 		beq	.L65
 953 0162 B0F5007F 		cmp	r0, #512
 954 0166 25D1     		bne	.L143
1027:Drivers/STM32G4xx_HAL_Driver/Src/stm32g4xx_hal_rcc_ex.c **** 
 955              		.loc 1 1027 7 is_stmt 1 view .LVU318
1027:Drivers/STM32G4xx_HAL_Driver/Src/stm32g4xx_hal_rcc_ex.c **** 
 956              		.loc 1 1027 16 is_stmt 0 view .LVU319
 957 0168 494B     		ldr	r3, .L168
 958 016a D3F88830 		ldr	r3, [r3, #136]
 959              	.LVL50:
1029:Drivers/STM32G4xx_HAL_Driver/Src/stm32g4xx_hal_rcc_ex.c ****       {
 960              		.loc 1 1029 7 is_stmt 1 view .LVU320
1029:Drivers/STM32G4xx_HAL_Driver/Src/stm32g4xx_hal_rcc_ex.c ****       {
ARM GAS  C:\Users\MyPC\AppData\Local\Temp\ccvsQKSL.s 			page 42


 961              		.loc 1 1029 9 is_stmt 0 view .LVU321
 962 016e 13F44023 		ands	r3, r3, #786432
 963              	.LVL51:
1029:Drivers/STM32G4xx_HAL_Driver/Src/stm32g4xx_hal_rcc_ex.c ****       {
 964              		.loc 1 1029 9 view .LVU322
 965 0172 00F00C81 		beq	.L144
1033:Drivers/STM32G4xx_HAL_Driver/Src/stm32g4xx_hal_rcc_ex.c ****       {
 966              		.loc 1 1033 12 is_stmt 1 view .LVU323
1033:Drivers/STM32G4xx_HAL_Driver/Src/stm32g4xx_hal_rcc_ex.c ****       {
 967              		.loc 1 1033 16 is_stmt 0 view .LVU324
 968 0176 464A     		ldr	r2, .L168
 969              	.LVL52:
1033:Drivers/STM32G4xx_HAL_Driver/Src/stm32g4xx_hal_rcc_ex.c ****       {
 970              		.loc 1 1033 16 view .LVU325
 971 0178 D2F89420 		ldr	r2, [r2, #148]
1033:Drivers/STM32G4xx_HAL_Driver/Src/stm32g4xx_hal_rcc_ex.c ****       {
 972              		.loc 1 1033 14 view .LVU326
 973 017c 12F0020F 		tst	r2, #2
 974 0180 03D0     		beq	.L92
1033:Drivers/STM32G4xx_HAL_Driver/Src/stm32g4xx_hal_rcc_ex.c ****       {
 975              		.loc 1 1033 58 discriminator 1 view .LVU327
 976 0182 B3F5802F 		cmp	r3, #262144
 977 0186 00F01C82 		beq	.L120
 978              	.L92:
1037:Drivers/STM32G4xx_HAL_Driver/Src/stm32g4xx_hal_rcc_ex.c ****       {
 979              		.loc 1 1037 12 is_stmt 1 view .LVU328
1037:Drivers/STM32G4xx_HAL_Driver/Src/stm32g4xx_hal_rcc_ex.c ****       {
 980              		.loc 1 1037 16 is_stmt 0 view .LVU329
 981 018a 414A     		ldr	r2, .L168
 982 018c 1268     		ldr	r2, [r2]
1037:Drivers/STM32G4xx_HAL_Driver/Src/stm32g4xx_hal_rcc_ex.c ****       {
 983              		.loc 1 1037 14 view .LVU330
 984 018e 12F4806F 		tst	r2, #1024
 985 0192 03D0     		beq	.L93
1037:Drivers/STM32G4xx_HAL_Driver/Src/stm32g4xx_hal_rcc_ex.c ****       {
 986              		.loc 1 1037 56 discriminator 1 view .LVU331
 987 0194 B3F5002F 		cmp	r3, #524288
 988 0198 00F01682 		beq	.L121
 989              	.L93:
1041:Drivers/STM32G4xx_HAL_Driver/Src/stm32g4xx_hal_rcc_ex.c ****       {
 990              		.loc 1 1041 12 is_stmt 1 view .LVU332
1041:Drivers/STM32G4xx_HAL_Driver/Src/stm32g4xx_hal_rcc_ex.c ****       {
 991              		.loc 1 1041 17 is_stmt 0 view .LVU333
 992 019c 3C4A     		ldr	r2, .L168
 993 019e D2F89000 		ldr	r0, [r2, #144]
 994              	.LVL53:
1041:Drivers/STM32G4xx_HAL_Driver/Src/stm32g4xx_hal_rcc_ex.c ****       {
 995              		.loc 1 1041 15 view .LVU334
 996 01a2 10F00200 		ands	r0, r0, #2
 997 01a6 94D0     		beq	.L45
1041:Drivers/STM32G4xx_HAL_Driver/Src/stm32g4xx_hal_rcc_ex.c ****       {
 998              		.loc 1 1041 61 discriminator 1 view .LVU335
 999 01a8 B3F5402F 		cmp	r3, #786432
 1000 01ac 00F00E82 		beq	.L122
 686:Drivers/STM32G4xx_HAL_Driver/Src/stm32g4xx_hal_rcc_ex.c ****   uint32_t srcclk;
 1001              		.loc 1 686 12 view .LVU336
 1002 01b0 0020     		movs	r0, #0
ARM GAS  C:\Users\MyPC\AppData\Local\Temp\ccvsQKSL.s 			page 43


 1003 01b2 8EE7     		b	.L45
 1004              	.LVL54:
 1005              	.L143:
 754:Drivers/STM32G4xx_HAL_Driver/Src/stm32g4xx_hal_rcc_ex.c ****     {
 1006              		.loc 1 754 5 view .LVU337
 1007 01b4 0020     		movs	r0, #0
 1008              	.LVL55:
 754:Drivers/STM32G4xx_HAL_Driver/Src/stm32g4xx_hal_rcc_ex.c ****     {
 1009              		.loc 1 754 5 view .LVU338
 1010 01b6 8CE7     		b	.L45
 1011              	.LVL56:
 1012              	.L63:
 754:Drivers/STM32G4xx_HAL_Driver/Src/stm32g4xx_hal_rcc_ex.c ****     {
 1013              		.loc 1 754 5 view .LVU339
 1014 01b8 B0F5804F 		cmp	r0, #16384
 1015 01bc 00F08881 		beq	.L67
 1016 01c0 B0F5004F 		cmp	r0, #32768
 1017 01c4 00F0A881 		beq	.L68
 1018 01c8 B0F5005F 		cmp	r0, #8192
 1019 01cc 14D1     		bne	.L145
1158:Drivers/STM32G4xx_HAL_Driver/Src/stm32g4xx_hal_rcc_ex.c ****       
 1020              		.loc 1 1158 7 is_stmt 1 view .LVU340
1158:Drivers/STM32G4xx_HAL_Driver/Src/stm32g4xx_hal_rcc_ex.c ****       
 1021              		.loc 1 1158 16 is_stmt 0 view .LVU341
 1022 01ce 304B     		ldr	r3, .L168
 1023 01d0 D3F88830 		ldr	r3, [r3, #136]
1158:Drivers/STM32G4xx_HAL_Driver/Src/stm32g4xx_hal_rcc_ex.c ****       
 1024              		.loc 1 1158 14 view .LVU342
 1025 01d4 03F04063 		and	r3, r3, #201326592
 1026              	.LVL57:
1160:Drivers/STM32G4xx_HAL_Driver/Src/stm32g4xx_hal_rcc_ex.c ****       {
 1027              		.loc 1 1160 7 is_stmt 1 view .LVU343
1160:Drivers/STM32G4xx_HAL_Driver/Src/stm32g4xx_hal_rcc_ex.c ****       {
 1028              		.loc 1 1160 9 is_stmt 0 view .LVU344
 1029 01d8 B3F1006F 		cmp	r3, #134217728
 1030 01dc 00F06781 		beq	.L146
1166:Drivers/STM32G4xx_HAL_Driver/Src/stm32g4xx_hal_rcc_ex.c ****       {
 1031              		.loc 1 1166 12 is_stmt 1 view .LVU345
1166:Drivers/STM32G4xx_HAL_Driver/Src/stm32g4xx_hal_rcc_ex.c ****       {
 1032              		.loc 1 1166 16 is_stmt 0 view .LVU346
 1033 01e0 2B4A     		ldr	r2, .L168
 1034              	.LVL58:
1166:Drivers/STM32G4xx_HAL_Driver/Src/stm32g4xx_hal_rcc_ex.c ****       {
 1035              		.loc 1 1166 16 view .LVU347
 1036 01e2 D2F89800 		ldr	r0, [r2, #152]
 1037              	.LVL59:
1166:Drivers/STM32G4xx_HAL_Driver/Src/stm32g4xx_hal_rcc_ex.c ****       {
 1038              		.loc 1 1166 14 view .LVU348
 1039 01e6 10F00200 		ands	r0, r0, #2
 1040 01ea 3FF472AF 		beq	.L45
1166:Drivers/STM32G4xx_HAL_Driver/Src/stm32g4xx_hal_rcc_ex.c ****       {
 1041              		.loc 1 1166 64 discriminator 1 view .LVU349
 1042 01ee 002B     		cmp	r3, #0
 1043 01f0 00F0F981 		beq	.L129
 686:Drivers/STM32G4xx_HAL_Driver/Src/stm32g4xx_hal_rcc_ex.c ****   uint32_t srcclk;
 1044              		.loc 1 686 12 view .LVU350
 1045 01f4 0020     		movs	r0, #0
ARM GAS  C:\Users\MyPC\AppData\Local\Temp\ccvsQKSL.s 			page 44


 1046 01f6 6CE7     		b	.L45
 1047              	.LVL60:
 1048              	.L145:
 754:Drivers/STM32G4xx_HAL_Driver/Src/stm32g4xx_hal_rcc_ex.c ****     {
 1049              		.loc 1 754 5 view .LVU351
 1050 01f8 0020     		movs	r0, #0
 1051              	.LVL61:
 754:Drivers/STM32G4xx_HAL_Driver/Src/stm32g4xx_hal_rcc_ex.c ****     {
 1052              		.loc 1 754 5 view .LVU352
 1053 01fa 6AE7     		b	.L45
 1054              	.LVL62:
 1055              	.L138:
 763:Drivers/STM32G4xx_HAL_Driver/Src/stm32g4xx_hal_rcc_ex.c ****       }
 1056              		.loc 1 763 9 is_stmt 1 view .LVU353
 763:Drivers/STM32G4xx_HAL_Driver/Src/stm32g4xx_hal_rcc_ex.c ****       }
 1057              		.loc 1 763 21 is_stmt 0 view .LVU354
 1058 01fc FFF7FEFF 		bl	HAL_RCC_GetPCLK2Freq
 1059              	.LVL63:
 763:Drivers/STM32G4xx_HAL_Driver/Src/stm32g4xx_hal_rcc_ex.c ****       }
 1060              		.loc 1 763 21 view .LVU355
 1061 0200 67E7     		b	.L45
 1062              	.LVL64:
 1063              	.L139:
 767:Drivers/STM32G4xx_HAL_Driver/Src/stm32g4xx_hal_rcc_ex.c ****       }
 1064              		.loc 1 767 9 is_stmt 1 view .LVU356
 767:Drivers/STM32G4xx_HAL_Driver/Src/stm32g4xx_hal_rcc_ex.c ****       }
 1065              		.loc 1 767 21 is_stmt 0 view .LVU357
 1066 0202 FFF7FEFF 		bl	HAL_RCC_GetSysClockFreq
 1067              	.LVL65:
 767:Drivers/STM32G4xx_HAL_Driver/Src/stm32g4xx_hal_rcc_ex.c ****       }
 1068              		.loc 1 767 21 view .LVU358
 1069 0206 64E7     		b	.L45
 1070              	.LVL66:
 1071              	.L56:
 786:Drivers/STM32G4xx_HAL_Driver/Src/stm32g4xx_hal_rcc_ex.c **** 
 1072              		.loc 1 786 7 is_stmt 1 view .LVU359
 786:Drivers/STM32G4xx_HAL_Driver/Src/stm32g4xx_hal_rcc_ex.c **** 
 1073              		.loc 1 786 16 is_stmt 0 view .LVU360
 1074 0208 214B     		ldr	r3, .L168
 1075 020a D3F88830 		ldr	r3, [r3, #136]
 1076              	.LVL67:
 788:Drivers/STM32G4xx_HAL_Driver/Src/stm32g4xx_hal_rcc_ex.c ****       {
 1077              		.loc 1 788 7 is_stmt 1 view .LVU361
 788:Drivers/STM32G4xx_HAL_Driver/Src/stm32g4xx_hal_rcc_ex.c ****       {
 1078              		.loc 1 788 9 is_stmt 0 view .LVU362
 1079 020e 13F00C03 		ands	r3, r3, #12
 1080              	.LVL68:
 788:Drivers/STM32G4xx_HAL_Driver/Src/stm32g4xx_hal_rcc_ex.c ****       {
 1081              		.loc 1 788 9 view .LVU363
 1082 0212 15D0     		beq	.L147
 792:Drivers/STM32G4xx_HAL_Driver/Src/stm32g4xx_hal_rcc_ex.c ****       {
 1083              		.loc 1 792 12 is_stmt 1 view .LVU364
 792:Drivers/STM32G4xx_HAL_Driver/Src/stm32g4xx_hal_rcc_ex.c ****       {
 1084              		.loc 1 792 14 is_stmt 0 view .LVU365
 1085 0214 042B     		cmp	r3, #4
 1086 0216 16D0     		beq	.L148
 796:Drivers/STM32G4xx_HAL_Driver/Src/stm32g4xx_hal_rcc_ex.c ****       {
ARM GAS  C:\Users\MyPC\AppData\Local\Temp\ccvsQKSL.s 			page 45


 1087              		.loc 1 796 12 is_stmt 1 view .LVU366
 796:Drivers/STM32G4xx_HAL_Driver/Src/stm32g4xx_hal_rcc_ex.c ****       {
 1088              		.loc 1 796 16 is_stmt 0 view .LVU367
 1089 0218 1D4A     		ldr	r2, .L168
 1090              	.LVL69:
 796:Drivers/STM32G4xx_HAL_Driver/Src/stm32g4xx_hal_rcc_ex.c ****       {
 1091              		.loc 1 796 16 view .LVU368
 1092 021a 1268     		ldr	r2, [r2]
 796:Drivers/STM32G4xx_HAL_Driver/Src/stm32g4xx_hal_rcc_ex.c ****       {
 1093              		.loc 1 796 14 view .LVU369
 1094 021c 12F4806F 		tst	r2, #1024
 1095 0220 02D0     		beq	.L75
 796:Drivers/STM32G4xx_HAL_Driver/Src/stm32g4xx_hal_rcc_ex.c ****       {
 1096              		.loc 1 796 56 discriminator 1 view .LVU370
 1097 0222 082B     		cmp	r3, #8
 1098 0224 00F0B381 		beq	.L109
 1099              	.L75:
 800:Drivers/STM32G4xx_HAL_Driver/Src/stm32g4xx_hal_rcc_ex.c ****       {
 1100              		.loc 1 800 12 is_stmt 1 view .LVU371
 800:Drivers/STM32G4xx_HAL_Driver/Src/stm32g4xx_hal_rcc_ex.c ****       {
 1101              		.loc 1 800 16 is_stmt 0 view .LVU372
 1102 0228 194A     		ldr	r2, .L168
 1103 022a D2F89000 		ldr	r0, [r2, #144]
 1104              	.LVL70:
 800:Drivers/STM32G4xx_HAL_Driver/Src/stm32g4xx_hal_rcc_ex.c ****       {
 1105              		.loc 1 800 14 view .LVU373
 1106 022e 10F00200 		ands	r0, r0, #2
 1107 0232 3FF44EAF 		beq	.L45
 800:Drivers/STM32G4xx_HAL_Driver/Src/stm32g4xx_hal_rcc_ex.c ****       {
 1108              		.loc 1 800 61 discriminator 1 view .LVU374
 1109 0236 0C2B     		cmp	r3, #12
 1110 0238 00F0AB81 		beq	.L110
 686:Drivers/STM32G4xx_HAL_Driver/Src/stm32g4xx_hal_rcc_ex.c ****   uint32_t srcclk;
 1111              		.loc 1 686 12 view .LVU375
 1112 023c 0020     		movs	r0, #0
 1113 023e 48E7     		b	.L45
 1114              	.LVL71:
 1115              	.L147:
 790:Drivers/STM32G4xx_HAL_Driver/Src/stm32g4xx_hal_rcc_ex.c ****       }
 1116              		.loc 1 790 9 is_stmt 1 view .LVU376
 790:Drivers/STM32G4xx_HAL_Driver/Src/stm32g4xx_hal_rcc_ex.c ****       }
 1117              		.loc 1 790 21 is_stmt 0 view .LVU377
 1118 0240 FFF7FEFF 		bl	HAL_RCC_GetPCLK1Freq
 1119              	.LVL72:
 790:Drivers/STM32G4xx_HAL_Driver/Src/stm32g4xx_hal_rcc_ex.c ****       }
 1120              		.loc 1 790 21 view .LVU378
 1121 0244 45E7     		b	.L45
 1122              	.LVL73:
 1123              	.L148:
 794:Drivers/STM32G4xx_HAL_Driver/Src/stm32g4xx_hal_rcc_ex.c ****       }
 1124              		.loc 1 794 9 is_stmt 1 view .LVU379
 794:Drivers/STM32G4xx_HAL_Driver/Src/stm32g4xx_hal_rcc_ex.c ****       }
 1125              		.loc 1 794 21 is_stmt 0 view .LVU380
 1126 0246 FFF7FEFF 		bl	HAL_RCC_GetSysClockFreq
 1127              	.LVL74:
 794:Drivers/STM32G4xx_HAL_Driver/Src/stm32g4xx_hal_rcc_ex.c ****       }
 1128              		.loc 1 794 21 view .LVU381
ARM GAS  C:\Users\MyPC\AppData\Local\Temp\ccvsQKSL.s 			page 46


 1129 024a 42E7     		b	.L45
 1130              	.LVL75:
 1131              	.L57:
 814:Drivers/STM32G4xx_HAL_Driver/Src/stm32g4xx_hal_rcc_ex.c **** 
 1132              		.loc 1 814 7 is_stmt 1 view .LVU382
 814:Drivers/STM32G4xx_HAL_Driver/Src/stm32g4xx_hal_rcc_ex.c **** 
 1133              		.loc 1 814 16 is_stmt 0 view .LVU383
 1134 024c 104B     		ldr	r3, .L168
 1135 024e D3F88830 		ldr	r3, [r3, #136]
 1136              	.LVL76:
 816:Drivers/STM32G4xx_HAL_Driver/Src/stm32g4xx_hal_rcc_ex.c ****       {
 1137              		.loc 1 816 7 is_stmt 1 view .LVU384
 816:Drivers/STM32G4xx_HAL_Driver/Src/stm32g4xx_hal_rcc_ex.c ****       {
 1138              		.loc 1 816 9 is_stmt 0 view .LVU385
 1139 0252 13F03003 		ands	r3, r3, #48
 1140              	.LVL77:
 816:Drivers/STM32G4xx_HAL_Driver/Src/stm32g4xx_hal_rcc_ex.c ****       {
 1141              		.loc 1 816 9 view .LVU386
 1142 0256 15D0     		beq	.L149
 820:Drivers/STM32G4xx_HAL_Driver/Src/stm32g4xx_hal_rcc_ex.c ****       {
 1143              		.loc 1 820 12 is_stmt 1 view .LVU387
 820:Drivers/STM32G4xx_HAL_Driver/Src/stm32g4xx_hal_rcc_ex.c ****       {
 1144              		.loc 1 820 14 is_stmt 0 view .LVU388
 1145 0258 102B     		cmp	r3, #16
 1146 025a 16D0     		beq	.L150
 824:Drivers/STM32G4xx_HAL_Driver/Src/stm32g4xx_hal_rcc_ex.c ****       {
 1147              		.loc 1 824 12 is_stmt 1 view .LVU389
 824:Drivers/STM32G4xx_HAL_Driver/Src/stm32g4xx_hal_rcc_ex.c ****       {
 1148              		.loc 1 824 16 is_stmt 0 view .LVU390
 1149 025c 0C4A     		ldr	r2, .L168
 1150              	.LVL78:
 824:Drivers/STM32G4xx_HAL_Driver/Src/stm32g4xx_hal_rcc_ex.c ****       {
 1151              		.loc 1 824 16 view .LVU391
 1152 025e 1268     		ldr	r2, [r2]
 824:Drivers/STM32G4xx_HAL_Driver/Src/stm32g4xx_hal_rcc_ex.c ****       {
 1153              		.loc 1 824 14 view .LVU392
 1154 0260 12F4806F 		tst	r2, #1024
 1155 0264 02D0     		beq	.L78
 824:Drivers/STM32G4xx_HAL_Driver/Src/stm32g4xx_hal_rcc_ex.c ****       {
 1156              		.loc 1 824 56 discriminator 1 view .LVU393
 1157 0266 202B     		cmp	r3, #32
 1158 0268 00F09681 		beq	.L111
 1159              	.L78:
 828:Drivers/STM32G4xx_HAL_Driver/Src/stm32g4xx_hal_rcc_ex.c ****       {
 1160              		.loc 1 828 12 is_stmt 1 view .LVU394
 828:Drivers/STM32G4xx_HAL_Driver/Src/stm32g4xx_hal_rcc_ex.c ****       {
 1161              		.loc 1 828 16 is_stmt 0 view .LVU395
 1162 026c 084A     		ldr	r2, .L168
 1163 026e D2F89000 		ldr	r0, [r2, #144]
 1164              	.LVL79:
 828:Drivers/STM32G4xx_HAL_Driver/Src/stm32g4xx_hal_rcc_ex.c ****       {
 1165              		.loc 1 828 14 view .LVU396
 1166 0272 10F00200 		ands	r0, r0, #2
 1167 0276 3FF42CAF 		beq	.L45
 828:Drivers/STM32G4xx_HAL_Driver/Src/stm32g4xx_hal_rcc_ex.c ****       {
 1168              		.loc 1 828 60 discriminator 1 view .LVU397
 1169 027a 302B     		cmp	r3, #48
ARM GAS  C:\Users\MyPC\AppData\Local\Temp\ccvsQKSL.s 			page 47


 1170 027c 00F08E81 		beq	.L112
 686:Drivers/STM32G4xx_HAL_Driver/Src/stm32g4xx_hal_rcc_ex.c ****   uint32_t srcclk;
 1171              		.loc 1 686 12 view .LVU398
 1172 0280 0020     		movs	r0, #0
 1173 0282 26E7     		b	.L45
 1174              	.LVL80:
 1175              	.L149:
 818:Drivers/STM32G4xx_HAL_Driver/Src/stm32g4xx_hal_rcc_ex.c ****       }
 1176              		.loc 1 818 9 is_stmt 1 view .LVU399
 818:Drivers/STM32G4xx_HAL_Driver/Src/stm32g4xx_hal_rcc_ex.c ****       }
 1177              		.loc 1 818 21 is_stmt 0 view .LVU400
 1178 0284 FFF7FEFF 		bl	HAL_RCC_GetPCLK1Freq
 1179              	.LVL81:
 818:Drivers/STM32G4xx_HAL_Driver/Src/stm32g4xx_hal_rcc_ex.c ****       }
 1180              		.loc 1 818 21 view .LVU401
 1181 0288 23E7     		b	.L45
 1182              	.LVL82:
 1183              	.L150:
 822:Drivers/STM32G4xx_HAL_Driver/Src/stm32g4xx_hal_rcc_ex.c ****       }
 1184              		.loc 1 822 9 is_stmt 1 view .LVU402
 822:Drivers/STM32G4xx_HAL_Driver/Src/stm32g4xx_hal_rcc_ex.c ****       }
 1185              		.loc 1 822 21 is_stmt 0 view .LVU403
 1186 028a FFF7FEFF 		bl	HAL_RCC_GetSysClockFreq
 1187              	.LVL83:
 822:Drivers/STM32G4xx_HAL_Driver/Src/stm32g4xx_hal_rcc_ex.c ****       }
 1188              		.loc 1 822 21 view .LVU404
 1189 028e 20E7     		b	.L45
 1190              	.L169:
 1191              		.align	2
 1192              	.L168:
 1193 0290 00100240 		.word	1073876992
 1194 0294 0024F400 		.word	16000000
 1195 0298 00127A00 		.word	8000000
 1196              	.LVL84:
 1197              	.L54:
 843:Drivers/STM32G4xx_HAL_Driver/Src/stm32g4xx_hal_rcc_ex.c **** 
 1198              		.loc 1 843 7 is_stmt 1 view .LVU405
 843:Drivers/STM32G4xx_HAL_Driver/Src/stm32g4xx_hal_rcc_ex.c **** 
 1199              		.loc 1 843 16 is_stmt 0 view .LVU406
 1200 029c B74B     		ldr	r3, .L170
 1201 029e D3F88830 		ldr	r3, [r3, #136]
 1202              	.LVL85:
 845:Drivers/STM32G4xx_HAL_Driver/Src/stm32g4xx_hal_rcc_ex.c ****       {
 1203              		.loc 1 845 7 is_stmt 1 view .LVU407
 845:Drivers/STM32G4xx_HAL_Driver/Src/stm32g4xx_hal_rcc_ex.c ****       {
 1204              		.loc 1 845 9 is_stmt 0 view .LVU408
 1205 02a2 13F0C003 		ands	r3, r3, #192
 1206              	.LVL86:
 845:Drivers/STM32G4xx_HAL_Driver/Src/stm32g4xx_hal_rcc_ex.c ****       {
 1207              		.loc 1 845 9 view .LVU409
 1208 02a6 15D0     		beq	.L151
 849:Drivers/STM32G4xx_HAL_Driver/Src/stm32g4xx_hal_rcc_ex.c ****       {
 1209              		.loc 1 849 12 is_stmt 1 view .LVU410
 849:Drivers/STM32G4xx_HAL_Driver/Src/stm32g4xx_hal_rcc_ex.c ****       {
 1210              		.loc 1 849 14 is_stmt 0 view .LVU411
 1211 02a8 402B     		cmp	r3, #64
 1212 02aa 16D0     		beq	.L152
ARM GAS  C:\Users\MyPC\AppData\Local\Temp\ccvsQKSL.s 			page 48


 853:Drivers/STM32G4xx_HAL_Driver/Src/stm32g4xx_hal_rcc_ex.c ****       {
 1213              		.loc 1 853 12 is_stmt 1 view .LVU412
 853:Drivers/STM32G4xx_HAL_Driver/Src/stm32g4xx_hal_rcc_ex.c ****       {
 1214              		.loc 1 853 16 is_stmt 0 view .LVU413
 1215 02ac B34A     		ldr	r2, .L170
 1216              	.LVL87:
 853:Drivers/STM32G4xx_HAL_Driver/Src/stm32g4xx_hal_rcc_ex.c ****       {
 1217              		.loc 1 853 16 view .LVU414
 1218 02ae 1268     		ldr	r2, [r2]
 853:Drivers/STM32G4xx_HAL_Driver/Src/stm32g4xx_hal_rcc_ex.c ****       {
 1219              		.loc 1 853 14 view .LVU415
 1220 02b0 12F4806F 		tst	r2, #1024
 1221 02b4 02D0     		beq	.L81
 853:Drivers/STM32G4xx_HAL_Driver/Src/stm32g4xx_hal_rcc_ex.c ****       {
 1222              		.loc 1 853 56 discriminator 1 view .LVU416
 1223 02b6 802B     		cmp	r3, #128
 1224 02b8 00F07381 		beq	.L113
 1225              	.L81:
 857:Drivers/STM32G4xx_HAL_Driver/Src/stm32g4xx_hal_rcc_ex.c ****       {
 1226              		.loc 1 857 12 is_stmt 1 view .LVU417
 857:Drivers/STM32G4xx_HAL_Driver/Src/stm32g4xx_hal_rcc_ex.c ****       {
 1227              		.loc 1 857 16 is_stmt 0 view .LVU418
 1228 02bc AF4A     		ldr	r2, .L170
 1229 02be D2F89000 		ldr	r0, [r2, #144]
 1230              	.LVL88:
 857:Drivers/STM32G4xx_HAL_Driver/Src/stm32g4xx_hal_rcc_ex.c ****       {
 1231              		.loc 1 857 14 view .LVU419
 1232 02c2 10F00200 		ands	r0, r0, #2
 1233 02c6 3FF404AF 		beq	.L45
 857:Drivers/STM32G4xx_HAL_Driver/Src/stm32g4xx_hal_rcc_ex.c ****       {
 1234              		.loc 1 857 60 discriminator 1 view .LVU420
 1235 02ca C02B     		cmp	r3, #192
 1236 02cc 00F06B81 		beq	.L114
 686:Drivers/STM32G4xx_HAL_Driver/Src/stm32g4xx_hal_rcc_ex.c ****   uint32_t srcclk;
 1237              		.loc 1 686 12 view .LVU421
 1238 02d0 0020     		movs	r0, #0
 1239 02d2 FEE6     		b	.L45
 1240              	.LVL89:
 1241              	.L151:
 847:Drivers/STM32G4xx_HAL_Driver/Src/stm32g4xx_hal_rcc_ex.c ****       }
 1242              		.loc 1 847 9 is_stmt 1 view .LVU422
 847:Drivers/STM32G4xx_HAL_Driver/Src/stm32g4xx_hal_rcc_ex.c ****       }
 1243              		.loc 1 847 21 is_stmt 0 view .LVU423
 1244 02d4 FFF7FEFF 		bl	HAL_RCC_GetPCLK1Freq
 1245              	.LVL90:
 847:Drivers/STM32G4xx_HAL_Driver/Src/stm32g4xx_hal_rcc_ex.c ****       }
 1246              		.loc 1 847 21 view .LVU424
 1247 02d8 FBE6     		b	.L45
 1248              	.LVL91:
 1249              	.L152:
 851:Drivers/STM32G4xx_HAL_Driver/Src/stm32g4xx_hal_rcc_ex.c ****       }
 1250              		.loc 1 851 9 is_stmt 1 view .LVU425
 851:Drivers/STM32G4xx_HAL_Driver/Src/stm32g4xx_hal_rcc_ex.c ****       }
 1251              		.loc 1 851 21 is_stmt 0 view .LVU426
 1252 02da FFF7FEFF 		bl	HAL_RCC_GetSysClockFreq
 1253              	.LVL92:
 851:Drivers/STM32G4xx_HAL_Driver/Src/stm32g4xx_hal_rcc_ex.c ****       }
ARM GAS  C:\Users\MyPC\AppData\Local\Temp\ccvsQKSL.s 			page 49


 1254              		.loc 1 851 21 view .LVU427
 1255 02de F8E6     		b	.L45
 1256              	.LVL93:
 1257              	.L141:
 904:Drivers/STM32G4xx_HAL_Driver/Src/stm32g4xx_hal_rcc_ex.c ****       }
 1258              		.loc 1 904 9 is_stmt 1 view .LVU428
 904:Drivers/STM32G4xx_HAL_Driver/Src/stm32g4xx_hal_rcc_ex.c ****       }
 1259              		.loc 1 904 21 is_stmt 0 view .LVU429
 1260 02e0 FFF7FEFF 		bl	HAL_RCC_GetPCLK1Freq
 1261              	.LVL94:
 904:Drivers/STM32G4xx_HAL_Driver/Src/stm32g4xx_hal_rcc_ex.c ****       }
 1262              		.loc 1 904 21 view .LVU430
 1263 02e4 F5E6     		b	.L45
 1264              	.LVL95:
 1265              	.L142:
 908:Drivers/STM32G4xx_HAL_Driver/Src/stm32g4xx_hal_rcc_ex.c ****       }
 1266              		.loc 1 908 9 is_stmt 1 view .LVU431
 908:Drivers/STM32G4xx_HAL_Driver/Src/stm32g4xx_hal_rcc_ex.c ****       }
 1267              		.loc 1 908 21 is_stmt 0 view .LVU432
 1268 02e6 FFF7FEFF 		bl	HAL_RCC_GetSysClockFreq
 1269              	.LVL96:
 908:Drivers/STM32G4xx_HAL_Driver/Src/stm32g4xx_hal_rcc_ex.c ****       }
 1270              		.loc 1 908 21 view .LVU433
 1271 02ea F2E6     		b	.L45
 1272              	.LVL97:
 1273              	.L59:
 927:Drivers/STM32G4xx_HAL_Driver/Src/stm32g4xx_hal_rcc_ex.c **** 
 1274              		.loc 1 927 7 is_stmt 1 view .LVU434
 927:Drivers/STM32G4xx_HAL_Driver/Src/stm32g4xx_hal_rcc_ex.c **** 
 1275              		.loc 1 927 16 is_stmt 0 view .LVU435
 1276 02ec A34B     		ldr	r3, .L170
 1277 02ee D3F88830 		ldr	r3, [r3, #136]
 1278              	.LVL98:
 929:Drivers/STM32G4xx_HAL_Driver/Src/stm32g4xx_hal_rcc_ex.c ****       {
 1279              		.loc 1 929 7 is_stmt 1 view .LVU436
 929:Drivers/STM32G4xx_HAL_Driver/Src/stm32g4xx_hal_rcc_ex.c ****       {
 1280              		.loc 1 929 9 is_stmt 0 view .LVU437
 1281 02f2 13F44053 		ands	r3, r3, #12288
 1282              	.LVL99:
 929:Drivers/STM32G4xx_HAL_Driver/Src/stm32g4xx_hal_rcc_ex.c ****       {
 1283              		.loc 1 929 9 view .LVU438
 1284 02f6 0ED0     		beq	.L153
 933:Drivers/STM32G4xx_HAL_Driver/Src/stm32g4xx_hal_rcc_ex.c ****       {
 1285              		.loc 1 933 12 is_stmt 1 view .LVU439
 933:Drivers/STM32G4xx_HAL_Driver/Src/stm32g4xx_hal_rcc_ex.c ****       {
 1286              		.loc 1 933 14 is_stmt 0 view .LVU440
 1287 02f8 B3F5805F 		cmp	r3, #4096
 1288 02fc 0ED0     		beq	.L154
 937:Drivers/STM32G4xx_HAL_Driver/Src/stm32g4xx_hal_rcc_ex.c ****       {
 1289              		.loc 1 937 12 is_stmt 1 view .LVU441
 937:Drivers/STM32G4xx_HAL_Driver/Src/stm32g4xx_hal_rcc_ex.c ****       {
 1290              		.loc 1 937 16 is_stmt 0 view .LVU442
 1291 02fe 9F4A     		ldr	r2, .L170
 1292              	.LVL100:
 937:Drivers/STM32G4xx_HAL_Driver/Src/stm32g4xx_hal_rcc_ex.c ****       {
 1293              		.loc 1 937 16 view .LVU443
 1294 0300 1068     		ldr	r0, [r2]
ARM GAS  C:\Users\MyPC\AppData\Local\Temp\ccvsQKSL.s 			page 50


 1295              	.LVL101:
 937:Drivers/STM32G4xx_HAL_Driver/Src/stm32g4xx_hal_rcc_ex.c ****       {
 1296              		.loc 1 937 14 view .LVU444
 1297 0302 10F48060 		ands	r0, r0, #1024
 1298 0306 3FF4E4AE 		beq	.L45
 937:Drivers/STM32G4xx_HAL_Driver/Src/stm32g4xx_hal_rcc_ex.c ****       {
 1299              		.loc 1 937 56 discriminator 1 view .LVU445
 1300 030a B3F5005F 		cmp	r3, #8192
 1301 030e 00F05281 		beq	.L117
 686:Drivers/STM32G4xx_HAL_Driver/Src/stm32g4xx_hal_rcc_ex.c ****   uint32_t srcclk;
 1302              		.loc 1 686 12 view .LVU446
 1303 0312 0020     		movs	r0, #0
 1304 0314 DDE6     		b	.L45
 1305              	.LVL102:
 1306              	.L153:
 931:Drivers/STM32G4xx_HAL_Driver/Src/stm32g4xx_hal_rcc_ex.c ****       }
 1307              		.loc 1 931 9 is_stmt 1 view .LVU447
 931:Drivers/STM32G4xx_HAL_Driver/Src/stm32g4xx_hal_rcc_ex.c ****       }
 1308              		.loc 1 931 21 is_stmt 0 view .LVU448
 1309 0316 FFF7FEFF 		bl	HAL_RCC_GetPCLK1Freq
 1310              	.LVL103:
 931:Drivers/STM32G4xx_HAL_Driver/Src/stm32g4xx_hal_rcc_ex.c ****       }
 1311              		.loc 1 931 21 view .LVU449
 1312 031a DAE6     		b	.L45
 1313              	.LVL104:
 1314              	.L154:
 935:Drivers/STM32G4xx_HAL_Driver/Src/stm32g4xx_hal_rcc_ex.c ****       }
 1315              		.loc 1 935 9 is_stmt 1 view .LVU450
 935:Drivers/STM32G4xx_HAL_Driver/Src/stm32g4xx_hal_rcc_ex.c ****       }
 1316              		.loc 1 935 21 is_stmt 0 view .LVU451
 1317 031c FFF7FEFF 		bl	HAL_RCC_GetSysClockFreq
 1318              	.LVL105:
 935:Drivers/STM32G4xx_HAL_Driver/Src/stm32g4xx_hal_rcc_ex.c ****       }
 1319              		.loc 1 935 21 view .LVU452
 1320 0320 D7E6     		b	.L45
 1321              	.LVL106:
 1322              	.L60:
 950:Drivers/STM32G4xx_HAL_Driver/Src/stm32g4xx_hal_rcc_ex.c **** 
 1323              		.loc 1 950 7 is_stmt 1 view .LVU453
 950:Drivers/STM32G4xx_HAL_Driver/Src/stm32g4xx_hal_rcc_ex.c **** 
 1324              		.loc 1 950 16 is_stmt 0 view .LVU454
 1325 0322 964B     		ldr	r3, .L170
 1326 0324 D3F88830 		ldr	r3, [r3, #136]
 1327              	.LVL107:
 952:Drivers/STM32G4xx_HAL_Driver/Src/stm32g4xx_hal_rcc_ex.c ****       {
 1328              		.loc 1 952 7 is_stmt 1 view .LVU455
 952:Drivers/STM32G4xx_HAL_Driver/Src/stm32g4xx_hal_rcc_ex.c ****       {
 1329              		.loc 1 952 9 is_stmt 0 view .LVU456
 1330 0328 13F44043 		ands	r3, r3, #49152
 1331              	.LVL108:
 952:Drivers/STM32G4xx_HAL_Driver/Src/stm32g4xx_hal_rcc_ex.c ****       {
 1332              		.loc 1 952 9 view .LVU457
 1333 032c 0ED0     		beq	.L155
 956:Drivers/STM32G4xx_HAL_Driver/Src/stm32g4xx_hal_rcc_ex.c ****       {
 1334              		.loc 1 956 12 is_stmt 1 view .LVU458
 956:Drivers/STM32G4xx_HAL_Driver/Src/stm32g4xx_hal_rcc_ex.c ****       {
 1335              		.loc 1 956 14 is_stmt 0 view .LVU459
ARM GAS  C:\Users\MyPC\AppData\Local\Temp\ccvsQKSL.s 			page 51


 1336 032e B3F5804F 		cmp	r3, #16384
 1337 0332 0ED0     		beq	.L156
 960:Drivers/STM32G4xx_HAL_Driver/Src/stm32g4xx_hal_rcc_ex.c ****       {
 1338              		.loc 1 960 12 is_stmt 1 view .LVU460
 960:Drivers/STM32G4xx_HAL_Driver/Src/stm32g4xx_hal_rcc_ex.c ****       {
 1339              		.loc 1 960 16 is_stmt 0 view .LVU461
 1340 0334 914A     		ldr	r2, .L170
 1341              	.LVL109:
 960:Drivers/STM32G4xx_HAL_Driver/Src/stm32g4xx_hal_rcc_ex.c ****       {
 1342              		.loc 1 960 16 view .LVU462
 1343 0336 1068     		ldr	r0, [r2]
 1344              	.LVL110:
 960:Drivers/STM32G4xx_HAL_Driver/Src/stm32g4xx_hal_rcc_ex.c ****       {
 1345              		.loc 1 960 14 view .LVU463
 1346 0338 10F48060 		ands	r0, r0, #1024
 1347 033c 3FF4C9AE 		beq	.L45
 960:Drivers/STM32G4xx_HAL_Driver/Src/stm32g4xx_hal_rcc_ex.c ****       {
 1348              		.loc 1 960 56 discriminator 1 view .LVU464
 1349 0340 B3F5004F 		cmp	r3, #32768
 1350 0344 00F03981 		beq	.L118
 686:Drivers/STM32G4xx_HAL_Driver/Src/stm32g4xx_hal_rcc_ex.c ****   uint32_t srcclk;
 1351              		.loc 1 686 12 view .LVU465
 1352 0348 0020     		movs	r0, #0
 1353 034a C2E6     		b	.L45
 1354              	.LVL111:
 1355              	.L155:
 954:Drivers/STM32G4xx_HAL_Driver/Src/stm32g4xx_hal_rcc_ex.c ****       }
 1356              		.loc 1 954 9 is_stmt 1 view .LVU466
 954:Drivers/STM32G4xx_HAL_Driver/Src/stm32g4xx_hal_rcc_ex.c ****       }
 1357              		.loc 1 954 21 is_stmt 0 view .LVU467
 1358 034c FFF7FEFF 		bl	HAL_RCC_GetPCLK1Freq
 1359              	.LVL112:
 954:Drivers/STM32G4xx_HAL_Driver/Src/stm32g4xx_hal_rcc_ex.c ****       }
 1360              		.loc 1 954 21 view .LVU468
 1361 0350 BFE6     		b	.L45
 1362              	.LVL113:
 1363              	.L156:
 958:Drivers/STM32G4xx_HAL_Driver/Src/stm32g4xx_hal_rcc_ex.c ****       }
 1364              		.loc 1 958 9 is_stmt 1 view .LVU469
 958:Drivers/STM32G4xx_HAL_Driver/Src/stm32g4xx_hal_rcc_ex.c ****       }
 1365              		.loc 1 958 21 is_stmt 0 view .LVU470
 1366 0352 FFF7FEFF 		bl	HAL_RCC_GetSysClockFreq
 1367              	.LVL114:
 958:Drivers/STM32G4xx_HAL_Driver/Src/stm32g4xx_hal_rcc_ex.c ****       }
 1368              		.loc 1 958 21 view .LVU471
 1369 0356 BCE6     		b	.L45
 1370              	.LVL115:
 1371              	.L52:
 975:Drivers/STM32G4xx_HAL_Driver/Src/stm32g4xx_hal_rcc_ex.c **** 
 1372              		.loc 1 975 7 is_stmt 1 view .LVU472
 975:Drivers/STM32G4xx_HAL_Driver/Src/stm32g4xx_hal_rcc_ex.c **** 
 1373              		.loc 1 975 16 is_stmt 0 view .LVU473
 1374 0358 884B     		ldr	r3, .L170
 1375 035a D3F88830 		ldr	r3, [r3, #136]
 1376              	.LVL116:
 977:Drivers/STM32G4xx_HAL_Driver/Src/stm32g4xx_hal_rcc_ex.c ****       {
 1377              		.loc 1 977 7 is_stmt 1 view .LVU474
ARM GAS  C:\Users\MyPC\AppData\Local\Temp\ccvsQKSL.s 			page 52


 977:Drivers/STM32G4xx_HAL_Driver/Src/stm32g4xx_hal_rcc_ex.c ****       {
 1378              		.loc 1 977 9 is_stmt 0 view .LVU475
 1379 035e 13F44033 		ands	r3, r3, #196608
 1380              	.LVL117:
 977:Drivers/STM32G4xx_HAL_Driver/Src/stm32g4xx_hal_rcc_ex.c ****       {
 1381              		.loc 1 977 9 view .LVU476
 1382 0362 0ED0     		beq	.L157
 981:Drivers/STM32G4xx_HAL_Driver/Src/stm32g4xx_hal_rcc_ex.c ****       {
 1383              		.loc 1 981 12 is_stmt 1 view .LVU477
 981:Drivers/STM32G4xx_HAL_Driver/Src/stm32g4xx_hal_rcc_ex.c ****       {
 1384              		.loc 1 981 14 is_stmt 0 view .LVU478
 1385 0364 B3F5803F 		cmp	r3, #65536
 1386 0368 0ED0     		beq	.L158
 985:Drivers/STM32G4xx_HAL_Driver/Src/stm32g4xx_hal_rcc_ex.c ****       {
 1387              		.loc 1 985 12 is_stmt 1 view .LVU479
 985:Drivers/STM32G4xx_HAL_Driver/Src/stm32g4xx_hal_rcc_ex.c ****       {
 1388              		.loc 1 985 16 is_stmt 0 view .LVU480
 1389 036a 844A     		ldr	r2, .L170
 1390              	.LVL118:
 985:Drivers/STM32G4xx_HAL_Driver/Src/stm32g4xx_hal_rcc_ex.c ****       {
 1391              		.loc 1 985 16 view .LVU481
 1392 036c 1068     		ldr	r0, [r2]
 1393              	.LVL119:
 985:Drivers/STM32G4xx_HAL_Driver/Src/stm32g4xx_hal_rcc_ex.c ****       {
 1394              		.loc 1 985 14 view .LVU482
 1395 036e 10F48060 		ands	r0, r0, #1024
 1396 0372 3FF4AEAE 		beq	.L45
 985:Drivers/STM32G4xx_HAL_Driver/Src/stm32g4xx_hal_rcc_ex.c ****       {
 1397              		.loc 1 985 56 discriminator 1 view .LVU483
 1398 0376 B3F5003F 		cmp	r3, #131072
 1399 037a 00F02081 		beq	.L119
 686:Drivers/STM32G4xx_HAL_Driver/Src/stm32g4xx_hal_rcc_ex.c ****   uint32_t srcclk;
 1400              		.loc 1 686 12 view .LVU484
 1401 037e 0020     		movs	r0, #0
 1402 0380 A7E6     		b	.L45
 1403              	.LVL120:
 1404              	.L157:
 979:Drivers/STM32G4xx_HAL_Driver/Src/stm32g4xx_hal_rcc_ex.c ****       }
 1405              		.loc 1 979 9 is_stmt 1 view .LVU485
 979:Drivers/STM32G4xx_HAL_Driver/Src/stm32g4xx_hal_rcc_ex.c ****       }
 1406              		.loc 1 979 21 is_stmt 0 view .LVU486
 1407 0382 FFF7FEFF 		bl	HAL_RCC_GetPCLK1Freq
 1408              	.LVL121:
 979:Drivers/STM32G4xx_HAL_Driver/Src/stm32g4xx_hal_rcc_ex.c ****       }
 1409              		.loc 1 979 21 view .LVU487
 1410 0386 A4E6     		b	.L45
 1411              	.LVL122:
 1412              	.L158:
 983:Drivers/STM32G4xx_HAL_Driver/Src/stm32g4xx_hal_rcc_ex.c ****       }
 1413              		.loc 1 983 9 is_stmt 1 view .LVU488
 983:Drivers/STM32G4xx_HAL_Driver/Src/stm32g4xx_hal_rcc_ex.c ****       }
 1414              		.loc 1 983 21 is_stmt 0 view .LVU489
 1415 0388 FFF7FEFF 		bl	HAL_RCC_GetSysClockFreq
 1416              	.LVL123:
 983:Drivers/STM32G4xx_HAL_Driver/Src/stm32g4xx_hal_rcc_ex.c ****       }
 1417              		.loc 1 983 21 view .LVU490
 1418 038c A1E6     		b	.L45
ARM GAS  C:\Users\MyPC\AppData\Local\Temp\ccvsQKSL.s 			page 53


 1419              	.LVL124:
 1420              	.L144:
1031:Drivers/STM32G4xx_HAL_Driver/Src/stm32g4xx_hal_rcc_ex.c ****       }
 1421              		.loc 1 1031 9 is_stmt 1 view .LVU491
1031:Drivers/STM32G4xx_HAL_Driver/Src/stm32g4xx_hal_rcc_ex.c ****       }
 1422              		.loc 1 1031 21 is_stmt 0 view .LVU492
 1423 038e FFF7FEFF 		bl	HAL_RCC_GetPCLK1Freq
 1424              	.LVL125:
1031:Drivers/STM32G4xx_HAL_Driver/Src/stm32g4xx_hal_rcc_ex.c ****       }
 1425              		.loc 1 1031 21 view .LVU493
 1426 0392 9EE6     		b	.L45
 1427              	.LVL126:
 1428              	.L64:
1056:Drivers/STM32G4xx_HAL_Driver/Src/stm32g4xx_hal_rcc_ex.c **** 
 1429              		.loc 1 1056 7 is_stmt 1 view .LVU494
1056:Drivers/STM32G4xx_HAL_Driver/Src/stm32g4xx_hal_rcc_ex.c **** 
 1430              		.loc 1 1056 16 is_stmt 0 view .LVU495
 1431 0394 794B     		ldr	r3, .L170
 1432 0396 D3F88830 		ldr	r3, [r3, #136]
 1433              	.LVL127:
1058:Drivers/STM32G4xx_HAL_Driver/Src/stm32g4xx_hal_rcc_ex.c ****       {
 1434              		.loc 1 1058 7 is_stmt 1 view .LVU496
1058:Drivers/STM32G4xx_HAL_Driver/Src/stm32g4xx_hal_rcc_ex.c ****       {
 1435              		.loc 1 1058 9 is_stmt 0 view .LVU497
 1436 039a 13F44013 		ands	r3, r3, #3145728
 1437              	.LVL128:
1058:Drivers/STM32G4xx_HAL_Driver/Src/stm32g4xx_hal_rcc_ex.c ****       {
 1438              		.loc 1 1058 9 view .LVU498
 1439 039e 12D0     		beq	.L159
1062:Drivers/STM32G4xx_HAL_Driver/Src/stm32g4xx_hal_rcc_ex.c ****       {
 1440              		.loc 1 1062 12 is_stmt 1 view .LVU499
1062:Drivers/STM32G4xx_HAL_Driver/Src/stm32g4xx_hal_rcc_ex.c ****       {
 1441              		.loc 1 1062 14 is_stmt 0 view .LVU500
 1442 03a0 B3F5801F 		cmp	r3, #1048576
 1443 03a4 12D0     		beq	.L160
1071:Drivers/STM32G4xx_HAL_Driver/Src/stm32g4xx_hal_rcc_ex.c ****       {
 1444              		.loc 1 1071 12 is_stmt 1 view .LVU501
1071:Drivers/STM32G4xx_HAL_Driver/Src/stm32g4xx_hal_rcc_ex.c ****       {
 1445              		.loc 1 1071 14 is_stmt 0 view .LVU502
 1446 03a6 B3F5001F 		cmp	r3, #2097152
 1447 03aa 00F01281 		beq	.L123
1076:Drivers/STM32G4xx_HAL_Driver/Src/stm32g4xx_hal_rcc_ex.c ****       {
 1448              		.loc 1 1076 12 is_stmt 1 view .LVU503
1076:Drivers/STM32G4xx_HAL_Driver/Src/stm32g4xx_hal_rcc_ex.c ****       {
 1449              		.loc 1 1076 16 is_stmt 0 view .LVU504
 1450 03ae 734A     		ldr	r2, .L170
 1451              	.LVL129:
1076:Drivers/STM32G4xx_HAL_Driver/Src/stm32g4xx_hal_rcc_ex.c ****       {
 1452              		.loc 1 1076 16 view .LVU505
 1453 03b0 1068     		ldr	r0, [r2]
 1454              	.LVL130:
1076:Drivers/STM32G4xx_HAL_Driver/Src/stm32g4xx_hal_rcc_ex.c ****       {
 1455              		.loc 1 1076 14 view .LVU506
 1456 03b2 10F48060 		ands	r0, r0, #1024
 1457 03b6 3FF48CAE 		beq	.L45
1076:Drivers/STM32G4xx_HAL_Driver/Src/stm32g4xx_hal_rcc_ex.c ****       {
 1458              		.loc 1 1076 56 discriminator 1 view .LVU507
ARM GAS  C:\Users\MyPC\AppData\Local\Temp\ccvsQKSL.s 			page 54


 1459 03ba B3F5401F 		cmp	r3, #3145728
 1460 03be 00F00A81 		beq	.L124
 686:Drivers/STM32G4xx_HAL_Driver/Src/stm32g4xx_hal_rcc_ex.c ****   uint32_t srcclk;
 1461              		.loc 1 686 12 view .LVU508
 1462 03c2 0020     		movs	r0, #0
 1463 03c4 85E6     		b	.L45
 1464              	.LVL131:
 1465              	.L159:
1060:Drivers/STM32G4xx_HAL_Driver/Src/stm32g4xx_hal_rcc_ex.c ****       }
 1466              		.loc 1 1060 9 is_stmt 1 view .LVU509
1060:Drivers/STM32G4xx_HAL_Driver/Src/stm32g4xx_hal_rcc_ex.c ****       }
 1467              		.loc 1 1060 21 is_stmt 0 view .LVU510
 1468 03c6 FFF7FEFF 		bl	HAL_RCC_GetSysClockFreq
 1469              	.LVL132:
1060:Drivers/STM32G4xx_HAL_Driver/Src/stm32g4xx_hal_rcc_ex.c ****       }
 1470              		.loc 1 1060 21 view .LVU511
 1471 03ca 82E6     		b	.L45
 1472              	.LVL133:
 1473              	.L160:
1064:Drivers/STM32G4xx_HAL_Driver/Src/stm32g4xx_hal_rcc_ex.c ****         {
 1474              		.loc 1 1064 9 is_stmt 1 view .LVU512
1064:Drivers/STM32G4xx_HAL_Driver/Src/stm32g4xx_hal_rcc_ex.c ****         {
 1475              		.loc 1 1064 12 is_stmt 0 view .LVU513
 1476 03cc 03F18043 		add	r3, r3, #1073741824
 1477              	.LVL134:
1064:Drivers/STM32G4xx_HAL_Driver/Src/stm32g4xx_hal_rcc_ex.c ****         {
 1478              		.loc 1 1064 12 view .LVU514
 1479 03d0 A3F55F23 		sub	r3, r3, #913408
 1480              	.LVL135:
1064:Drivers/STM32G4xx_HAL_Driver/Src/stm32g4xx_hal_rcc_ex.c ****         {
 1481              		.loc 1 1064 12 view .LVU515
 1482 03d4 D868     		ldr	r0, [r3, #12]
 1483              	.LVL136:
1064:Drivers/STM32G4xx_HAL_Driver/Src/stm32g4xx_hal_rcc_ex.c ****         {
 1484              		.loc 1 1064 11 view .LVU516
 1485 03d6 10F48010 		ands	r0, r0, #1048576
 1486 03da 3FF47AAE 		beq	.L45
1067:Drivers/STM32G4xx_HAL_Driver/Src/stm32g4xx_hal_rcc_ex.c ****           frequency = (pllvco * plln) / (((READ_BIT(RCC->PLLCFGR, RCC_PLLCFGR_PLLQ) >> RCC_PLLCFGR_
 1487              		.loc 1 1067 11 is_stmt 1 view .LVU517
1067:Drivers/STM32G4xx_HAL_Driver/Src/stm32g4xx_hal_rcc_ex.c ****           frequency = (pllvco * plln) / (((READ_BIT(RCC->PLLCFGR, RCC_PLLCFGR_PLLQ) >> RCC_PLLCFGR_
 1488              		.loc 1 1067 18 is_stmt 0 view .LVU518
 1489 03de D868     		ldr	r0, [r3, #12]
1067:Drivers/STM32G4xx_HAL_Driver/Src/stm32g4xx_hal_rcc_ex.c ****           frequency = (pllvco * plln) / (((READ_BIT(RCC->PLLCFGR, RCC_PLLCFGR_PLLQ) >> RCC_PLLCFGR_
 1490              		.loc 1 1067 16 view .LVU519
 1491 03e0 C0F30620 		ubfx	r0, r0, #8, #7
 1492              	.LVL137:
1068:Drivers/STM32G4xx_HAL_Driver/Src/stm32g4xx_hal_rcc_ex.c ****         }
 1493              		.loc 1 1068 11 is_stmt 1 view .LVU520
1068:Drivers/STM32G4xx_HAL_Driver/Src/stm32g4xx_hal_rcc_ex.c ****         }
 1494              		.loc 1 1068 31 is_stmt 0 view .LVU521
 1495 03e4 02FB00F0 		mul	r0, r2, r0
 1496              	.LVL138:
1068:Drivers/STM32G4xx_HAL_Driver/Src/stm32g4xx_hal_rcc_ex.c ****         }
 1497              		.loc 1 1068 44 view .LVU522
 1498 03e8 DB68     		ldr	r3, [r3, #12]
 1499              	.LVL139:
1068:Drivers/STM32G4xx_HAL_Driver/Src/stm32g4xx_hal_rcc_ex.c ****         }
ARM GAS  C:\Users\MyPC\AppData\Local\Temp\ccvsQKSL.s 			page 55


 1500              		.loc 1 1068 85 view .LVU523
 1501 03ea C3F34153 		ubfx	r3, r3, #21, #2
1068:Drivers/STM32G4xx_HAL_Driver/Src/stm32g4xx_hal_rcc_ex.c ****         }
 1502              		.loc 1 1068 110 view .LVU524
 1503 03ee 0133     		adds	r3, r3, #1
1068:Drivers/STM32G4xx_HAL_Driver/Src/stm32g4xx_hal_rcc_ex.c ****         }
 1504              		.loc 1 1068 116 view .LVU525
 1505 03f0 5B00     		lsls	r3, r3, #1
1068:Drivers/STM32G4xx_HAL_Driver/Src/stm32g4xx_hal_rcc_ex.c ****         }
 1506              		.loc 1 1068 21 view .LVU526
 1507 03f2 B0FBF3F0 		udiv	r0, r0, r3
 1508              	.LVL140:
1068:Drivers/STM32G4xx_HAL_Driver/Src/stm32g4xx_hal_rcc_ex.c ****         }
 1509              		.loc 1 1068 21 view .LVU527
 1510 03f6 6CE6     		b	.L45
 1511              	.LVL141:
 1512              	.L65:
1092:Drivers/STM32G4xx_HAL_Driver/Src/stm32g4xx_hal_rcc_ex.c **** 
 1513              		.loc 1 1092 7 is_stmt 1 view .LVU528
1092:Drivers/STM32G4xx_HAL_Driver/Src/stm32g4xx_hal_rcc_ex.c **** 
 1514              		.loc 1 1092 16 is_stmt 0 view .LVU529
 1515 03f8 604B     		ldr	r3, .L170
 1516 03fa D3F88830 		ldr	r3, [r3, #136]
 1517              	.LVL142:
1094:Drivers/STM32G4xx_HAL_Driver/Src/stm32g4xx_hal_rcc_ex.c ****       {
 1518              		.loc 1 1094 7 is_stmt 1 view .LVU530
1094:Drivers/STM32G4xx_HAL_Driver/Src/stm32g4xx_hal_rcc_ex.c ****       {
 1519              		.loc 1 1094 9 is_stmt 0 view .LVU531
 1520 03fe 13F44003 		ands	r3, r3, #12582912
 1521              	.LVL143:
1094:Drivers/STM32G4xx_HAL_Driver/Src/stm32g4xx_hal_rcc_ex.c ****       {
 1522              		.loc 1 1094 9 view .LVU532
 1523 0402 12D0     		beq	.L161
1098:Drivers/STM32G4xx_HAL_Driver/Src/stm32g4xx_hal_rcc_ex.c ****       {
 1524              		.loc 1 1098 12 is_stmt 1 view .LVU533
1098:Drivers/STM32G4xx_HAL_Driver/Src/stm32g4xx_hal_rcc_ex.c ****       {
 1525              		.loc 1 1098 14 is_stmt 0 view .LVU534
 1526 0404 B3F5800F 		cmp	r3, #4194304
 1527 0408 12D0     		beq	.L162
1107:Drivers/STM32G4xx_HAL_Driver/Src/stm32g4xx_hal_rcc_ex.c ****       {
 1528              		.loc 1 1107 12 is_stmt 1 view .LVU535
1107:Drivers/STM32G4xx_HAL_Driver/Src/stm32g4xx_hal_rcc_ex.c ****       {
 1529              		.loc 1 1107 14 is_stmt 0 view .LVU536
 1530 040a B3F5000F 		cmp	r3, #8388608
 1531 040e 00F0E480 		beq	.L125
1112:Drivers/STM32G4xx_HAL_Driver/Src/stm32g4xx_hal_rcc_ex.c ****       {
 1532              		.loc 1 1112 12 is_stmt 1 view .LVU537
1112:Drivers/STM32G4xx_HAL_Driver/Src/stm32g4xx_hal_rcc_ex.c ****       {
 1533              		.loc 1 1112 16 is_stmt 0 view .LVU538
 1534 0412 5A4A     		ldr	r2, .L170
 1535              	.LVL144:
1112:Drivers/STM32G4xx_HAL_Driver/Src/stm32g4xx_hal_rcc_ex.c ****       {
 1536              		.loc 1 1112 16 view .LVU539
 1537 0414 1068     		ldr	r0, [r2]
 1538              	.LVL145:
1112:Drivers/STM32G4xx_HAL_Driver/Src/stm32g4xx_hal_rcc_ex.c ****       {
 1539              		.loc 1 1112 14 view .LVU540
ARM GAS  C:\Users\MyPC\AppData\Local\Temp\ccvsQKSL.s 			page 56


 1540 0416 10F48060 		ands	r0, r0, #1024
 1541 041a 3FF45AAE 		beq	.L45
1112:Drivers/STM32G4xx_HAL_Driver/Src/stm32g4xx_hal_rcc_ex.c ****       {
 1542              		.loc 1 1112 56 discriminator 1 view .LVU541
 1543 041e B3F5400F 		cmp	r3, #12582912
 1544 0422 00F0DC80 		beq	.L126
 686:Drivers/STM32G4xx_HAL_Driver/Src/stm32g4xx_hal_rcc_ex.c ****   uint32_t srcclk;
 1545              		.loc 1 686 12 view .LVU542
 1546 0426 0020     		movs	r0, #0
 1547 0428 53E6     		b	.L45
 1548              	.LVL146:
 1549              	.L161:
1096:Drivers/STM32G4xx_HAL_Driver/Src/stm32g4xx_hal_rcc_ex.c ****       }
 1550              		.loc 1 1096 9 is_stmt 1 view .LVU543
1096:Drivers/STM32G4xx_HAL_Driver/Src/stm32g4xx_hal_rcc_ex.c ****       }
 1551              		.loc 1 1096 21 is_stmt 0 view .LVU544
 1552 042a FFF7FEFF 		bl	HAL_RCC_GetSysClockFreq
 1553              	.LVL147:
1096:Drivers/STM32G4xx_HAL_Driver/Src/stm32g4xx_hal_rcc_ex.c ****       }
 1554              		.loc 1 1096 21 view .LVU545
 1555 042e 50E6     		b	.L45
 1556              	.LVL148:
 1557              	.L162:
1100:Drivers/STM32G4xx_HAL_Driver/Src/stm32g4xx_hal_rcc_ex.c ****         {
 1558              		.loc 1 1100 9 is_stmt 1 view .LVU546
1100:Drivers/STM32G4xx_HAL_Driver/Src/stm32g4xx_hal_rcc_ex.c ****         {
 1559              		.loc 1 1100 12 is_stmt 0 view .LVU547
 1560 0430 03F17F53 		add	r3, r3, #1069547520
 1561              	.LVL149:
1100:Drivers/STM32G4xx_HAL_Driver/Src/stm32g4xx_hal_rcc_ex.c ****         {
 1562              		.loc 1 1100 12 view .LVU548
 1563 0434 03F50433 		add	r3, r3, #135168
 1564              	.LVL150:
1100:Drivers/STM32G4xx_HAL_Driver/Src/stm32g4xx_hal_rcc_ex.c ****         {
 1565              		.loc 1 1100 12 view .LVU549
 1566 0438 D868     		ldr	r0, [r3, #12]
 1567              	.LVL151:
1100:Drivers/STM32G4xx_HAL_Driver/Src/stm32g4xx_hal_rcc_ex.c ****         {
 1568              		.loc 1 1100 11 view .LVU550
 1569 043a 10F48010 		ands	r0, r0, #1048576
 1570 043e 3FF448AE 		beq	.L45
1103:Drivers/STM32G4xx_HAL_Driver/Src/stm32g4xx_hal_rcc_ex.c ****           frequency = (pllvco * plln) / (((READ_BIT(RCC->PLLCFGR, RCC_PLLCFGR_PLLQ) >> RCC_PLLCFGR_
 1571              		.loc 1 1103 11 is_stmt 1 view .LVU551
1103:Drivers/STM32G4xx_HAL_Driver/Src/stm32g4xx_hal_rcc_ex.c ****           frequency = (pllvco * plln) / (((READ_BIT(RCC->PLLCFGR, RCC_PLLCFGR_PLLQ) >> RCC_PLLCFGR_
 1572              		.loc 1 1103 18 is_stmt 0 view .LVU552
 1573 0442 D868     		ldr	r0, [r3, #12]
1103:Drivers/STM32G4xx_HAL_Driver/Src/stm32g4xx_hal_rcc_ex.c ****           frequency = (pllvco * plln) / (((READ_BIT(RCC->PLLCFGR, RCC_PLLCFGR_PLLQ) >> RCC_PLLCFGR_
 1574              		.loc 1 1103 16 view .LVU553
 1575 0444 C0F30620 		ubfx	r0, r0, #8, #7
 1576              	.LVL152:
1104:Drivers/STM32G4xx_HAL_Driver/Src/stm32g4xx_hal_rcc_ex.c ****         }
 1577              		.loc 1 1104 11 is_stmt 1 view .LVU554
1104:Drivers/STM32G4xx_HAL_Driver/Src/stm32g4xx_hal_rcc_ex.c ****         }
 1578              		.loc 1 1104 31 is_stmt 0 view .LVU555
 1579 0448 02FB00F0 		mul	r0, r2, r0
 1580              	.LVL153:
1104:Drivers/STM32G4xx_HAL_Driver/Src/stm32g4xx_hal_rcc_ex.c ****         }
ARM GAS  C:\Users\MyPC\AppData\Local\Temp\ccvsQKSL.s 			page 57


 1581              		.loc 1 1104 44 view .LVU556
 1582 044c DB68     		ldr	r3, [r3, #12]
 1583              	.LVL154:
1104:Drivers/STM32G4xx_HAL_Driver/Src/stm32g4xx_hal_rcc_ex.c ****         }
 1584              		.loc 1 1104 85 view .LVU557
 1585 044e C3F34153 		ubfx	r3, r3, #21, #2
1104:Drivers/STM32G4xx_HAL_Driver/Src/stm32g4xx_hal_rcc_ex.c ****         }
 1586              		.loc 1 1104 110 view .LVU558
 1587 0452 0133     		adds	r3, r3, #1
1104:Drivers/STM32G4xx_HAL_Driver/Src/stm32g4xx_hal_rcc_ex.c ****         }
 1588              		.loc 1 1104 116 view .LVU559
 1589 0454 5B00     		lsls	r3, r3, #1
1104:Drivers/STM32G4xx_HAL_Driver/Src/stm32g4xx_hal_rcc_ex.c ****         }
 1590              		.loc 1 1104 21 view .LVU560
 1591 0456 B0FBF3F0 		udiv	r0, r0, r3
 1592              	.LVL155:
1104:Drivers/STM32G4xx_HAL_Driver/Src/stm32g4xx_hal_rcc_ex.c ****         }
 1593              		.loc 1 1104 21 view .LVU561
 1594 045a 3AE6     		b	.L45
 1595              	.LVL156:
 1596              	.L62:
1127:Drivers/STM32G4xx_HAL_Driver/Src/stm32g4xx_hal_rcc_ex.c **** 
 1597              		.loc 1 1127 7 is_stmt 1 view .LVU562
1127:Drivers/STM32G4xx_HAL_Driver/Src/stm32g4xx_hal_rcc_ex.c **** 
 1598              		.loc 1 1127 16 is_stmt 0 view .LVU563
 1599 045c 474B     		ldr	r3, .L170
 1600 045e D3F88830 		ldr	r3, [r3, #136]
1127:Drivers/STM32G4xx_HAL_Driver/Src/stm32g4xx_hal_rcc_ex.c **** 
 1601              		.loc 1 1127 14 view .LVU564
 1602 0462 03F04073 		and	r3, r3, #50331648
 1603              	.LVL157:
1129:Drivers/STM32G4xx_HAL_Driver/Src/stm32g4xx_hal_rcc_ex.c ****       {
 1604              		.loc 1 1129 7 is_stmt 1 view .LVU565
1129:Drivers/STM32G4xx_HAL_Driver/Src/stm32g4xx_hal_rcc_ex.c ****       {
 1605              		.loc 1 1129 9 is_stmt 0 view .LVU566
 1606 0466 B3F1007F 		cmp	r3, #33554432
 1607 046a 07D0     		beq	.L163
1133:Drivers/STM32G4xx_HAL_Driver/Src/stm32g4xx_hal_rcc_ex.c ****       {
 1608              		.loc 1 1133 12 is_stmt 1 view .LVU567
1133:Drivers/STM32G4xx_HAL_Driver/Src/stm32g4xx_hal_rcc_ex.c ****       {
 1609              		.loc 1 1133 14 is_stmt 0 view .LVU568
 1610 046c 002B     		cmp	r3, #0
 1611 046e 00F0B880 		beq	.L127
1137:Drivers/STM32G4xx_HAL_Driver/Src/stm32g4xx_hal_rcc_ex.c ****       {
 1612              		.loc 1 1137 12 is_stmt 1 view .LVU569
1137:Drivers/STM32G4xx_HAL_Driver/Src/stm32g4xx_hal_rcc_ex.c ****       {
 1613              		.loc 1 1137 14 is_stmt 0 view .LVU570
 1614 0472 B3F1807F 		cmp	r3, #16777216
 1615 0476 04D0     		beq	.L164
 686:Drivers/STM32G4xx_HAL_Driver/Src/stm32g4xx_hal_rcc_ex.c ****   uint32_t srcclk;
 1616              		.loc 1 686 12 view .LVU571
 1617 0478 0020     		movs	r0, #0
 1618              	.LVL158:
 686:Drivers/STM32G4xx_HAL_Driver/Src/stm32g4xx_hal_rcc_ex.c ****   uint32_t srcclk;
 1619              		.loc 1 686 12 view .LVU572
 1620 047a 2AE6     		b	.L45
 1621              	.LVL159:
ARM GAS  C:\Users\MyPC\AppData\Local\Temp\ccvsQKSL.s 			page 58


 1622              	.L163:
1131:Drivers/STM32G4xx_HAL_Driver/Src/stm32g4xx_hal_rcc_ex.c ****       }
 1623              		.loc 1 1131 9 is_stmt 1 view .LVU573
1131:Drivers/STM32G4xx_HAL_Driver/Src/stm32g4xx_hal_rcc_ex.c ****       }
 1624              		.loc 1 1131 21 is_stmt 0 view .LVU574
 1625 047c FFF7FEFF 		bl	HAL_RCC_GetPCLK1Freq
 1626              	.LVL160:
1131:Drivers/STM32G4xx_HAL_Driver/Src/stm32g4xx_hal_rcc_ex.c ****       }
 1627              		.loc 1 1131 21 view .LVU575
 1628 0480 27E6     		b	.L45
 1629              	.LVL161:
 1630              	.L164:
1139:Drivers/STM32G4xx_HAL_Driver/Src/stm32g4xx_hal_rcc_ex.c ****         {
 1631              		.loc 1 1139 9 is_stmt 1 view .LVU576
1139:Drivers/STM32G4xx_HAL_Driver/Src/stm32g4xx_hal_rcc_ex.c ****         {
 1632              		.loc 1 1139 12 is_stmt 0 view .LVU577
 1633 0482 03F17C53 		add	r3, r3, #1056964608
 1634              	.LVL162:
1139:Drivers/STM32G4xx_HAL_Driver/Src/stm32g4xx_hal_rcc_ex.c ****         {
 1635              		.loc 1 1139 12 view .LVU578
 1636 0486 03F50433 		add	r3, r3, #135168
 1637              	.LVL163:
1139:Drivers/STM32G4xx_HAL_Driver/Src/stm32g4xx_hal_rcc_ex.c ****         {
 1638              		.loc 1 1139 12 view .LVU579
 1639 048a D868     		ldr	r0, [r3, #12]
 1640              	.LVL164:
1139:Drivers/STM32G4xx_HAL_Driver/Src/stm32g4xx_hal_rcc_ex.c ****         {
 1641              		.loc 1 1139 11 view .LVU580
 1642 048c 10F48010 		ands	r0, r0, #1048576
 1643 0490 3FF41FAE 		beq	.L45
1142:Drivers/STM32G4xx_HAL_Driver/Src/stm32g4xx_hal_rcc_ex.c ****           frequency = (pllvco * plln) / (((READ_BIT(RCC->PLLCFGR, RCC_PLLCFGR_PLLQ) >> RCC_PLLCFGR_
 1644              		.loc 1 1142 11 is_stmt 1 view .LVU581
1142:Drivers/STM32G4xx_HAL_Driver/Src/stm32g4xx_hal_rcc_ex.c ****           frequency = (pllvco * plln) / (((READ_BIT(RCC->PLLCFGR, RCC_PLLCFGR_PLLQ) >> RCC_PLLCFGR_
 1645              		.loc 1 1142 18 is_stmt 0 view .LVU582
 1646 0494 D868     		ldr	r0, [r3, #12]
1142:Drivers/STM32G4xx_HAL_Driver/Src/stm32g4xx_hal_rcc_ex.c ****           frequency = (pllvco * plln) / (((READ_BIT(RCC->PLLCFGR, RCC_PLLCFGR_PLLQ) >> RCC_PLLCFGR_
 1647              		.loc 1 1142 16 view .LVU583
 1648 0496 C0F30620 		ubfx	r0, r0, #8, #7
 1649              	.LVL165:
1143:Drivers/STM32G4xx_HAL_Driver/Src/stm32g4xx_hal_rcc_ex.c ****         }
 1650              		.loc 1 1143 11 is_stmt 1 view .LVU584
1143:Drivers/STM32G4xx_HAL_Driver/Src/stm32g4xx_hal_rcc_ex.c ****         }
 1651              		.loc 1 1143 31 is_stmt 0 view .LVU585
 1652 049a 02FB00F0 		mul	r0, r2, r0
 1653              	.LVL166:
1143:Drivers/STM32G4xx_HAL_Driver/Src/stm32g4xx_hal_rcc_ex.c ****         }
 1654              		.loc 1 1143 44 view .LVU586
 1655 049e DB68     		ldr	r3, [r3, #12]
 1656              	.LVL167:
1143:Drivers/STM32G4xx_HAL_Driver/Src/stm32g4xx_hal_rcc_ex.c ****         }
 1657              		.loc 1 1143 85 view .LVU587
 1658 04a0 C3F34153 		ubfx	r3, r3, #21, #2
1143:Drivers/STM32G4xx_HAL_Driver/Src/stm32g4xx_hal_rcc_ex.c ****         }
 1659              		.loc 1 1143 110 view .LVU588
 1660 04a4 0133     		adds	r3, r3, #1
1143:Drivers/STM32G4xx_HAL_Driver/Src/stm32g4xx_hal_rcc_ex.c ****         }
 1661              		.loc 1 1143 116 view .LVU589
ARM GAS  C:\Users\MyPC\AppData\Local\Temp\ccvsQKSL.s 			page 59


 1662 04a6 5B00     		lsls	r3, r3, #1
1143:Drivers/STM32G4xx_HAL_Driver/Src/stm32g4xx_hal_rcc_ex.c ****         }
 1663              		.loc 1 1143 21 view .LVU590
 1664 04a8 B0FBF3F0 		udiv	r0, r0, r3
 1665              	.LVL168:
1143:Drivers/STM32G4xx_HAL_Driver/Src/stm32g4xx_hal_rcc_ex.c ****         }
 1666              		.loc 1 1143 21 view .LVU591
 1667 04ac 11E6     		b	.L45
 1668              	.LVL169:
 1669              	.L146:
1163:Drivers/STM32G4xx_HAL_Driver/Src/stm32g4xx_hal_rcc_ex.c ****         frequency = (pllvco * plln) / (((READ_BIT(RCC->PLLCFGR, RCC_PLLCFGR_PLLQ) >> RCC_PLLCFGR_PL
 1670              		.loc 1 1163 9 is_stmt 1 view .LVU592
1163:Drivers/STM32G4xx_HAL_Driver/Src/stm32g4xx_hal_rcc_ex.c ****         frequency = (pllvco * plln) / (((READ_BIT(RCC->PLLCFGR, RCC_PLLCFGR_PLLQ) >> RCC_PLLCFGR_PL
 1671              		.loc 1 1163 16 is_stmt 0 view .LVU593
 1672 04ae 03F16053 		add	r3, r3, #939524096
 1673              	.LVL170:
1163:Drivers/STM32G4xx_HAL_Driver/Src/stm32g4xx_hal_rcc_ex.c ****         frequency = (pllvco * plln) / (((READ_BIT(RCC->PLLCFGR, RCC_PLLCFGR_PLLQ) >> RCC_PLLCFGR_PL
 1674              		.loc 1 1163 16 view .LVU594
 1675 04b2 03F50433 		add	r3, r3, #135168
 1676              	.LVL171:
1163:Drivers/STM32G4xx_HAL_Driver/Src/stm32g4xx_hal_rcc_ex.c ****         frequency = (pllvco * plln) / (((READ_BIT(RCC->PLLCFGR, RCC_PLLCFGR_PLLQ) >> RCC_PLLCFGR_PL
 1677              		.loc 1 1163 16 view .LVU595
 1678 04b6 D868     		ldr	r0, [r3, #12]
 1679              	.LVL172:
1163:Drivers/STM32G4xx_HAL_Driver/Src/stm32g4xx_hal_rcc_ex.c ****         frequency = (pllvco * plln) / (((READ_BIT(RCC->PLLCFGR, RCC_PLLCFGR_PLLQ) >> RCC_PLLCFGR_PL
 1680              		.loc 1 1163 14 view .LVU596
 1681 04b8 C0F30620 		ubfx	r0, r0, #8, #7
 1682              	.LVL173:
1164:Drivers/STM32G4xx_HAL_Driver/Src/stm32g4xx_hal_rcc_ex.c ****       }
 1683              		.loc 1 1164 9 is_stmt 1 view .LVU597
1164:Drivers/STM32G4xx_HAL_Driver/Src/stm32g4xx_hal_rcc_ex.c ****       }
 1684              		.loc 1 1164 29 is_stmt 0 view .LVU598
 1685 04bc 02FB00F0 		mul	r0, r2, r0
 1686              	.LVL174:
1164:Drivers/STM32G4xx_HAL_Driver/Src/stm32g4xx_hal_rcc_ex.c ****       }
 1687              		.loc 1 1164 42 view .LVU599
 1688 04c0 DB68     		ldr	r3, [r3, #12]
 1689              	.LVL175:
1164:Drivers/STM32G4xx_HAL_Driver/Src/stm32g4xx_hal_rcc_ex.c ****       }
 1690              		.loc 1 1164 83 view .LVU600
 1691 04c2 C3F34153 		ubfx	r3, r3, #21, #2
1164:Drivers/STM32G4xx_HAL_Driver/Src/stm32g4xx_hal_rcc_ex.c ****       }
 1692              		.loc 1 1164 108 view .LVU601
 1693 04c6 0133     		adds	r3, r3, #1
1164:Drivers/STM32G4xx_HAL_Driver/Src/stm32g4xx_hal_rcc_ex.c ****       }
 1694              		.loc 1 1164 114 view .LVU602
 1695 04c8 5B00     		lsls	r3, r3, #1
1164:Drivers/STM32G4xx_HAL_Driver/Src/stm32g4xx_hal_rcc_ex.c ****       }
 1696              		.loc 1 1164 19 view .LVU603
 1697 04ca B0FBF3F0 		udiv	r0, r0, r3
 1698              	.LVL176:
1164:Drivers/STM32G4xx_HAL_Driver/Src/stm32g4xx_hal_rcc_ex.c ****       }
 1699              		.loc 1 1164 19 view .LVU604
 1700 04ce 00E6     		b	.L45
 1701              	.LVL177:
 1702              	.L67:
1180:Drivers/STM32G4xx_HAL_Driver/Src/stm32g4xx_hal_rcc_ex.c **** 
ARM GAS  C:\Users\MyPC\AppData\Local\Temp\ccvsQKSL.s 			page 60


 1703              		.loc 1 1180 7 is_stmt 1 view .LVU605
1180:Drivers/STM32G4xx_HAL_Driver/Src/stm32g4xx_hal_rcc_ex.c **** 
 1704              		.loc 1 1180 16 is_stmt 0 view .LVU606
 1705 04d0 2A4B     		ldr	r3, .L170
 1706 04d2 D3F88830 		ldr	r3, [r3, #136]
1180:Drivers/STM32G4xx_HAL_Driver/Src/stm32g4xx_hal_rcc_ex.c **** 
 1707              		.loc 1 1180 14 view .LVU607
 1708 04d6 03F04063 		and	r3, r3, #201326592
 1709              	.LVL178:
1182:Drivers/STM32G4xx_HAL_Driver/Src/stm32g4xx_hal_rcc_ex.c ****       {
 1710              		.loc 1 1182 7 is_stmt 1 view .LVU608
1182:Drivers/STM32G4xx_HAL_Driver/Src/stm32g4xx_hal_rcc_ex.c ****       {
 1711              		.loc 1 1182 9 is_stmt 0 view .LVU609
 1712 04da B3F1006F 		cmp	r3, #134217728
 1713 04de 0AD0     		beq	.L165
1188:Drivers/STM32G4xx_HAL_Driver/Src/stm32g4xx_hal_rcc_ex.c ****       {
 1714              		.loc 1 1188 12 is_stmt 1 view .LVU610
1188:Drivers/STM32G4xx_HAL_Driver/Src/stm32g4xx_hal_rcc_ex.c ****       {
 1715              		.loc 1 1188 17 is_stmt 0 view .LVU611
 1716 04e0 264A     		ldr	r2, .L170
 1717              	.LVL179:
1188:Drivers/STM32G4xx_HAL_Driver/Src/stm32g4xx_hal_rcc_ex.c ****       {
 1718              		.loc 1 1188 17 view .LVU612
 1719 04e2 D2F89800 		ldr	r0, [r2, #152]
 1720              	.LVL180:
1188:Drivers/STM32G4xx_HAL_Driver/Src/stm32g4xx_hal_rcc_ex.c ****       {
 1721              		.loc 1 1188 14 view .LVU613
 1722 04e6 10F00200 		ands	r0, r0, #2
 1723 04ea 3FF4F2AD 		beq	.L45
1188:Drivers/STM32G4xx_HAL_Driver/Src/stm32g4xx_hal_rcc_ex.c ****       {
 1724              		.loc 1 1188 65 discriminator 1 view .LVU614
 1725 04ee 002B     		cmp	r3, #0
 1726 04f0 7BD0     		beq	.L130
 686:Drivers/STM32G4xx_HAL_Driver/Src/stm32g4xx_hal_rcc_ex.c ****   uint32_t srcclk;
 1727              		.loc 1 686 12 view .LVU615
 1728 04f2 0020     		movs	r0, #0
 1729 04f4 EDE5     		b	.L45
 1730              	.LVL181:
 1731              	.L165:
1185:Drivers/STM32G4xx_HAL_Driver/Src/stm32g4xx_hal_rcc_ex.c ****         frequency = (pllvco * plln) / (((READ_BIT(RCC->PLLCFGR, RCC_PLLCFGR_PLLQ) >> RCC_PLLCFGR_PL
 1732              		.loc 1 1185 9 is_stmt 1 view .LVU616
1185:Drivers/STM32G4xx_HAL_Driver/Src/stm32g4xx_hal_rcc_ex.c ****         frequency = (pllvco * plln) / (((READ_BIT(RCC->PLLCFGR, RCC_PLLCFGR_PLLQ) >> RCC_PLLCFGR_PL
 1733              		.loc 1 1185 16 is_stmt 0 view .LVU617
 1734 04f6 03F16053 		add	r3, r3, #939524096
 1735              	.LVL182:
1185:Drivers/STM32G4xx_HAL_Driver/Src/stm32g4xx_hal_rcc_ex.c ****         frequency = (pllvco * plln) / (((READ_BIT(RCC->PLLCFGR, RCC_PLLCFGR_PLLQ) >> RCC_PLLCFGR_PL
 1736              		.loc 1 1185 16 view .LVU618
 1737 04fa 03F50433 		add	r3, r3, #135168
 1738              	.LVL183:
1185:Drivers/STM32G4xx_HAL_Driver/Src/stm32g4xx_hal_rcc_ex.c ****         frequency = (pllvco * plln) / (((READ_BIT(RCC->PLLCFGR, RCC_PLLCFGR_PLLQ) >> RCC_PLLCFGR_PL
 1739              		.loc 1 1185 16 view .LVU619
 1740 04fe D868     		ldr	r0, [r3, #12]
 1741              	.LVL184:
1185:Drivers/STM32G4xx_HAL_Driver/Src/stm32g4xx_hal_rcc_ex.c ****         frequency = (pllvco * plln) / (((READ_BIT(RCC->PLLCFGR, RCC_PLLCFGR_PLLQ) >> RCC_PLLCFGR_PL
 1742              		.loc 1 1185 14 view .LVU620
 1743 0500 C0F30620 		ubfx	r0, r0, #8, #7
 1744              	.LVL185:
ARM GAS  C:\Users\MyPC\AppData\Local\Temp\ccvsQKSL.s 			page 61


1186:Drivers/STM32G4xx_HAL_Driver/Src/stm32g4xx_hal_rcc_ex.c ****       }
 1745              		.loc 1 1186 9 is_stmt 1 view .LVU621
1186:Drivers/STM32G4xx_HAL_Driver/Src/stm32g4xx_hal_rcc_ex.c ****       }
 1746              		.loc 1 1186 29 is_stmt 0 view .LVU622
 1747 0504 02FB00F0 		mul	r0, r2, r0
 1748              	.LVL186:
1186:Drivers/STM32G4xx_HAL_Driver/Src/stm32g4xx_hal_rcc_ex.c ****       }
 1749              		.loc 1 1186 42 view .LVU623
 1750 0508 DB68     		ldr	r3, [r3, #12]
 1751              	.LVL187:
1186:Drivers/STM32G4xx_HAL_Driver/Src/stm32g4xx_hal_rcc_ex.c ****       }
 1752              		.loc 1 1186 83 view .LVU624
 1753 050a C3F34153 		ubfx	r3, r3, #21, #2
1186:Drivers/STM32G4xx_HAL_Driver/Src/stm32g4xx_hal_rcc_ex.c ****       }
 1754              		.loc 1 1186 108 view .LVU625
 1755 050e 0133     		adds	r3, r3, #1
1186:Drivers/STM32G4xx_HAL_Driver/Src/stm32g4xx_hal_rcc_ex.c ****       }
 1756              		.loc 1 1186 114 view .LVU626
 1757 0510 5B00     		lsls	r3, r3, #1
1186:Drivers/STM32G4xx_HAL_Driver/Src/stm32g4xx_hal_rcc_ex.c ****       }
 1758              		.loc 1 1186 19 view .LVU627
 1759 0512 B0FBF3F0 		udiv	r0, r0, r3
 1760              	.LVL188:
1186:Drivers/STM32G4xx_HAL_Driver/Src/stm32g4xx_hal_rcc_ex.c ****       }
 1761              		.loc 1 1186 19 view .LVU628
 1762 0516 DCE5     		b	.L45
 1763              	.LVL189:
 1764              	.L68:
1200:Drivers/STM32G4xx_HAL_Driver/Src/stm32g4xx_hal_rcc_ex.c ****       
 1765              		.loc 1 1200 7 is_stmt 1 view .LVU629
1200:Drivers/STM32G4xx_HAL_Driver/Src/stm32g4xx_hal_rcc_ex.c ****       
 1766              		.loc 1 1200 16 is_stmt 0 view .LVU630
 1767 0518 184B     		ldr	r3, .L170
 1768 051a D3F88830 		ldr	r3, [r3, #136]
1200:Drivers/STM32G4xx_HAL_Driver/Src/stm32g4xx_hal_rcc_ex.c ****       
 1769              		.loc 1 1200 14 view .LVU631
 1770 051e 03F04053 		and	r3, r3, #805306368
 1771              	.LVL190:
1202:Drivers/STM32G4xx_HAL_Driver/Src/stm32g4xx_hal_rcc_ex.c ****       {
 1772              		.loc 1 1202 7 is_stmt 1 view .LVU632
1202:Drivers/STM32G4xx_HAL_Driver/Src/stm32g4xx_hal_rcc_ex.c ****       {
 1773              		.loc 1 1202 9 is_stmt 0 view .LVU633
 1774 0522 B3F1805F 		cmp	r3, #268435456
 1775 0526 04D0     		beq	.L166
1223:Drivers/STM32G4xx_HAL_Driver/Src/stm32g4xx_hal_rcc_ex.c ****       {
 1776              		.loc 1 1223 12 is_stmt 1 view .LVU634
1223:Drivers/STM32G4xx_HAL_Driver/Src/stm32g4xx_hal_rcc_ex.c ****       {
 1777              		.loc 1 1223 14 is_stmt 0 view .LVU635
 1778 0528 B3F1005F 		cmp	r3, #536870912
 1779 052c 1DD0     		beq	.L167
 686:Drivers/STM32G4xx_HAL_Driver/Src/stm32g4xx_hal_rcc_ex.c ****   uint32_t srcclk;
 1780              		.loc 1 686 12 view .LVU636
 1781 052e 0020     		movs	r0, #0
 1782              	.LVL191:
1305:Drivers/STM32G4xx_HAL_Driver/Src/stm32g4xx_hal_rcc_ex.c **** }
 1783              		.loc 1 1305 3 is_stmt 1 view .LVU637
1305:Drivers/STM32G4xx_HAL_Driver/Src/stm32g4xx_hal_rcc_ex.c **** }
ARM GAS  C:\Users\MyPC\AppData\Local\Temp\ccvsQKSL.s 			page 62


 1784              		.loc 1 1305 9 is_stmt 0 view .LVU638
 1785 0530 CFE5     		b	.L45
 1786              	.LVL192:
 1787              	.L166:
1204:Drivers/STM32G4xx_HAL_Driver/Src/stm32g4xx_hal_rcc_ex.c ****         {
 1788              		.loc 1 1204 9 is_stmt 1 view .LVU639
1204:Drivers/STM32G4xx_HAL_Driver/Src/stm32g4xx_hal_rcc_ex.c ****         {
 1789              		.loc 1 1204 12 is_stmt 0 view .LVU640
 1790 0532 03F14053 		add	r3, r3, #805306368
 1791              	.LVL193:
1204:Drivers/STM32G4xx_HAL_Driver/Src/stm32g4xx_hal_rcc_ex.c ****         {
 1792              		.loc 1 1204 12 view .LVU641
 1793 0536 03F50433 		add	r3, r3, #135168
 1794              	.LVL194:
1204:Drivers/STM32G4xx_HAL_Driver/Src/stm32g4xx_hal_rcc_ex.c ****         {
 1795              		.loc 1 1204 12 view .LVU642
 1796 053a D868     		ldr	r0, [r3, #12]
 1797              	.LVL195:
1204:Drivers/STM32G4xx_HAL_Driver/Src/stm32g4xx_hal_rcc_ex.c ****         {
 1798              		.loc 1 1204 11 view .LVU643
 1799 053c 10F48030 		ands	r0, r0, #65536
 1800 0540 3FF4C7AD 		beq	.L45
1207:Drivers/STM32G4xx_HAL_Driver/Src/stm32g4xx_hal_rcc_ex.c ****           pllp = READ_BIT(RCC->PLLCFGR, RCC_PLLCFGR_PLLPDIV) >> RCC_PLLCFGR_PLLPDIV_Pos;
 1801              		.loc 1 1207 11 is_stmt 1 view .LVU644
1207:Drivers/STM32G4xx_HAL_Driver/Src/stm32g4xx_hal_rcc_ex.c ****           pllp = READ_BIT(RCC->PLLCFGR, RCC_PLLCFGR_PLLPDIV) >> RCC_PLLCFGR_PLLPDIV_Pos;
 1802              		.loc 1 1207 18 is_stmt 0 view .LVU645
 1803 0544 D968     		ldr	r1, [r3, #12]
1207:Drivers/STM32G4xx_HAL_Driver/Src/stm32g4xx_hal_rcc_ex.c ****           pllp = READ_BIT(RCC->PLLCFGR, RCC_PLLCFGR_PLLPDIV) >> RCC_PLLCFGR_PLLPDIV_Pos;
 1804              		.loc 1 1207 16 view .LVU646
 1805 0546 C1F30621 		ubfx	r1, r1, #8, #7
 1806              	.LVL196:
1208:Drivers/STM32G4xx_HAL_Driver/Src/stm32g4xx_hal_rcc_ex.c ****           if(pllp == 0U)
 1807              		.loc 1 1208 11 is_stmt 1 view .LVU647
1208:Drivers/STM32G4xx_HAL_Driver/Src/stm32g4xx_hal_rcc_ex.c ****           if(pllp == 0U)
 1808              		.loc 1 1208 18 is_stmt 0 view .LVU648
 1809 054a DB68     		ldr	r3, [r3, #12]
 1810              	.LVL197:
1209:Drivers/STM32G4xx_HAL_Driver/Src/stm32g4xx_hal_rcc_ex.c ****           {
 1811              		.loc 1 1209 11 is_stmt 1 view .LVU649
1209:Drivers/STM32G4xx_HAL_Driver/Src/stm32g4xx_hal_rcc_ex.c ****           {
 1812              		.loc 1 1209 13 is_stmt 0 view .LVU650
 1813 054c DB0E     		lsrs	r3, r3, #27
 1814              	.LVL198:
1209:Drivers/STM32G4xx_HAL_Driver/Src/stm32g4xx_hal_rcc_ex.c ****           {
 1815              		.loc 1 1209 13 view .LVU651
 1816 054e 05D1     		bne	.L102
1211:Drivers/STM32G4xx_HAL_Driver/Src/stm32g4xx_hal_rcc_ex.c ****             {
 1817              		.loc 1 1211 13 is_stmt 1 view .LVU652
1211:Drivers/STM32G4xx_HAL_Driver/Src/stm32g4xx_hal_rcc_ex.c ****             {
 1818              		.loc 1 1211 16 is_stmt 0 view .LVU653
 1819 0550 0A4B     		ldr	r3, .L170
 1820              	.LVL199:
1211:Drivers/STM32G4xx_HAL_Driver/Src/stm32g4xx_hal_rcc_ex.c ****             {
 1821              		.loc 1 1211 16 view .LVU654
 1822 0552 DB68     		ldr	r3, [r3, #12]
1211:Drivers/STM32G4xx_HAL_Driver/Src/stm32g4xx_hal_rcc_ex.c ****             {
 1823              		.loc 1 1211 15 view .LVU655
ARM GAS  C:\Users\MyPC\AppData\Local\Temp\ccvsQKSL.s 			page 63


 1824 0554 13F4003F 		tst	r3, #131072
 1825 0558 05D0     		beq	.L131
1213:Drivers/STM32G4xx_HAL_Driver/Src/stm32g4xx_hal_rcc_ex.c ****             }
 1826              		.loc 1 1213 20 view .LVU656
 1827 055a 1123     		movs	r3, #17
 1828              	.L102:
 1829              	.LVL200:
1220:Drivers/STM32G4xx_HAL_Driver/Src/stm32g4xx_hal_rcc_ex.c ****         }
 1830              		.loc 1 1220 11 is_stmt 1 view .LVU657
1220:Drivers/STM32G4xx_HAL_Driver/Src/stm32g4xx_hal_rcc_ex.c ****         }
 1831              		.loc 1 1220 31 is_stmt 0 view .LVU658
 1832 055c 01FB02F2 		mul	r2, r1, r2
 1833              	.LVL201:
1220:Drivers/STM32G4xx_HAL_Driver/Src/stm32g4xx_hal_rcc_ex.c ****         }
 1834              		.loc 1 1220 21 view .LVU659
 1835 0560 B2FBF3F0 		udiv	r0, r2, r3
 1836              	.LVL202:
1220:Drivers/STM32G4xx_HAL_Driver/Src/stm32g4xx_hal_rcc_ex.c ****         }
 1837              		.loc 1 1220 21 view .LVU660
 1838 0564 B5E5     		b	.L45
 1839              	.LVL203:
 1840              	.L131:
1217:Drivers/STM32G4xx_HAL_Driver/Src/stm32g4xx_hal_rcc_ex.c ****             }
 1841              		.loc 1 1217 20 view .LVU661
 1842 0566 0723     		movs	r3, #7
 1843 0568 F8E7     		b	.L102
 1844              	.LVL204:
 1845              	.L167:
1225:Drivers/STM32G4xx_HAL_Driver/Src/stm32g4xx_hal_rcc_ex.c ****       }
 1846              		.loc 1 1225 9 is_stmt 1 view .LVU662
1225:Drivers/STM32G4xx_HAL_Driver/Src/stm32g4xx_hal_rcc_ex.c ****       }
 1847              		.loc 1 1225 21 is_stmt 0 view .LVU663
 1848 056a FFF7FEFF 		bl	HAL_RCC_GetSysClockFreq
 1849              	.LVL205:
1225:Drivers/STM32G4xx_HAL_Driver/Src/stm32g4xx_hal_rcc_ex.c ****       }
 1850              		.loc 1 1225 21 view .LVU664
 1851 056e B0E5     		b	.L45
 1852              	.LVL206:
 1853              	.L103:
 701:Drivers/STM32G4xx_HAL_Driver/Src/stm32g4xx_hal_rcc_ex.c ****     }
 1854              		.loc 1 701 17 view .LVU665
 1855 0570 4FF40040 		mov	r0, #32768
 1856              	.LVL207:
 701:Drivers/STM32G4xx_HAL_Driver/Src/stm32g4xx_hal_rcc_ex.c ****     }
 1857              		.loc 1 701 17 view .LVU666
 1858 0574 ADE5     		b	.L45
 1859              	.LVL208:
 1860              	.L104:
 706:Drivers/STM32G4xx_HAL_Driver/Src/stm32g4xx_hal_rcc_ex.c ****     }
 1861              		.loc 1 706 17 view .LVU667
 1862 0576 4FF4FA40 		mov	r0, #32000
 1863              	.LVL209:
 706:Drivers/STM32G4xx_HAL_Driver/Src/stm32g4xx_hal_rcc_ex.c ****     }
 1864              		.loc 1 706 17 view .LVU668
 1865 057a AAE5     		b	.L45
 1866              	.L171:
 1867              		.align	2
ARM GAS  C:\Users\MyPC\AppData\Local\Temp\ccvsQKSL.s 			page 64


 1868              	.L170:
 1869 057c 00100240 		.word	1073876992
 1870              	.L105:
 711:Drivers/STM32G4xx_HAL_Driver/Src/stm32g4xx_hal_rcc_ex.c ****     }
 1871              		.loc 1 711 17 view .LVU669
 1872 0580 1B48     		ldr	r0, .L172
 1873 0582 A6E5     		b	.L45
 1874              	.LVL210:
 1875              	.L107:
 771:Drivers/STM32G4xx_HAL_Driver/Src/stm32g4xx_hal_rcc_ex.c ****       }
 1876              		.loc 1 771 19 view .LVU670
 1877 0584 1B48     		ldr	r0, .L172+4
 1878              	.LVL211:
 771:Drivers/STM32G4xx_HAL_Driver/Src/stm32g4xx_hal_rcc_ex.c ****       }
 1879              		.loc 1 771 19 view .LVU671
 1880 0586 A4E5     		b	.L45
 1881              	.L108:
 775:Drivers/STM32G4xx_HAL_Driver/Src/stm32g4xx_hal_rcc_ex.c ****       }
 1882              		.loc 1 775 19 view .LVU672
 1883 0588 4FF40040 		mov	r0, #32768
 1884 058c A1E5     		b	.L45
 1885              	.LVL212:
 1886              	.L109:
 798:Drivers/STM32G4xx_HAL_Driver/Src/stm32g4xx_hal_rcc_ex.c ****       }
 1887              		.loc 1 798 19 view .LVU673
 1888 058e 1948     		ldr	r0, .L172+4
 1889              	.LVL213:
 798:Drivers/STM32G4xx_HAL_Driver/Src/stm32g4xx_hal_rcc_ex.c ****       }
 1890              		.loc 1 798 19 view .LVU674
 1891 0590 9FE5     		b	.L45
 1892              	.L110:
 802:Drivers/STM32G4xx_HAL_Driver/Src/stm32g4xx_hal_rcc_ex.c ****       }
 1893              		.loc 1 802 19 view .LVU675
 1894 0592 4FF40040 		mov	r0, #32768
 1895 0596 9CE5     		b	.L45
 1896              	.LVL214:
 1897              	.L111:
 826:Drivers/STM32G4xx_HAL_Driver/Src/stm32g4xx_hal_rcc_ex.c ****       }
 1898              		.loc 1 826 19 view .LVU676
 1899 0598 1648     		ldr	r0, .L172+4
 1900              	.LVL215:
 826:Drivers/STM32G4xx_HAL_Driver/Src/stm32g4xx_hal_rcc_ex.c ****       }
 1901              		.loc 1 826 19 view .LVU677
 1902 059a 9AE5     		b	.L45
 1903              	.L112:
 830:Drivers/STM32G4xx_HAL_Driver/Src/stm32g4xx_hal_rcc_ex.c ****       }
 1904              		.loc 1 830 19 view .LVU678
 1905 059c 4FF40040 		mov	r0, #32768
 1906 05a0 97E5     		b	.L45
 1907              	.LVL216:
 1908              	.L113:
 855:Drivers/STM32G4xx_HAL_Driver/Src/stm32g4xx_hal_rcc_ex.c ****       }
 1909              		.loc 1 855 19 view .LVU679
 1910 05a2 1448     		ldr	r0, .L172+4
 1911              	.LVL217:
 855:Drivers/STM32G4xx_HAL_Driver/Src/stm32g4xx_hal_rcc_ex.c ****       }
 1912              		.loc 1 855 19 view .LVU680
ARM GAS  C:\Users\MyPC\AppData\Local\Temp\ccvsQKSL.s 			page 65


 1913 05a4 95E5     		b	.L45
 1914              	.L114:
 859:Drivers/STM32G4xx_HAL_Driver/Src/stm32g4xx_hal_rcc_ex.c ****       }
 1915              		.loc 1 859 19 view .LVU681
 1916 05a6 4FF40040 		mov	r0, #32768
 1917 05aa 92E5     		b	.L45
 1918              	.LVL218:
 1919              	.L115:
 912:Drivers/STM32G4xx_HAL_Driver/Src/stm32g4xx_hal_rcc_ex.c ****       }
 1920              		.loc 1 912 19 view .LVU682
 1921 05ac 1148     		ldr	r0, .L172+4
 1922              	.LVL219:
 912:Drivers/STM32G4xx_HAL_Driver/Src/stm32g4xx_hal_rcc_ex.c ****       }
 1923              		.loc 1 912 19 view .LVU683
 1924 05ae 90E5     		b	.L45
 1925              	.L116:
 916:Drivers/STM32G4xx_HAL_Driver/Src/stm32g4xx_hal_rcc_ex.c ****       }
 1926              		.loc 1 916 19 view .LVU684
 1927 05b0 4FF40040 		mov	r0, #32768
 1928 05b4 8DE5     		b	.L45
 1929              	.L117:
 939:Drivers/STM32G4xx_HAL_Driver/Src/stm32g4xx_hal_rcc_ex.c ****       }
 1930              		.loc 1 939 19 view .LVU685
 1931 05b6 0F48     		ldr	r0, .L172+4
 1932 05b8 8BE5     		b	.L45
 1933              	.L118:
 962:Drivers/STM32G4xx_HAL_Driver/Src/stm32g4xx_hal_rcc_ex.c ****       }
 1934              		.loc 1 962 19 view .LVU686
 1935 05ba 0E48     		ldr	r0, .L172+4
 1936 05bc 89E5     		b	.L45
 1937              	.L119:
 987:Drivers/STM32G4xx_HAL_Driver/Src/stm32g4xx_hal_rcc_ex.c ****       }
 1938              		.loc 1 987 19 view .LVU687
 1939 05be 0D48     		ldr	r0, .L172+4
 1940 05c0 87E5     		b	.L45
 1941              	.LVL220:
 1942              	.L120:
1035:Drivers/STM32G4xx_HAL_Driver/Src/stm32g4xx_hal_rcc_ex.c ****       }
 1943              		.loc 1 1035 19 view .LVU688
 1944 05c2 4FF4FA40 		mov	r0, #32000
 1945              	.LVL221:
1035:Drivers/STM32G4xx_HAL_Driver/Src/stm32g4xx_hal_rcc_ex.c ****       }
 1946              		.loc 1 1035 19 view .LVU689
 1947 05c6 84E5     		b	.L45
 1948              	.LVL222:
 1949              	.L121:
1039:Drivers/STM32G4xx_HAL_Driver/Src/stm32g4xx_hal_rcc_ex.c ****       }
 1950              		.loc 1 1039 19 view .LVU690
 1951 05c8 0A48     		ldr	r0, .L172+4
 1952              	.LVL223:
1039:Drivers/STM32G4xx_HAL_Driver/Src/stm32g4xx_hal_rcc_ex.c ****       }
 1953              		.loc 1 1039 19 view .LVU691
 1954 05ca 82E5     		b	.L45
 1955              	.L122:
1043:Drivers/STM32G4xx_HAL_Driver/Src/stm32g4xx_hal_rcc_ex.c ****       }
 1956              		.loc 1 1043 19 view .LVU692
 1957 05cc 4FF40040 		mov	r0, #32768
ARM GAS  C:\Users\MyPC\AppData\Local\Temp\ccvsQKSL.s 			page 66


 1958 05d0 7FE5     		b	.L45
 1959              	.LVL224:
 1960              	.L123:
1074:Drivers/STM32G4xx_HAL_Driver/Src/stm32g4xx_hal_rcc_ex.c ****       }
 1961              		.loc 1 1074 19 view .LVU693
 1962 05d2 0948     		ldr	r0, .L172+8
 1963              	.LVL225:
1074:Drivers/STM32G4xx_HAL_Driver/Src/stm32g4xx_hal_rcc_ex.c ****       }
 1964              		.loc 1 1074 19 view .LVU694
 1965 05d4 7DE5     		b	.L45
 1966              	.LVL226:
 1967              	.L124:
1078:Drivers/STM32G4xx_HAL_Driver/Src/stm32g4xx_hal_rcc_ex.c ****       }
 1968              		.loc 1 1078 19 view .LVU695
 1969 05d6 0748     		ldr	r0, .L172+4
 1970 05d8 7BE5     		b	.L45
 1971              	.LVL227:
 1972              	.L125:
1110:Drivers/STM32G4xx_HAL_Driver/Src/stm32g4xx_hal_rcc_ex.c ****       }      
 1973              		.loc 1 1110 19 view .LVU696
 1974 05da 0748     		ldr	r0, .L172+8
 1975              	.LVL228:
1110:Drivers/STM32G4xx_HAL_Driver/Src/stm32g4xx_hal_rcc_ex.c ****       }      
 1976              		.loc 1 1110 19 view .LVU697
 1977 05dc 79E5     		b	.L45
 1978              	.LVL229:
 1979              	.L126:
1114:Drivers/STM32G4xx_HAL_Driver/Src/stm32g4xx_hal_rcc_ex.c ****       }
 1980              		.loc 1 1114 19 view .LVU698
 1981 05de 0548     		ldr	r0, .L172+4
 1982 05e0 77E5     		b	.L45
 1983              	.LVL230:
 1984              	.L127:
1135:Drivers/STM32G4xx_HAL_Driver/Src/stm32g4xx_hal_rcc_ex.c ****       }
 1985              		.loc 1 1135 19 view .LVU699
 1986 05e2 0648     		ldr	r0, .L172+12
 1987              	.LVL231:
1135:Drivers/STM32G4xx_HAL_Driver/Src/stm32g4xx_hal_rcc_ex.c ****       }
 1988              		.loc 1 1135 19 view .LVU700
 1989 05e4 75E5     		b	.L45
 1990              	.LVL232:
 1991              	.L129:
1168:Drivers/STM32G4xx_HAL_Driver/Src/stm32g4xx_hal_rcc_ex.c ****       }
 1992              		.loc 1 1168 19 view .LVU701
 1993 05e6 0648     		ldr	r0, .L172+16
 1994 05e8 73E5     		b	.L45
 1995              	.L130:
1190:Drivers/STM32G4xx_HAL_Driver/Src/stm32g4xx_hal_rcc_ex.c ****       }
 1996              		.loc 1 1190 19 view .LVU702
 1997 05ea 0548     		ldr	r0, .L172+16
 1998 05ec 71E5     		b	.L45
 1999              	.L173:
 2000 05ee 00BF     		.align	2
 2001              	.L172:
 2002 05f0 90D00300 		.word	250000
 2003 05f4 0024F400 		.word	16000000
 2004 05f8 0080BB00 		.word	12288000
ARM GAS  C:\Users\MyPC\AppData\Local\Temp\ccvsQKSL.s 			page 67


 2005 05fc 00127A00 		.word	8000000
 2006 0600 006CDC02 		.word	48000000
 2007              		.cfi_endproc
 2008              	.LFE134:
 2010              		.section	.text.HAL_RCCEx_EnableLSECSS,"ax",%progbits
 2011              		.align	1
 2012              		.global	HAL_RCCEx_EnableLSECSS
 2013              		.syntax unified
 2014              		.thumb
 2015              		.thumb_func
 2017              	HAL_RCCEx_EnableLSECSS:
 2018              	.LFB135:
1307:Drivers/STM32G4xx_HAL_Driver/Src/stm32g4xx_hal_rcc_ex.c **** 
1308:Drivers/STM32G4xx_HAL_Driver/Src/stm32g4xx_hal_rcc_ex.c **** /**
1309:Drivers/STM32G4xx_HAL_Driver/Src/stm32g4xx_hal_rcc_ex.c ****   * @}
1310:Drivers/STM32G4xx_HAL_Driver/Src/stm32g4xx_hal_rcc_ex.c ****   */
1311:Drivers/STM32G4xx_HAL_Driver/Src/stm32g4xx_hal_rcc_ex.c **** 
1312:Drivers/STM32G4xx_HAL_Driver/Src/stm32g4xx_hal_rcc_ex.c **** /** @defgroup RCCEx_Exported_Functions_Group2 Extended Clock management functions
1313:Drivers/STM32G4xx_HAL_Driver/Src/stm32g4xx_hal_rcc_ex.c ****  *  @brief  Extended Clock management functions
1314:Drivers/STM32G4xx_HAL_Driver/Src/stm32g4xx_hal_rcc_ex.c ****  *
1315:Drivers/STM32G4xx_HAL_Driver/Src/stm32g4xx_hal_rcc_ex.c **** @verbatim
1316:Drivers/STM32G4xx_HAL_Driver/Src/stm32g4xx_hal_rcc_ex.c ****  ===============================================================================
1317:Drivers/STM32G4xx_HAL_Driver/Src/stm32g4xx_hal_rcc_ex.c ****                 ##### Extended clock management functions  #####
1318:Drivers/STM32G4xx_HAL_Driver/Src/stm32g4xx_hal_rcc_ex.c ****  ===============================================================================
1319:Drivers/STM32G4xx_HAL_Driver/Src/stm32g4xx_hal_rcc_ex.c ****     [..]
1320:Drivers/STM32G4xx_HAL_Driver/Src/stm32g4xx_hal_rcc_ex.c ****     This subsection provides a set of functions allowing to control the
1321:Drivers/STM32G4xx_HAL_Driver/Src/stm32g4xx_hal_rcc_ex.c ****     activation or deactivation of LSE CSS,
1322:Drivers/STM32G4xx_HAL_Driver/Src/stm32g4xx_hal_rcc_ex.c ****     Low speed clock output and clock after wake-up from STOP mode.
1323:Drivers/STM32G4xx_HAL_Driver/Src/stm32g4xx_hal_rcc_ex.c **** @endverbatim
1324:Drivers/STM32G4xx_HAL_Driver/Src/stm32g4xx_hal_rcc_ex.c ****   * @{
1325:Drivers/STM32G4xx_HAL_Driver/Src/stm32g4xx_hal_rcc_ex.c ****   */
1326:Drivers/STM32G4xx_HAL_Driver/Src/stm32g4xx_hal_rcc_ex.c **** 
1327:Drivers/STM32G4xx_HAL_Driver/Src/stm32g4xx_hal_rcc_ex.c **** /**
1328:Drivers/STM32G4xx_HAL_Driver/Src/stm32g4xx_hal_rcc_ex.c ****   * @brief  Enable the LSE Clock Security System.
1329:Drivers/STM32G4xx_HAL_Driver/Src/stm32g4xx_hal_rcc_ex.c ****   * @note   Prior to enable the LSE Clock Security System, LSE oscillator is to be enabled
1330:Drivers/STM32G4xx_HAL_Driver/Src/stm32g4xx_hal_rcc_ex.c ****   *         with HAL_RCC_OscConfig() and the LSE oscillator clock is to be selected as RTC
1331:Drivers/STM32G4xx_HAL_Driver/Src/stm32g4xx_hal_rcc_ex.c ****   *         clock with HAL_RCCEx_PeriphCLKConfig().
1332:Drivers/STM32G4xx_HAL_Driver/Src/stm32g4xx_hal_rcc_ex.c ****   * @retval None
1333:Drivers/STM32G4xx_HAL_Driver/Src/stm32g4xx_hal_rcc_ex.c ****   */
1334:Drivers/STM32G4xx_HAL_Driver/Src/stm32g4xx_hal_rcc_ex.c **** void HAL_RCCEx_EnableLSECSS(void)
1335:Drivers/STM32G4xx_HAL_Driver/Src/stm32g4xx_hal_rcc_ex.c **** {
 2019              		.loc 1 1335 1 is_stmt 1 view -0
 2020              		.cfi_startproc
 2021              		@ args = 0, pretend = 0, frame = 0
 2022              		@ frame_needed = 0, uses_anonymous_args = 0
 2023              		@ link register save eliminated.
1336:Drivers/STM32G4xx_HAL_Driver/Src/stm32g4xx_hal_rcc_ex.c ****   SET_BIT(RCC->BDCR, RCC_BDCR_LSECSSON) ;
 2024              		.loc 1 1336 3 view .LVU704
 2025 0000 034A     		ldr	r2, .L175
 2026 0002 D2F89030 		ldr	r3, [r2, #144]
 2027 0006 43F02003 		orr	r3, r3, #32
 2028 000a C2F89030 		str	r3, [r2, #144]
1337:Drivers/STM32G4xx_HAL_Driver/Src/stm32g4xx_hal_rcc_ex.c **** }
 2029              		.loc 1 1337 1 is_stmt 0 view .LVU705
 2030 000e 7047     		bx	lr
 2031              	.L176:
 2032              		.align	2
ARM GAS  C:\Users\MyPC\AppData\Local\Temp\ccvsQKSL.s 			page 68


 2033              	.L175:
 2034 0010 00100240 		.word	1073876992
 2035              		.cfi_endproc
 2036              	.LFE135:
 2038              		.section	.text.HAL_RCCEx_DisableLSECSS,"ax",%progbits
 2039              		.align	1
 2040              		.global	HAL_RCCEx_DisableLSECSS
 2041              		.syntax unified
 2042              		.thumb
 2043              		.thumb_func
 2045              	HAL_RCCEx_DisableLSECSS:
 2046              	.LFB136:
1338:Drivers/STM32G4xx_HAL_Driver/Src/stm32g4xx_hal_rcc_ex.c **** 
1339:Drivers/STM32G4xx_HAL_Driver/Src/stm32g4xx_hal_rcc_ex.c **** /**
1340:Drivers/STM32G4xx_HAL_Driver/Src/stm32g4xx_hal_rcc_ex.c ****   * @brief  Disable the LSE Clock Security System.
1341:Drivers/STM32G4xx_HAL_Driver/Src/stm32g4xx_hal_rcc_ex.c ****   * @note   LSE Clock Security System can only be disabled after a LSE failure detection.
1342:Drivers/STM32G4xx_HAL_Driver/Src/stm32g4xx_hal_rcc_ex.c ****   * @retval None
1343:Drivers/STM32G4xx_HAL_Driver/Src/stm32g4xx_hal_rcc_ex.c ****   */
1344:Drivers/STM32G4xx_HAL_Driver/Src/stm32g4xx_hal_rcc_ex.c **** void HAL_RCCEx_DisableLSECSS(void)
1345:Drivers/STM32G4xx_HAL_Driver/Src/stm32g4xx_hal_rcc_ex.c **** {
 2047              		.loc 1 1345 1 is_stmt 1 view -0
 2048              		.cfi_startproc
 2049              		@ args = 0, pretend = 0, frame = 0
 2050              		@ frame_needed = 0, uses_anonymous_args = 0
 2051              		@ link register save eliminated.
1346:Drivers/STM32G4xx_HAL_Driver/Src/stm32g4xx_hal_rcc_ex.c ****   CLEAR_BIT(RCC->BDCR, RCC_BDCR_LSECSSON) ;
 2052              		.loc 1 1346 3 view .LVU707
 2053 0000 054B     		ldr	r3, .L178
 2054 0002 D3F89020 		ldr	r2, [r3, #144]
 2055 0006 22F02002 		bic	r2, r2, #32
 2056 000a C3F89020 		str	r2, [r3, #144]
1347:Drivers/STM32G4xx_HAL_Driver/Src/stm32g4xx_hal_rcc_ex.c **** 
1348:Drivers/STM32G4xx_HAL_Driver/Src/stm32g4xx_hal_rcc_ex.c ****   /* Disable LSE CSS IT if any */
1349:Drivers/STM32G4xx_HAL_Driver/Src/stm32g4xx_hal_rcc_ex.c ****   __HAL_RCC_DISABLE_IT(RCC_IT_LSECSS);
 2057              		.loc 1 1349 3 view .LVU708
 2058 000e 9A69     		ldr	r2, [r3, #24]
 2059 0010 22F40072 		bic	r2, r2, #512
 2060 0014 9A61     		str	r2, [r3, #24]
1350:Drivers/STM32G4xx_HAL_Driver/Src/stm32g4xx_hal_rcc_ex.c **** }
 2061              		.loc 1 1350 1 is_stmt 0 view .LVU709
 2062 0016 7047     		bx	lr
 2063              	.L179:
 2064              		.align	2
 2065              	.L178:
 2066 0018 00100240 		.word	1073876992
 2067              		.cfi_endproc
 2068              	.LFE136:
 2070              		.section	.text.HAL_RCCEx_EnableLSECSS_IT,"ax",%progbits
 2071              		.align	1
 2072              		.global	HAL_RCCEx_EnableLSECSS_IT
 2073              		.syntax unified
 2074              		.thumb
 2075              		.thumb_func
 2077              	HAL_RCCEx_EnableLSECSS_IT:
 2078              	.LFB137:
1351:Drivers/STM32G4xx_HAL_Driver/Src/stm32g4xx_hal_rcc_ex.c **** 
1352:Drivers/STM32G4xx_HAL_Driver/Src/stm32g4xx_hal_rcc_ex.c **** /**
ARM GAS  C:\Users\MyPC\AppData\Local\Temp\ccvsQKSL.s 			page 69


1353:Drivers/STM32G4xx_HAL_Driver/Src/stm32g4xx_hal_rcc_ex.c ****   * @brief  Enable the LSE Clock Security System Interrupt & corresponding EXTI line.
1354:Drivers/STM32G4xx_HAL_Driver/Src/stm32g4xx_hal_rcc_ex.c ****   * @note   LSE Clock Security System Interrupt is mapped on RTC EXTI line 19
1355:Drivers/STM32G4xx_HAL_Driver/Src/stm32g4xx_hal_rcc_ex.c ****   * @retval None
1356:Drivers/STM32G4xx_HAL_Driver/Src/stm32g4xx_hal_rcc_ex.c ****   */
1357:Drivers/STM32G4xx_HAL_Driver/Src/stm32g4xx_hal_rcc_ex.c **** void HAL_RCCEx_EnableLSECSS_IT(void)
1358:Drivers/STM32G4xx_HAL_Driver/Src/stm32g4xx_hal_rcc_ex.c **** {
 2079              		.loc 1 1358 1 is_stmt 1 view -0
 2080              		.cfi_startproc
 2081              		@ args = 0, pretend = 0, frame = 0
 2082              		@ frame_needed = 0, uses_anonymous_args = 0
 2083              		@ link register save eliminated.
1359:Drivers/STM32G4xx_HAL_Driver/Src/stm32g4xx_hal_rcc_ex.c ****   /* Enable LSE CSS */
1360:Drivers/STM32G4xx_HAL_Driver/Src/stm32g4xx_hal_rcc_ex.c ****   SET_BIT(RCC->BDCR, RCC_BDCR_LSECSSON) ;
 2084              		.loc 1 1360 3 view .LVU711
 2085 0000 0A4B     		ldr	r3, .L181
 2086 0002 D3F89020 		ldr	r2, [r3, #144]
 2087 0006 42F02002 		orr	r2, r2, #32
 2088 000a C3F89020 		str	r2, [r3, #144]
1361:Drivers/STM32G4xx_HAL_Driver/Src/stm32g4xx_hal_rcc_ex.c **** 
1362:Drivers/STM32G4xx_HAL_Driver/Src/stm32g4xx_hal_rcc_ex.c ****   /* Enable LSE CSS IT */
1363:Drivers/STM32G4xx_HAL_Driver/Src/stm32g4xx_hal_rcc_ex.c ****   __HAL_RCC_ENABLE_IT(RCC_IT_LSECSS);
 2089              		.loc 1 1363 3 view .LVU712
 2090 000e 9A69     		ldr	r2, [r3, #24]
 2091 0010 42F40072 		orr	r2, r2, #512
 2092 0014 9A61     		str	r2, [r3, #24]
1364:Drivers/STM32G4xx_HAL_Driver/Src/stm32g4xx_hal_rcc_ex.c **** 
1365:Drivers/STM32G4xx_HAL_Driver/Src/stm32g4xx_hal_rcc_ex.c ****   /* Enable IT on EXTI Line 19 */
1366:Drivers/STM32G4xx_HAL_Driver/Src/stm32g4xx_hal_rcc_ex.c ****   __HAL_RCC_LSECSS_EXTI_ENABLE_IT();
 2093              		.loc 1 1366 3 view .LVU713
 2094 0016 A3F58633 		sub	r3, r3, #68608
 2095 001a 1A68     		ldr	r2, [r3]
 2096 001c 42F40022 		orr	r2, r2, #524288
 2097 0020 1A60     		str	r2, [r3]
1367:Drivers/STM32G4xx_HAL_Driver/Src/stm32g4xx_hal_rcc_ex.c ****   __HAL_RCC_LSECSS_EXTI_ENABLE_RISING_EDGE();
 2098              		.loc 1 1367 3 view .LVU714
 2099 0022 9A68     		ldr	r2, [r3, #8]
 2100 0024 42F40022 		orr	r2, r2, #524288
 2101 0028 9A60     		str	r2, [r3, #8]
1368:Drivers/STM32G4xx_HAL_Driver/Src/stm32g4xx_hal_rcc_ex.c **** }
 2102              		.loc 1 1368 1 is_stmt 0 view .LVU715
 2103 002a 7047     		bx	lr
 2104              	.L182:
 2105              		.align	2
 2106              	.L181:
 2107 002c 00100240 		.word	1073876992
 2108              		.cfi_endproc
 2109              	.LFE137:
 2111              		.section	.text.HAL_RCCEx_LSECSS_Callback,"ax",%progbits
 2112              		.align	1
 2113              		.weak	HAL_RCCEx_LSECSS_Callback
 2114              		.syntax unified
 2115              		.thumb
 2116              		.thumb_func
 2118              	HAL_RCCEx_LSECSS_Callback:
 2119              	.LFB139:
1369:Drivers/STM32G4xx_HAL_Driver/Src/stm32g4xx_hal_rcc_ex.c **** 
1370:Drivers/STM32G4xx_HAL_Driver/Src/stm32g4xx_hal_rcc_ex.c **** /**
ARM GAS  C:\Users\MyPC\AppData\Local\Temp\ccvsQKSL.s 			page 70


1371:Drivers/STM32G4xx_HAL_Driver/Src/stm32g4xx_hal_rcc_ex.c ****   * @brief Handle the RCC LSE Clock Security System interrupt request.
1372:Drivers/STM32G4xx_HAL_Driver/Src/stm32g4xx_hal_rcc_ex.c ****   * @retval None
1373:Drivers/STM32G4xx_HAL_Driver/Src/stm32g4xx_hal_rcc_ex.c ****   */
1374:Drivers/STM32G4xx_HAL_Driver/Src/stm32g4xx_hal_rcc_ex.c **** void HAL_RCCEx_LSECSS_IRQHandler(void)
1375:Drivers/STM32G4xx_HAL_Driver/Src/stm32g4xx_hal_rcc_ex.c **** {
1376:Drivers/STM32G4xx_HAL_Driver/Src/stm32g4xx_hal_rcc_ex.c ****   /* Check RCC LSE CSSF flag  */
1377:Drivers/STM32G4xx_HAL_Driver/Src/stm32g4xx_hal_rcc_ex.c ****   if(__HAL_RCC_GET_IT(RCC_IT_LSECSS))
1378:Drivers/STM32G4xx_HAL_Driver/Src/stm32g4xx_hal_rcc_ex.c ****   {
1379:Drivers/STM32G4xx_HAL_Driver/Src/stm32g4xx_hal_rcc_ex.c ****     /* RCC LSE Clock Security System interrupt user callback */
1380:Drivers/STM32G4xx_HAL_Driver/Src/stm32g4xx_hal_rcc_ex.c ****     HAL_RCCEx_LSECSS_Callback();
1381:Drivers/STM32G4xx_HAL_Driver/Src/stm32g4xx_hal_rcc_ex.c **** 
1382:Drivers/STM32G4xx_HAL_Driver/Src/stm32g4xx_hal_rcc_ex.c ****     /* Clear RCC LSE CSS pending bit */
1383:Drivers/STM32G4xx_HAL_Driver/Src/stm32g4xx_hal_rcc_ex.c ****     __HAL_RCC_CLEAR_IT(RCC_IT_LSECSS);
1384:Drivers/STM32G4xx_HAL_Driver/Src/stm32g4xx_hal_rcc_ex.c ****   }
1385:Drivers/STM32G4xx_HAL_Driver/Src/stm32g4xx_hal_rcc_ex.c **** }
1386:Drivers/STM32G4xx_HAL_Driver/Src/stm32g4xx_hal_rcc_ex.c **** 
1387:Drivers/STM32G4xx_HAL_Driver/Src/stm32g4xx_hal_rcc_ex.c **** /**
1388:Drivers/STM32G4xx_HAL_Driver/Src/stm32g4xx_hal_rcc_ex.c ****   * @brief  RCCEx LSE Clock Security System interrupt callback.
1389:Drivers/STM32G4xx_HAL_Driver/Src/stm32g4xx_hal_rcc_ex.c ****   * @retval none
1390:Drivers/STM32G4xx_HAL_Driver/Src/stm32g4xx_hal_rcc_ex.c ****   */
1391:Drivers/STM32G4xx_HAL_Driver/Src/stm32g4xx_hal_rcc_ex.c **** __weak void HAL_RCCEx_LSECSS_Callback(void)
1392:Drivers/STM32G4xx_HAL_Driver/Src/stm32g4xx_hal_rcc_ex.c **** {
 2120              		.loc 1 1392 1 is_stmt 1 view -0
 2121              		.cfi_startproc
 2122              		@ args = 0, pretend = 0, frame = 0
 2123              		@ frame_needed = 0, uses_anonymous_args = 0
 2124              		@ link register save eliminated.
1393:Drivers/STM32G4xx_HAL_Driver/Src/stm32g4xx_hal_rcc_ex.c ****   /* NOTE : This function should not be modified, when the callback is needed,
1394:Drivers/STM32G4xx_HAL_Driver/Src/stm32g4xx_hal_rcc_ex.c ****             the @ref HAL_RCCEx_LSECSS_Callback should be implemented in the user file
1395:Drivers/STM32G4xx_HAL_Driver/Src/stm32g4xx_hal_rcc_ex.c ****    */
1396:Drivers/STM32G4xx_HAL_Driver/Src/stm32g4xx_hal_rcc_ex.c **** }
 2125              		.loc 1 1396 1 view .LVU717
 2126 0000 7047     		bx	lr
 2127              		.cfi_endproc
 2128              	.LFE139:
 2130              		.section	.text.HAL_RCCEx_LSECSS_IRQHandler,"ax",%progbits
 2131              		.align	1
 2132              		.global	HAL_RCCEx_LSECSS_IRQHandler
 2133              		.syntax unified
 2134              		.thumb
 2135              		.thumb_func
 2137              	HAL_RCCEx_LSECSS_IRQHandler:
 2138              	.LFB138:
1375:Drivers/STM32G4xx_HAL_Driver/Src/stm32g4xx_hal_rcc_ex.c ****   /* Check RCC LSE CSSF flag  */
 2139              		.loc 1 1375 1 view -0
 2140              		.cfi_startproc
 2141              		@ args = 0, pretend = 0, frame = 0
 2142              		@ frame_needed = 0, uses_anonymous_args = 0
 2143 0000 08B5     		push	{r3, lr}
 2144              	.LCFI5:
 2145              		.cfi_def_cfa_offset 8
 2146              		.cfi_offset 3, -8
 2147              		.cfi_offset 14, -4
1377:Drivers/STM32G4xx_HAL_Driver/Src/stm32g4xx_hal_rcc_ex.c ****   {
 2148              		.loc 1 1377 3 view .LVU719
1377:Drivers/STM32G4xx_HAL_Driver/Src/stm32g4xx_hal_rcc_ex.c ****   {
 2149              		.loc 1 1377 6 is_stmt 0 view .LVU720
ARM GAS  C:\Users\MyPC\AppData\Local\Temp\ccvsQKSL.s 			page 71


 2150 0002 064B     		ldr	r3, .L188
 2151 0004 DB69     		ldr	r3, [r3, #28]
1377:Drivers/STM32G4xx_HAL_Driver/Src/stm32g4xx_hal_rcc_ex.c ****   {
 2152              		.loc 1 1377 5 view .LVU721
 2153 0006 13F4007F 		tst	r3, #512
 2154 000a 00D1     		bne	.L187
 2155              	.L184:
1385:Drivers/STM32G4xx_HAL_Driver/Src/stm32g4xx_hal_rcc_ex.c **** 
 2156              		.loc 1 1385 1 view .LVU722
 2157 000c 08BD     		pop	{r3, pc}
 2158              	.L187:
1380:Drivers/STM32G4xx_HAL_Driver/Src/stm32g4xx_hal_rcc_ex.c **** 
 2159              		.loc 1 1380 5 is_stmt 1 view .LVU723
 2160 000e FFF7FEFF 		bl	HAL_RCCEx_LSECSS_Callback
 2161              	.LVL233:
1383:Drivers/STM32G4xx_HAL_Driver/Src/stm32g4xx_hal_rcc_ex.c ****   }
 2162              		.loc 1 1383 5 view .LVU724
 2163 0012 024B     		ldr	r3, .L188
 2164 0014 4FF40072 		mov	r2, #512
 2165 0018 1A62     		str	r2, [r3, #32]
1385:Drivers/STM32G4xx_HAL_Driver/Src/stm32g4xx_hal_rcc_ex.c **** 
 2166              		.loc 1 1385 1 is_stmt 0 view .LVU725
 2167 001a F7E7     		b	.L184
 2168              	.L189:
 2169              		.align	2
 2170              	.L188:
 2171 001c 00100240 		.word	1073876992
 2172              		.cfi_endproc
 2173              	.LFE138:
 2175              		.section	.text.HAL_RCCEx_EnableLSCO,"ax",%progbits
 2176              		.align	1
 2177              		.global	HAL_RCCEx_EnableLSCO
 2178              		.syntax unified
 2179              		.thumb
 2180              		.thumb_func
 2182              	HAL_RCCEx_EnableLSCO:
 2183              	.LVL234:
 2184              	.LFB140:
1397:Drivers/STM32G4xx_HAL_Driver/Src/stm32g4xx_hal_rcc_ex.c **** 
1398:Drivers/STM32G4xx_HAL_Driver/Src/stm32g4xx_hal_rcc_ex.c **** /**
1399:Drivers/STM32G4xx_HAL_Driver/Src/stm32g4xx_hal_rcc_ex.c ****   * @brief  Select the Low Speed clock source to output on LSCO pin (PA2).
1400:Drivers/STM32G4xx_HAL_Driver/Src/stm32g4xx_hal_rcc_ex.c ****   * @param  LSCOSource  specifies the Low Speed clock source to output.
1401:Drivers/STM32G4xx_HAL_Driver/Src/stm32g4xx_hal_rcc_ex.c ****   *          This parameter can be one of the following values:
1402:Drivers/STM32G4xx_HAL_Driver/Src/stm32g4xx_hal_rcc_ex.c ****   *            @arg @ref RCC_LSCOSOURCE_LSI  LSI clock selected as LSCO source
1403:Drivers/STM32G4xx_HAL_Driver/Src/stm32g4xx_hal_rcc_ex.c ****   *            @arg @ref RCC_LSCOSOURCE_LSE  LSE clock selected as LSCO source
1404:Drivers/STM32G4xx_HAL_Driver/Src/stm32g4xx_hal_rcc_ex.c ****   * @retval None
1405:Drivers/STM32G4xx_HAL_Driver/Src/stm32g4xx_hal_rcc_ex.c ****   */
1406:Drivers/STM32G4xx_HAL_Driver/Src/stm32g4xx_hal_rcc_ex.c **** void HAL_RCCEx_EnableLSCO(uint32_t LSCOSource)
1407:Drivers/STM32G4xx_HAL_Driver/Src/stm32g4xx_hal_rcc_ex.c **** {
 2185              		.loc 1 1407 1 is_stmt 1 view -0
 2186              		.cfi_startproc
 2187              		@ args = 0, pretend = 0, frame = 32
 2188              		@ frame_needed = 0, uses_anonymous_args = 0
 2189              		.loc 1 1407 1 is_stmt 0 view .LVU727
 2190 0000 30B5     		push	{r4, r5, lr}
 2191              	.LCFI6:
 2192              		.cfi_def_cfa_offset 12
ARM GAS  C:\Users\MyPC\AppData\Local\Temp\ccvsQKSL.s 			page 72


 2193              		.cfi_offset 4, -12
 2194              		.cfi_offset 5, -8
 2195              		.cfi_offset 14, -4
 2196 0002 89B0     		sub	sp, sp, #36
 2197              	.LCFI7:
 2198              		.cfi_def_cfa_offset 48
 2199 0004 0546     		mov	r5, r0
1408:Drivers/STM32G4xx_HAL_Driver/Src/stm32g4xx_hal_rcc_ex.c ****   GPIO_InitTypeDef GPIO_InitStruct = {0};
 2200              		.loc 1 1408 3 is_stmt 1 view .LVU728
 2201              		.loc 1 1408 20 is_stmt 0 view .LVU729
 2202 0006 03A9     		add	r1, sp, #12
 2203 0008 0023     		movs	r3, #0
 2204 000a 0393     		str	r3, [sp, #12]
 2205 000c 4B60     		str	r3, [r1, #4]
 2206 000e 8B60     		str	r3, [r1, #8]
 2207 0010 CB60     		str	r3, [r1, #12]
 2208 0012 0B61     		str	r3, [r1, #16]
1409:Drivers/STM32G4xx_HAL_Driver/Src/stm32g4xx_hal_rcc_ex.c ****   FlagStatus       pwrclkchanged = RESET;
 2209              		.loc 1 1409 3 is_stmt 1 view .LVU730
 2210              	.LVL235:
1410:Drivers/STM32G4xx_HAL_Driver/Src/stm32g4xx_hal_rcc_ex.c ****   FlagStatus       backupchanged = RESET;
 2211              		.loc 1 1410 3 view .LVU731
1411:Drivers/STM32G4xx_HAL_Driver/Src/stm32g4xx_hal_rcc_ex.c **** 
1412:Drivers/STM32G4xx_HAL_Driver/Src/stm32g4xx_hal_rcc_ex.c ****   /* Check the parameters */
1413:Drivers/STM32G4xx_HAL_Driver/Src/stm32g4xx_hal_rcc_ex.c ****   assert_param(IS_RCC_LSCOSOURCE(LSCOSource));
 2212              		.loc 1 1413 3 view .LVU732
1414:Drivers/STM32G4xx_HAL_Driver/Src/stm32g4xx_hal_rcc_ex.c **** 
1415:Drivers/STM32G4xx_HAL_Driver/Src/stm32g4xx_hal_rcc_ex.c ****   /* LSCO Pin Clock Enable */
1416:Drivers/STM32G4xx_HAL_Driver/Src/stm32g4xx_hal_rcc_ex.c ****   __LSCO_CLK_ENABLE();
 2213              		.loc 1 1416 3 view .LVU733
 2214              	.LBB5:
 2215              		.loc 1 1416 3 view .LVU734
 2216              		.loc 1 1416 3 view .LVU735
 2217 0014 224C     		ldr	r4, .L201
 2218 0016 E36C     		ldr	r3, [r4, #76]
 2219 0018 43F00103 		orr	r3, r3, #1
 2220 001c E364     		str	r3, [r4, #76]
 2221              		.loc 1 1416 3 view .LVU736
 2222 001e E36C     		ldr	r3, [r4, #76]
 2223 0020 03F00103 		and	r3, r3, #1
 2224 0024 0193     		str	r3, [sp, #4]
 2225              		.loc 1 1416 3 view .LVU737
 2226 0026 019B     		ldr	r3, [sp, #4]
 2227              	.LBE5:
 2228              		.loc 1 1416 3 view .LVU738
1417:Drivers/STM32G4xx_HAL_Driver/Src/stm32g4xx_hal_rcc_ex.c **** 
1418:Drivers/STM32G4xx_HAL_Driver/Src/stm32g4xx_hal_rcc_ex.c ****   /* Configure the LSCO pin in analog mode */
1419:Drivers/STM32G4xx_HAL_Driver/Src/stm32g4xx_hal_rcc_ex.c ****   GPIO_InitStruct.Pin = LSCO_PIN;
 2229              		.loc 1 1419 3 view .LVU739
 2230              		.loc 1 1419 23 is_stmt 0 view .LVU740
 2231 0028 0423     		movs	r3, #4
 2232 002a 0393     		str	r3, [sp, #12]
1420:Drivers/STM32G4xx_HAL_Driver/Src/stm32g4xx_hal_rcc_ex.c ****   GPIO_InitStruct.Mode = GPIO_MODE_ANALOG;
 2233              		.loc 1 1420 3 is_stmt 1 view .LVU741
 2234              		.loc 1 1420 24 is_stmt 0 view .LVU742
 2235 002c 0323     		movs	r3, #3
 2236 002e 0493     		str	r3, [sp, #16]
ARM GAS  C:\Users\MyPC\AppData\Local\Temp\ccvsQKSL.s 			page 73


1421:Drivers/STM32G4xx_HAL_Driver/Src/stm32g4xx_hal_rcc_ex.c ****   GPIO_InitStruct.Speed = GPIO_SPEED_FREQ_HIGH;
 2237              		.loc 1 1421 3 is_stmt 1 view .LVU743
 2238              		.loc 1 1421 25 is_stmt 0 view .LVU744
 2239 0030 0223     		movs	r3, #2
 2240 0032 0693     		str	r3, [sp, #24]
1422:Drivers/STM32G4xx_HAL_Driver/Src/stm32g4xx_hal_rcc_ex.c ****   GPIO_InitStruct.Pull = GPIO_NOPULL;
 2241              		.loc 1 1422 3 is_stmt 1 view .LVU745
1423:Drivers/STM32G4xx_HAL_Driver/Src/stm32g4xx_hal_rcc_ex.c ****   HAL_GPIO_Init(LSCO_GPIO_PORT, &GPIO_InitStruct);
 2242              		.loc 1 1423 3 view .LVU746
 2243 0034 4FF09040 		mov	r0, #1207959552
 2244              	.LVL236:
 2245              		.loc 1 1423 3 is_stmt 0 view .LVU747
 2246 0038 FFF7FEFF 		bl	HAL_GPIO_Init
 2247              	.LVL237:
1424:Drivers/STM32G4xx_HAL_Driver/Src/stm32g4xx_hal_rcc_ex.c **** 
1425:Drivers/STM32G4xx_HAL_Driver/Src/stm32g4xx_hal_rcc_ex.c ****   /* Update LSCOSEL clock source in Backup Domain control register */
1426:Drivers/STM32G4xx_HAL_Driver/Src/stm32g4xx_hal_rcc_ex.c ****   if(__HAL_RCC_PWR_IS_CLK_DISABLED())
 2248              		.loc 1 1426 3 is_stmt 1 view .LVU748
 2249              		.loc 1 1426 6 is_stmt 0 view .LVU749
 2250 003c A36D     		ldr	r3, [r4, #88]
 2251              		.loc 1 1426 5 view .LVU750
 2252 003e 13F0805F 		tst	r3, #268435456
 2253 0042 1DD1     		bne	.L195
1427:Drivers/STM32G4xx_HAL_Driver/Src/stm32g4xx_hal_rcc_ex.c ****   {
1428:Drivers/STM32G4xx_HAL_Driver/Src/stm32g4xx_hal_rcc_ex.c ****     __HAL_RCC_PWR_CLK_ENABLE();
 2254              		.loc 1 1428 5 is_stmt 1 view .LVU751
 2255              	.LBB6:
 2256              		.loc 1 1428 5 view .LVU752
 2257              		.loc 1 1428 5 view .LVU753
 2258 0044 A26D     		ldr	r2, [r4, #88]
 2259 0046 42F08052 		orr	r2, r2, #268435456
 2260 004a A265     		str	r2, [r4, #88]
 2261              		.loc 1 1428 5 view .LVU754
 2262 004c A36D     		ldr	r3, [r4, #88]
 2263 004e 03F08053 		and	r3, r3, #268435456
 2264 0052 0293     		str	r3, [sp, #8]
 2265              		.loc 1 1428 5 view .LVU755
 2266 0054 029B     		ldr	r3, [sp, #8]
 2267              	.LBE6:
 2268              		.loc 1 1428 5 view .LVU756
1429:Drivers/STM32G4xx_HAL_Driver/Src/stm32g4xx_hal_rcc_ex.c ****     pwrclkchanged = SET;
 2269              		.loc 1 1429 5 view .LVU757
 2270              	.LVL238:
 2271              		.loc 1 1429 19 is_stmt 0 view .LVU758
 2272 0056 0124     		movs	r4, #1
 2273              	.LVL239:
 2274              	.L191:
1430:Drivers/STM32G4xx_HAL_Driver/Src/stm32g4xx_hal_rcc_ex.c ****   }
1431:Drivers/STM32G4xx_HAL_Driver/Src/stm32g4xx_hal_rcc_ex.c ****   if(HAL_IS_BIT_CLR(PWR->CR1, PWR_CR1_DBP))
 2275              		.loc 1 1431 3 is_stmt 1 view .LVU759
 2276              		.loc 1 1431 6 is_stmt 0 view .LVU760
 2277 0058 124B     		ldr	r3, .L201+4
 2278 005a 1B68     		ldr	r3, [r3]
 2279              		.loc 1 1431 5 view .LVU761
 2280 005c 13F4807F 		tst	r3, #256
 2281 0060 10D0     		beq	.L198
1410:Drivers/STM32G4xx_HAL_Driver/Src/stm32g4xx_hal_rcc_ex.c **** 
ARM GAS  C:\Users\MyPC\AppData\Local\Temp\ccvsQKSL.s 			page 74


 2282              		.loc 1 1410 20 view .LVU762
 2283 0062 0022     		movs	r2, #0
 2284              	.LVL240:
 2285              	.L192:
1432:Drivers/STM32G4xx_HAL_Driver/Src/stm32g4xx_hal_rcc_ex.c ****   {
1433:Drivers/STM32G4xx_HAL_Driver/Src/stm32g4xx_hal_rcc_ex.c ****     HAL_PWR_EnableBkUpAccess();
1434:Drivers/STM32G4xx_HAL_Driver/Src/stm32g4xx_hal_rcc_ex.c ****     backupchanged = SET;
1435:Drivers/STM32G4xx_HAL_Driver/Src/stm32g4xx_hal_rcc_ex.c ****   }
1436:Drivers/STM32G4xx_HAL_Driver/Src/stm32g4xx_hal_rcc_ex.c **** 
1437:Drivers/STM32G4xx_HAL_Driver/Src/stm32g4xx_hal_rcc_ex.c ****   MODIFY_REG(RCC->BDCR, RCC_BDCR_LSCOSEL | RCC_BDCR_LSCOEN, LSCOSource | RCC_BDCR_LSCOEN);
 2286              		.loc 1 1437 3 is_stmt 1 view .LVU763
 2287 0064 0E4B     		ldr	r3, .L201
 2288 0066 D3F89000 		ldr	r0, [r3, #144]
 2289 006a 20F04070 		bic	r0, r0, #50331648
 2290 006e 2843     		orrs	r0, r0, r5
 2291 0070 40F08070 		orr	r0, r0, #16777216
 2292 0074 C3F89000 		str	r0, [r3, #144]
1438:Drivers/STM32G4xx_HAL_Driver/Src/stm32g4xx_hal_rcc_ex.c **** 
1439:Drivers/STM32G4xx_HAL_Driver/Src/stm32g4xx_hal_rcc_ex.c ****   if(backupchanged == SET)
 2293              		.loc 1 1439 3 view .LVU764
 2294              		.loc 1 1439 5 is_stmt 0 view .LVU765
 2295 0078 42B9     		cbnz	r2, .L199
 2296              	.LVL241:
 2297              	.L193:
1440:Drivers/STM32G4xx_HAL_Driver/Src/stm32g4xx_hal_rcc_ex.c ****   {
1441:Drivers/STM32G4xx_HAL_Driver/Src/stm32g4xx_hal_rcc_ex.c ****     HAL_PWR_DisableBkUpAccess();
1442:Drivers/STM32G4xx_HAL_Driver/Src/stm32g4xx_hal_rcc_ex.c ****   }
1443:Drivers/STM32G4xx_HAL_Driver/Src/stm32g4xx_hal_rcc_ex.c ****   if(pwrclkchanged == SET)
 2298              		.loc 1 1443 3 is_stmt 1 view .LVU766
 2299              		.loc 1 1443 5 is_stmt 0 view .LVU767
 2300 007a 54B9     		cbnz	r4, .L200
 2301              	.L190:
1444:Drivers/STM32G4xx_HAL_Driver/Src/stm32g4xx_hal_rcc_ex.c ****   {
1445:Drivers/STM32G4xx_HAL_Driver/Src/stm32g4xx_hal_rcc_ex.c ****     __HAL_RCC_PWR_CLK_DISABLE();
1446:Drivers/STM32G4xx_HAL_Driver/Src/stm32g4xx_hal_rcc_ex.c ****   }
1447:Drivers/STM32G4xx_HAL_Driver/Src/stm32g4xx_hal_rcc_ex.c **** }
 2302              		.loc 1 1447 1 view .LVU768
 2303 007c 09B0     		add	sp, sp, #36
 2304              	.LCFI8:
 2305              		.cfi_remember_state
 2306              		.cfi_def_cfa_offset 12
 2307              		@ sp needed
 2308 007e 30BD     		pop	{r4, r5, pc}
 2309              	.LVL242:
 2310              	.L195:
 2311              	.LCFI9:
 2312              		.cfi_restore_state
1409:Drivers/STM32G4xx_HAL_Driver/Src/stm32g4xx_hal_rcc_ex.c ****   FlagStatus       backupchanged = RESET;
 2313              		.loc 1 1409 20 view .LVU769
 2314 0080 0024     		movs	r4, #0
 2315 0082 E9E7     		b	.L191
 2316              	.LVL243:
 2317              	.L198:
1433:Drivers/STM32G4xx_HAL_Driver/Src/stm32g4xx_hal_rcc_ex.c ****     backupchanged = SET;
 2318              		.loc 1 1433 5 is_stmt 1 view .LVU770
 2319 0084 FFF7FEFF 		bl	HAL_PWR_EnableBkUpAccess
 2320              	.LVL244:
ARM GAS  C:\Users\MyPC\AppData\Local\Temp\ccvsQKSL.s 			page 75


1434:Drivers/STM32G4xx_HAL_Driver/Src/stm32g4xx_hal_rcc_ex.c ****   }
 2321              		.loc 1 1434 5 view .LVU771
1434:Drivers/STM32G4xx_HAL_Driver/Src/stm32g4xx_hal_rcc_ex.c ****   }
 2322              		.loc 1 1434 19 is_stmt 0 view .LVU772
 2323 0088 0122     		movs	r2, #1
 2324 008a EBE7     		b	.L192
 2325              	.LVL245:
 2326              	.L199:
1441:Drivers/STM32G4xx_HAL_Driver/Src/stm32g4xx_hal_rcc_ex.c ****   }
 2327              		.loc 1 1441 5 is_stmt 1 view .LVU773
 2328 008c FFF7FEFF 		bl	HAL_PWR_DisableBkUpAccess
 2329              	.LVL246:
1441:Drivers/STM32G4xx_HAL_Driver/Src/stm32g4xx_hal_rcc_ex.c ****   }
 2330              		.loc 1 1441 5 is_stmt 0 view .LVU774
 2331 0090 F3E7     		b	.L193
 2332              	.L200:
1445:Drivers/STM32G4xx_HAL_Driver/Src/stm32g4xx_hal_rcc_ex.c ****   }
 2333              		.loc 1 1445 5 is_stmt 1 view .LVU775
 2334 0092 034A     		ldr	r2, .L201
 2335 0094 936D     		ldr	r3, [r2, #88]
 2336 0096 23F08053 		bic	r3, r3, #268435456
 2337 009a 9365     		str	r3, [r2, #88]
 2338              		.loc 1 1447 1 is_stmt 0 view .LVU776
 2339 009c EEE7     		b	.L190
 2340              	.L202:
 2341 009e 00BF     		.align	2
 2342              	.L201:
 2343 00a0 00100240 		.word	1073876992
 2344 00a4 00700040 		.word	1073770496
 2345              		.cfi_endproc
 2346              	.LFE140:
 2348              		.section	.text.HAL_RCCEx_DisableLSCO,"ax",%progbits
 2349              		.align	1
 2350              		.global	HAL_RCCEx_DisableLSCO
 2351              		.syntax unified
 2352              		.thumb
 2353              		.thumb_func
 2355              	HAL_RCCEx_DisableLSCO:
 2356              	.LFB141:
1448:Drivers/STM32G4xx_HAL_Driver/Src/stm32g4xx_hal_rcc_ex.c **** 
1449:Drivers/STM32G4xx_HAL_Driver/Src/stm32g4xx_hal_rcc_ex.c **** /**
1450:Drivers/STM32G4xx_HAL_Driver/Src/stm32g4xx_hal_rcc_ex.c ****   * @brief  Disable the Low Speed clock output.
1451:Drivers/STM32G4xx_HAL_Driver/Src/stm32g4xx_hal_rcc_ex.c ****   * @retval None
1452:Drivers/STM32G4xx_HAL_Driver/Src/stm32g4xx_hal_rcc_ex.c ****   */
1453:Drivers/STM32G4xx_HAL_Driver/Src/stm32g4xx_hal_rcc_ex.c **** void HAL_RCCEx_DisableLSCO(void)
1454:Drivers/STM32G4xx_HAL_Driver/Src/stm32g4xx_hal_rcc_ex.c **** {
 2357              		.loc 1 1454 1 is_stmt 1 view -0
 2358              		.cfi_startproc
 2359              		@ args = 0, pretend = 0, frame = 8
 2360              		@ frame_needed = 0, uses_anonymous_args = 0
 2361 0000 10B5     		push	{r4, lr}
 2362              	.LCFI10:
 2363              		.cfi_def_cfa_offset 8
 2364              		.cfi_offset 4, -8
 2365              		.cfi_offset 14, -4
 2366 0002 82B0     		sub	sp, sp, #8
 2367              	.LCFI11:
ARM GAS  C:\Users\MyPC\AppData\Local\Temp\ccvsQKSL.s 			page 76


 2368              		.cfi_def_cfa_offset 16
1455:Drivers/STM32G4xx_HAL_Driver/Src/stm32g4xx_hal_rcc_ex.c ****   FlagStatus       pwrclkchanged = RESET;
 2369              		.loc 1 1455 3 view .LVU778
 2370              	.LVL247:
1456:Drivers/STM32G4xx_HAL_Driver/Src/stm32g4xx_hal_rcc_ex.c ****   FlagStatus       backupchanged = RESET;
 2371              		.loc 1 1456 3 view .LVU779
1457:Drivers/STM32G4xx_HAL_Driver/Src/stm32g4xx_hal_rcc_ex.c **** 
1458:Drivers/STM32G4xx_HAL_Driver/Src/stm32g4xx_hal_rcc_ex.c ****   /* Update LSCOEN bit in Backup Domain control register */
1459:Drivers/STM32G4xx_HAL_Driver/Src/stm32g4xx_hal_rcc_ex.c ****   if(__HAL_RCC_PWR_IS_CLK_DISABLED())
 2372              		.loc 1 1459 3 view .LVU780
 2373              		.loc 1 1459 6 is_stmt 0 view .LVU781
 2374 0004 184B     		ldr	r3, .L214
 2375 0006 9B6D     		ldr	r3, [r3, #88]
 2376              		.loc 1 1459 5 view .LVU782
 2377 0008 13F0805F 		tst	r3, #268435456
 2378 000c 1CD1     		bne	.L208
1460:Drivers/STM32G4xx_HAL_Driver/Src/stm32g4xx_hal_rcc_ex.c ****   {
1461:Drivers/STM32G4xx_HAL_Driver/Src/stm32g4xx_hal_rcc_ex.c ****     __HAL_RCC_PWR_CLK_ENABLE();
 2379              		.loc 1 1461 5 is_stmt 1 view .LVU783
 2380              	.LBB7:
 2381              		.loc 1 1461 5 view .LVU784
 2382              		.loc 1 1461 5 view .LVU785
 2383 000e 164B     		ldr	r3, .L214
 2384 0010 9A6D     		ldr	r2, [r3, #88]
 2385 0012 42F08052 		orr	r2, r2, #268435456
 2386 0016 9A65     		str	r2, [r3, #88]
 2387              		.loc 1 1461 5 view .LVU786
 2388 0018 9B6D     		ldr	r3, [r3, #88]
 2389 001a 03F08053 		and	r3, r3, #268435456
 2390 001e 0193     		str	r3, [sp, #4]
 2391              		.loc 1 1461 5 view .LVU787
 2392 0020 019B     		ldr	r3, [sp, #4]
 2393              	.LBE7:
 2394              		.loc 1 1461 5 view .LVU788
1462:Drivers/STM32G4xx_HAL_Driver/Src/stm32g4xx_hal_rcc_ex.c ****     pwrclkchanged = SET;
 2395              		.loc 1 1462 5 view .LVU789
 2396              	.LVL248:
 2397              		.loc 1 1462 19 is_stmt 0 view .LVU790
 2398 0022 0123     		movs	r3, #1
 2399 0024 1C46     		mov	r4, r3
 2400              	.LVL249:
 2401              	.L204:
1463:Drivers/STM32G4xx_HAL_Driver/Src/stm32g4xx_hal_rcc_ex.c ****   }
1464:Drivers/STM32G4xx_HAL_Driver/Src/stm32g4xx_hal_rcc_ex.c ****   if(HAL_IS_BIT_CLR(PWR->CR1, PWR_CR1_DBP))
 2402              		.loc 1 1464 3 is_stmt 1 view .LVU791
 2403              		.loc 1 1464 6 is_stmt 0 view .LVU792
 2404 0026 114B     		ldr	r3, .L214+4
 2405 0028 1B68     		ldr	r3, [r3]
 2406              		.loc 1 1464 5 view .LVU793
 2407 002a 13F4807F 		tst	r3, #256
 2408 002e 0ED0     		beq	.L211
1456:Drivers/STM32G4xx_HAL_Driver/Src/stm32g4xx_hal_rcc_ex.c **** 
 2409              		.loc 1 1456 20 view .LVU794
 2410 0030 0021     		movs	r1, #0
 2411              	.LVL250:
 2412              	.L205:
1465:Drivers/STM32G4xx_HAL_Driver/Src/stm32g4xx_hal_rcc_ex.c ****   {
ARM GAS  C:\Users\MyPC\AppData\Local\Temp\ccvsQKSL.s 			page 77


1466:Drivers/STM32G4xx_HAL_Driver/Src/stm32g4xx_hal_rcc_ex.c ****     /* Enable access to the backup domain */
1467:Drivers/STM32G4xx_HAL_Driver/Src/stm32g4xx_hal_rcc_ex.c ****     HAL_PWR_EnableBkUpAccess();
1468:Drivers/STM32G4xx_HAL_Driver/Src/stm32g4xx_hal_rcc_ex.c ****     backupchanged = SET;
1469:Drivers/STM32G4xx_HAL_Driver/Src/stm32g4xx_hal_rcc_ex.c ****   }
1470:Drivers/STM32G4xx_HAL_Driver/Src/stm32g4xx_hal_rcc_ex.c **** 
1471:Drivers/STM32G4xx_HAL_Driver/Src/stm32g4xx_hal_rcc_ex.c ****   CLEAR_BIT(RCC->BDCR, RCC_BDCR_LSCOEN);
 2413              		.loc 1 1471 3 is_stmt 1 view .LVU795
 2414 0032 0D4A     		ldr	r2, .L214
 2415 0034 D2F89030 		ldr	r3, [r2, #144]
 2416 0038 23F08073 		bic	r3, r3, #16777216
 2417 003c C2F89030 		str	r3, [r2, #144]
1472:Drivers/STM32G4xx_HAL_Driver/Src/stm32g4xx_hal_rcc_ex.c **** 
1473:Drivers/STM32G4xx_HAL_Driver/Src/stm32g4xx_hal_rcc_ex.c ****   /* Restore previous configuration */
1474:Drivers/STM32G4xx_HAL_Driver/Src/stm32g4xx_hal_rcc_ex.c ****   if(backupchanged == SET)
 2418              		.loc 1 1474 3 view .LVU796
 2419              		.loc 1 1474 5 is_stmt 0 view .LVU797
 2420 0040 49B9     		cbnz	r1, .L212
 2421              	.LVL251:
 2422              	.L206:
1475:Drivers/STM32G4xx_HAL_Driver/Src/stm32g4xx_hal_rcc_ex.c ****   {
1476:Drivers/STM32G4xx_HAL_Driver/Src/stm32g4xx_hal_rcc_ex.c ****     /* Disable access to the backup domain */
1477:Drivers/STM32G4xx_HAL_Driver/Src/stm32g4xx_hal_rcc_ex.c ****     HAL_PWR_DisableBkUpAccess();
1478:Drivers/STM32G4xx_HAL_Driver/Src/stm32g4xx_hal_rcc_ex.c ****   }
1479:Drivers/STM32G4xx_HAL_Driver/Src/stm32g4xx_hal_rcc_ex.c ****   if(pwrclkchanged == SET)
 2423              		.loc 1 1479 3 is_stmt 1 view .LVU798
 2424              		.loc 1 1479 5 is_stmt 0 view .LVU799
 2425 0042 5CB9     		cbnz	r4, .L213
 2426              	.L203:
1480:Drivers/STM32G4xx_HAL_Driver/Src/stm32g4xx_hal_rcc_ex.c ****   {
1481:Drivers/STM32G4xx_HAL_Driver/Src/stm32g4xx_hal_rcc_ex.c ****     __HAL_RCC_PWR_CLK_DISABLE();
1482:Drivers/STM32G4xx_HAL_Driver/Src/stm32g4xx_hal_rcc_ex.c ****   }
1483:Drivers/STM32G4xx_HAL_Driver/Src/stm32g4xx_hal_rcc_ex.c **** }
 2427              		.loc 1 1483 1 view .LVU800
 2428 0044 02B0     		add	sp, sp, #8
 2429              	.LCFI12:
 2430              		.cfi_remember_state
 2431              		.cfi_def_cfa_offset 8
 2432              		@ sp needed
 2433 0046 10BD     		pop	{r4, pc}
 2434              	.LVL252:
 2435              	.L208:
 2436              	.LCFI13:
 2437              		.cfi_restore_state
1455:Drivers/STM32G4xx_HAL_Driver/Src/stm32g4xx_hal_rcc_ex.c ****   FlagStatus       backupchanged = RESET;
 2438              		.loc 1 1455 20 view .LVU801
 2439 0048 0023     		movs	r3, #0
 2440 004a 1C46     		mov	r4, r3
 2441 004c EBE7     		b	.L204
 2442              	.LVL253:
 2443              	.L211:
1467:Drivers/STM32G4xx_HAL_Driver/Src/stm32g4xx_hal_rcc_ex.c ****     backupchanged = SET;
 2444              		.loc 1 1467 5 is_stmt 1 view .LVU802
 2445 004e FFF7FEFF 		bl	HAL_PWR_EnableBkUpAccess
 2446              	.LVL254:
1468:Drivers/STM32G4xx_HAL_Driver/Src/stm32g4xx_hal_rcc_ex.c ****   }
 2447              		.loc 1 1468 5 view .LVU803
1468:Drivers/STM32G4xx_HAL_Driver/Src/stm32g4xx_hal_rcc_ex.c ****   }
ARM GAS  C:\Users\MyPC\AppData\Local\Temp\ccvsQKSL.s 			page 78


 2448              		.loc 1 1468 19 is_stmt 0 view .LVU804
 2449 0052 0121     		movs	r1, #1
 2450 0054 EDE7     		b	.L205
 2451              	.LVL255:
 2452              	.L212:
1477:Drivers/STM32G4xx_HAL_Driver/Src/stm32g4xx_hal_rcc_ex.c ****   }
 2453              		.loc 1 1477 5 is_stmt 1 view .LVU805
 2454 0056 FFF7FEFF 		bl	HAL_PWR_DisableBkUpAccess
 2455              	.LVL256:
1477:Drivers/STM32G4xx_HAL_Driver/Src/stm32g4xx_hal_rcc_ex.c ****   }
 2456              		.loc 1 1477 5 is_stmt 0 view .LVU806
 2457 005a F2E7     		b	.L206
 2458              	.L213:
1481:Drivers/STM32G4xx_HAL_Driver/Src/stm32g4xx_hal_rcc_ex.c ****   }
 2459              		.loc 1 1481 5 is_stmt 1 view .LVU807
 2460 005c 024A     		ldr	r2, .L214
 2461 005e 936D     		ldr	r3, [r2, #88]
 2462 0060 23F08053 		bic	r3, r3, #268435456
 2463 0064 9365     		str	r3, [r2, #88]
 2464              		.loc 1 1483 1 is_stmt 0 view .LVU808
 2465 0066 EDE7     		b	.L203
 2466              	.L215:
 2467              		.align	2
 2468              	.L214:
 2469 0068 00100240 		.word	1073876992
 2470 006c 00700040 		.word	1073770496
 2471              		.cfi_endproc
 2472              	.LFE141:
 2474              		.section	.text.HAL_RCCEx_CRSConfig,"ax",%progbits
 2475              		.align	1
 2476              		.global	HAL_RCCEx_CRSConfig
 2477              		.syntax unified
 2478              		.thumb
 2479              		.thumb_func
 2481              	HAL_RCCEx_CRSConfig:
 2482              	.LVL257:
 2483              	.LFB142:
1484:Drivers/STM32G4xx_HAL_Driver/Src/stm32g4xx_hal_rcc_ex.c **** 
1485:Drivers/STM32G4xx_HAL_Driver/Src/stm32g4xx_hal_rcc_ex.c **** 
1486:Drivers/STM32G4xx_HAL_Driver/Src/stm32g4xx_hal_rcc_ex.c **** /**
1487:Drivers/STM32G4xx_HAL_Driver/Src/stm32g4xx_hal_rcc_ex.c ****   * @}
1488:Drivers/STM32G4xx_HAL_Driver/Src/stm32g4xx_hal_rcc_ex.c ****   */
1489:Drivers/STM32G4xx_HAL_Driver/Src/stm32g4xx_hal_rcc_ex.c **** 
1490:Drivers/STM32G4xx_HAL_Driver/Src/stm32g4xx_hal_rcc_ex.c **** #if defined(CRS)
1491:Drivers/STM32G4xx_HAL_Driver/Src/stm32g4xx_hal_rcc_ex.c **** 
1492:Drivers/STM32G4xx_HAL_Driver/Src/stm32g4xx_hal_rcc_ex.c **** /** @defgroup RCCEx_Exported_Functions_Group3 Extended Clock Recovery System Control functions
1493:Drivers/STM32G4xx_HAL_Driver/Src/stm32g4xx_hal_rcc_ex.c ****  *  @brief  Extended Clock Recovery System Control functions
1494:Drivers/STM32G4xx_HAL_Driver/Src/stm32g4xx_hal_rcc_ex.c ****  *
1495:Drivers/STM32G4xx_HAL_Driver/Src/stm32g4xx_hal_rcc_ex.c **** @verbatim
1496:Drivers/STM32G4xx_HAL_Driver/Src/stm32g4xx_hal_rcc_ex.c ****  ===============================================================================
1497:Drivers/STM32G4xx_HAL_Driver/Src/stm32g4xx_hal_rcc_ex.c ****                 ##### Extended Clock Recovery System Control functions  #####
1498:Drivers/STM32G4xx_HAL_Driver/Src/stm32g4xx_hal_rcc_ex.c ****  ===============================================================================
1499:Drivers/STM32G4xx_HAL_Driver/Src/stm32g4xx_hal_rcc_ex.c ****     [..]
1500:Drivers/STM32G4xx_HAL_Driver/Src/stm32g4xx_hal_rcc_ex.c ****       For devices with Clock Recovery System feature (CRS), RCC Extension HAL driver can be used as
1501:Drivers/STM32G4xx_HAL_Driver/Src/stm32g4xx_hal_rcc_ex.c **** 
1502:Drivers/STM32G4xx_HAL_Driver/Src/stm32g4xx_hal_rcc_ex.c ****       (#) In System clock config, HSI48 needs to be enabled
1503:Drivers/STM32G4xx_HAL_Driver/Src/stm32g4xx_hal_rcc_ex.c **** 
ARM GAS  C:\Users\MyPC\AppData\Local\Temp\ccvsQKSL.s 			page 79


1504:Drivers/STM32G4xx_HAL_Driver/Src/stm32g4xx_hal_rcc_ex.c ****       (#) Enable CRS clock in IP MSP init which will use CRS functions
1505:Drivers/STM32G4xx_HAL_Driver/Src/stm32g4xx_hal_rcc_ex.c **** 
1506:Drivers/STM32G4xx_HAL_Driver/Src/stm32g4xx_hal_rcc_ex.c ****       (#) Call CRS functions as follows:
1507:Drivers/STM32G4xx_HAL_Driver/Src/stm32g4xx_hal_rcc_ex.c ****           (##) Prepare synchronization configuration necessary for HSI48 calibration
1508:Drivers/STM32G4xx_HAL_Driver/Src/stm32g4xx_hal_rcc_ex.c ****               (+++) Default values can be set for frequency Error Measurement (reload and error lim
1509:Drivers/STM32G4xx_HAL_Driver/Src/stm32g4xx_hal_rcc_ex.c ****                         and also HSI48 oscillator smooth trimming.
1510:Drivers/STM32G4xx_HAL_Driver/Src/stm32g4xx_hal_rcc_ex.c ****               (+++) Macro __HAL_RCC_CRS_RELOADVALUE_CALCULATE can be also used to calculate
1511:Drivers/STM32G4xx_HAL_Driver/Src/stm32g4xx_hal_rcc_ex.c ****                         directly reload value with target and sychronization frequencies values
1512:Drivers/STM32G4xx_HAL_Driver/Src/stm32g4xx_hal_rcc_ex.c ****           (##) Call function HAL_RCCEx_CRSConfig which
1513:Drivers/STM32G4xx_HAL_Driver/Src/stm32g4xx_hal_rcc_ex.c ****               (+++) Resets CRS registers to their default values.
1514:Drivers/STM32G4xx_HAL_Driver/Src/stm32g4xx_hal_rcc_ex.c ****               (+++) Configures CRS registers with synchronization configuration
1515:Drivers/STM32G4xx_HAL_Driver/Src/stm32g4xx_hal_rcc_ex.c ****               (+++) Enables automatic calibration and frequency error counter feature
1516:Drivers/STM32G4xx_HAL_Driver/Src/stm32g4xx_hal_rcc_ex.c ****            Note: When using USB LPM (Link Power Management) and the device is in Sleep mode, the
1517:Drivers/STM32G4xx_HAL_Driver/Src/stm32g4xx_hal_rcc_ex.c ****            periodic USB SOF will not be generated by the host. No SYNC signal will therefore be
1518:Drivers/STM32G4xx_HAL_Driver/Src/stm32g4xx_hal_rcc_ex.c ****            provided to the CRS to calibrate the HSI48 on the run. To guarantee the required clock
1519:Drivers/STM32G4xx_HAL_Driver/Src/stm32g4xx_hal_rcc_ex.c ****            precision after waking up from Sleep mode, the LSE or reference clock on the GPIOs
1520:Drivers/STM32G4xx_HAL_Driver/Src/stm32g4xx_hal_rcc_ex.c ****            should be used as SYNC signal.
1521:Drivers/STM32G4xx_HAL_Driver/Src/stm32g4xx_hal_rcc_ex.c **** 
1522:Drivers/STM32G4xx_HAL_Driver/Src/stm32g4xx_hal_rcc_ex.c ****           (##) A polling function is provided to wait for complete synchronization
1523:Drivers/STM32G4xx_HAL_Driver/Src/stm32g4xx_hal_rcc_ex.c ****               (+++) Call function HAL_RCCEx_CRSWaitSynchronization()
1524:Drivers/STM32G4xx_HAL_Driver/Src/stm32g4xx_hal_rcc_ex.c ****               (+++) According to CRS status, user can decide to adjust again the calibration or con
1525:Drivers/STM32G4xx_HAL_Driver/Src/stm32g4xx_hal_rcc_ex.c ****                         application if synchronization is OK
1526:Drivers/STM32G4xx_HAL_Driver/Src/stm32g4xx_hal_rcc_ex.c **** 
1527:Drivers/STM32G4xx_HAL_Driver/Src/stm32g4xx_hal_rcc_ex.c ****       (#) User can retrieve information related to synchronization in calling function
1528:Drivers/STM32G4xx_HAL_Driver/Src/stm32g4xx_hal_rcc_ex.c ****             HAL_RCCEx_CRSGetSynchronizationInfo()
1529:Drivers/STM32G4xx_HAL_Driver/Src/stm32g4xx_hal_rcc_ex.c **** 
1530:Drivers/STM32G4xx_HAL_Driver/Src/stm32g4xx_hal_rcc_ex.c ****       (#) Regarding synchronization status and synchronization information, user can try a new cali
1531:Drivers/STM32G4xx_HAL_Driver/Src/stm32g4xx_hal_rcc_ex.c ****            in changing synchronization configuration and call again HAL_RCCEx_CRSConfig.
1532:Drivers/STM32G4xx_HAL_Driver/Src/stm32g4xx_hal_rcc_ex.c ****            Note: When the SYNC event is detected during the downcounting phase (before reaching the
1533:Drivers/STM32G4xx_HAL_Driver/Src/stm32g4xx_hal_rcc_ex.c ****            it means that the actual frequency is lower than the target (and so, that the TRIM value
1534:Drivers/STM32G4xx_HAL_Driver/Src/stm32g4xx_hal_rcc_ex.c ****            incremented), while when it is detected during the upcounting phase it means that the ac
1535:Drivers/STM32G4xx_HAL_Driver/Src/stm32g4xx_hal_rcc_ex.c ****            is higher (and that the TRIM value should be decremented).
1536:Drivers/STM32G4xx_HAL_Driver/Src/stm32g4xx_hal_rcc_ex.c **** 
1537:Drivers/STM32G4xx_HAL_Driver/Src/stm32g4xx_hal_rcc_ex.c ****       (#) In interrupt mode, user can resort to the available macros (__HAL_RCC_CRS_XXX_IT). Interr
1538:Drivers/STM32G4xx_HAL_Driver/Src/stm32g4xx_hal_rcc_ex.c ****           through CRS Handler (CRS_IRQn/CRS_IRQHandler)
1539:Drivers/STM32G4xx_HAL_Driver/Src/stm32g4xx_hal_rcc_ex.c ****               (++) Call function HAL_RCCEx_CRSConfig()
1540:Drivers/STM32G4xx_HAL_Driver/Src/stm32g4xx_hal_rcc_ex.c ****               (++) Enable CRS_IRQn (thanks to NVIC functions)
1541:Drivers/STM32G4xx_HAL_Driver/Src/stm32g4xx_hal_rcc_ex.c ****               (++) Enable CRS interrupt (__HAL_RCC_CRS_ENABLE_IT)
1542:Drivers/STM32G4xx_HAL_Driver/Src/stm32g4xx_hal_rcc_ex.c ****               (++) Implement CRS status management in the following user callbacks called from
1543:Drivers/STM32G4xx_HAL_Driver/Src/stm32g4xx_hal_rcc_ex.c ****                    HAL_RCCEx_CRS_IRQHandler():
1544:Drivers/STM32G4xx_HAL_Driver/Src/stm32g4xx_hal_rcc_ex.c ****                    (+++) HAL_RCCEx_CRS_SyncOkCallback()
1545:Drivers/STM32G4xx_HAL_Driver/Src/stm32g4xx_hal_rcc_ex.c ****                    (+++) HAL_RCCEx_CRS_SyncWarnCallback()
1546:Drivers/STM32G4xx_HAL_Driver/Src/stm32g4xx_hal_rcc_ex.c ****                    (+++) HAL_RCCEx_CRS_ExpectedSyncCallback()
1547:Drivers/STM32G4xx_HAL_Driver/Src/stm32g4xx_hal_rcc_ex.c ****                    (+++) HAL_RCCEx_CRS_ErrorCallback()
1548:Drivers/STM32G4xx_HAL_Driver/Src/stm32g4xx_hal_rcc_ex.c **** 
1549:Drivers/STM32G4xx_HAL_Driver/Src/stm32g4xx_hal_rcc_ex.c ****       (#) To force a SYNC EVENT, user can use the function HAL_RCCEx_CRSSoftwareSynchronizationGene
1550:Drivers/STM32G4xx_HAL_Driver/Src/stm32g4xx_hal_rcc_ex.c ****           This function can be called before calling HAL_RCCEx_CRSConfig (for instance in Systick h
1551:Drivers/STM32G4xx_HAL_Driver/Src/stm32g4xx_hal_rcc_ex.c **** 
1552:Drivers/STM32G4xx_HAL_Driver/Src/stm32g4xx_hal_rcc_ex.c **** @endverbatim
1553:Drivers/STM32G4xx_HAL_Driver/Src/stm32g4xx_hal_rcc_ex.c ****  * @{
1554:Drivers/STM32G4xx_HAL_Driver/Src/stm32g4xx_hal_rcc_ex.c ****  */
1555:Drivers/STM32G4xx_HAL_Driver/Src/stm32g4xx_hal_rcc_ex.c **** 
1556:Drivers/STM32G4xx_HAL_Driver/Src/stm32g4xx_hal_rcc_ex.c **** /**
1557:Drivers/STM32G4xx_HAL_Driver/Src/stm32g4xx_hal_rcc_ex.c ****   * @brief  Start automatic synchronization for polling mode
1558:Drivers/STM32G4xx_HAL_Driver/Src/stm32g4xx_hal_rcc_ex.c ****   * @param  pInit Pointer on RCC_CRSInitTypeDef structure
1559:Drivers/STM32G4xx_HAL_Driver/Src/stm32g4xx_hal_rcc_ex.c ****   * @retval None
1560:Drivers/STM32G4xx_HAL_Driver/Src/stm32g4xx_hal_rcc_ex.c ****   */
ARM GAS  C:\Users\MyPC\AppData\Local\Temp\ccvsQKSL.s 			page 80


1561:Drivers/STM32G4xx_HAL_Driver/Src/stm32g4xx_hal_rcc_ex.c **** void HAL_RCCEx_CRSConfig(RCC_CRSInitTypeDef const *pInit)
1562:Drivers/STM32G4xx_HAL_Driver/Src/stm32g4xx_hal_rcc_ex.c **** {
 2484              		.loc 1 1562 1 is_stmt 1 view -0
 2485              		.cfi_startproc
 2486              		@ args = 0, pretend = 0, frame = 0
 2487              		@ frame_needed = 0, uses_anonymous_args = 0
 2488              		@ link register save eliminated.
1563:Drivers/STM32G4xx_HAL_Driver/Src/stm32g4xx_hal_rcc_ex.c ****   uint32_t value;
 2489              		.loc 1 1563 3 view .LVU810
1564:Drivers/STM32G4xx_HAL_Driver/Src/stm32g4xx_hal_rcc_ex.c **** 
1565:Drivers/STM32G4xx_HAL_Driver/Src/stm32g4xx_hal_rcc_ex.c ****   /* Check the parameters */
1566:Drivers/STM32G4xx_HAL_Driver/Src/stm32g4xx_hal_rcc_ex.c ****   assert_param(IS_RCC_CRS_SYNC_DIV(pInit->Prescaler));
 2490              		.loc 1 1566 3 view .LVU811
1567:Drivers/STM32G4xx_HAL_Driver/Src/stm32g4xx_hal_rcc_ex.c ****   assert_param(IS_RCC_CRS_SYNC_SOURCE(pInit->Source));
 2491              		.loc 1 1567 3 view .LVU812
1568:Drivers/STM32G4xx_HAL_Driver/Src/stm32g4xx_hal_rcc_ex.c ****   assert_param(IS_RCC_CRS_SYNC_POLARITY(pInit->Polarity));
 2492              		.loc 1 1568 3 view .LVU813
1569:Drivers/STM32G4xx_HAL_Driver/Src/stm32g4xx_hal_rcc_ex.c ****   assert_param(IS_RCC_CRS_RELOADVALUE(pInit->ReloadValue));
 2493              		.loc 1 1569 3 view .LVU814
1570:Drivers/STM32G4xx_HAL_Driver/Src/stm32g4xx_hal_rcc_ex.c ****   assert_param(IS_RCC_CRS_ERRORLIMIT(pInit->ErrorLimitValue));
 2494              		.loc 1 1570 3 view .LVU815
1571:Drivers/STM32G4xx_HAL_Driver/Src/stm32g4xx_hal_rcc_ex.c ****   assert_param(IS_RCC_CRS_HSI48CALIBRATION(pInit->HSI48CalibrationValue));
 2495              		.loc 1 1571 3 view .LVU816
1572:Drivers/STM32G4xx_HAL_Driver/Src/stm32g4xx_hal_rcc_ex.c **** 
1573:Drivers/STM32G4xx_HAL_Driver/Src/stm32g4xx_hal_rcc_ex.c ****   /* CONFIGURATION */
1574:Drivers/STM32G4xx_HAL_Driver/Src/stm32g4xx_hal_rcc_ex.c **** 
1575:Drivers/STM32G4xx_HAL_Driver/Src/stm32g4xx_hal_rcc_ex.c ****   /* Before configuration, reset CRS registers to their default values*/
1576:Drivers/STM32G4xx_HAL_Driver/Src/stm32g4xx_hal_rcc_ex.c ****   __HAL_RCC_CRS_FORCE_RESET();
 2496              		.loc 1 1576 3 view .LVU817
 2497 0000 104B     		ldr	r3, .L217
 2498 0002 9A6B     		ldr	r2, [r3, #56]
 2499 0004 42F48072 		orr	r2, r2, #256
 2500 0008 9A63     		str	r2, [r3, #56]
1577:Drivers/STM32G4xx_HAL_Driver/Src/stm32g4xx_hal_rcc_ex.c ****   __HAL_RCC_CRS_RELEASE_RESET();
 2501              		.loc 1 1577 3 view .LVU818
 2502 000a 9A6B     		ldr	r2, [r3, #56]
 2503 000c 22F48072 		bic	r2, r2, #256
 2504 0010 9A63     		str	r2, [r3, #56]
1578:Drivers/STM32G4xx_HAL_Driver/Src/stm32g4xx_hal_rcc_ex.c **** 
1579:Drivers/STM32G4xx_HAL_Driver/Src/stm32g4xx_hal_rcc_ex.c ****   /* Set the SYNCDIV[2:0] bits according to Prescaler value */
1580:Drivers/STM32G4xx_HAL_Driver/Src/stm32g4xx_hal_rcc_ex.c ****   /* Set the SYNCSRC[1:0] bits according to Source value */
1581:Drivers/STM32G4xx_HAL_Driver/Src/stm32g4xx_hal_rcc_ex.c ****   /* Set the SYNCSPOL bit according to Polarity value */
1582:Drivers/STM32G4xx_HAL_Driver/Src/stm32g4xx_hal_rcc_ex.c ****   value = (pInit->Prescaler | pInit->Source | pInit->Polarity);
 2505              		.loc 1 1582 3 view .LVU819
 2506              		.loc 1 1582 17 is_stmt 0 view .LVU820
 2507 0012 0368     		ldr	r3, [r0]
 2508              		.loc 1 1582 36 view .LVU821
 2509 0014 4268     		ldr	r2, [r0, #4]
 2510              		.loc 1 1582 29 view .LVU822
 2511 0016 1343     		orrs	r3, r3, r2
 2512              		.loc 1 1582 52 view .LVU823
 2513 0018 8268     		ldr	r2, [r0, #8]
 2514              		.loc 1 1582 9 view .LVU824
 2515 001a 1A43     		orrs	r2, r2, r3
 2516              	.LVL258:
1583:Drivers/STM32G4xx_HAL_Driver/Src/stm32g4xx_hal_rcc_ex.c ****   /* Set the RELOAD[15:0] bits according to ReloadValue value */
1584:Drivers/STM32G4xx_HAL_Driver/Src/stm32g4xx_hal_rcc_ex.c ****   value |= pInit->ReloadValue;
ARM GAS  C:\Users\MyPC\AppData\Local\Temp\ccvsQKSL.s 			page 81


 2517              		.loc 1 1584 3 is_stmt 1 view .LVU825
 2518              		.loc 1 1584 17 is_stmt 0 view .LVU826
 2519 001c C368     		ldr	r3, [r0, #12]
 2520              		.loc 1 1584 9 view .LVU827
 2521 001e 1343     		orrs	r3, r3, r2
 2522              	.LVL259:
1585:Drivers/STM32G4xx_HAL_Driver/Src/stm32g4xx_hal_rcc_ex.c ****   /* Set the FELIM[7:0] bits according to ErrorLimitValue value */
1586:Drivers/STM32G4xx_HAL_Driver/Src/stm32g4xx_hal_rcc_ex.c ****   value |= (pInit->ErrorLimitValue << CRS_CFGR_FELIM_Pos);
 2523              		.loc 1 1586 3 is_stmt 1 view .LVU828
 2524              		.loc 1 1586 18 is_stmt 0 view .LVU829
 2525 0020 0269     		ldr	r2, [r0, #16]
 2526              		.loc 1 1586 9 view .LVU830
 2527 0022 43EA0242 		orr	r2, r3, r2, lsl #16
 2528              	.LVL260:
1587:Drivers/STM32G4xx_HAL_Driver/Src/stm32g4xx_hal_rcc_ex.c ****   WRITE_REG(CRS->CFGR, value);
 2529              		.loc 1 1587 3 is_stmt 1 view .LVU831
 2530 0026 084B     		ldr	r3, .L217+4
 2531 0028 5A60     		str	r2, [r3, #4]
1588:Drivers/STM32G4xx_HAL_Driver/Src/stm32g4xx_hal_rcc_ex.c **** 
1589:Drivers/STM32G4xx_HAL_Driver/Src/stm32g4xx_hal_rcc_ex.c ****   /* Adjust HSI48 oscillator smooth trimming */
1590:Drivers/STM32G4xx_HAL_Driver/Src/stm32g4xx_hal_rcc_ex.c ****   /* Set the TRIM[6:0] bits according to RCC_CRS_HSI48CalibrationValue value */
1591:Drivers/STM32G4xx_HAL_Driver/Src/stm32g4xx_hal_rcc_ex.c ****   MODIFY_REG(CRS->CR, CRS_CR_TRIM, (pInit->HSI48CalibrationValue << CRS_CR_TRIM_Pos));
 2532              		.loc 1 1591 3 view .LVU832
 2533 002a 1A68     		ldr	r2, [r3]
 2534              	.LVL261:
 2535              		.loc 1 1591 3 is_stmt 0 view .LVU833
 2536 002c 22F4FE42 		bic	r2, r2, #32512
 2537 0030 4169     		ldr	r1, [r0, #20]
 2538 0032 42EA0122 		orr	r2, r2, r1, lsl #8
 2539 0036 1A60     		str	r2, [r3]
 2540              	.LVL262:
1592:Drivers/STM32G4xx_HAL_Driver/Src/stm32g4xx_hal_rcc_ex.c **** 
1593:Drivers/STM32G4xx_HAL_Driver/Src/stm32g4xx_hal_rcc_ex.c ****   /* START AUTOMATIC SYNCHRONIZATION*/
1594:Drivers/STM32G4xx_HAL_Driver/Src/stm32g4xx_hal_rcc_ex.c **** 
1595:Drivers/STM32G4xx_HAL_Driver/Src/stm32g4xx_hal_rcc_ex.c ****   /* Enable Automatic trimming & Frequency error counter */
1596:Drivers/STM32G4xx_HAL_Driver/Src/stm32g4xx_hal_rcc_ex.c ****   SET_BIT(CRS->CR, CRS_CR_AUTOTRIMEN | CRS_CR_CEN);
 2541              		.loc 1 1596 3 is_stmt 1 view .LVU834
 2542 0038 1A68     		ldr	r2, [r3]
 2543 003a 42F06002 		orr	r2, r2, #96
 2544 003e 1A60     		str	r2, [r3]
1597:Drivers/STM32G4xx_HAL_Driver/Src/stm32g4xx_hal_rcc_ex.c **** }
 2545              		.loc 1 1597 1 is_stmt 0 view .LVU835
 2546 0040 7047     		bx	lr
 2547              	.L218:
 2548 0042 00BF     		.align	2
 2549              	.L217:
 2550 0044 00100240 		.word	1073876992
 2551 0048 00200040 		.word	1073750016
 2552              		.cfi_endproc
 2553              	.LFE142:
 2555              		.section	.text.HAL_RCCEx_CRSSoftwareSynchronizationGenerate,"ax",%progbits
 2556              		.align	1
 2557              		.global	HAL_RCCEx_CRSSoftwareSynchronizationGenerate
 2558              		.syntax unified
 2559              		.thumb
 2560              		.thumb_func
 2562              	HAL_RCCEx_CRSSoftwareSynchronizationGenerate:
ARM GAS  C:\Users\MyPC\AppData\Local\Temp\ccvsQKSL.s 			page 82


 2563              	.LFB143:
1598:Drivers/STM32G4xx_HAL_Driver/Src/stm32g4xx_hal_rcc_ex.c **** 
1599:Drivers/STM32G4xx_HAL_Driver/Src/stm32g4xx_hal_rcc_ex.c **** /**
1600:Drivers/STM32G4xx_HAL_Driver/Src/stm32g4xx_hal_rcc_ex.c ****   * @brief  Generate the software synchronization event
1601:Drivers/STM32G4xx_HAL_Driver/Src/stm32g4xx_hal_rcc_ex.c ****   * @retval None
1602:Drivers/STM32G4xx_HAL_Driver/Src/stm32g4xx_hal_rcc_ex.c ****   */
1603:Drivers/STM32G4xx_HAL_Driver/Src/stm32g4xx_hal_rcc_ex.c **** void HAL_RCCEx_CRSSoftwareSynchronizationGenerate(void)
1604:Drivers/STM32G4xx_HAL_Driver/Src/stm32g4xx_hal_rcc_ex.c **** {
 2564              		.loc 1 1604 1 is_stmt 1 view -0
 2565              		.cfi_startproc
 2566              		@ args = 0, pretend = 0, frame = 0
 2567              		@ frame_needed = 0, uses_anonymous_args = 0
 2568              		@ link register save eliminated.
1605:Drivers/STM32G4xx_HAL_Driver/Src/stm32g4xx_hal_rcc_ex.c ****   SET_BIT(CRS->CR, CRS_CR_SWSYNC);
 2569              		.loc 1 1605 3 view .LVU837
 2570 0000 024A     		ldr	r2, .L220
 2571 0002 1368     		ldr	r3, [r2]
 2572 0004 43F08003 		orr	r3, r3, #128
 2573 0008 1360     		str	r3, [r2]
1606:Drivers/STM32G4xx_HAL_Driver/Src/stm32g4xx_hal_rcc_ex.c **** }
 2574              		.loc 1 1606 1 is_stmt 0 view .LVU838
 2575 000a 7047     		bx	lr
 2576              	.L221:
 2577              		.align	2
 2578              	.L220:
 2579 000c 00200040 		.word	1073750016
 2580              		.cfi_endproc
 2581              	.LFE143:
 2583              		.section	.text.HAL_RCCEx_CRSGetSynchronizationInfo,"ax",%progbits
 2584              		.align	1
 2585              		.global	HAL_RCCEx_CRSGetSynchronizationInfo
 2586              		.syntax unified
 2587              		.thumb
 2588              		.thumb_func
 2590              	HAL_RCCEx_CRSGetSynchronizationInfo:
 2591              	.LVL263:
 2592              	.LFB144:
1607:Drivers/STM32G4xx_HAL_Driver/Src/stm32g4xx_hal_rcc_ex.c **** 
1608:Drivers/STM32G4xx_HAL_Driver/Src/stm32g4xx_hal_rcc_ex.c **** /**
1609:Drivers/STM32G4xx_HAL_Driver/Src/stm32g4xx_hal_rcc_ex.c ****   * @brief  Return synchronization info
1610:Drivers/STM32G4xx_HAL_Driver/Src/stm32g4xx_hal_rcc_ex.c ****   * @param  pSynchroInfo Pointer on RCC_CRSSynchroInfoTypeDef structure
1611:Drivers/STM32G4xx_HAL_Driver/Src/stm32g4xx_hal_rcc_ex.c ****   * @retval None
1612:Drivers/STM32G4xx_HAL_Driver/Src/stm32g4xx_hal_rcc_ex.c ****   */
1613:Drivers/STM32G4xx_HAL_Driver/Src/stm32g4xx_hal_rcc_ex.c **** void HAL_RCCEx_CRSGetSynchronizationInfo(RCC_CRSSynchroInfoTypeDef *pSynchroInfo)
1614:Drivers/STM32G4xx_HAL_Driver/Src/stm32g4xx_hal_rcc_ex.c **** {
 2593              		.loc 1 1614 1 is_stmt 1 view -0
 2594              		.cfi_startproc
 2595              		@ args = 0, pretend = 0, frame = 0
 2596              		@ frame_needed = 0, uses_anonymous_args = 0
 2597              		@ link register save eliminated.
1615:Drivers/STM32G4xx_HAL_Driver/Src/stm32g4xx_hal_rcc_ex.c ****   /* Check the parameter */
1616:Drivers/STM32G4xx_HAL_Driver/Src/stm32g4xx_hal_rcc_ex.c ****   assert_param(pSynchroInfo != (void *)NULL);
 2598              		.loc 1 1616 3 view .LVU840
1617:Drivers/STM32G4xx_HAL_Driver/Src/stm32g4xx_hal_rcc_ex.c **** 
1618:Drivers/STM32G4xx_HAL_Driver/Src/stm32g4xx_hal_rcc_ex.c ****   /* Get the reload value */
1619:Drivers/STM32G4xx_HAL_Driver/Src/stm32g4xx_hal_rcc_ex.c ****   pSynchroInfo->ReloadValue = (READ_BIT(CRS->CFGR, CRS_CFGR_RELOAD));
 2599              		.loc 1 1619 3 view .LVU841
ARM GAS  C:\Users\MyPC\AppData\Local\Temp\ccvsQKSL.s 			page 83


 2600              		.loc 1 1619 32 is_stmt 0 view .LVU842
 2601 0000 074B     		ldr	r3, .L223
 2602 0002 5A68     		ldr	r2, [r3, #4]
 2603 0004 92B2     		uxth	r2, r2
 2604              		.loc 1 1619 29 view .LVU843
 2605 0006 0260     		str	r2, [r0]
1620:Drivers/STM32G4xx_HAL_Driver/Src/stm32g4xx_hal_rcc_ex.c **** 
1621:Drivers/STM32G4xx_HAL_Driver/Src/stm32g4xx_hal_rcc_ex.c ****   /* Get HSI48 oscillator smooth trimming */
1622:Drivers/STM32G4xx_HAL_Driver/Src/stm32g4xx_hal_rcc_ex.c ****   pSynchroInfo->HSI48CalibrationValue = (READ_BIT(CRS->CR, CRS_CR_TRIM) >> CRS_CR_TRIM_Pos);
 2606              		.loc 1 1622 3 is_stmt 1 view .LVU844
 2607              		.loc 1 1622 42 is_stmt 0 view .LVU845
 2608 0008 1A68     		ldr	r2, [r3]
 2609              		.loc 1 1622 73 view .LVU846
 2610 000a C2F30622 		ubfx	r2, r2, #8, #7
 2611              		.loc 1 1622 39 view .LVU847
 2612 000e 4260     		str	r2, [r0, #4]
1623:Drivers/STM32G4xx_HAL_Driver/Src/stm32g4xx_hal_rcc_ex.c **** 
1624:Drivers/STM32G4xx_HAL_Driver/Src/stm32g4xx_hal_rcc_ex.c ****   /* Get Frequency error capture */
1625:Drivers/STM32G4xx_HAL_Driver/Src/stm32g4xx_hal_rcc_ex.c ****   pSynchroInfo->FreqErrorCapture = (READ_BIT(CRS->ISR, CRS_ISR_FECAP) >> CRS_ISR_FECAP_Pos);
 2613              		.loc 1 1625 3 is_stmt 1 view .LVU848
 2614              		.loc 1 1625 37 is_stmt 0 view .LVU849
 2615 0010 9A68     		ldr	r2, [r3, #8]
 2616              		.loc 1 1625 71 view .LVU850
 2617 0012 120C     		lsrs	r2, r2, #16
 2618              		.loc 1 1625 34 view .LVU851
 2619 0014 8260     		str	r2, [r0, #8]
1626:Drivers/STM32G4xx_HAL_Driver/Src/stm32g4xx_hal_rcc_ex.c **** 
1627:Drivers/STM32G4xx_HAL_Driver/Src/stm32g4xx_hal_rcc_ex.c ****   /* Get Frequency error direction */
1628:Drivers/STM32G4xx_HAL_Driver/Src/stm32g4xx_hal_rcc_ex.c ****   pSynchroInfo->FreqErrorDirection = (READ_BIT(CRS->ISR, CRS_ISR_FEDIR));
 2620              		.loc 1 1628 3 is_stmt 1 view .LVU852
 2621              		.loc 1 1628 39 is_stmt 0 view .LVU853
 2622 0016 9B68     		ldr	r3, [r3, #8]
 2623 0018 03F40043 		and	r3, r3, #32768
 2624              		.loc 1 1628 36 view .LVU854
 2625 001c C360     		str	r3, [r0, #12]
1629:Drivers/STM32G4xx_HAL_Driver/Src/stm32g4xx_hal_rcc_ex.c **** }
 2626              		.loc 1 1629 1 view .LVU855
 2627 001e 7047     		bx	lr
 2628              	.L224:
 2629              		.align	2
 2630              	.L223:
 2631 0020 00200040 		.word	1073750016
 2632              		.cfi_endproc
 2633              	.LFE144:
 2635              		.section	.text.HAL_RCCEx_CRSWaitSynchronization,"ax",%progbits
 2636              		.align	1
 2637              		.global	HAL_RCCEx_CRSWaitSynchronization
 2638              		.syntax unified
 2639              		.thumb
 2640              		.thumb_func
 2642              	HAL_RCCEx_CRSWaitSynchronization:
 2643              	.LVL264:
 2644              	.LFB145:
1630:Drivers/STM32G4xx_HAL_Driver/Src/stm32g4xx_hal_rcc_ex.c **** 
1631:Drivers/STM32G4xx_HAL_Driver/Src/stm32g4xx_hal_rcc_ex.c **** /**
1632:Drivers/STM32G4xx_HAL_Driver/Src/stm32g4xx_hal_rcc_ex.c **** * @brief Wait for CRS Synchronization status.
1633:Drivers/STM32G4xx_HAL_Driver/Src/stm32g4xx_hal_rcc_ex.c **** * @param Timeout  Duration of the timeout
ARM GAS  C:\Users\MyPC\AppData\Local\Temp\ccvsQKSL.s 			page 84


1634:Drivers/STM32G4xx_HAL_Driver/Src/stm32g4xx_hal_rcc_ex.c **** * @note  Timeout is based on the maximum time to receive a SYNC event based on synchronization
1635:Drivers/STM32G4xx_HAL_Driver/Src/stm32g4xx_hal_rcc_ex.c **** *        frequency.
1636:Drivers/STM32G4xx_HAL_Driver/Src/stm32g4xx_hal_rcc_ex.c **** * @note    If Timeout set to HAL_MAX_DELAY, HAL_TIMEOUT will be never returned.
1637:Drivers/STM32G4xx_HAL_Driver/Src/stm32g4xx_hal_rcc_ex.c **** * @retval Combination of Synchronization status
1638:Drivers/STM32G4xx_HAL_Driver/Src/stm32g4xx_hal_rcc_ex.c **** *          This parameter can be a combination of the following values:
1639:Drivers/STM32G4xx_HAL_Driver/Src/stm32g4xx_hal_rcc_ex.c **** *            @arg @ref RCC_CRS_TIMEOUT
1640:Drivers/STM32G4xx_HAL_Driver/Src/stm32g4xx_hal_rcc_ex.c **** *            @arg @ref RCC_CRS_SYNCOK
1641:Drivers/STM32G4xx_HAL_Driver/Src/stm32g4xx_hal_rcc_ex.c **** *            @arg @ref RCC_CRS_SYNCWARN
1642:Drivers/STM32G4xx_HAL_Driver/Src/stm32g4xx_hal_rcc_ex.c **** *            @arg @ref RCC_CRS_SYNCERR
1643:Drivers/STM32G4xx_HAL_Driver/Src/stm32g4xx_hal_rcc_ex.c **** *            @arg @ref RCC_CRS_SYNCMISS
1644:Drivers/STM32G4xx_HAL_Driver/Src/stm32g4xx_hal_rcc_ex.c **** *            @arg @ref RCC_CRS_TRIMOVF
1645:Drivers/STM32G4xx_HAL_Driver/Src/stm32g4xx_hal_rcc_ex.c **** */
1646:Drivers/STM32G4xx_HAL_Driver/Src/stm32g4xx_hal_rcc_ex.c **** uint32_t HAL_RCCEx_CRSWaitSynchronization(uint32_t Timeout)
1647:Drivers/STM32G4xx_HAL_Driver/Src/stm32g4xx_hal_rcc_ex.c **** {
 2645              		.loc 1 1647 1 is_stmt 1 view -0
 2646              		.cfi_startproc
 2647              		@ args = 0, pretend = 0, frame = 0
 2648              		@ frame_needed = 0, uses_anonymous_args = 0
 2649              		.loc 1 1647 1 is_stmt 0 view .LVU857
 2650 0000 70B5     		push	{r4, r5, r6, lr}
 2651              	.LCFI14:
 2652              		.cfi_def_cfa_offset 16
 2653              		.cfi_offset 4, -16
 2654              		.cfi_offset 5, -12
 2655              		.cfi_offset 6, -8
 2656              		.cfi_offset 14, -4
 2657 0002 0546     		mov	r5, r0
1648:Drivers/STM32G4xx_HAL_Driver/Src/stm32g4xx_hal_rcc_ex.c ****   uint32_t crsstatus = RCC_CRS_NONE;
 2658              		.loc 1 1648 3 is_stmt 1 view .LVU858
 2659              	.LVL265:
1649:Drivers/STM32G4xx_HAL_Driver/Src/stm32g4xx_hal_rcc_ex.c ****   uint32_t tickstart;
 2660              		.loc 1 1649 3 view .LVU859
1650:Drivers/STM32G4xx_HAL_Driver/Src/stm32g4xx_hal_rcc_ex.c **** 
1651:Drivers/STM32G4xx_HAL_Driver/Src/stm32g4xx_hal_rcc_ex.c ****   /* Get timeout */
1652:Drivers/STM32G4xx_HAL_Driver/Src/stm32g4xx_hal_rcc_ex.c ****   tickstart = HAL_GetTick();
 2661              		.loc 1 1652 3 view .LVU860
 2662              		.loc 1 1652 15 is_stmt 0 view .LVU861
 2663 0004 FFF7FEFF 		bl	HAL_GetTick
 2664              	.LVL266:
 2665              		.loc 1 1652 15 view .LVU862
 2666 0008 0646     		mov	r6, r0
 2667              	.LVL267:
1648:Drivers/STM32G4xx_HAL_Driver/Src/stm32g4xx_hal_rcc_ex.c ****   uint32_t tickstart;
 2668              		.loc 1 1648 12 view .LVU863
 2669 000a 0024     		movs	r4, #0
 2670 000c 0BE0     		b	.L233
 2671              	.LVL268:
 2672              	.L238:
1653:Drivers/STM32G4xx_HAL_Driver/Src/stm32g4xx_hal_rcc_ex.c **** 
1654:Drivers/STM32G4xx_HAL_Driver/Src/stm32g4xx_hal_rcc_ex.c ****   /* Wait for CRS flag or timeout detection */
1655:Drivers/STM32G4xx_HAL_Driver/Src/stm32g4xx_hal_rcc_ex.c ****   do
1656:Drivers/STM32G4xx_HAL_Driver/Src/stm32g4xx_hal_rcc_ex.c ****   {
1657:Drivers/STM32G4xx_HAL_Driver/Src/stm32g4xx_hal_rcc_ex.c ****     if(Timeout != HAL_MAX_DELAY)
1658:Drivers/STM32G4xx_HAL_Driver/Src/stm32g4xx_hal_rcc_ex.c ****     {
1659:Drivers/STM32G4xx_HAL_Driver/Src/stm32g4xx_hal_rcc_ex.c ****       if(((HAL_GetTick() - tickstart) > Timeout) || (Timeout == 0U))
 2673              		.loc 1 1659 7 is_stmt 1 view .LVU864
 2674              		.loc 1 1659 12 is_stmt 0 view .LVU865
ARM GAS  C:\Users\MyPC\AppData\Local\Temp\ccvsQKSL.s 			page 85


 2675 000e FFF7FEFF 		bl	HAL_GetTick
 2676              	.LVL269:
 2677              		.loc 1 1659 26 discriminator 1 view .LVU866
 2678 0012 801B     		subs	r0, r0, r6
 2679              		.loc 1 1659 9 discriminator 1 view .LVU867
 2680 0014 A842     		cmp	r0, r5
 2681 0016 02D8     		bhi	.L234
 2682              		.loc 1 1659 50 discriminator 2 view .LVU868
 2683 0018 45B9     		cbnz	r5, .L226
1660:Drivers/STM32G4xx_HAL_Driver/Src/stm32g4xx_hal_rcc_ex.c ****       {
1661:Drivers/STM32G4xx_HAL_Driver/Src/stm32g4xx_hal_rcc_ex.c ****         crsstatus = RCC_CRS_TIMEOUT;
 2684              		.loc 1 1661 19 view .LVU869
 2685 001a 0124     		movs	r4, #1
 2686              	.LVL270:
 2687              		.loc 1 1661 19 view .LVU870
 2688 001c 06E0     		b	.L226
 2689              	.LVL271:
 2690              	.L234:
 2691              		.loc 1 1661 19 view .LVU871
 2692 001e 0124     		movs	r4, #1
 2693              	.LVL272:
 2694              		.loc 1 1661 19 view .LVU872
 2695 0020 04E0     		b	.L226
 2696              	.LVL273:
 2697              	.L232:
1662:Drivers/STM32G4xx_HAL_Driver/Src/stm32g4xx_hal_rcc_ex.c ****       }
1663:Drivers/STM32G4xx_HAL_Driver/Src/stm32g4xx_hal_rcc_ex.c ****     }
1664:Drivers/STM32G4xx_HAL_Driver/Src/stm32g4xx_hal_rcc_ex.c ****     /* Check CRS SYNCOK flag  */
1665:Drivers/STM32G4xx_HAL_Driver/Src/stm32g4xx_hal_rcc_ex.c ****     if(__HAL_RCC_CRS_GET_FLAG(RCC_CRS_FLAG_SYNCOK))
1666:Drivers/STM32G4xx_HAL_Driver/Src/stm32g4xx_hal_rcc_ex.c ****     {
1667:Drivers/STM32G4xx_HAL_Driver/Src/stm32g4xx_hal_rcc_ex.c ****       /* CRS SYNC event OK */
1668:Drivers/STM32G4xx_HAL_Driver/Src/stm32g4xx_hal_rcc_ex.c ****       crsstatus |= RCC_CRS_SYNCOK;
1669:Drivers/STM32G4xx_HAL_Driver/Src/stm32g4xx_hal_rcc_ex.c **** 
1670:Drivers/STM32G4xx_HAL_Driver/Src/stm32g4xx_hal_rcc_ex.c ****       /* Clear CRS SYNC event OK bit */
1671:Drivers/STM32G4xx_HAL_Driver/Src/stm32g4xx_hal_rcc_ex.c ****       __HAL_RCC_CRS_CLEAR_FLAG(RCC_CRS_FLAG_SYNCOK);
1672:Drivers/STM32G4xx_HAL_Driver/Src/stm32g4xx_hal_rcc_ex.c ****     }
1673:Drivers/STM32G4xx_HAL_Driver/Src/stm32g4xx_hal_rcc_ex.c **** 
1674:Drivers/STM32G4xx_HAL_Driver/Src/stm32g4xx_hal_rcc_ex.c ****     /* Check CRS SYNCWARN flag  */
1675:Drivers/STM32G4xx_HAL_Driver/Src/stm32g4xx_hal_rcc_ex.c ****     if(__HAL_RCC_CRS_GET_FLAG(RCC_CRS_FLAG_SYNCWARN))
1676:Drivers/STM32G4xx_HAL_Driver/Src/stm32g4xx_hal_rcc_ex.c ****     {
1677:Drivers/STM32G4xx_HAL_Driver/Src/stm32g4xx_hal_rcc_ex.c ****       /* CRS SYNC warning */
1678:Drivers/STM32G4xx_HAL_Driver/Src/stm32g4xx_hal_rcc_ex.c ****       crsstatus |= RCC_CRS_SYNCWARN;
1679:Drivers/STM32G4xx_HAL_Driver/Src/stm32g4xx_hal_rcc_ex.c **** 
1680:Drivers/STM32G4xx_HAL_Driver/Src/stm32g4xx_hal_rcc_ex.c ****       /* Clear CRS SYNCWARN bit */
1681:Drivers/STM32G4xx_HAL_Driver/Src/stm32g4xx_hal_rcc_ex.c ****       __HAL_RCC_CRS_CLEAR_FLAG(RCC_CRS_FLAG_SYNCWARN);
1682:Drivers/STM32G4xx_HAL_Driver/Src/stm32g4xx_hal_rcc_ex.c ****     }
1683:Drivers/STM32G4xx_HAL_Driver/Src/stm32g4xx_hal_rcc_ex.c **** 
1684:Drivers/STM32G4xx_HAL_Driver/Src/stm32g4xx_hal_rcc_ex.c ****     /* Check CRS TRIM overflow flag  */
1685:Drivers/STM32G4xx_HAL_Driver/Src/stm32g4xx_hal_rcc_ex.c ****     if(__HAL_RCC_CRS_GET_FLAG(RCC_CRS_FLAG_TRIMOVF))
1686:Drivers/STM32G4xx_HAL_Driver/Src/stm32g4xx_hal_rcc_ex.c ****     {
1687:Drivers/STM32G4xx_HAL_Driver/Src/stm32g4xx_hal_rcc_ex.c ****       /* CRS SYNC Error */
1688:Drivers/STM32G4xx_HAL_Driver/Src/stm32g4xx_hal_rcc_ex.c ****       crsstatus |= RCC_CRS_TRIMOVF;
1689:Drivers/STM32G4xx_HAL_Driver/Src/stm32g4xx_hal_rcc_ex.c **** 
1690:Drivers/STM32G4xx_HAL_Driver/Src/stm32g4xx_hal_rcc_ex.c ****       /* Clear CRS Error bit */
1691:Drivers/STM32G4xx_HAL_Driver/Src/stm32g4xx_hal_rcc_ex.c ****       __HAL_RCC_CRS_CLEAR_FLAG(RCC_CRS_FLAG_TRIMOVF);
1692:Drivers/STM32G4xx_HAL_Driver/Src/stm32g4xx_hal_rcc_ex.c ****     }
1693:Drivers/STM32G4xx_HAL_Driver/Src/stm32g4xx_hal_rcc_ex.c **** 
ARM GAS  C:\Users\MyPC\AppData\Local\Temp\ccvsQKSL.s 			page 86


1694:Drivers/STM32G4xx_HAL_Driver/Src/stm32g4xx_hal_rcc_ex.c ****     /* Check CRS Error flag  */
1695:Drivers/STM32G4xx_HAL_Driver/Src/stm32g4xx_hal_rcc_ex.c ****     if(__HAL_RCC_CRS_GET_FLAG(RCC_CRS_FLAG_SYNCERR))
1696:Drivers/STM32G4xx_HAL_Driver/Src/stm32g4xx_hal_rcc_ex.c ****     {
1697:Drivers/STM32G4xx_HAL_Driver/Src/stm32g4xx_hal_rcc_ex.c ****       /* CRS SYNC Error */
1698:Drivers/STM32G4xx_HAL_Driver/Src/stm32g4xx_hal_rcc_ex.c ****       crsstatus |= RCC_CRS_SYNCERR;
1699:Drivers/STM32G4xx_HAL_Driver/Src/stm32g4xx_hal_rcc_ex.c **** 
1700:Drivers/STM32G4xx_HAL_Driver/Src/stm32g4xx_hal_rcc_ex.c ****       /* Clear CRS Error bit */
1701:Drivers/STM32G4xx_HAL_Driver/Src/stm32g4xx_hal_rcc_ex.c ****       __HAL_RCC_CRS_CLEAR_FLAG(RCC_CRS_FLAG_SYNCERR);
1702:Drivers/STM32G4xx_HAL_Driver/Src/stm32g4xx_hal_rcc_ex.c ****     }
1703:Drivers/STM32G4xx_HAL_Driver/Src/stm32g4xx_hal_rcc_ex.c **** 
1704:Drivers/STM32G4xx_HAL_Driver/Src/stm32g4xx_hal_rcc_ex.c ****     /* Check CRS SYNC Missed flag  */
1705:Drivers/STM32G4xx_HAL_Driver/Src/stm32g4xx_hal_rcc_ex.c ****     if(__HAL_RCC_CRS_GET_FLAG(RCC_CRS_FLAG_SYNCMISS))
1706:Drivers/STM32G4xx_HAL_Driver/Src/stm32g4xx_hal_rcc_ex.c ****     {
1707:Drivers/STM32G4xx_HAL_Driver/Src/stm32g4xx_hal_rcc_ex.c ****       /* CRS SYNC Missed */
1708:Drivers/STM32G4xx_HAL_Driver/Src/stm32g4xx_hal_rcc_ex.c ****       crsstatus |= RCC_CRS_SYNCMISS;
1709:Drivers/STM32G4xx_HAL_Driver/Src/stm32g4xx_hal_rcc_ex.c **** 
1710:Drivers/STM32G4xx_HAL_Driver/Src/stm32g4xx_hal_rcc_ex.c ****       /* Clear CRS SYNC Missed bit */
1711:Drivers/STM32G4xx_HAL_Driver/Src/stm32g4xx_hal_rcc_ex.c ****       __HAL_RCC_CRS_CLEAR_FLAG(RCC_CRS_FLAG_SYNCMISS);
1712:Drivers/STM32G4xx_HAL_Driver/Src/stm32g4xx_hal_rcc_ex.c ****     }
1713:Drivers/STM32G4xx_HAL_Driver/Src/stm32g4xx_hal_rcc_ex.c **** 
1714:Drivers/STM32G4xx_HAL_Driver/Src/stm32g4xx_hal_rcc_ex.c ****     /* Check CRS Expected SYNC flag  */
1715:Drivers/STM32G4xx_HAL_Driver/Src/stm32g4xx_hal_rcc_ex.c ****     if(__HAL_RCC_CRS_GET_FLAG(RCC_CRS_FLAG_ESYNC))
1716:Drivers/STM32G4xx_HAL_Driver/Src/stm32g4xx_hal_rcc_ex.c ****     {
1717:Drivers/STM32G4xx_HAL_Driver/Src/stm32g4xx_hal_rcc_ex.c ****       /* frequency error counter reached a zero value */
1718:Drivers/STM32G4xx_HAL_Driver/Src/stm32g4xx_hal_rcc_ex.c ****       __HAL_RCC_CRS_CLEAR_FLAG(RCC_CRS_FLAG_ESYNC);
 2698              		.loc 1 1718 7 is_stmt 1 view .LVU873
1719:Drivers/STM32G4xx_HAL_Driver/Src/stm32g4xx_hal_rcc_ex.c ****     }
1720:Drivers/STM32G4xx_HAL_Driver/Src/stm32g4xx_hal_rcc_ex.c ****   } while(RCC_CRS_NONE == crsstatus);
 2699              		.loc 1 1720 24 view .LVU874
 2700 0022 002C     		cmp	r4, #0
 2701 0024 3DD1     		bne	.L237
 2702              	.LVL274:
 2703              	.L233:
1655:Drivers/STM32G4xx_HAL_Driver/Src/stm32g4xx_hal_rcc_ex.c ****   {
 2704              		.loc 1 1655 3 view .LVU875
1657:Drivers/STM32G4xx_HAL_Driver/Src/stm32g4xx_hal_rcc_ex.c ****     {
 2705              		.loc 1 1657 5 view .LVU876
1657:Drivers/STM32G4xx_HAL_Driver/Src/stm32g4xx_hal_rcc_ex.c ****     {
 2706              		.loc 1 1657 7 is_stmt 0 view .LVU877
 2707 0026 B5F1FF3F 		cmp	r5, #-1
 2708 002a F0D1     		bne	.L238
 2709              	.LVL275:
 2710              	.L226:
1665:Drivers/STM32G4xx_HAL_Driver/Src/stm32g4xx_hal_rcc_ex.c ****     {
 2711              		.loc 1 1665 5 is_stmt 1 view .LVU878
1665:Drivers/STM32G4xx_HAL_Driver/Src/stm32g4xx_hal_rcc_ex.c ****     {
 2712              		.loc 1 1665 8 is_stmt 0 view .LVU879
 2713 002c 1E4B     		ldr	r3, .L239
 2714 002e 9B68     		ldr	r3, [r3, #8]
1665:Drivers/STM32G4xx_HAL_Driver/Src/stm32g4xx_hal_rcc_ex.c ****     {
 2715              		.loc 1 1665 7 view .LVU880
 2716 0030 13F0010F 		tst	r3, #1
 2717 0034 04D0     		beq	.L227
1668:Drivers/STM32G4xx_HAL_Driver/Src/stm32g4xx_hal_rcc_ex.c **** 
 2718              		.loc 1 1668 7 is_stmt 1 view .LVU881
1668:Drivers/STM32G4xx_HAL_Driver/Src/stm32g4xx_hal_rcc_ex.c **** 
 2719              		.loc 1 1668 17 is_stmt 0 view .LVU882
ARM GAS  C:\Users\MyPC\AppData\Local\Temp\ccvsQKSL.s 			page 87


 2720 0036 44F00204 		orr	r4, r4, #2
 2721              	.LVL276:
1671:Drivers/STM32G4xx_HAL_Driver/Src/stm32g4xx_hal_rcc_ex.c ****     }
 2722              		.loc 1 1671 7 is_stmt 1 view .LVU883
1671:Drivers/STM32G4xx_HAL_Driver/Src/stm32g4xx_hal_rcc_ex.c ****     }
 2723              		.loc 1 1671 7 view .LVU884
1671:Drivers/STM32G4xx_HAL_Driver/Src/stm32g4xx_hal_rcc_ex.c ****     }
 2724              		.loc 1 1671 7 discriminator 2 view .LVU885
 2725 003a 1B4B     		ldr	r3, .L239
 2726 003c 0122     		movs	r2, #1
 2727 003e DA60     		str	r2, [r3, #12]
 2728              	.L227:
1671:Drivers/STM32G4xx_HAL_Driver/Src/stm32g4xx_hal_rcc_ex.c ****     }
 2729              		.loc 1 1671 7 view .LVU886
1675:Drivers/STM32G4xx_HAL_Driver/Src/stm32g4xx_hal_rcc_ex.c ****     {
 2730              		.loc 1 1675 5 view .LVU887
1675:Drivers/STM32G4xx_HAL_Driver/Src/stm32g4xx_hal_rcc_ex.c ****     {
 2731              		.loc 1 1675 8 is_stmt 0 view .LVU888
 2732 0040 194B     		ldr	r3, .L239
 2733 0042 9B68     		ldr	r3, [r3, #8]
1675:Drivers/STM32G4xx_HAL_Driver/Src/stm32g4xx_hal_rcc_ex.c ****     {
 2734              		.loc 1 1675 7 view .LVU889
 2735 0044 13F0020F 		tst	r3, #2
 2736 0048 04D0     		beq	.L228
1678:Drivers/STM32G4xx_HAL_Driver/Src/stm32g4xx_hal_rcc_ex.c **** 
 2737              		.loc 1 1678 7 is_stmt 1 view .LVU890
1678:Drivers/STM32G4xx_HAL_Driver/Src/stm32g4xx_hal_rcc_ex.c **** 
 2738              		.loc 1 1678 17 is_stmt 0 view .LVU891
 2739 004a 44F00404 		orr	r4, r4, #4
 2740              	.LVL277:
1681:Drivers/STM32G4xx_HAL_Driver/Src/stm32g4xx_hal_rcc_ex.c ****     }
 2741              		.loc 1 1681 7 is_stmt 1 view .LVU892
1681:Drivers/STM32G4xx_HAL_Driver/Src/stm32g4xx_hal_rcc_ex.c ****     }
 2742              		.loc 1 1681 7 view .LVU893
1681:Drivers/STM32G4xx_HAL_Driver/Src/stm32g4xx_hal_rcc_ex.c ****     }
 2743              		.loc 1 1681 7 discriminator 2 view .LVU894
 2744 004e 164B     		ldr	r3, .L239
 2745 0050 0222     		movs	r2, #2
 2746 0052 DA60     		str	r2, [r3, #12]
 2747              	.L228:
1681:Drivers/STM32G4xx_HAL_Driver/Src/stm32g4xx_hal_rcc_ex.c ****     }
 2748              		.loc 1 1681 7 view .LVU895
1685:Drivers/STM32G4xx_HAL_Driver/Src/stm32g4xx_hal_rcc_ex.c ****     {
 2749              		.loc 1 1685 5 view .LVU896
1685:Drivers/STM32G4xx_HAL_Driver/Src/stm32g4xx_hal_rcc_ex.c ****     {
 2750              		.loc 1 1685 8 is_stmt 0 view .LVU897
 2751 0054 144B     		ldr	r3, .L239
 2752 0056 9B68     		ldr	r3, [r3, #8]
1685:Drivers/STM32G4xx_HAL_Driver/Src/stm32g4xx_hal_rcc_ex.c ****     {
 2753              		.loc 1 1685 7 view .LVU898
 2754 0058 13F4806F 		tst	r3, #1024
 2755 005c 04D0     		beq	.L229
1688:Drivers/STM32G4xx_HAL_Driver/Src/stm32g4xx_hal_rcc_ex.c **** 
 2756              		.loc 1 1688 7 is_stmt 1 view .LVU899
1688:Drivers/STM32G4xx_HAL_Driver/Src/stm32g4xx_hal_rcc_ex.c **** 
 2757              		.loc 1 1688 17 is_stmt 0 view .LVU900
 2758 005e 44F02004 		orr	r4, r4, #32
ARM GAS  C:\Users\MyPC\AppData\Local\Temp\ccvsQKSL.s 			page 88


 2759              	.LVL278:
1691:Drivers/STM32G4xx_HAL_Driver/Src/stm32g4xx_hal_rcc_ex.c ****     }
 2760              		.loc 1 1691 7 is_stmt 1 view .LVU901
1691:Drivers/STM32G4xx_HAL_Driver/Src/stm32g4xx_hal_rcc_ex.c ****     }
 2761              		.loc 1 1691 7 view .LVU902
1691:Drivers/STM32G4xx_HAL_Driver/Src/stm32g4xx_hal_rcc_ex.c ****     }
 2762              		.loc 1 1691 7 discriminator 1 view .LVU903
 2763 0062 114B     		ldr	r3, .L239
 2764 0064 0422     		movs	r2, #4
 2765 0066 DA60     		str	r2, [r3, #12]
 2766              	.L229:
1691:Drivers/STM32G4xx_HAL_Driver/Src/stm32g4xx_hal_rcc_ex.c ****     }
 2767              		.loc 1 1691 7 view .LVU904
1695:Drivers/STM32G4xx_HAL_Driver/Src/stm32g4xx_hal_rcc_ex.c ****     {
 2768              		.loc 1 1695 5 view .LVU905
1695:Drivers/STM32G4xx_HAL_Driver/Src/stm32g4xx_hal_rcc_ex.c ****     {
 2769              		.loc 1 1695 8 is_stmt 0 view .LVU906
 2770 0068 0F4B     		ldr	r3, .L239
 2771 006a 9B68     		ldr	r3, [r3, #8]
1695:Drivers/STM32G4xx_HAL_Driver/Src/stm32g4xx_hal_rcc_ex.c ****     {
 2772              		.loc 1 1695 7 view .LVU907
 2773 006c 13F4807F 		tst	r3, #256
 2774 0070 04D0     		beq	.L230
1698:Drivers/STM32G4xx_HAL_Driver/Src/stm32g4xx_hal_rcc_ex.c **** 
 2775              		.loc 1 1698 7 is_stmt 1 view .LVU908
1698:Drivers/STM32G4xx_HAL_Driver/Src/stm32g4xx_hal_rcc_ex.c **** 
 2776              		.loc 1 1698 17 is_stmt 0 view .LVU909
 2777 0072 44F00804 		orr	r4, r4, #8
 2778              	.LVL279:
1701:Drivers/STM32G4xx_HAL_Driver/Src/stm32g4xx_hal_rcc_ex.c ****     }
 2779              		.loc 1 1701 7 is_stmt 1 view .LVU910
1701:Drivers/STM32G4xx_HAL_Driver/Src/stm32g4xx_hal_rcc_ex.c ****     }
 2780              		.loc 1 1701 7 view .LVU911
1701:Drivers/STM32G4xx_HAL_Driver/Src/stm32g4xx_hal_rcc_ex.c ****     }
 2781              		.loc 1 1701 7 discriminator 1 view .LVU912
 2782 0076 0C4B     		ldr	r3, .L239
 2783 0078 0422     		movs	r2, #4
 2784 007a DA60     		str	r2, [r3, #12]
 2785              	.L230:
1701:Drivers/STM32G4xx_HAL_Driver/Src/stm32g4xx_hal_rcc_ex.c ****     }
 2786              		.loc 1 1701 7 view .LVU913
1705:Drivers/STM32G4xx_HAL_Driver/Src/stm32g4xx_hal_rcc_ex.c ****     {
 2787              		.loc 1 1705 5 view .LVU914
1705:Drivers/STM32G4xx_HAL_Driver/Src/stm32g4xx_hal_rcc_ex.c ****     {
 2788              		.loc 1 1705 8 is_stmt 0 view .LVU915
 2789 007c 0A4B     		ldr	r3, .L239
 2790 007e 9B68     		ldr	r3, [r3, #8]
1705:Drivers/STM32G4xx_HAL_Driver/Src/stm32g4xx_hal_rcc_ex.c ****     {
 2791              		.loc 1 1705 7 view .LVU916
 2792 0080 13F4007F 		tst	r3, #512
 2793 0084 04D0     		beq	.L231
1708:Drivers/STM32G4xx_HAL_Driver/Src/stm32g4xx_hal_rcc_ex.c **** 
 2794              		.loc 1 1708 7 is_stmt 1 view .LVU917
1708:Drivers/STM32G4xx_HAL_Driver/Src/stm32g4xx_hal_rcc_ex.c **** 
 2795              		.loc 1 1708 17 is_stmt 0 view .LVU918
 2796 0086 44F01004 		orr	r4, r4, #16
 2797              	.LVL280:
ARM GAS  C:\Users\MyPC\AppData\Local\Temp\ccvsQKSL.s 			page 89


1711:Drivers/STM32G4xx_HAL_Driver/Src/stm32g4xx_hal_rcc_ex.c ****     }
 2798              		.loc 1 1711 7 is_stmt 1 view .LVU919
1711:Drivers/STM32G4xx_HAL_Driver/Src/stm32g4xx_hal_rcc_ex.c ****     }
 2799              		.loc 1 1711 7 view .LVU920
1711:Drivers/STM32G4xx_HAL_Driver/Src/stm32g4xx_hal_rcc_ex.c ****     }
 2800              		.loc 1 1711 7 discriminator 1 view .LVU921
 2801 008a 074B     		ldr	r3, .L239
 2802 008c 0422     		movs	r2, #4
 2803 008e DA60     		str	r2, [r3, #12]
 2804              	.L231:
1711:Drivers/STM32G4xx_HAL_Driver/Src/stm32g4xx_hal_rcc_ex.c ****     }
 2805              		.loc 1 1711 7 view .LVU922
1715:Drivers/STM32G4xx_HAL_Driver/Src/stm32g4xx_hal_rcc_ex.c ****     {
 2806              		.loc 1 1715 5 view .LVU923
1715:Drivers/STM32G4xx_HAL_Driver/Src/stm32g4xx_hal_rcc_ex.c ****     {
 2807              		.loc 1 1715 8 is_stmt 0 view .LVU924
 2808 0090 054B     		ldr	r3, .L239
 2809 0092 9B68     		ldr	r3, [r3, #8]
1715:Drivers/STM32G4xx_HAL_Driver/Src/stm32g4xx_hal_rcc_ex.c ****     {
 2810              		.loc 1 1715 7 view .LVU925
 2811 0094 13F0080F 		tst	r3, #8
 2812 0098 C3D0     		beq	.L232
1718:Drivers/STM32G4xx_HAL_Driver/Src/stm32g4xx_hal_rcc_ex.c ****     }
 2813              		.loc 1 1718 7 is_stmt 1 view .LVU926
1718:Drivers/STM32G4xx_HAL_Driver/Src/stm32g4xx_hal_rcc_ex.c ****     }
 2814              		.loc 1 1718 7 view .LVU927
1718:Drivers/STM32G4xx_HAL_Driver/Src/stm32g4xx_hal_rcc_ex.c ****     }
 2815              		.loc 1 1718 7 discriminator 2 view .LVU928
 2816 009a 034B     		ldr	r3, .L239
 2817 009c 0822     		movs	r2, #8
 2818 009e DA60     		str	r2, [r3, #12]
 2819 00a0 BFE7     		b	.L232
 2820              	.L237:
1721:Drivers/STM32G4xx_HAL_Driver/Src/stm32g4xx_hal_rcc_ex.c **** 
1722:Drivers/STM32G4xx_HAL_Driver/Src/stm32g4xx_hal_rcc_ex.c ****   return crsstatus;
 2821              		.loc 1 1722 3 view .LVU929
1723:Drivers/STM32G4xx_HAL_Driver/Src/stm32g4xx_hal_rcc_ex.c **** }
 2822              		.loc 1 1723 1 is_stmt 0 view .LVU930
 2823 00a2 2046     		mov	r0, r4
 2824 00a4 70BD     		pop	{r4, r5, r6, pc}
 2825              	.LVL281:
 2826              	.L240:
 2827              		.loc 1 1723 1 view .LVU931
 2828 00a6 00BF     		.align	2
 2829              	.L239:
 2830 00a8 00200040 		.word	1073750016
 2831              		.cfi_endproc
 2832              	.LFE145:
 2834              		.section	.text.HAL_RCCEx_CRS_SyncOkCallback,"ax",%progbits
 2835              		.align	1
 2836              		.weak	HAL_RCCEx_CRS_SyncOkCallback
 2837              		.syntax unified
 2838              		.thumb
 2839              		.thumb_func
 2841              	HAL_RCCEx_CRS_SyncOkCallback:
 2842              	.LFB147:
1724:Drivers/STM32G4xx_HAL_Driver/Src/stm32g4xx_hal_rcc_ex.c **** 
ARM GAS  C:\Users\MyPC\AppData\Local\Temp\ccvsQKSL.s 			page 90


1725:Drivers/STM32G4xx_HAL_Driver/Src/stm32g4xx_hal_rcc_ex.c **** /**
1726:Drivers/STM32G4xx_HAL_Driver/Src/stm32g4xx_hal_rcc_ex.c ****   * @brief Handle the Clock Recovery System interrupt request.
1727:Drivers/STM32G4xx_HAL_Driver/Src/stm32g4xx_hal_rcc_ex.c ****   * @retval None
1728:Drivers/STM32G4xx_HAL_Driver/Src/stm32g4xx_hal_rcc_ex.c ****   */
1729:Drivers/STM32G4xx_HAL_Driver/Src/stm32g4xx_hal_rcc_ex.c **** void HAL_RCCEx_CRS_IRQHandler(void)
1730:Drivers/STM32G4xx_HAL_Driver/Src/stm32g4xx_hal_rcc_ex.c **** {
1731:Drivers/STM32G4xx_HAL_Driver/Src/stm32g4xx_hal_rcc_ex.c ****   uint32_t crserror = RCC_CRS_NONE;
1732:Drivers/STM32G4xx_HAL_Driver/Src/stm32g4xx_hal_rcc_ex.c ****   /* Get current IT flags and IT sources values */
1733:Drivers/STM32G4xx_HAL_Driver/Src/stm32g4xx_hal_rcc_ex.c ****   uint32_t itflags = READ_REG(CRS->ISR);
1734:Drivers/STM32G4xx_HAL_Driver/Src/stm32g4xx_hal_rcc_ex.c ****   uint32_t itsources = READ_REG(CRS->CR);
1735:Drivers/STM32G4xx_HAL_Driver/Src/stm32g4xx_hal_rcc_ex.c **** 
1736:Drivers/STM32G4xx_HAL_Driver/Src/stm32g4xx_hal_rcc_ex.c ****   /* Check CRS SYNCOK flag  */
1737:Drivers/STM32G4xx_HAL_Driver/Src/stm32g4xx_hal_rcc_ex.c ****   if(((itflags & RCC_CRS_FLAG_SYNCOK) != 0U) && ((itsources & RCC_CRS_IT_SYNCOK) != 0U))
1738:Drivers/STM32G4xx_HAL_Driver/Src/stm32g4xx_hal_rcc_ex.c ****   {
1739:Drivers/STM32G4xx_HAL_Driver/Src/stm32g4xx_hal_rcc_ex.c ****     /* Clear CRS SYNC event OK flag */
1740:Drivers/STM32G4xx_HAL_Driver/Src/stm32g4xx_hal_rcc_ex.c ****     WRITE_REG(CRS->ICR, CRS_ICR_SYNCOKC);
1741:Drivers/STM32G4xx_HAL_Driver/Src/stm32g4xx_hal_rcc_ex.c **** 
1742:Drivers/STM32G4xx_HAL_Driver/Src/stm32g4xx_hal_rcc_ex.c ****     /* user callback */
1743:Drivers/STM32G4xx_HAL_Driver/Src/stm32g4xx_hal_rcc_ex.c ****     HAL_RCCEx_CRS_SyncOkCallback();
1744:Drivers/STM32G4xx_HAL_Driver/Src/stm32g4xx_hal_rcc_ex.c ****   }
1745:Drivers/STM32G4xx_HAL_Driver/Src/stm32g4xx_hal_rcc_ex.c ****   /* Check CRS SYNCWARN flag  */
1746:Drivers/STM32G4xx_HAL_Driver/Src/stm32g4xx_hal_rcc_ex.c ****   else if(((itflags & RCC_CRS_FLAG_SYNCWARN) != 0U) && ((itsources & RCC_CRS_IT_SYNCWARN) != 0U))
1747:Drivers/STM32G4xx_HAL_Driver/Src/stm32g4xx_hal_rcc_ex.c ****   {
1748:Drivers/STM32G4xx_HAL_Driver/Src/stm32g4xx_hal_rcc_ex.c ****     /* Clear CRS SYNCWARN flag */
1749:Drivers/STM32G4xx_HAL_Driver/Src/stm32g4xx_hal_rcc_ex.c ****     WRITE_REG(CRS->ICR, CRS_ICR_SYNCWARNC);
1750:Drivers/STM32G4xx_HAL_Driver/Src/stm32g4xx_hal_rcc_ex.c **** 
1751:Drivers/STM32G4xx_HAL_Driver/Src/stm32g4xx_hal_rcc_ex.c ****     /* user callback */
1752:Drivers/STM32G4xx_HAL_Driver/Src/stm32g4xx_hal_rcc_ex.c ****     HAL_RCCEx_CRS_SyncWarnCallback();
1753:Drivers/STM32G4xx_HAL_Driver/Src/stm32g4xx_hal_rcc_ex.c ****   }
1754:Drivers/STM32G4xx_HAL_Driver/Src/stm32g4xx_hal_rcc_ex.c ****   /* Check CRS Expected SYNC flag  */
1755:Drivers/STM32G4xx_HAL_Driver/Src/stm32g4xx_hal_rcc_ex.c ****   else if(((itflags & RCC_CRS_FLAG_ESYNC) != 0U) && ((itsources & RCC_CRS_IT_ESYNC) != 0U))
1756:Drivers/STM32G4xx_HAL_Driver/Src/stm32g4xx_hal_rcc_ex.c ****   {
1757:Drivers/STM32G4xx_HAL_Driver/Src/stm32g4xx_hal_rcc_ex.c ****     /* frequency error counter reached a zero value */
1758:Drivers/STM32G4xx_HAL_Driver/Src/stm32g4xx_hal_rcc_ex.c ****     WRITE_REG(CRS->ICR, CRS_ICR_ESYNCC);
1759:Drivers/STM32G4xx_HAL_Driver/Src/stm32g4xx_hal_rcc_ex.c **** 
1760:Drivers/STM32G4xx_HAL_Driver/Src/stm32g4xx_hal_rcc_ex.c ****     /* user callback */
1761:Drivers/STM32G4xx_HAL_Driver/Src/stm32g4xx_hal_rcc_ex.c ****     HAL_RCCEx_CRS_ExpectedSyncCallback();
1762:Drivers/STM32G4xx_HAL_Driver/Src/stm32g4xx_hal_rcc_ex.c ****   }
1763:Drivers/STM32G4xx_HAL_Driver/Src/stm32g4xx_hal_rcc_ex.c ****   /* Check CRS Error flags  */
1764:Drivers/STM32G4xx_HAL_Driver/Src/stm32g4xx_hal_rcc_ex.c ****   else
1765:Drivers/STM32G4xx_HAL_Driver/Src/stm32g4xx_hal_rcc_ex.c ****   {
1766:Drivers/STM32G4xx_HAL_Driver/Src/stm32g4xx_hal_rcc_ex.c ****     if(((itflags & RCC_CRS_FLAG_ERR) != 0U) && ((itsources & RCC_CRS_IT_ERR) != 0U))
1767:Drivers/STM32G4xx_HAL_Driver/Src/stm32g4xx_hal_rcc_ex.c ****     {
1768:Drivers/STM32G4xx_HAL_Driver/Src/stm32g4xx_hal_rcc_ex.c ****       if((itflags & RCC_CRS_FLAG_SYNCERR) != 0U)
1769:Drivers/STM32G4xx_HAL_Driver/Src/stm32g4xx_hal_rcc_ex.c ****       {
1770:Drivers/STM32G4xx_HAL_Driver/Src/stm32g4xx_hal_rcc_ex.c ****         crserror |= RCC_CRS_SYNCERR;
1771:Drivers/STM32G4xx_HAL_Driver/Src/stm32g4xx_hal_rcc_ex.c ****       }
1772:Drivers/STM32G4xx_HAL_Driver/Src/stm32g4xx_hal_rcc_ex.c ****       if((itflags & RCC_CRS_FLAG_SYNCMISS) != 0U)
1773:Drivers/STM32G4xx_HAL_Driver/Src/stm32g4xx_hal_rcc_ex.c ****       {
1774:Drivers/STM32G4xx_HAL_Driver/Src/stm32g4xx_hal_rcc_ex.c ****         crserror |= RCC_CRS_SYNCMISS;
1775:Drivers/STM32G4xx_HAL_Driver/Src/stm32g4xx_hal_rcc_ex.c ****       }
1776:Drivers/STM32G4xx_HAL_Driver/Src/stm32g4xx_hal_rcc_ex.c ****       if((itflags & RCC_CRS_FLAG_TRIMOVF) != 0U)
1777:Drivers/STM32G4xx_HAL_Driver/Src/stm32g4xx_hal_rcc_ex.c ****       {
1778:Drivers/STM32G4xx_HAL_Driver/Src/stm32g4xx_hal_rcc_ex.c ****         crserror |= RCC_CRS_TRIMOVF;
1779:Drivers/STM32G4xx_HAL_Driver/Src/stm32g4xx_hal_rcc_ex.c ****       }
1780:Drivers/STM32G4xx_HAL_Driver/Src/stm32g4xx_hal_rcc_ex.c **** 
1781:Drivers/STM32G4xx_HAL_Driver/Src/stm32g4xx_hal_rcc_ex.c ****       /* Clear CRS Error flags */
ARM GAS  C:\Users\MyPC\AppData\Local\Temp\ccvsQKSL.s 			page 91


1782:Drivers/STM32G4xx_HAL_Driver/Src/stm32g4xx_hal_rcc_ex.c ****       WRITE_REG(CRS->ICR, CRS_ICR_ERRC);
1783:Drivers/STM32G4xx_HAL_Driver/Src/stm32g4xx_hal_rcc_ex.c **** 
1784:Drivers/STM32G4xx_HAL_Driver/Src/stm32g4xx_hal_rcc_ex.c ****       /* user error callback */
1785:Drivers/STM32G4xx_HAL_Driver/Src/stm32g4xx_hal_rcc_ex.c ****       HAL_RCCEx_CRS_ErrorCallback(crserror);
1786:Drivers/STM32G4xx_HAL_Driver/Src/stm32g4xx_hal_rcc_ex.c ****     }
1787:Drivers/STM32G4xx_HAL_Driver/Src/stm32g4xx_hal_rcc_ex.c ****   }
1788:Drivers/STM32G4xx_HAL_Driver/Src/stm32g4xx_hal_rcc_ex.c **** }
1789:Drivers/STM32G4xx_HAL_Driver/Src/stm32g4xx_hal_rcc_ex.c **** 
1790:Drivers/STM32G4xx_HAL_Driver/Src/stm32g4xx_hal_rcc_ex.c **** /**
1791:Drivers/STM32G4xx_HAL_Driver/Src/stm32g4xx_hal_rcc_ex.c ****   * @brief  RCCEx Clock Recovery System SYNCOK interrupt callback.
1792:Drivers/STM32G4xx_HAL_Driver/Src/stm32g4xx_hal_rcc_ex.c ****   * @retval none
1793:Drivers/STM32G4xx_HAL_Driver/Src/stm32g4xx_hal_rcc_ex.c ****   */
1794:Drivers/STM32G4xx_HAL_Driver/Src/stm32g4xx_hal_rcc_ex.c **** __weak void HAL_RCCEx_CRS_SyncOkCallback(void)
1795:Drivers/STM32G4xx_HAL_Driver/Src/stm32g4xx_hal_rcc_ex.c **** {
 2843              		.loc 1 1795 1 is_stmt 1 view -0
 2844              		.cfi_startproc
 2845              		@ args = 0, pretend = 0, frame = 0
 2846              		@ frame_needed = 0, uses_anonymous_args = 0
 2847              		@ link register save eliminated.
1796:Drivers/STM32G4xx_HAL_Driver/Src/stm32g4xx_hal_rcc_ex.c ****   /* NOTE : This function should not be modified, when the callback is needed,
1797:Drivers/STM32G4xx_HAL_Driver/Src/stm32g4xx_hal_rcc_ex.c ****             the @ref HAL_RCCEx_CRS_SyncOkCallback should be implemented in the user file
1798:Drivers/STM32G4xx_HAL_Driver/Src/stm32g4xx_hal_rcc_ex.c ****    */
1799:Drivers/STM32G4xx_HAL_Driver/Src/stm32g4xx_hal_rcc_ex.c **** }
 2848              		.loc 1 1799 1 view .LVU933
 2849 0000 7047     		bx	lr
 2850              		.cfi_endproc
 2851              	.LFE147:
 2853              		.section	.text.HAL_RCCEx_CRS_SyncWarnCallback,"ax",%progbits
 2854              		.align	1
 2855              		.weak	HAL_RCCEx_CRS_SyncWarnCallback
 2856              		.syntax unified
 2857              		.thumb
 2858              		.thumb_func
 2860              	HAL_RCCEx_CRS_SyncWarnCallback:
 2861              	.LFB148:
1800:Drivers/STM32G4xx_HAL_Driver/Src/stm32g4xx_hal_rcc_ex.c **** 
1801:Drivers/STM32G4xx_HAL_Driver/Src/stm32g4xx_hal_rcc_ex.c **** /**
1802:Drivers/STM32G4xx_HAL_Driver/Src/stm32g4xx_hal_rcc_ex.c ****   * @brief  RCCEx Clock Recovery System SYNCWARN interrupt callback.
1803:Drivers/STM32G4xx_HAL_Driver/Src/stm32g4xx_hal_rcc_ex.c ****   * @retval none
1804:Drivers/STM32G4xx_HAL_Driver/Src/stm32g4xx_hal_rcc_ex.c ****   */
1805:Drivers/STM32G4xx_HAL_Driver/Src/stm32g4xx_hal_rcc_ex.c **** __weak void HAL_RCCEx_CRS_SyncWarnCallback(void)
1806:Drivers/STM32G4xx_HAL_Driver/Src/stm32g4xx_hal_rcc_ex.c **** {
 2862              		.loc 1 1806 1 view -0
 2863              		.cfi_startproc
 2864              		@ args = 0, pretend = 0, frame = 0
 2865              		@ frame_needed = 0, uses_anonymous_args = 0
 2866              		@ link register save eliminated.
1807:Drivers/STM32G4xx_HAL_Driver/Src/stm32g4xx_hal_rcc_ex.c ****   /* NOTE : This function should not be modified, when the callback is needed,
1808:Drivers/STM32G4xx_HAL_Driver/Src/stm32g4xx_hal_rcc_ex.c ****             the @ref HAL_RCCEx_CRS_SyncWarnCallback should be implemented in the user file
1809:Drivers/STM32G4xx_HAL_Driver/Src/stm32g4xx_hal_rcc_ex.c ****    */
1810:Drivers/STM32G4xx_HAL_Driver/Src/stm32g4xx_hal_rcc_ex.c **** }
 2867              		.loc 1 1810 1 view .LVU935
 2868 0000 7047     		bx	lr
 2869              		.cfi_endproc
 2870              	.LFE148:
 2872              		.section	.text.HAL_RCCEx_CRS_ExpectedSyncCallback,"ax",%progbits
 2873              		.align	1
ARM GAS  C:\Users\MyPC\AppData\Local\Temp\ccvsQKSL.s 			page 92


 2874              		.weak	HAL_RCCEx_CRS_ExpectedSyncCallback
 2875              		.syntax unified
 2876              		.thumb
 2877              		.thumb_func
 2879              	HAL_RCCEx_CRS_ExpectedSyncCallback:
 2880              	.LFB149:
1811:Drivers/STM32G4xx_HAL_Driver/Src/stm32g4xx_hal_rcc_ex.c **** 
1812:Drivers/STM32G4xx_HAL_Driver/Src/stm32g4xx_hal_rcc_ex.c **** /**
1813:Drivers/STM32G4xx_HAL_Driver/Src/stm32g4xx_hal_rcc_ex.c ****   * @brief  RCCEx Clock Recovery System Expected SYNC interrupt callback.
1814:Drivers/STM32G4xx_HAL_Driver/Src/stm32g4xx_hal_rcc_ex.c ****   * @retval none
1815:Drivers/STM32G4xx_HAL_Driver/Src/stm32g4xx_hal_rcc_ex.c ****   */
1816:Drivers/STM32G4xx_HAL_Driver/Src/stm32g4xx_hal_rcc_ex.c **** __weak void HAL_RCCEx_CRS_ExpectedSyncCallback(void)
1817:Drivers/STM32G4xx_HAL_Driver/Src/stm32g4xx_hal_rcc_ex.c **** {
 2881              		.loc 1 1817 1 view -0
 2882              		.cfi_startproc
 2883              		@ args = 0, pretend = 0, frame = 0
 2884              		@ frame_needed = 0, uses_anonymous_args = 0
 2885              		@ link register save eliminated.
1818:Drivers/STM32G4xx_HAL_Driver/Src/stm32g4xx_hal_rcc_ex.c ****   /* NOTE : This function should not be modified, when the callback is needed,
1819:Drivers/STM32G4xx_HAL_Driver/Src/stm32g4xx_hal_rcc_ex.c ****             the @ref HAL_RCCEx_CRS_ExpectedSyncCallback should be implemented in the user file
1820:Drivers/STM32G4xx_HAL_Driver/Src/stm32g4xx_hal_rcc_ex.c ****    */
1821:Drivers/STM32G4xx_HAL_Driver/Src/stm32g4xx_hal_rcc_ex.c **** }
 2886              		.loc 1 1821 1 view .LVU937
 2887 0000 7047     		bx	lr
 2888              		.cfi_endproc
 2889              	.LFE149:
 2891              		.section	.text.HAL_RCCEx_CRS_ErrorCallback,"ax",%progbits
 2892              		.align	1
 2893              		.weak	HAL_RCCEx_CRS_ErrorCallback
 2894              		.syntax unified
 2895              		.thumb
 2896              		.thumb_func
 2898              	HAL_RCCEx_CRS_ErrorCallback:
 2899              	.LVL282:
 2900              	.LFB150:
1822:Drivers/STM32G4xx_HAL_Driver/Src/stm32g4xx_hal_rcc_ex.c **** 
1823:Drivers/STM32G4xx_HAL_Driver/Src/stm32g4xx_hal_rcc_ex.c **** /**
1824:Drivers/STM32G4xx_HAL_Driver/Src/stm32g4xx_hal_rcc_ex.c ****   * @brief  RCCEx Clock Recovery System Error interrupt callback.
1825:Drivers/STM32G4xx_HAL_Driver/Src/stm32g4xx_hal_rcc_ex.c ****   * @param  Error Combination of Error status.
1826:Drivers/STM32G4xx_HAL_Driver/Src/stm32g4xx_hal_rcc_ex.c ****   *         This parameter can be a combination of the following values:
1827:Drivers/STM32G4xx_HAL_Driver/Src/stm32g4xx_hal_rcc_ex.c ****   *           @arg @ref RCC_CRS_SYNCERR
1828:Drivers/STM32G4xx_HAL_Driver/Src/stm32g4xx_hal_rcc_ex.c ****   *           @arg @ref RCC_CRS_SYNCMISS
1829:Drivers/STM32G4xx_HAL_Driver/Src/stm32g4xx_hal_rcc_ex.c ****   *           @arg @ref RCC_CRS_TRIMOVF
1830:Drivers/STM32G4xx_HAL_Driver/Src/stm32g4xx_hal_rcc_ex.c ****   * @retval none
1831:Drivers/STM32G4xx_HAL_Driver/Src/stm32g4xx_hal_rcc_ex.c ****   */
1832:Drivers/STM32G4xx_HAL_Driver/Src/stm32g4xx_hal_rcc_ex.c **** __weak void HAL_RCCEx_CRS_ErrorCallback(uint32_t Error)
1833:Drivers/STM32G4xx_HAL_Driver/Src/stm32g4xx_hal_rcc_ex.c **** {
 2901              		.loc 1 1833 1 view -0
 2902              		.cfi_startproc
 2903              		@ args = 0, pretend = 0, frame = 0
 2904              		@ frame_needed = 0, uses_anonymous_args = 0
 2905              		@ link register save eliminated.
1834:Drivers/STM32G4xx_HAL_Driver/Src/stm32g4xx_hal_rcc_ex.c ****   /* Prevent unused argument(s) compilation warning */
1835:Drivers/STM32G4xx_HAL_Driver/Src/stm32g4xx_hal_rcc_ex.c ****   UNUSED(Error);
 2906              		.loc 1 1835 3 view .LVU939
1836:Drivers/STM32G4xx_HAL_Driver/Src/stm32g4xx_hal_rcc_ex.c **** 
1837:Drivers/STM32G4xx_HAL_Driver/Src/stm32g4xx_hal_rcc_ex.c ****   /* NOTE : This function should not be modified, when the callback is needed,
ARM GAS  C:\Users\MyPC\AppData\Local\Temp\ccvsQKSL.s 			page 93


1838:Drivers/STM32G4xx_HAL_Driver/Src/stm32g4xx_hal_rcc_ex.c ****             the @ref HAL_RCCEx_CRS_ErrorCallback should be implemented in the user file
1839:Drivers/STM32G4xx_HAL_Driver/Src/stm32g4xx_hal_rcc_ex.c ****    */
1840:Drivers/STM32G4xx_HAL_Driver/Src/stm32g4xx_hal_rcc_ex.c **** }
 2907              		.loc 1 1840 1 is_stmt 0 view .LVU940
 2908 0000 7047     		bx	lr
 2909              		.cfi_endproc
 2910              	.LFE150:
 2912              		.section	.text.HAL_RCCEx_CRS_IRQHandler,"ax",%progbits
 2913              		.align	1
 2914              		.global	HAL_RCCEx_CRS_IRQHandler
 2915              		.syntax unified
 2916              		.thumb
 2917              		.thumb_func
 2919              	HAL_RCCEx_CRS_IRQHandler:
 2920              	.LFB146:
1730:Drivers/STM32G4xx_HAL_Driver/Src/stm32g4xx_hal_rcc_ex.c ****   uint32_t crserror = RCC_CRS_NONE;
 2921              		.loc 1 1730 1 is_stmt 1 view -0
 2922              		.cfi_startproc
 2923              		@ args = 0, pretend = 0, frame = 0
 2924              		@ frame_needed = 0, uses_anonymous_args = 0
 2925 0000 08B5     		push	{r3, lr}
 2926              	.LCFI15:
 2927              		.cfi_def_cfa_offset 8
 2928              		.cfi_offset 3, -8
 2929              		.cfi_offset 14, -4
1731:Drivers/STM32G4xx_HAL_Driver/Src/stm32g4xx_hal_rcc_ex.c ****   /* Get current IT flags and IT sources values */
 2930              		.loc 1 1731 3 view .LVU942
 2931              	.LVL283:
1733:Drivers/STM32G4xx_HAL_Driver/Src/stm32g4xx_hal_rcc_ex.c ****   uint32_t itsources = READ_REG(CRS->CR);
 2932              		.loc 1 1733 3 view .LVU943
1733:Drivers/STM32G4xx_HAL_Driver/Src/stm32g4xx_hal_rcc_ex.c ****   uint32_t itsources = READ_REG(CRS->CR);
 2933              		.loc 1 1733 12 is_stmt 0 view .LVU944
 2934 0002 204A     		ldr	r2, .L258
 2935 0004 9368     		ldr	r3, [r2, #8]
 2936              	.LVL284:
1734:Drivers/STM32G4xx_HAL_Driver/Src/stm32g4xx_hal_rcc_ex.c **** 
 2937              		.loc 1 1734 3 is_stmt 1 view .LVU945
1734:Drivers/STM32G4xx_HAL_Driver/Src/stm32g4xx_hal_rcc_ex.c **** 
 2938              		.loc 1 1734 12 is_stmt 0 view .LVU946
 2939 0006 1268     		ldr	r2, [r2]
 2940              	.LVL285:
1737:Drivers/STM32G4xx_HAL_Driver/Src/stm32g4xx_hal_rcc_ex.c ****   {
 2941              		.loc 1 1737 3 is_stmt 1 view .LVU947
1737:Drivers/STM32G4xx_HAL_Driver/Src/stm32g4xx_hal_rcc_ex.c ****   {
 2942              		.loc 1 1737 5 is_stmt 0 view .LVU948
 2943 0008 13F0010F 		tst	r3, #1
 2944 000c 02D0     		beq	.L246
1737:Drivers/STM32G4xx_HAL_Driver/Src/stm32g4xx_hal_rcc_ex.c ****   {
 2945              		.loc 1 1737 46 discriminator 1 view .LVU949
 2946 000e 12F0010F 		tst	r2, #1
 2947 0012 25D1     		bne	.L255
 2948              	.L246:
1746:Drivers/STM32G4xx_HAL_Driver/Src/stm32g4xx_hal_rcc_ex.c ****   {
 2949              		.loc 1 1746 8 is_stmt 1 view .LVU950
1746:Drivers/STM32G4xx_HAL_Driver/Src/stm32g4xx_hal_rcc_ex.c ****   {
 2950              		.loc 1 1746 10 is_stmt 0 view .LVU951
 2951 0014 13F0020F 		tst	r3, #2
ARM GAS  C:\Users\MyPC\AppData\Local\Temp\ccvsQKSL.s 			page 94


 2952 0018 02D0     		beq	.L248
1746:Drivers/STM32G4xx_HAL_Driver/Src/stm32g4xx_hal_rcc_ex.c ****   {
 2953              		.loc 1 1746 53 discriminator 1 view .LVU952
 2954 001a 12F0020F 		tst	r2, #2
 2955 001e 25D1     		bne	.L256
 2956              	.L248:
1755:Drivers/STM32G4xx_HAL_Driver/Src/stm32g4xx_hal_rcc_ex.c ****   {
 2957              		.loc 1 1755 8 is_stmt 1 view .LVU953
1755:Drivers/STM32G4xx_HAL_Driver/Src/stm32g4xx_hal_rcc_ex.c ****   {
 2958              		.loc 1 1755 10 is_stmt 0 view .LVU954
 2959 0020 13F0080F 		tst	r3, #8
 2960 0024 02D0     		beq	.L249
1755:Drivers/STM32G4xx_HAL_Driver/Src/stm32g4xx_hal_rcc_ex.c ****   {
 2961              		.loc 1 1755 50 discriminator 1 view .LVU955
 2962 0026 12F0080F 		tst	r2, #8
 2963 002a 25D1     		bne	.L257
 2964              	.L249:
1766:Drivers/STM32G4xx_HAL_Driver/Src/stm32g4xx_hal_rcc_ex.c ****     {
 2965              		.loc 1 1766 5 is_stmt 1 view .LVU956
1766:Drivers/STM32G4xx_HAL_Driver/Src/stm32g4xx_hal_rcc_ex.c ****     {
 2966              		.loc 1 1766 7 is_stmt 0 view .LVU957
 2967 002c 13F0040F 		tst	r3, #4
 2968 0030 1BD0     		beq	.L245
1766:Drivers/STM32G4xx_HAL_Driver/Src/stm32g4xx_hal_rcc_ex.c ****     {
 2969              		.loc 1 1766 45 discriminator 1 view .LVU958
 2970 0032 12F0040F 		tst	r2, #4
 2971 0036 18D0     		beq	.L245
1768:Drivers/STM32G4xx_HAL_Driver/Src/stm32g4xx_hal_rcc_ex.c ****       {
 2972              		.loc 1 1768 7 is_stmt 1 view .LVU959
1768:Drivers/STM32G4xx_HAL_Driver/Src/stm32g4xx_hal_rcc_ex.c ****       {
 2973              		.loc 1 1768 9 is_stmt 0 view .LVU960
 2974 0038 13F48070 		ands	r0, r3, #256
 2975 003c 00D0     		beq	.L250
1770:Drivers/STM32G4xx_HAL_Driver/Src/stm32g4xx_hal_rcc_ex.c ****       }
 2976              		.loc 1 1770 18 view .LVU961
 2977 003e 0820     		movs	r0, #8
 2978              	.L250:
 2979              	.LVL286:
1772:Drivers/STM32G4xx_HAL_Driver/Src/stm32g4xx_hal_rcc_ex.c ****       {
 2980              		.loc 1 1772 7 is_stmt 1 view .LVU962
1772:Drivers/STM32G4xx_HAL_Driver/Src/stm32g4xx_hal_rcc_ex.c ****       {
 2981              		.loc 1 1772 9 is_stmt 0 view .LVU963
 2982 0040 13F4007F 		tst	r3, #512
 2983 0044 01D0     		beq	.L251
1774:Drivers/STM32G4xx_HAL_Driver/Src/stm32g4xx_hal_rcc_ex.c ****       }
 2984              		.loc 1 1774 9 is_stmt 1 view .LVU964
1774:Drivers/STM32G4xx_HAL_Driver/Src/stm32g4xx_hal_rcc_ex.c ****       }
 2985              		.loc 1 1774 18 is_stmt 0 view .LVU965
 2986 0046 40F01000 		orr	r0, r0, #16
 2987              	.LVL287:
 2988              	.L251:
1776:Drivers/STM32G4xx_HAL_Driver/Src/stm32g4xx_hal_rcc_ex.c ****       {
 2989              		.loc 1 1776 7 is_stmt 1 view .LVU966
1776:Drivers/STM32G4xx_HAL_Driver/Src/stm32g4xx_hal_rcc_ex.c ****       {
 2990              		.loc 1 1776 9 is_stmt 0 view .LVU967
 2991 004a 13F4806F 		tst	r3, #1024
 2992 004e 01D0     		beq	.L252
ARM GAS  C:\Users\MyPC\AppData\Local\Temp\ccvsQKSL.s 			page 95


1778:Drivers/STM32G4xx_HAL_Driver/Src/stm32g4xx_hal_rcc_ex.c ****       }
 2993              		.loc 1 1778 9 is_stmt 1 view .LVU968
1778:Drivers/STM32G4xx_HAL_Driver/Src/stm32g4xx_hal_rcc_ex.c ****       }
 2994              		.loc 1 1778 18 is_stmt 0 view .LVU969
 2995 0050 40F02000 		orr	r0, r0, #32
 2996              	.LVL288:
 2997              	.L252:
1782:Drivers/STM32G4xx_HAL_Driver/Src/stm32g4xx_hal_rcc_ex.c **** 
 2998              		.loc 1 1782 7 is_stmt 1 view .LVU970
 2999 0054 0B4B     		ldr	r3, .L258
 3000              	.LVL289:
1782:Drivers/STM32G4xx_HAL_Driver/Src/stm32g4xx_hal_rcc_ex.c **** 
 3001              		.loc 1 1782 7 is_stmt 0 view .LVU971
 3002 0056 0422     		movs	r2, #4
 3003              	.LVL290:
1782:Drivers/STM32G4xx_HAL_Driver/Src/stm32g4xx_hal_rcc_ex.c **** 
 3004              		.loc 1 1782 7 view .LVU972
 3005 0058 DA60     		str	r2, [r3, #12]
1785:Drivers/STM32G4xx_HAL_Driver/Src/stm32g4xx_hal_rcc_ex.c ****     }
 3006              		.loc 1 1785 7 is_stmt 1 view .LVU973
 3007 005a FFF7FEFF 		bl	HAL_RCCEx_CRS_ErrorCallback
 3008              	.LVL291:
1788:Drivers/STM32G4xx_HAL_Driver/Src/stm32g4xx_hal_rcc_ex.c **** 
 3009              		.loc 1 1788 1 is_stmt 0 view .LVU974
 3010 005e 04E0     		b	.L245
 3011              	.LVL292:
 3012              	.L255:
1740:Drivers/STM32G4xx_HAL_Driver/Src/stm32g4xx_hal_rcc_ex.c **** 
 3013              		.loc 1 1740 5 is_stmt 1 view .LVU975
 3014 0060 084B     		ldr	r3, .L258
 3015              	.LVL293:
1740:Drivers/STM32G4xx_HAL_Driver/Src/stm32g4xx_hal_rcc_ex.c **** 
 3016              		.loc 1 1740 5 is_stmt 0 view .LVU976
 3017 0062 0122     		movs	r2, #1
 3018              	.LVL294:
1740:Drivers/STM32G4xx_HAL_Driver/Src/stm32g4xx_hal_rcc_ex.c **** 
 3019              		.loc 1 1740 5 view .LVU977
 3020 0064 DA60     		str	r2, [r3, #12]
1743:Drivers/STM32G4xx_HAL_Driver/Src/stm32g4xx_hal_rcc_ex.c ****   }
 3021              		.loc 1 1743 5 is_stmt 1 view .LVU978
 3022 0066 FFF7FEFF 		bl	HAL_RCCEx_CRS_SyncOkCallback
 3023              	.LVL295:
 3024              	.L245:
1788:Drivers/STM32G4xx_HAL_Driver/Src/stm32g4xx_hal_rcc_ex.c **** 
 3025              		.loc 1 1788 1 is_stmt 0 view .LVU979
 3026 006a 08BD     		pop	{r3, pc}
 3027              	.LVL296:
 3028              	.L256:
1749:Drivers/STM32G4xx_HAL_Driver/Src/stm32g4xx_hal_rcc_ex.c **** 
 3029              		.loc 1 1749 5 is_stmt 1 view .LVU980
 3030 006c 054B     		ldr	r3, .L258
 3031              	.LVL297:
1749:Drivers/STM32G4xx_HAL_Driver/Src/stm32g4xx_hal_rcc_ex.c **** 
 3032              		.loc 1 1749 5 is_stmt 0 view .LVU981
 3033 006e 0222     		movs	r2, #2
 3034              	.LVL298:
1749:Drivers/STM32G4xx_HAL_Driver/Src/stm32g4xx_hal_rcc_ex.c **** 
ARM GAS  C:\Users\MyPC\AppData\Local\Temp\ccvsQKSL.s 			page 96


 3035              		.loc 1 1749 5 view .LVU982
 3036 0070 DA60     		str	r2, [r3, #12]
1752:Drivers/STM32G4xx_HAL_Driver/Src/stm32g4xx_hal_rcc_ex.c ****   }
 3037              		.loc 1 1752 5 is_stmt 1 view .LVU983
 3038 0072 FFF7FEFF 		bl	HAL_RCCEx_CRS_SyncWarnCallback
 3039              	.LVL299:
 3040 0076 F8E7     		b	.L245
 3041              	.LVL300:
 3042              	.L257:
1758:Drivers/STM32G4xx_HAL_Driver/Src/stm32g4xx_hal_rcc_ex.c **** 
 3043              		.loc 1 1758 5 view .LVU984
 3044 0078 024B     		ldr	r3, .L258
 3045              	.LVL301:
1758:Drivers/STM32G4xx_HAL_Driver/Src/stm32g4xx_hal_rcc_ex.c **** 
 3046              		.loc 1 1758 5 is_stmt 0 view .LVU985
 3047 007a 0822     		movs	r2, #8
 3048              	.LVL302:
1758:Drivers/STM32G4xx_HAL_Driver/Src/stm32g4xx_hal_rcc_ex.c **** 
 3049              		.loc 1 1758 5 view .LVU986
 3050 007c DA60     		str	r2, [r3, #12]
1761:Drivers/STM32G4xx_HAL_Driver/Src/stm32g4xx_hal_rcc_ex.c ****   }
 3051              		.loc 1 1761 5 is_stmt 1 view .LVU987
 3052 007e FFF7FEFF 		bl	HAL_RCCEx_CRS_ExpectedSyncCallback
 3053              	.LVL303:
 3054 0082 F2E7     		b	.L245
 3055              	.L259:
 3056              		.align	2
 3057              	.L258:
 3058 0084 00200040 		.word	1073750016
 3059              		.cfi_endproc
 3060              	.LFE146:
 3062              		.text
 3063              	.Letext0:
 3064              		.file 2 "D:/Program Files (x86)/Arm/GNU Toolchain mingw-w64-i686-arm-none-eabi/arm-none-eabi/inclu
 3065              		.file 3 "D:/Program Files (x86)/Arm/GNU Toolchain mingw-w64-i686-arm-none-eabi/arm-none-eabi/inclu
 3066              		.file 4 "Drivers/CMSIS/Device/ST/STM32G4xx/Include/stm32g431xx.h"
 3067              		.file 5 "Drivers/CMSIS/Device/ST/STM32G4xx/Include/stm32g4xx.h"
 3068              		.file 6 "Drivers/STM32G4xx_HAL_Driver/Inc/stm32g4xx_hal_def.h"
 3069              		.file 7 "Drivers/STM32G4xx_HAL_Driver/Inc/stm32g4xx_hal_rcc_ex.h"
 3070              		.file 8 "Drivers/STM32G4xx_HAL_Driver/Inc/stm32g4xx_hal_gpio.h"
 3071              		.file 9 "Drivers/STM32G4xx_HAL_Driver/Inc/stm32g4xx_hal_pwr.h"
 3072              		.file 10 "Drivers/STM32G4xx_HAL_Driver/Inc/stm32g4xx_hal_rcc.h"
 3073              		.file 11 "Drivers/STM32G4xx_HAL_Driver/Inc/stm32g4xx_hal.h"
ARM GAS  C:\Users\MyPC\AppData\Local\Temp\ccvsQKSL.s 			page 97


DEFINED SYMBOLS
                            *ABS*:00000000 stm32g4xx_hal_rcc_ex.c
C:\Users\MyPC\AppData\Local\Temp\ccvsQKSL.s:21     .text.HAL_RCCEx_PeriphCLKConfig:00000000 $t
C:\Users\MyPC\AppData\Local\Temp\ccvsQKSL.s:27     .text.HAL_RCCEx_PeriphCLKConfig:00000000 HAL_RCCEx_PeriphCLKConfig
C:\Users\MyPC\AppData\Local\Temp\ccvsQKSL.s:544    .text.HAL_RCCEx_PeriphCLKConfig:000002c4 $d
C:\Users\MyPC\AppData\Local\Temp\ccvsQKSL.s:548    .text.HAL_RCCEx_PeriphCLKConfig:000002cc $t
C:\Users\MyPC\AppData\Local\Temp\ccvsQKSL.s:568    .text.HAL_RCCEx_GetPeriphCLKConfig:00000000 $t
C:\Users\MyPC\AppData\Local\Temp\ccvsQKSL.s:574    .text.HAL_RCCEx_GetPeriphCLKConfig:00000000 HAL_RCCEx_GetPeriphCLKConfig
C:\Users\MyPC\AppData\Local\Temp\ccvsQKSL.s:688    .text.HAL_RCCEx_GetPeriphCLKConfig:000000a8 $d
C:\Users\MyPC\AppData\Local\Temp\ccvsQKSL.s:694    .text.HAL_RCCEx_GetPeriphCLKFreq:00000000 $t
C:\Users\MyPC\AppData\Local\Temp\ccvsQKSL.s:700    .text.HAL_RCCEx_GetPeriphCLKFreq:00000000 HAL_RCCEx_GetPeriphCLKFreq
C:\Users\MyPC\AppData\Local\Temp\ccvsQKSL.s:1193   .text.HAL_RCCEx_GetPeriphCLKFreq:00000290 $d
C:\Users\MyPC\AppData\Local\Temp\ccvsQKSL.s:1200   .text.HAL_RCCEx_GetPeriphCLKFreq:0000029c $t
C:\Users\MyPC\AppData\Local\Temp\ccvsQKSL.s:1869   .text.HAL_RCCEx_GetPeriphCLKFreq:0000057c $d
C:\Users\MyPC\AppData\Local\Temp\ccvsQKSL.s:1872   .text.HAL_RCCEx_GetPeriphCLKFreq:00000580 $t
C:\Users\MyPC\AppData\Local\Temp\ccvsQKSL.s:2002   .text.HAL_RCCEx_GetPeriphCLKFreq:000005f0 $d
C:\Users\MyPC\AppData\Local\Temp\ccvsQKSL.s:2011   .text.HAL_RCCEx_EnableLSECSS:00000000 $t
C:\Users\MyPC\AppData\Local\Temp\ccvsQKSL.s:2017   .text.HAL_RCCEx_EnableLSECSS:00000000 HAL_RCCEx_EnableLSECSS
C:\Users\MyPC\AppData\Local\Temp\ccvsQKSL.s:2034   .text.HAL_RCCEx_EnableLSECSS:00000010 $d
C:\Users\MyPC\AppData\Local\Temp\ccvsQKSL.s:2039   .text.HAL_RCCEx_DisableLSECSS:00000000 $t
C:\Users\MyPC\AppData\Local\Temp\ccvsQKSL.s:2045   .text.HAL_RCCEx_DisableLSECSS:00000000 HAL_RCCEx_DisableLSECSS
C:\Users\MyPC\AppData\Local\Temp\ccvsQKSL.s:2066   .text.HAL_RCCEx_DisableLSECSS:00000018 $d
C:\Users\MyPC\AppData\Local\Temp\ccvsQKSL.s:2071   .text.HAL_RCCEx_EnableLSECSS_IT:00000000 $t
C:\Users\MyPC\AppData\Local\Temp\ccvsQKSL.s:2077   .text.HAL_RCCEx_EnableLSECSS_IT:00000000 HAL_RCCEx_EnableLSECSS_IT
C:\Users\MyPC\AppData\Local\Temp\ccvsQKSL.s:2107   .text.HAL_RCCEx_EnableLSECSS_IT:0000002c $d
C:\Users\MyPC\AppData\Local\Temp\ccvsQKSL.s:2112   .text.HAL_RCCEx_LSECSS_Callback:00000000 $t
C:\Users\MyPC\AppData\Local\Temp\ccvsQKSL.s:2118   .text.HAL_RCCEx_LSECSS_Callback:00000000 HAL_RCCEx_LSECSS_Callback
C:\Users\MyPC\AppData\Local\Temp\ccvsQKSL.s:2131   .text.HAL_RCCEx_LSECSS_IRQHandler:00000000 $t
C:\Users\MyPC\AppData\Local\Temp\ccvsQKSL.s:2137   .text.HAL_RCCEx_LSECSS_IRQHandler:00000000 HAL_RCCEx_LSECSS_IRQHandler
C:\Users\MyPC\AppData\Local\Temp\ccvsQKSL.s:2171   .text.HAL_RCCEx_LSECSS_IRQHandler:0000001c $d
C:\Users\MyPC\AppData\Local\Temp\ccvsQKSL.s:2176   .text.HAL_RCCEx_EnableLSCO:00000000 $t
C:\Users\MyPC\AppData\Local\Temp\ccvsQKSL.s:2182   .text.HAL_RCCEx_EnableLSCO:00000000 HAL_RCCEx_EnableLSCO
C:\Users\MyPC\AppData\Local\Temp\ccvsQKSL.s:2343   .text.HAL_RCCEx_EnableLSCO:000000a0 $d
C:\Users\MyPC\AppData\Local\Temp\ccvsQKSL.s:2349   .text.HAL_RCCEx_DisableLSCO:00000000 $t
C:\Users\MyPC\AppData\Local\Temp\ccvsQKSL.s:2355   .text.HAL_RCCEx_DisableLSCO:00000000 HAL_RCCEx_DisableLSCO
C:\Users\MyPC\AppData\Local\Temp\ccvsQKSL.s:2469   .text.HAL_RCCEx_DisableLSCO:00000068 $d
C:\Users\MyPC\AppData\Local\Temp\ccvsQKSL.s:2475   .text.HAL_RCCEx_CRSConfig:00000000 $t
C:\Users\MyPC\AppData\Local\Temp\ccvsQKSL.s:2481   .text.HAL_RCCEx_CRSConfig:00000000 HAL_RCCEx_CRSConfig
C:\Users\MyPC\AppData\Local\Temp\ccvsQKSL.s:2550   .text.HAL_RCCEx_CRSConfig:00000044 $d
C:\Users\MyPC\AppData\Local\Temp\ccvsQKSL.s:2556   .text.HAL_RCCEx_CRSSoftwareSynchronizationGenerate:00000000 $t
C:\Users\MyPC\AppData\Local\Temp\ccvsQKSL.s:2562   .text.HAL_RCCEx_CRSSoftwareSynchronizationGenerate:00000000 HAL_RCCEx_CRSSoftwareSynchronizationGenerate
C:\Users\MyPC\AppData\Local\Temp\ccvsQKSL.s:2579   .text.HAL_RCCEx_CRSSoftwareSynchronizationGenerate:0000000c $d
C:\Users\MyPC\AppData\Local\Temp\ccvsQKSL.s:2584   .text.HAL_RCCEx_CRSGetSynchronizationInfo:00000000 $t
C:\Users\MyPC\AppData\Local\Temp\ccvsQKSL.s:2590   .text.HAL_RCCEx_CRSGetSynchronizationInfo:00000000 HAL_RCCEx_CRSGetSynchronizationInfo
C:\Users\MyPC\AppData\Local\Temp\ccvsQKSL.s:2631   .text.HAL_RCCEx_CRSGetSynchronizationInfo:00000020 $d
C:\Users\MyPC\AppData\Local\Temp\ccvsQKSL.s:2636   .text.HAL_RCCEx_CRSWaitSynchronization:00000000 $t
C:\Users\MyPC\AppData\Local\Temp\ccvsQKSL.s:2642   .text.HAL_RCCEx_CRSWaitSynchronization:00000000 HAL_RCCEx_CRSWaitSynchronization
C:\Users\MyPC\AppData\Local\Temp\ccvsQKSL.s:2830   .text.HAL_RCCEx_CRSWaitSynchronization:000000a8 $d
C:\Users\MyPC\AppData\Local\Temp\ccvsQKSL.s:2835   .text.HAL_RCCEx_CRS_SyncOkCallback:00000000 $t
C:\Users\MyPC\AppData\Local\Temp\ccvsQKSL.s:2841   .text.HAL_RCCEx_CRS_SyncOkCallback:00000000 HAL_RCCEx_CRS_SyncOkCallback
C:\Users\MyPC\AppData\Local\Temp\ccvsQKSL.s:2854   .text.HAL_RCCEx_CRS_SyncWarnCallback:00000000 $t
C:\Users\MyPC\AppData\Local\Temp\ccvsQKSL.s:2860   .text.HAL_RCCEx_CRS_SyncWarnCallback:00000000 HAL_RCCEx_CRS_SyncWarnCallback
C:\Users\MyPC\AppData\Local\Temp\ccvsQKSL.s:2873   .text.HAL_RCCEx_CRS_ExpectedSyncCallback:00000000 $t
C:\Users\MyPC\AppData\Local\Temp\ccvsQKSL.s:2879   .text.HAL_RCCEx_CRS_ExpectedSyncCallback:00000000 HAL_RCCEx_CRS_ExpectedSyncCallback
C:\Users\MyPC\AppData\Local\Temp\ccvsQKSL.s:2892   .text.HAL_RCCEx_CRS_ErrorCallback:00000000 $t
C:\Users\MyPC\AppData\Local\Temp\ccvsQKSL.s:2898   .text.HAL_RCCEx_CRS_ErrorCallback:00000000 HAL_RCCEx_CRS_ErrorCallback
C:\Users\MyPC\AppData\Local\Temp\ccvsQKSL.s:2913   .text.HAL_RCCEx_CRS_IRQHandler:00000000 $t
ARM GAS  C:\Users\MyPC\AppData\Local\Temp\ccvsQKSL.s 			page 98


C:\Users\MyPC\AppData\Local\Temp\ccvsQKSL.s:2919   .text.HAL_RCCEx_CRS_IRQHandler:00000000 HAL_RCCEx_CRS_IRQHandler
C:\Users\MyPC\AppData\Local\Temp\ccvsQKSL.s:3058   .text.HAL_RCCEx_CRS_IRQHandler:00000084 $d

UNDEFINED SYMBOLS
HAL_GetTick
HAL_RCC_GetPCLK2Freq
HAL_RCC_GetSysClockFreq
HAL_RCC_GetPCLK1Freq
HAL_GPIO_Init
HAL_PWR_EnableBkUpAccess
HAL_PWR_DisableBkUpAccess
