ARM GAS  C:\Users\MyPC\AppData\Local\Temp\ccS8XDvS.s 			page 1


   1              		.cpu cortex-m4
   2              		.arch armv7e-m
   3              		.fpu fpv4-sp-d16
   4              		.eabi_attribute 27, 1
   5              		.eabi_attribute 28, 1
   6              		.eabi_attribute 20, 1
   7              		.eabi_attribute 21, 1
   8              		.eabi_attribute 23, 3
   9              		.eabi_attribute 24, 1
  10              		.eabi_attribute 25, 1
  11              		.eabi_attribute 26, 1
  12              		.eabi_attribute 30, 1
  13              		.eabi_attribute 34, 1
  14              		.eabi_attribute 18, 4
  15              		.file	"stm32g4xx_hal_dma.c"
  16              		.text
  17              	.Ltext0:
  18              		.cfi_sections	.debug_frame
  19              		.file 1 "Drivers/STM32G4xx_HAL_Driver/Src/stm32g4xx_hal_dma.c"
  20              		.section	.text.DMA_SetConfig,"ax",%progbits
  21              		.align	1
  22              		.syntax unified
  23              		.thumb
  24              		.thumb_func
  26              	DMA_SetConfig:
  27              	.LVL0:
  28              	.LFB144:
   1:Drivers/STM32G4xx_HAL_Driver/Src/stm32g4xx_hal_dma.c **** /**
   2:Drivers/STM32G4xx_HAL_Driver/Src/stm32g4xx_hal_dma.c ****   ******************************************************************************
   3:Drivers/STM32G4xx_HAL_Driver/Src/stm32g4xx_hal_dma.c ****   * @file    stm32g4xx_hal_dma.c
   4:Drivers/STM32G4xx_HAL_Driver/Src/stm32g4xx_hal_dma.c ****   * @author  MCD Application Team
   5:Drivers/STM32G4xx_HAL_Driver/Src/stm32g4xx_hal_dma.c ****   * @brief   DMA HAL module driver.
   6:Drivers/STM32G4xx_HAL_Driver/Src/stm32g4xx_hal_dma.c ****   *         This file provides firmware functions to manage the following
   7:Drivers/STM32G4xx_HAL_Driver/Src/stm32g4xx_hal_dma.c ****   *         functionalities of the Direct Memory Access (DMA) peripheral:
   8:Drivers/STM32G4xx_HAL_Driver/Src/stm32g4xx_hal_dma.c ****   *           + Initialization and de-initialization functions
   9:Drivers/STM32G4xx_HAL_Driver/Src/stm32g4xx_hal_dma.c ****   *           + IO operation functions
  10:Drivers/STM32G4xx_HAL_Driver/Src/stm32g4xx_hal_dma.c ****   *           + Peripheral State and errors functions
  11:Drivers/STM32G4xx_HAL_Driver/Src/stm32g4xx_hal_dma.c ****   *
  12:Drivers/STM32G4xx_HAL_Driver/Src/stm32g4xx_hal_dma.c ****   ******************************************************************************
  13:Drivers/STM32G4xx_HAL_Driver/Src/stm32g4xx_hal_dma.c ****   * @attention
  14:Drivers/STM32G4xx_HAL_Driver/Src/stm32g4xx_hal_dma.c ****   *
  15:Drivers/STM32G4xx_HAL_Driver/Src/stm32g4xx_hal_dma.c ****   * Copyright (c) 2019 STMicroelectronics.
  16:Drivers/STM32G4xx_HAL_Driver/Src/stm32g4xx_hal_dma.c ****   * All rights reserved.
  17:Drivers/STM32G4xx_HAL_Driver/Src/stm32g4xx_hal_dma.c ****   *
  18:Drivers/STM32G4xx_HAL_Driver/Src/stm32g4xx_hal_dma.c ****   * This software is licensed under terms that can be found in the LICENSE file
  19:Drivers/STM32G4xx_HAL_Driver/Src/stm32g4xx_hal_dma.c ****   * in the root directory of this software component.
  20:Drivers/STM32G4xx_HAL_Driver/Src/stm32g4xx_hal_dma.c ****   * If no LICENSE file comes with this software, it is provided AS-IS.
  21:Drivers/STM32G4xx_HAL_Driver/Src/stm32g4xx_hal_dma.c ****   *
  22:Drivers/STM32G4xx_HAL_Driver/Src/stm32g4xx_hal_dma.c ****   ******************************************************************************
  23:Drivers/STM32G4xx_HAL_Driver/Src/stm32g4xx_hal_dma.c ****   @verbatim
  24:Drivers/STM32G4xx_HAL_Driver/Src/stm32g4xx_hal_dma.c ****   ==============================================================================
  25:Drivers/STM32G4xx_HAL_Driver/Src/stm32g4xx_hal_dma.c ****                         ##### How to use this driver #####
  26:Drivers/STM32G4xx_HAL_Driver/Src/stm32g4xx_hal_dma.c ****   ==============================================================================
  27:Drivers/STM32G4xx_HAL_Driver/Src/stm32g4xx_hal_dma.c ****   [..]
  28:Drivers/STM32G4xx_HAL_Driver/Src/stm32g4xx_hal_dma.c ****    (#) Enable and configure the peripheral to be connected to the DMA Channel
  29:Drivers/STM32G4xx_HAL_Driver/Src/stm32g4xx_hal_dma.c ****        (except for internal SRAM / FLASH memories: no initialization is
  30:Drivers/STM32G4xx_HAL_Driver/Src/stm32g4xx_hal_dma.c ****        necessary). Please refer to the Reference manual for connection between peripherals
ARM GAS  C:\Users\MyPC\AppData\Local\Temp\ccS8XDvS.s 			page 2


  31:Drivers/STM32G4xx_HAL_Driver/Src/stm32g4xx_hal_dma.c ****        and DMA requests.
  32:Drivers/STM32G4xx_HAL_Driver/Src/stm32g4xx_hal_dma.c **** 
  33:Drivers/STM32G4xx_HAL_Driver/Src/stm32g4xx_hal_dma.c ****    (#) For a given Channel, program the required configuration through the following parameters:
  34:Drivers/STM32G4xx_HAL_Driver/Src/stm32g4xx_hal_dma.c ****        Channel request, Transfer Direction, Source and Destination data formats,
  35:Drivers/STM32G4xx_HAL_Driver/Src/stm32g4xx_hal_dma.c ****        Circular or Normal mode, Channel Priority level, Source and Destination Increment mode
  36:Drivers/STM32G4xx_HAL_Driver/Src/stm32g4xx_hal_dma.c ****        using HAL_DMA_Init() function.
  37:Drivers/STM32G4xx_HAL_Driver/Src/stm32g4xx_hal_dma.c **** 
  38:Drivers/STM32G4xx_HAL_Driver/Src/stm32g4xx_hal_dma.c ****        Prior to HAL_DMA_Init the peripheral clock shall be enabled for both DMA & DMAMUX
  39:Drivers/STM32G4xx_HAL_Driver/Src/stm32g4xx_hal_dma.c ****        thanks to:
  40:Drivers/STM32G4xx_HAL_Driver/Src/stm32g4xx_hal_dma.c ****       (##) DMA1 or DMA2: __HAL_RCC_DMA1_CLK_ENABLE() or  __HAL_RCC_DMA2_CLK_ENABLE() ;
  41:Drivers/STM32G4xx_HAL_Driver/Src/stm32g4xx_hal_dma.c ****       (##) DMAMUX1:      __HAL_RCC_DMAMUX1_CLK_ENABLE();
  42:Drivers/STM32G4xx_HAL_Driver/Src/stm32g4xx_hal_dma.c **** 
  43:Drivers/STM32G4xx_HAL_Driver/Src/stm32g4xx_hal_dma.c ****    (#) Use HAL_DMA_GetState() function to return the DMA state and HAL_DMA_GetError() in case of er
  44:Drivers/STM32G4xx_HAL_Driver/Src/stm32g4xx_hal_dma.c ****        detection.
  45:Drivers/STM32G4xx_HAL_Driver/Src/stm32g4xx_hal_dma.c **** 
  46:Drivers/STM32G4xx_HAL_Driver/Src/stm32g4xx_hal_dma.c ****    (#) Use HAL_DMA_Abort() function to abort the current transfer
  47:Drivers/STM32G4xx_HAL_Driver/Src/stm32g4xx_hal_dma.c **** 
  48:Drivers/STM32G4xx_HAL_Driver/Src/stm32g4xx_hal_dma.c ****      -@-   In Memory-to-Memory transfer mode, Circular mode is not allowed.
  49:Drivers/STM32G4xx_HAL_Driver/Src/stm32g4xx_hal_dma.c **** 
  50:Drivers/STM32G4xx_HAL_Driver/Src/stm32g4xx_hal_dma.c ****      *** Polling mode IO operation ***
  51:Drivers/STM32G4xx_HAL_Driver/Src/stm32g4xx_hal_dma.c ****      =================================
  52:Drivers/STM32G4xx_HAL_Driver/Src/stm32g4xx_hal_dma.c ****     [..]
  53:Drivers/STM32G4xx_HAL_Driver/Src/stm32g4xx_hal_dma.c ****           (+) Use HAL_DMA_Start() to start DMA transfer after the configuration of Source
  54:Drivers/STM32G4xx_HAL_Driver/Src/stm32g4xx_hal_dma.c ****               address and destination address and the Length of data to be transferred
  55:Drivers/STM32G4xx_HAL_Driver/Src/stm32g4xx_hal_dma.c ****           (+) Use HAL_DMA_PollForTransfer() to poll for the end of current transfer, in this
  56:Drivers/STM32G4xx_HAL_Driver/Src/stm32g4xx_hal_dma.c ****               case a fixed Timeout can be configured by User depending from his application.
  57:Drivers/STM32G4xx_HAL_Driver/Src/stm32g4xx_hal_dma.c **** 
  58:Drivers/STM32G4xx_HAL_Driver/Src/stm32g4xx_hal_dma.c ****      *** Interrupt mode IO operation ***
  59:Drivers/STM32G4xx_HAL_Driver/Src/stm32g4xx_hal_dma.c ****      ===================================
  60:Drivers/STM32G4xx_HAL_Driver/Src/stm32g4xx_hal_dma.c ****     [..]
  61:Drivers/STM32G4xx_HAL_Driver/Src/stm32g4xx_hal_dma.c ****           (+) Configure the DMA interrupt priority using HAL_NVIC_SetPriority()
  62:Drivers/STM32G4xx_HAL_Driver/Src/stm32g4xx_hal_dma.c ****           (+) Enable the DMA IRQ handler using HAL_NVIC_EnableIRQ()
  63:Drivers/STM32G4xx_HAL_Driver/Src/stm32g4xx_hal_dma.c ****           (+) Use HAL_DMA_Start_IT() to start DMA transfer after the configuration of
  64:Drivers/STM32G4xx_HAL_Driver/Src/stm32g4xx_hal_dma.c ****               Source address and destination address and the Length of data to be transferred.
  65:Drivers/STM32G4xx_HAL_Driver/Src/stm32g4xx_hal_dma.c ****               In this case the DMA interrupt is configured
  66:Drivers/STM32G4xx_HAL_Driver/Src/stm32g4xx_hal_dma.c ****           (+) Use HAL_DMA_IRQHandler() called under DMA_IRQHandler() Interrupt subroutine
  67:Drivers/STM32G4xx_HAL_Driver/Src/stm32g4xx_hal_dma.c ****           (+) At the end of data transfer HAL_DMA_IRQHandler() function is executed and user can
  68:Drivers/STM32G4xx_HAL_Driver/Src/stm32g4xx_hal_dma.c ****               add his own function to register callbacks with HAL_DMA_RegisterCallback().
  69:Drivers/STM32G4xx_HAL_Driver/Src/stm32g4xx_hal_dma.c **** 
  70:Drivers/STM32G4xx_HAL_Driver/Src/stm32g4xx_hal_dma.c ****      *** DMA HAL driver macros list ***
  71:Drivers/STM32G4xx_HAL_Driver/Src/stm32g4xx_hal_dma.c ****      =============================================
  72:Drivers/STM32G4xx_HAL_Driver/Src/stm32g4xx_hal_dma.c ****       [..]
  73:Drivers/STM32G4xx_HAL_Driver/Src/stm32g4xx_hal_dma.c ****        Below the list of macros in DMA HAL driver.
  74:Drivers/STM32G4xx_HAL_Driver/Src/stm32g4xx_hal_dma.c **** 
  75:Drivers/STM32G4xx_HAL_Driver/Src/stm32g4xx_hal_dma.c ****        (+) __HAL_DMA_ENABLE: Enable the specified DMA Channel.
  76:Drivers/STM32G4xx_HAL_Driver/Src/stm32g4xx_hal_dma.c ****        (+) __HAL_DMA_DISABLE: Disable the specified DMA Channel.
  77:Drivers/STM32G4xx_HAL_Driver/Src/stm32g4xx_hal_dma.c ****        (+) __HAL_DMA_GET_FLAG: Get the DMA Channel pending flags.
  78:Drivers/STM32G4xx_HAL_Driver/Src/stm32g4xx_hal_dma.c ****        (+) __HAL_DMA_CLEAR_FLAG: Clear the DMA Channel pending flags.
  79:Drivers/STM32G4xx_HAL_Driver/Src/stm32g4xx_hal_dma.c ****        (+) __HAL_DMA_ENABLE_IT: Enable the specified DMA Channel interrupts.
  80:Drivers/STM32G4xx_HAL_Driver/Src/stm32g4xx_hal_dma.c ****        (+) __HAL_DMA_DISABLE_IT: Disable the specified DMA Channel interrupts.
  81:Drivers/STM32G4xx_HAL_Driver/Src/stm32g4xx_hal_dma.c ****        (+) __HAL_DMA_GET_IT_SOURCE: Check whether the specified DMA Channel interrupt has occurred 
  82:Drivers/STM32G4xx_HAL_Driver/Src/stm32g4xx_hal_dma.c **** 
  83:Drivers/STM32G4xx_HAL_Driver/Src/stm32g4xx_hal_dma.c ****      [..]
  84:Drivers/STM32G4xx_HAL_Driver/Src/stm32g4xx_hal_dma.c ****       (@) You can refer to the DMA HAL driver header file for more useful macros
  85:Drivers/STM32G4xx_HAL_Driver/Src/stm32g4xx_hal_dma.c **** 
  86:Drivers/STM32G4xx_HAL_Driver/Src/stm32g4xx_hal_dma.c ****   @endverbatim
  87:Drivers/STM32G4xx_HAL_Driver/Src/stm32g4xx_hal_dma.c ****   */
ARM GAS  C:\Users\MyPC\AppData\Local\Temp\ccS8XDvS.s 			page 3


  88:Drivers/STM32G4xx_HAL_Driver/Src/stm32g4xx_hal_dma.c **** 
  89:Drivers/STM32G4xx_HAL_Driver/Src/stm32g4xx_hal_dma.c **** /* Includes ------------------------------------------------------------------*/
  90:Drivers/STM32G4xx_HAL_Driver/Src/stm32g4xx_hal_dma.c **** #include "stm32g4xx_hal.h"
  91:Drivers/STM32G4xx_HAL_Driver/Src/stm32g4xx_hal_dma.c **** 
  92:Drivers/STM32G4xx_HAL_Driver/Src/stm32g4xx_hal_dma.c **** /** @addtogroup STM32G4xx_HAL_Driver
  93:Drivers/STM32G4xx_HAL_Driver/Src/stm32g4xx_hal_dma.c ****   * @{
  94:Drivers/STM32G4xx_HAL_Driver/Src/stm32g4xx_hal_dma.c ****   */
  95:Drivers/STM32G4xx_HAL_Driver/Src/stm32g4xx_hal_dma.c **** 
  96:Drivers/STM32G4xx_HAL_Driver/Src/stm32g4xx_hal_dma.c **** /** @defgroup DMA DMA
  97:Drivers/STM32G4xx_HAL_Driver/Src/stm32g4xx_hal_dma.c ****   * @brief DMA HAL module driver
  98:Drivers/STM32G4xx_HAL_Driver/Src/stm32g4xx_hal_dma.c ****   * @{
  99:Drivers/STM32G4xx_HAL_Driver/Src/stm32g4xx_hal_dma.c ****   */
 100:Drivers/STM32G4xx_HAL_Driver/Src/stm32g4xx_hal_dma.c **** 
 101:Drivers/STM32G4xx_HAL_Driver/Src/stm32g4xx_hal_dma.c **** #ifdef HAL_DMA_MODULE_ENABLED
 102:Drivers/STM32G4xx_HAL_Driver/Src/stm32g4xx_hal_dma.c **** 
 103:Drivers/STM32G4xx_HAL_Driver/Src/stm32g4xx_hal_dma.c **** /* Private typedef -----------------------------------------------------------*/
 104:Drivers/STM32G4xx_HAL_Driver/Src/stm32g4xx_hal_dma.c **** /* Private define ------------------------------------------------------------*/
 105:Drivers/STM32G4xx_HAL_Driver/Src/stm32g4xx_hal_dma.c **** /* Private macro -------------------------------------------------------------*/
 106:Drivers/STM32G4xx_HAL_Driver/Src/stm32g4xx_hal_dma.c **** /* Private variables ---------------------------------------------------------*/
 107:Drivers/STM32G4xx_HAL_Driver/Src/stm32g4xx_hal_dma.c **** /* Private function prototypes -----------------------------------------------*/
 108:Drivers/STM32G4xx_HAL_Driver/Src/stm32g4xx_hal_dma.c **** /** @defgroup DMA_Private_Functions DMA Private Functions
 109:Drivers/STM32G4xx_HAL_Driver/Src/stm32g4xx_hal_dma.c ****   * @{
 110:Drivers/STM32G4xx_HAL_Driver/Src/stm32g4xx_hal_dma.c ****   */
 111:Drivers/STM32G4xx_HAL_Driver/Src/stm32g4xx_hal_dma.c **** static void DMA_SetConfig(DMA_HandleTypeDef *hdma, uint32_t SrcAddress, uint32_t DstAddress, uint32
 112:Drivers/STM32G4xx_HAL_Driver/Src/stm32g4xx_hal_dma.c **** 
 113:Drivers/STM32G4xx_HAL_Driver/Src/stm32g4xx_hal_dma.c **** static void DMA_CalcDMAMUXChannelBaseAndMask(DMA_HandleTypeDef *hdma);
 114:Drivers/STM32G4xx_HAL_Driver/Src/stm32g4xx_hal_dma.c **** static void DMA_CalcDMAMUXRequestGenBaseAndMask(DMA_HandleTypeDef *hdma);
 115:Drivers/STM32G4xx_HAL_Driver/Src/stm32g4xx_hal_dma.c **** 
 116:Drivers/STM32G4xx_HAL_Driver/Src/stm32g4xx_hal_dma.c **** /**
 117:Drivers/STM32G4xx_HAL_Driver/Src/stm32g4xx_hal_dma.c ****   * @}
 118:Drivers/STM32G4xx_HAL_Driver/Src/stm32g4xx_hal_dma.c ****   */
 119:Drivers/STM32G4xx_HAL_Driver/Src/stm32g4xx_hal_dma.c **** 
 120:Drivers/STM32G4xx_HAL_Driver/Src/stm32g4xx_hal_dma.c **** /* Exported functions ---------------------------------------------------------*/
 121:Drivers/STM32G4xx_HAL_Driver/Src/stm32g4xx_hal_dma.c **** 
 122:Drivers/STM32G4xx_HAL_Driver/Src/stm32g4xx_hal_dma.c **** /** @defgroup DMA_Exported_Functions DMA Exported Functions
 123:Drivers/STM32G4xx_HAL_Driver/Src/stm32g4xx_hal_dma.c ****   * @{
 124:Drivers/STM32G4xx_HAL_Driver/Src/stm32g4xx_hal_dma.c ****   */
 125:Drivers/STM32G4xx_HAL_Driver/Src/stm32g4xx_hal_dma.c **** 
 126:Drivers/STM32G4xx_HAL_Driver/Src/stm32g4xx_hal_dma.c **** /** @defgroup DMA_Exported_Functions_Group1 Initialization and de-initialization functions
 127:Drivers/STM32G4xx_HAL_Driver/Src/stm32g4xx_hal_dma.c ****   *  @brief   Initialization and de-initialization functions
 128:Drivers/STM32G4xx_HAL_Driver/Src/stm32g4xx_hal_dma.c ****   *
 129:Drivers/STM32G4xx_HAL_Driver/Src/stm32g4xx_hal_dma.c **** @verbatim
 130:Drivers/STM32G4xx_HAL_Driver/Src/stm32g4xx_hal_dma.c ****  ===============================================================================
 131:Drivers/STM32G4xx_HAL_Driver/Src/stm32g4xx_hal_dma.c ****              ##### Initialization and de-initialization functions  #####
 132:Drivers/STM32G4xx_HAL_Driver/Src/stm32g4xx_hal_dma.c ****  ===============================================================================
 133:Drivers/STM32G4xx_HAL_Driver/Src/stm32g4xx_hal_dma.c ****     [..]
 134:Drivers/STM32G4xx_HAL_Driver/Src/stm32g4xx_hal_dma.c ****     This section provides functions allowing to initialize the DMA Channel source
 135:Drivers/STM32G4xx_HAL_Driver/Src/stm32g4xx_hal_dma.c ****     and destination addresses, incrementation and data sizes, transfer direction,
 136:Drivers/STM32G4xx_HAL_Driver/Src/stm32g4xx_hal_dma.c ****     circular/normal mode selection, memory-to-memory mode selection and Channel priority value.
 137:Drivers/STM32G4xx_HAL_Driver/Src/stm32g4xx_hal_dma.c ****     [..]
 138:Drivers/STM32G4xx_HAL_Driver/Src/stm32g4xx_hal_dma.c ****     The HAL_DMA_Init() function follows the DMA configuration procedures as described in
 139:Drivers/STM32G4xx_HAL_Driver/Src/stm32g4xx_hal_dma.c ****     reference manual.
 140:Drivers/STM32G4xx_HAL_Driver/Src/stm32g4xx_hal_dma.c **** 
 141:Drivers/STM32G4xx_HAL_Driver/Src/stm32g4xx_hal_dma.c **** @endverbatim
 142:Drivers/STM32G4xx_HAL_Driver/Src/stm32g4xx_hal_dma.c ****   * @{
 143:Drivers/STM32G4xx_HAL_Driver/Src/stm32g4xx_hal_dma.c ****   */
 144:Drivers/STM32G4xx_HAL_Driver/Src/stm32g4xx_hal_dma.c **** 
ARM GAS  C:\Users\MyPC\AppData\Local\Temp\ccS8XDvS.s 			page 4


 145:Drivers/STM32G4xx_HAL_Driver/Src/stm32g4xx_hal_dma.c **** /**
 146:Drivers/STM32G4xx_HAL_Driver/Src/stm32g4xx_hal_dma.c ****   * @brief  Initialize the DMA according to the specified
 147:Drivers/STM32G4xx_HAL_Driver/Src/stm32g4xx_hal_dma.c ****   *         parameters in the DMA_InitTypeDef and initialize the associated handle.
 148:Drivers/STM32G4xx_HAL_Driver/Src/stm32g4xx_hal_dma.c ****   * @param  hdma Pointer to a DMA_HandleTypeDef structure that contains
 149:Drivers/STM32G4xx_HAL_Driver/Src/stm32g4xx_hal_dma.c ****   *               the configuration information for the specified DMA Channel.
 150:Drivers/STM32G4xx_HAL_Driver/Src/stm32g4xx_hal_dma.c ****   * @retval HAL status
 151:Drivers/STM32G4xx_HAL_Driver/Src/stm32g4xx_hal_dma.c ****   */
 152:Drivers/STM32G4xx_HAL_Driver/Src/stm32g4xx_hal_dma.c **** HAL_StatusTypeDef HAL_DMA_Init(DMA_HandleTypeDef *hdma)
 153:Drivers/STM32G4xx_HAL_Driver/Src/stm32g4xx_hal_dma.c **** {
 154:Drivers/STM32G4xx_HAL_Driver/Src/stm32g4xx_hal_dma.c ****   uint32_t tmp;
 155:Drivers/STM32G4xx_HAL_Driver/Src/stm32g4xx_hal_dma.c **** 
 156:Drivers/STM32G4xx_HAL_Driver/Src/stm32g4xx_hal_dma.c ****   /* Check the DMA handle allocation */
 157:Drivers/STM32G4xx_HAL_Driver/Src/stm32g4xx_hal_dma.c ****   if (hdma == NULL)
 158:Drivers/STM32G4xx_HAL_Driver/Src/stm32g4xx_hal_dma.c ****   {
 159:Drivers/STM32G4xx_HAL_Driver/Src/stm32g4xx_hal_dma.c ****     return HAL_ERROR;
 160:Drivers/STM32G4xx_HAL_Driver/Src/stm32g4xx_hal_dma.c ****   }
 161:Drivers/STM32G4xx_HAL_Driver/Src/stm32g4xx_hal_dma.c **** 
 162:Drivers/STM32G4xx_HAL_Driver/Src/stm32g4xx_hal_dma.c ****   /* Check the parameters */
 163:Drivers/STM32G4xx_HAL_Driver/Src/stm32g4xx_hal_dma.c ****   assert_param(IS_DMA_ALL_INSTANCE(hdma->Instance));
 164:Drivers/STM32G4xx_HAL_Driver/Src/stm32g4xx_hal_dma.c ****   assert_param(IS_DMA_DIRECTION(hdma->Init.Direction));
 165:Drivers/STM32G4xx_HAL_Driver/Src/stm32g4xx_hal_dma.c ****   assert_param(IS_DMA_PERIPHERAL_INC_STATE(hdma->Init.PeriphInc));
 166:Drivers/STM32G4xx_HAL_Driver/Src/stm32g4xx_hal_dma.c ****   assert_param(IS_DMA_MEMORY_INC_STATE(hdma->Init.MemInc));
 167:Drivers/STM32G4xx_HAL_Driver/Src/stm32g4xx_hal_dma.c ****   assert_param(IS_DMA_PERIPHERAL_DATA_SIZE(hdma->Init.PeriphDataAlignment));
 168:Drivers/STM32G4xx_HAL_Driver/Src/stm32g4xx_hal_dma.c ****   assert_param(IS_DMA_MEMORY_DATA_SIZE(hdma->Init.MemDataAlignment));
 169:Drivers/STM32G4xx_HAL_Driver/Src/stm32g4xx_hal_dma.c ****   assert_param(IS_DMA_MODE(hdma->Init.Mode));
 170:Drivers/STM32G4xx_HAL_Driver/Src/stm32g4xx_hal_dma.c ****   assert_param(IS_DMA_PRIORITY(hdma->Init.Priority));
 171:Drivers/STM32G4xx_HAL_Driver/Src/stm32g4xx_hal_dma.c **** 
 172:Drivers/STM32G4xx_HAL_Driver/Src/stm32g4xx_hal_dma.c ****   assert_param(IS_DMA_ALL_REQUEST(hdma->Init.Request));
 173:Drivers/STM32G4xx_HAL_Driver/Src/stm32g4xx_hal_dma.c **** 
 174:Drivers/STM32G4xx_HAL_Driver/Src/stm32g4xx_hal_dma.c ****   /* Compute the channel index */
 175:Drivers/STM32G4xx_HAL_Driver/Src/stm32g4xx_hal_dma.c ****   if ((uint32_t)(hdma->Instance) < (uint32_t)(DMA2_Channel1))
 176:Drivers/STM32G4xx_HAL_Driver/Src/stm32g4xx_hal_dma.c ****   {
 177:Drivers/STM32G4xx_HAL_Driver/Src/stm32g4xx_hal_dma.c ****     /* DMA1 */
 178:Drivers/STM32G4xx_HAL_Driver/Src/stm32g4xx_hal_dma.c ****     hdma->ChannelIndex = (((uint32_t)hdma->Instance - (uint32_t)DMA1_Channel1) / ((uint32_t)DMA1_Ch
 179:Drivers/STM32G4xx_HAL_Driver/Src/stm32g4xx_hal_dma.c ****     hdma->DmaBaseAddress = DMA1;
 180:Drivers/STM32G4xx_HAL_Driver/Src/stm32g4xx_hal_dma.c ****   }
 181:Drivers/STM32G4xx_HAL_Driver/Src/stm32g4xx_hal_dma.c ****   else
 182:Drivers/STM32G4xx_HAL_Driver/Src/stm32g4xx_hal_dma.c ****   {
 183:Drivers/STM32G4xx_HAL_Driver/Src/stm32g4xx_hal_dma.c ****     /* DMA2 */
 184:Drivers/STM32G4xx_HAL_Driver/Src/stm32g4xx_hal_dma.c ****     hdma->ChannelIndex = (((uint32_t)hdma->Instance - (uint32_t)DMA2_Channel1) / ((uint32_t)DMA2_Ch
 185:Drivers/STM32G4xx_HAL_Driver/Src/stm32g4xx_hal_dma.c ****     hdma->DmaBaseAddress = DMA2;
 186:Drivers/STM32G4xx_HAL_Driver/Src/stm32g4xx_hal_dma.c ****   }
 187:Drivers/STM32G4xx_HAL_Driver/Src/stm32g4xx_hal_dma.c **** 
 188:Drivers/STM32G4xx_HAL_Driver/Src/stm32g4xx_hal_dma.c ****   /* Change DMA peripheral state */
 189:Drivers/STM32G4xx_HAL_Driver/Src/stm32g4xx_hal_dma.c ****   hdma->State = HAL_DMA_STATE_BUSY;
 190:Drivers/STM32G4xx_HAL_Driver/Src/stm32g4xx_hal_dma.c **** 
 191:Drivers/STM32G4xx_HAL_Driver/Src/stm32g4xx_hal_dma.c ****   /* Get the CR register value */
 192:Drivers/STM32G4xx_HAL_Driver/Src/stm32g4xx_hal_dma.c ****   tmp = hdma->Instance->CCR;
 193:Drivers/STM32G4xx_HAL_Driver/Src/stm32g4xx_hal_dma.c **** 
 194:Drivers/STM32G4xx_HAL_Driver/Src/stm32g4xx_hal_dma.c ****   /* Clear PL, MSIZE, PSIZE, MINC, PINC, CIRC, DIR and MEM2MEM bits */
 195:Drivers/STM32G4xx_HAL_Driver/Src/stm32g4xx_hal_dma.c ****   tmp &= ((uint32_t)~(DMA_CCR_PL    | DMA_CCR_MSIZE  | DMA_CCR_PSIZE  |
 196:Drivers/STM32G4xx_HAL_Driver/Src/stm32g4xx_hal_dma.c ****                       DMA_CCR_MINC  | DMA_CCR_PINC   | DMA_CCR_CIRC   |
 197:Drivers/STM32G4xx_HAL_Driver/Src/stm32g4xx_hal_dma.c ****                       DMA_CCR_DIR   | DMA_CCR_MEM2MEM));
 198:Drivers/STM32G4xx_HAL_Driver/Src/stm32g4xx_hal_dma.c **** 
 199:Drivers/STM32G4xx_HAL_Driver/Src/stm32g4xx_hal_dma.c ****   /* Prepare the DMA Channel configuration */
 200:Drivers/STM32G4xx_HAL_Driver/Src/stm32g4xx_hal_dma.c ****   tmp |=  hdma->Init.Direction        |
 201:Drivers/STM32G4xx_HAL_Driver/Src/stm32g4xx_hal_dma.c ****           hdma->Init.PeriphInc           | hdma->Init.MemInc           |
ARM GAS  C:\Users\MyPC\AppData\Local\Temp\ccS8XDvS.s 			page 5


 202:Drivers/STM32G4xx_HAL_Driver/Src/stm32g4xx_hal_dma.c ****           hdma->Init.PeriphDataAlignment | hdma->Init.MemDataAlignment |
 203:Drivers/STM32G4xx_HAL_Driver/Src/stm32g4xx_hal_dma.c ****           hdma->Init.Mode                | hdma->Init.Priority;
 204:Drivers/STM32G4xx_HAL_Driver/Src/stm32g4xx_hal_dma.c **** 
 205:Drivers/STM32G4xx_HAL_Driver/Src/stm32g4xx_hal_dma.c ****   /* Write to DMA Channel CR register */
 206:Drivers/STM32G4xx_HAL_Driver/Src/stm32g4xx_hal_dma.c ****   hdma->Instance->CCR = tmp;
 207:Drivers/STM32G4xx_HAL_Driver/Src/stm32g4xx_hal_dma.c **** 
 208:Drivers/STM32G4xx_HAL_Driver/Src/stm32g4xx_hal_dma.c ****   /* Initialize parameters for DMAMUX channel :
 209:Drivers/STM32G4xx_HAL_Driver/Src/stm32g4xx_hal_dma.c ****      DMAmuxChannel, DMAmuxChannelStatus and DMAmuxChannelStatusMask
 210:Drivers/STM32G4xx_HAL_Driver/Src/stm32g4xx_hal_dma.c ****   */
 211:Drivers/STM32G4xx_HAL_Driver/Src/stm32g4xx_hal_dma.c ****   DMA_CalcDMAMUXChannelBaseAndMask(hdma);
 212:Drivers/STM32G4xx_HAL_Driver/Src/stm32g4xx_hal_dma.c **** 
 213:Drivers/STM32G4xx_HAL_Driver/Src/stm32g4xx_hal_dma.c ****   if (hdma->Init.Direction == DMA_MEMORY_TO_MEMORY)
 214:Drivers/STM32G4xx_HAL_Driver/Src/stm32g4xx_hal_dma.c ****   {
 215:Drivers/STM32G4xx_HAL_Driver/Src/stm32g4xx_hal_dma.c ****     /* if memory to memory force the request to 0*/
 216:Drivers/STM32G4xx_HAL_Driver/Src/stm32g4xx_hal_dma.c ****     hdma->Init.Request = DMA_REQUEST_MEM2MEM;
 217:Drivers/STM32G4xx_HAL_Driver/Src/stm32g4xx_hal_dma.c ****   }
 218:Drivers/STM32G4xx_HAL_Driver/Src/stm32g4xx_hal_dma.c **** 
 219:Drivers/STM32G4xx_HAL_Driver/Src/stm32g4xx_hal_dma.c ****   /* Set peripheral request  to DMAMUX channel */
 220:Drivers/STM32G4xx_HAL_Driver/Src/stm32g4xx_hal_dma.c ****   hdma->DMAmuxChannel->CCR = (hdma->Init.Request & DMAMUX_CxCR_DMAREQ_ID);
 221:Drivers/STM32G4xx_HAL_Driver/Src/stm32g4xx_hal_dma.c **** 
 222:Drivers/STM32G4xx_HAL_Driver/Src/stm32g4xx_hal_dma.c ****   /* Clear the DMAMUX synchro overrun flag */
 223:Drivers/STM32G4xx_HAL_Driver/Src/stm32g4xx_hal_dma.c ****   hdma->DMAmuxChannelStatus->CFR = hdma->DMAmuxChannelStatusMask;
 224:Drivers/STM32G4xx_HAL_Driver/Src/stm32g4xx_hal_dma.c **** 
 225:Drivers/STM32G4xx_HAL_Driver/Src/stm32g4xx_hal_dma.c ****   if (((hdma->Init.Request >  0U) && (hdma->Init.Request <= DMA_REQUEST_GENERATOR3)))
 226:Drivers/STM32G4xx_HAL_Driver/Src/stm32g4xx_hal_dma.c ****   {
 227:Drivers/STM32G4xx_HAL_Driver/Src/stm32g4xx_hal_dma.c ****     /* Initialize parameters for DMAMUX request generator :
 228:Drivers/STM32G4xx_HAL_Driver/Src/stm32g4xx_hal_dma.c ****        DMAmuxRequestGen, DMAmuxRequestGenStatus and DMAmuxRequestGenStatusMask
 229:Drivers/STM32G4xx_HAL_Driver/Src/stm32g4xx_hal_dma.c ****     */
 230:Drivers/STM32G4xx_HAL_Driver/Src/stm32g4xx_hal_dma.c ****     DMA_CalcDMAMUXRequestGenBaseAndMask(hdma);
 231:Drivers/STM32G4xx_HAL_Driver/Src/stm32g4xx_hal_dma.c **** 
 232:Drivers/STM32G4xx_HAL_Driver/Src/stm32g4xx_hal_dma.c ****     /* Reset the DMAMUX request generator register*/
 233:Drivers/STM32G4xx_HAL_Driver/Src/stm32g4xx_hal_dma.c ****     hdma->DMAmuxRequestGen->RGCR = 0U;
 234:Drivers/STM32G4xx_HAL_Driver/Src/stm32g4xx_hal_dma.c **** 
 235:Drivers/STM32G4xx_HAL_Driver/Src/stm32g4xx_hal_dma.c ****     /* Clear the DMAMUX request generator overrun flag */
 236:Drivers/STM32G4xx_HAL_Driver/Src/stm32g4xx_hal_dma.c ****     hdma->DMAmuxRequestGenStatus->RGCFR = hdma->DMAmuxRequestGenStatusMask;
 237:Drivers/STM32G4xx_HAL_Driver/Src/stm32g4xx_hal_dma.c ****   }
 238:Drivers/STM32G4xx_HAL_Driver/Src/stm32g4xx_hal_dma.c ****   else
 239:Drivers/STM32G4xx_HAL_Driver/Src/stm32g4xx_hal_dma.c ****   {
 240:Drivers/STM32G4xx_HAL_Driver/Src/stm32g4xx_hal_dma.c ****     hdma->DMAmuxRequestGen = 0U;
 241:Drivers/STM32G4xx_HAL_Driver/Src/stm32g4xx_hal_dma.c ****     hdma->DMAmuxRequestGenStatus = 0U;
 242:Drivers/STM32G4xx_HAL_Driver/Src/stm32g4xx_hal_dma.c ****     hdma->DMAmuxRequestGenStatusMask = 0U;
 243:Drivers/STM32G4xx_HAL_Driver/Src/stm32g4xx_hal_dma.c ****   }
 244:Drivers/STM32G4xx_HAL_Driver/Src/stm32g4xx_hal_dma.c **** 
 245:Drivers/STM32G4xx_HAL_Driver/Src/stm32g4xx_hal_dma.c ****   /* Initialize the error code */
 246:Drivers/STM32G4xx_HAL_Driver/Src/stm32g4xx_hal_dma.c ****   hdma->ErrorCode = HAL_DMA_ERROR_NONE;
 247:Drivers/STM32G4xx_HAL_Driver/Src/stm32g4xx_hal_dma.c **** 
 248:Drivers/STM32G4xx_HAL_Driver/Src/stm32g4xx_hal_dma.c ****   /* Initialize the DMA state*/
 249:Drivers/STM32G4xx_HAL_Driver/Src/stm32g4xx_hal_dma.c ****   hdma->State  = HAL_DMA_STATE_READY;
 250:Drivers/STM32G4xx_HAL_Driver/Src/stm32g4xx_hal_dma.c **** 
 251:Drivers/STM32G4xx_HAL_Driver/Src/stm32g4xx_hal_dma.c ****   /* Allocate lock resource and initialize it */
 252:Drivers/STM32G4xx_HAL_Driver/Src/stm32g4xx_hal_dma.c ****   hdma->Lock = HAL_UNLOCKED;
 253:Drivers/STM32G4xx_HAL_Driver/Src/stm32g4xx_hal_dma.c **** 
 254:Drivers/STM32G4xx_HAL_Driver/Src/stm32g4xx_hal_dma.c ****   return HAL_OK;
 255:Drivers/STM32G4xx_HAL_Driver/Src/stm32g4xx_hal_dma.c **** }
 256:Drivers/STM32G4xx_HAL_Driver/Src/stm32g4xx_hal_dma.c **** 
 257:Drivers/STM32G4xx_HAL_Driver/Src/stm32g4xx_hal_dma.c **** /**
 258:Drivers/STM32G4xx_HAL_Driver/Src/stm32g4xx_hal_dma.c ****   * @brief  DeInitialize the DMA peripheral.
ARM GAS  C:\Users\MyPC\AppData\Local\Temp\ccS8XDvS.s 			page 6


 259:Drivers/STM32G4xx_HAL_Driver/Src/stm32g4xx_hal_dma.c ****   * @param  hdma pointer to a DMA_HandleTypeDef structure that contains
 260:Drivers/STM32G4xx_HAL_Driver/Src/stm32g4xx_hal_dma.c ****   *               the configuration information for the specified DMA Channel.
 261:Drivers/STM32G4xx_HAL_Driver/Src/stm32g4xx_hal_dma.c ****   * @retval HAL status
 262:Drivers/STM32G4xx_HAL_Driver/Src/stm32g4xx_hal_dma.c ****   */
 263:Drivers/STM32G4xx_HAL_Driver/Src/stm32g4xx_hal_dma.c **** HAL_StatusTypeDef HAL_DMA_DeInit(DMA_HandleTypeDef *hdma)
 264:Drivers/STM32G4xx_HAL_Driver/Src/stm32g4xx_hal_dma.c **** {
 265:Drivers/STM32G4xx_HAL_Driver/Src/stm32g4xx_hal_dma.c **** 
 266:Drivers/STM32G4xx_HAL_Driver/Src/stm32g4xx_hal_dma.c ****   /* Check the DMA handle allocation */
 267:Drivers/STM32G4xx_HAL_Driver/Src/stm32g4xx_hal_dma.c ****   if (NULL == hdma)
 268:Drivers/STM32G4xx_HAL_Driver/Src/stm32g4xx_hal_dma.c ****   {
 269:Drivers/STM32G4xx_HAL_Driver/Src/stm32g4xx_hal_dma.c ****     return HAL_ERROR;
 270:Drivers/STM32G4xx_HAL_Driver/Src/stm32g4xx_hal_dma.c ****   }
 271:Drivers/STM32G4xx_HAL_Driver/Src/stm32g4xx_hal_dma.c **** 
 272:Drivers/STM32G4xx_HAL_Driver/Src/stm32g4xx_hal_dma.c ****   /* Check the parameters */
 273:Drivers/STM32G4xx_HAL_Driver/Src/stm32g4xx_hal_dma.c ****   assert_param(IS_DMA_ALL_INSTANCE(hdma->Instance));
 274:Drivers/STM32G4xx_HAL_Driver/Src/stm32g4xx_hal_dma.c **** 
 275:Drivers/STM32G4xx_HAL_Driver/Src/stm32g4xx_hal_dma.c ****   /* Disable the selected DMA Channelx */
 276:Drivers/STM32G4xx_HAL_Driver/Src/stm32g4xx_hal_dma.c ****   __HAL_DMA_DISABLE(hdma);
 277:Drivers/STM32G4xx_HAL_Driver/Src/stm32g4xx_hal_dma.c **** 
 278:Drivers/STM32G4xx_HAL_Driver/Src/stm32g4xx_hal_dma.c ****   /* Compute the channel index */
 279:Drivers/STM32G4xx_HAL_Driver/Src/stm32g4xx_hal_dma.c ****   if ((uint32_t)(hdma->Instance) < (uint32_t)(DMA2_Channel1))
 280:Drivers/STM32G4xx_HAL_Driver/Src/stm32g4xx_hal_dma.c ****   {
 281:Drivers/STM32G4xx_HAL_Driver/Src/stm32g4xx_hal_dma.c ****     /* DMA1 */
 282:Drivers/STM32G4xx_HAL_Driver/Src/stm32g4xx_hal_dma.c ****     hdma->ChannelIndex = (((uint32_t)hdma->Instance - (uint32_t)DMA1_Channel1) / ((uint32_t)DMA1_Ch
 283:Drivers/STM32G4xx_HAL_Driver/Src/stm32g4xx_hal_dma.c ****     hdma->DmaBaseAddress = DMA1;
 284:Drivers/STM32G4xx_HAL_Driver/Src/stm32g4xx_hal_dma.c ****   }
 285:Drivers/STM32G4xx_HAL_Driver/Src/stm32g4xx_hal_dma.c ****   else
 286:Drivers/STM32G4xx_HAL_Driver/Src/stm32g4xx_hal_dma.c ****   {
 287:Drivers/STM32G4xx_HAL_Driver/Src/stm32g4xx_hal_dma.c ****     /* DMA2 */
 288:Drivers/STM32G4xx_HAL_Driver/Src/stm32g4xx_hal_dma.c ****     hdma->ChannelIndex = (((uint32_t)hdma->Instance - (uint32_t)DMA2_Channel1) / ((uint32_t)DMA2_Ch
 289:Drivers/STM32G4xx_HAL_Driver/Src/stm32g4xx_hal_dma.c ****     hdma->DmaBaseAddress = DMA2;
 290:Drivers/STM32G4xx_HAL_Driver/Src/stm32g4xx_hal_dma.c ****   }
 291:Drivers/STM32G4xx_HAL_Driver/Src/stm32g4xx_hal_dma.c **** 
 292:Drivers/STM32G4xx_HAL_Driver/Src/stm32g4xx_hal_dma.c ****   /* Reset DMA Channel control register */
 293:Drivers/STM32G4xx_HAL_Driver/Src/stm32g4xx_hal_dma.c ****   hdma->Instance->CCR  = 0;
 294:Drivers/STM32G4xx_HAL_Driver/Src/stm32g4xx_hal_dma.c **** 
 295:Drivers/STM32G4xx_HAL_Driver/Src/stm32g4xx_hal_dma.c ****   /* Clear all flags */
 296:Drivers/STM32G4xx_HAL_Driver/Src/stm32g4xx_hal_dma.c ****   hdma->DmaBaseAddress->IFCR = (DMA_ISR_GIF1 << (hdma->ChannelIndex & 0x1FU));
 297:Drivers/STM32G4xx_HAL_Driver/Src/stm32g4xx_hal_dma.c **** 
 298:Drivers/STM32G4xx_HAL_Driver/Src/stm32g4xx_hal_dma.c ****   /* Initialize parameters for DMAMUX channel :
 299:Drivers/STM32G4xx_HAL_Driver/Src/stm32g4xx_hal_dma.c ****      DMAmuxChannel, DMAmuxChannelStatus and DMAmuxChannelStatusMask */
 300:Drivers/STM32G4xx_HAL_Driver/Src/stm32g4xx_hal_dma.c **** 
 301:Drivers/STM32G4xx_HAL_Driver/Src/stm32g4xx_hal_dma.c ****   DMA_CalcDMAMUXChannelBaseAndMask(hdma);
 302:Drivers/STM32G4xx_HAL_Driver/Src/stm32g4xx_hal_dma.c **** 
 303:Drivers/STM32G4xx_HAL_Driver/Src/stm32g4xx_hal_dma.c ****   /* Reset the DMAMUX channel that corresponds to the DMA channel */
 304:Drivers/STM32G4xx_HAL_Driver/Src/stm32g4xx_hal_dma.c ****   hdma->DMAmuxChannel->CCR = 0;
 305:Drivers/STM32G4xx_HAL_Driver/Src/stm32g4xx_hal_dma.c **** 
 306:Drivers/STM32G4xx_HAL_Driver/Src/stm32g4xx_hal_dma.c ****   /* Clear the DMAMUX synchro overrun flag */
 307:Drivers/STM32G4xx_HAL_Driver/Src/stm32g4xx_hal_dma.c ****   hdma->DMAmuxChannelStatus->CFR = hdma->DMAmuxChannelStatusMask;
 308:Drivers/STM32G4xx_HAL_Driver/Src/stm32g4xx_hal_dma.c **** 
 309:Drivers/STM32G4xx_HAL_Driver/Src/stm32g4xx_hal_dma.c ****   /* Reset Request generator parameters if any */
 310:Drivers/STM32G4xx_HAL_Driver/Src/stm32g4xx_hal_dma.c ****   if (((hdma->Init.Request >  0U) && (hdma->Init.Request <= DMA_REQUEST_GENERATOR3)))
 311:Drivers/STM32G4xx_HAL_Driver/Src/stm32g4xx_hal_dma.c ****   {
 312:Drivers/STM32G4xx_HAL_Driver/Src/stm32g4xx_hal_dma.c ****     /* Initialize parameters for DMAMUX request generator :
 313:Drivers/STM32G4xx_HAL_Driver/Src/stm32g4xx_hal_dma.c ****        DMAmuxRequestGen, DMAmuxRequestGenStatus and DMAmuxRequestGenStatusMask
 314:Drivers/STM32G4xx_HAL_Driver/Src/stm32g4xx_hal_dma.c ****     */
 315:Drivers/STM32G4xx_HAL_Driver/Src/stm32g4xx_hal_dma.c ****     DMA_CalcDMAMUXRequestGenBaseAndMask(hdma);
ARM GAS  C:\Users\MyPC\AppData\Local\Temp\ccS8XDvS.s 			page 7


 316:Drivers/STM32G4xx_HAL_Driver/Src/stm32g4xx_hal_dma.c **** 
 317:Drivers/STM32G4xx_HAL_Driver/Src/stm32g4xx_hal_dma.c ****     /* Reset the DMAMUX request generator register*/
 318:Drivers/STM32G4xx_HAL_Driver/Src/stm32g4xx_hal_dma.c ****     hdma->DMAmuxRequestGen->RGCR = 0U;
 319:Drivers/STM32G4xx_HAL_Driver/Src/stm32g4xx_hal_dma.c **** 
 320:Drivers/STM32G4xx_HAL_Driver/Src/stm32g4xx_hal_dma.c ****     /* Clear the DMAMUX request generator overrun flag */
 321:Drivers/STM32G4xx_HAL_Driver/Src/stm32g4xx_hal_dma.c ****     hdma->DMAmuxRequestGenStatus->RGCFR = hdma->DMAmuxRequestGenStatusMask;
 322:Drivers/STM32G4xx_HAL_Driver/Src/stm32g4xx_hal_dma.c ****   }
 323:Drivers/STM32G4xx_HAL_Driver/Src/stm32g4xx_hal_dma.c **** 
 324:Drivers/STM32G4xx_HAL_Driver/Src/stm32g4xx_hal_dma.c ****   hdma->DMAmuxRequestGen = 0U;
 325:Drivers/STM32G4xx_HAL_Driver/Src/stm32g4xx_hal_dma.c ****   hdma->DMAmuxRequestGenStatus = 0U;
 326:Drivers/STM32G4xx_HAL_Driver/Src/stm32g4xx_hal_dma.c ****   hdma->DMAmuxRequestGenStatusMask = 0U;
 327:Drivers/STM32G4xx_HAL_Driver/Src/stm32g4xx_hal_dma.c **** 
 328:Drivers/STM32G4xx_HAL_Driver/Src/stm32g4xx_hal_dma.c ****   /* Clean callbacks */
 329:Drivers/STM32G4xx_HAL_Driver/Src/stm32g4xx_hal_dma.c ****   hdma->XferCpltCallback = NULL;
 330:Drivers/STM32G4xx_HAL_Driver/Src/stm32g4xx_hal_dma.c ****   hdma->XferHalfCpltCallback = NULL;
 331:Drivers/STM32G4xx_HAL_Driver/Src/stm32g4xx_hal_dma.c ****   hdma->XferErrorCallback = NULL;
 332:Drivers/STM32G4xx_HAL_Driver/Src/stm32g4xx_hal_dma.c ****   hdma->XferAbortCallback = NULL;
 333:Drivers/STM32G4xx_HAL_Driver/Src/stm32g4xx_hal_dma.c **** 
 334:Drivers/STM32G4xx_HAL_Driver/Src/stm32g4xx_hal_dma.c ****   /* Initialize the error code */
 335:Drivers/STM32G4xx_HAL_Driver/Src/stm32g4xx_hal_dma.c ****   hdma->ErrorCode = HAL_DMA_ERROR_NONE;
 336:Drivers/STM32G4xx_HAL_Driver/Src/stm32g4xx_hal_dma.c **** 
 337:Drivers/STM32G4xx_HAL_Driver/Src/stm32g4xx_hal_dma.c ****   /* Initialize the DMA state */
 338:Drivers/STM32G4xx_HAL_Driver/Src/stm32g4xx_hal_dma.c ****   hdma->State = HAL_DMA_STATE_RESET;
 339:Drivers/STM32G4xx_HAL_Driver/Src/stm32g4xx_hal_dma.c **** 
 340:Drivers/STM32G4xx_HAL_Driver/Src/stm32g4xx_hal_dma.c ****   /* Release Lock */
 341:Drivers/STM32G4xx_HAL_Driver/Src/stm32g4xx_hal_dma.c ****   __HAL_UNLOCK(hdma);
 342:Drivers/STM32G4xx_HAL_Driver/Src/stm32g4xx_hal_dma.c **** 
 343:Drivers/STM32G4xx_HAL_Driver/Src/stm32g4xx_hal_dma.c ****   return HAL_OK;
 344:Drivers/STM32G4xx_HAL_Driver/Src/stm32g4xx_hal_dma.c **** }
 345:Drivers/STM32G4xx_HAL_Driver/Src/stm32g4xx_hal_dma.c **** 
 346:Drivers/STM32G4xx_HAL_Driver/Src/stm32g4xx_hal_dma.c **** /**
 347:Drivers/STM32G4xx_HAL_Driver/Src/stm32g4xx_hal_dma.c ****   * @}
 348:Drivers/STM32G4xx_HAL_Driver/Src/stm32g4xx_hal_dma.c ****   */
 349:Drivers/STM32G4xx_HAL_Driver/Src/stm32g4xx_hal_dma.c **** 
 350:Drivers/STM32G4xx_HAL_Driver/Src/stm32g4xx_hal_dma.c **** /** @defgroup DMA_Exported_Functions_Group2 Input and Output operation functions
 351:Drivers/STM32G4xx_HAL_Driver/Src/stm32g4xx_hal_dma.c ****   *  @brief   Input and Output operation functions
 352:Drivers/STM32G4xx_HAL_Driver/Src/stm32g4xx_hal_dma.c ****   *
 353:Drivers/STM32G4xx_HAL_Driver/Src/stm32g4xx_hal_dma.c **** @verbatim
 354:Drivers/STM32G4xx_HAL_Driver/Src/stm32g4xx_hal_dma.c ****  ===============================================================================
 355:Drivers/STM32G4xx_HAL_Driver/Src/stm32g4xx_hal_dma.c ****                       #####  IO operation functions  #####
 356:Drivers/STM32G4xx_HAL_Driver/Src/stm32g4xx_hal_dma.c ****  ===============================================================================
 357:Drivers/STM32G4xx_HAL_Driver/Src/stm32g4xx_hal_dma.c ****     [..]  This section provides functions allowing to:
 358:Drivers/STM32G4xx_HAL_Driver/Src/stm32g4xx_hal_dma.c ****       (+) Configure the source, destination address and data length and Start DMA transfer
 359:Drivers/STM32G4xx_HAL_Driver/Src/stm32g4xx_hal_dma.c ****       (+) Configure the source, destination address and data length and
 360:Drivers/STM32G4xx_HAL_Driver/Src/stm32g4xx_hal_dma.c ****           Start DMA transfer with interrupt
 361:Drivers/STM32G4xx_HAL_Driver/Src/stm32g4xx_hal_dma.c ****       (+) Abort DMA transfer
 362:Drivers/STM32G4xx_HAL_Driver/Src/stm32g4xx_hal_dma.c ****       (+) Poll for transfer complete
 363:Drivers/STM32G4xx_HAL_Driver/Src/stm32g4xx_hal_dma.c ****       (+) Handle DMA interrupt request
 364:Drivers/STM32G4xx_HAL_Driver/Src/stm32g4xx_hal_dma.c **** 
 365:Drivers/STM32G4xx_HAL_Driver/Src/stm32g4xx_hal_dma.c **** @endverbatim
 366:Drivers/STM32G4xx_HAL_Driver/Src/stm32g4xx_hal_dma.c ****   * @{
 367:Drivers/STM32G4xx_HAL_Driver/Src/stm32g4xx_hal_dma.c ****   */
 368:Drivers/STM32G4xx_HAL_Driver/Src/stm32g4xx_hal_dma.c **** 
 369:Drivers/STM32G4xx_HAL_Driver/Src/stm32g4xx_hal_dma.c **** /**
 370:Drivers/STM32G4xx_HAL_Driver/Src/stm32g4xx_hal_dma.c ****   * @brief  Start the DMA Transfer.
 371:Drivers/STM32G4xx_HAL_Driver/Src/stm32g4xx_hal_dma.c ****   * @param  hdma pointer to a DMA_HandleTypeDef structure that contains
 372:Drivers/STM32G4xx_HAL_Driver/Src/stm32g4xx_hal_dma.c ****   *               the configuration information for the specified DMA Channel.
ARM GAS  C:\Users\MyPC\AppData\Local\Temp\ccS8XDvS.s 			page 8


 373:Drivers/STM32G4xx_HAL_Driver/Src/stm32g4xx_hal_dma.c ****   * @param  SrcAddress The source memory Buffer address
 374:Drivers/STM32G4xx_HAL_Driver/Src/stm32g4xx_hal_dma.c ****   * @param  DstAddress The destination memory Buffer address
 375:Drivers/STM32G4xx_HAL_Driver/Src/stm32g4xx_hal_dma.c ****   * @param  DataLength The length of data to be transferred from source to destination (up to 256Kb
 376:Drivers/STM32G4xx_HAL_Driver/Src/stm32g4xx_hal_dma.c ****   * @retval HAL status
 377:Drivers/STM32G4xx_HAL_Driver/Src/stm32g4xx_hal_dma.c ****   */
 378:Drivers/STM32G4xx_HAL_Driver/Src/stm32g4xx_hal_dma.c **** HAL_StatusTypeDef HAL_DMA_Start(DMA_HandleTypeDef *hdma, uint32_t SrcAddress, uint32_t DstAddress, 
 379:Drivers/STM32G4xx_HAL_Driver/Src/stm32g4xx_hal_dma.c **** {
 380:Drivers/STM32G4xx_HAL_Driver/Src/stm32g4xx_hal_dma.c ****   HAL_StatusTypeDef status = HAL_OK;
 381:Drivers/STM32G4xx_HAL_Driver/Src/stm32g4xx_hal_dma.c **** 
 382:Drivers/STM32G4xx_HAL_Driver/Src/stm32g4xx_hal_dma.c ****   /* Check the parameters */
 383:Drivers/STM32G4xx_HAL_Driver/Src/stm32g4xx_hal_dma.c ****   assert_param(IS_DMA_BUFFER_SIZE(DataLength));
 384:Drivers/STM32G4xx_HAL_Driver/Src/stm32g4xx_hal_dma.c **** 
 385:Drivers/STM32G4xx_HAL_Driver/Src/stm32g4xx_hal_dma.c ****   /* Process locked */
 386:Drivers/STM32G4xx_HAL_Driver/Src/stm32g4xx_hal_dma.c ****   __HAL_LOCK(hdma);
 387:Drivers/STM32G4xx_HAL_Driver/Src/stm32g4xx_hal_dma.c **** 
 388:Drivers/STM32G4xx_HAL_Driver/Src/stm32g4xx_hal_dma.c ****   if (HAL_DMA_STATE_READY == hdma->State)
 389:Drivers/STM32G4xx_HAL_Driver/Src/stm32g4xx_hal_dma.c ****   {
 390:Drivers/STM32G4xx_HAL_Driver/Src/stm32g4xx_hal_dma.c ****     /* Change DMA peripheral state */
 391:Drivers/STM32G4xx_HAL_Driver/Src/stm32g4xx_hal_dma.c ****     hdma->State = HAL_DMA_STATE_BUSY;
 392:Drivers/STM32G4xx_HAL_Driver/Src/stm32g4xx_hal_dma.c ****     hdma->ErrorCode = HAL_DMA_ERROR_NONE;
 393:Drivers/STM32G4xx_HAL_Driver/Src/stm32g4xx_hal_dma.c **** 
 394:Drivers/STM32G4xx_HAL_Driver/Src/stm32g4xx_hal_dma.c ****     /* Disable the peripheral */
 395:Drivers/STM32G4xx_HAL_Driver/Src/stm32g4xx_hal_dma.c ****     __HAL_DMA_DISABLE(hdma);
 396:Drivers/STM32G4xx_HAL_Driver/Src/stm32g4xx_hal_dma.c **** 
 397:Drivers/STM32G4xx_HAL_Driver/Src/stm32g4xx_hal_dma.c ****     /* Configure the source, destination address and the data length & clear flags*/
 398:Drivers/STM32G4xx_HAL_Driver/Src/stm32g4xx_hal_dma.c ****     DMA_SetConfig(hdma, SrcAddress, DstAddress, DataLength);
 399:Drivers/STM32G4xx_HAL_Driver/Src/stm32g4xx_hal_dma.c **** 
 400:Drivers/STM32G4xx_HAL_Driver/Src/stm32g4xx_hal_dma.c ****     /* Enable the Peripheral */
 401:Drivers/STM32G4xx_HAL_Driver/Src/stm32g4xx_hal_dma.c ****     __HAL_DMA_ENABLE(hdma);
 402:Drivers/STM32G4xx_HAL_Driver/Src/stm32g4xx_hal_dma.c ****   }
 403:Drivers/STM32G4xx_HAL_Driver/Src/stm32g4xx_hal_dma.c ****   else
 404:Drivers/STM32G4xx_HAL_Driver/Src/stm32g4xx_hal_dma.c ****   {
 405:Drivers/STM32G4xx_HAL_Driver/Src/stm32g4xx_hal_dma.c ****     /* Process Unlocked */
 406:Drivers/STM32G4xx_HAL_Driver/Src/stm32g4xx_hal_dma.c ****     __HAL_UNLOCK(hdma);
 407:Drivers/STM32G4xx_HAL_Driver/Src/stm32g4xx_hal_dma.c ****     status = HAL_BUSY;
 408:Drivers/STM32G4xx_HAL_Driver/Src/stm32g4xx_hal_dma.c ****   }
 409:Drivers/STM32G4xx_HAL_Driver/Src/stm32g4xx_hal_dma.c ****   return status;
 410:Drivers/STM32G4xx_HAL_Driver/Src/stm32g4xx_hal_dma.c **** }
 411:Drivers/STM32G4xx_HAL_Driver/Src/stm32g4xx_hal_dma.c **** 
 412:Drivers/STM32G4xx_HAL_Driver/Src/stm32g4xx_hal_dma.c **** /**
 413:Drivers/STM32G4xx_HAL_Driver/Src/stm32g4xx_hal_dma.c ****   * @brief  Start the DMA Transfer with interrupt enabled.
 414:Drivers/STM32G4xx_HAL_Driver/Src/stm32g4xx_hal_dma.c ****   * @param  hdma pointer to a DMA_HandleTypeDef structure that contains
 415:Drivers/STM32G4xx_HAL_Driver/Src/stm32g4xx_hal_dma.c ****   *               the configuration information for the specified DMA Channel.
 416:Drivers/STM32G4xx_HAL_Driver/Src/stm32g4xx_hal_dma.c ****   * @param  SrcAddress The source memory Buffer address
 417:Drivers/STM32G4xx_HAL_Driver/Src/stm32g4xx_hal_dma.c ****   * @param  DstAddress The destination memory Buffer address
 418:Drivers/STM32G4xx_HAL_Driver/Src/stm32g4xx_hal_dma.c ****   * @param  DataLength The length of data to be transferred from source to destination (up to 256Kb
 419:Drivers/STM32G4xx_HAL_Driver/Src/stm32g4xx_hal_dma.c ****   * @retval HAL status
 420:Drivers/STM32G4xx_HAL_Driver/Src/stm32g4xx_hal_dma.c ****   */
 421:Drivers/STM32G4xx_HAL_Driver/Src/stm32g4xx_hal_dma.c **** HAL_StatusTypeDef HAL_DMA_Start_IT(DMA_HandleTypeDef *hdma, uint32_t SrcAddress, uint32_t DstAddres
 422:Drivers/STM32G4xx_HAL_Driver/Src/stm32g4xx_hal_dma.c ****                                    uint32_t DataLength)
 423:Drivers/STM32G4xx_HAL_Driver/Src/stm32g4xx_hal_dma.c **** {
 424:Drivers/STM32G4xx_HAL_Driver/Src/stm32g4xx_hal_dma.c ****   HAL_StatusTypeDef status = HAL_OK;
 425:Drivers/STM32G4xx_HAL_Driver/Src/stm32g4xx_hal_dma.c **** 
 426:Drivers/STM32G4xx_HAL_Driver/Src/stm32g4xx_hal_dma.c ****   /* Check the parameters */
 427:Drivers/STM32G4xx_HAL_Driver/Src/stm32g4xx_hal_dma.c ****   assert_param(IS_DMA_BUFFER_SIZE(DataLength));
 428:Drivers/STM32G4xx_HAL_Driver/Src/stm32g4xx_hal_dma.c **** 
 429:Drivers/STM32G4xx_HAL_Driver/Src/stm32g4xx_hal_dma.c ****   /* Process locked */
ARM GAS  C:\Users\MyPC\AppData\Local\Temp\ccS8XDvS.s 			page 9


 430:Drivers/STM32G4xx_HAL_Driver/Src/stm32g4xx_hal_dma.c ****   __HAL_LOCK(hdma);
 431:Drivers/STM32G4xx_HAL_Driver/Src/stm32g4xx_hal_dma.c **** 
 432:Drivers/STM32G4xx_HAL_Driver/Src/stm32g4xx_hal_dma.c ****   if (HAL_DMA_STATE_READY == hdma->State)
 433:Drivers/STM32G4xx_HAL_Driver/Src/stm32g4xx_hal_dma.c ****   {
 434:Drivers/STM32G4xx_HAL_Driver/Src/stm32g4xx_hal_dma.c ****     /* Change DMA peripheral state */
 435:Drivers/STM32G4xx_HAL_Driver/Src/stm32g4xx_hal_dma.c ****     hdma->State = HAL_DMA_STATE_BUSY;
 436:Drivers/STM32G4xx_HAL_Driver/Src/stm32g4xx_hal_dma.c ****     hdma->ErrorCode = HAL_DMA_ERROR_NONE;
 437:Drivers/STM32G4xx_HAL_Driver/Src/stm32g4xx_hal_dma.c **** 
 438:Drivers/STM32G4xx_HAL_Driver/Src/stm32g4xx_hal_dma.c ****     /* Disable the peripheral */
 439:Drivers/STM32G4xx_HAL_Driver/Src/stm32g4xx_hal_dma.c ****     __HAL_DMA_DISABLE(hdma);
 440:Drivers/STM32G4xx_HAL_Driver/Src/stm32g4xx_hal_dma.c **** 
 441:Drivers/STM32G4xx_HAL_Driver/Src/stm32g4xx_hal_dma.c ****     /* Configure the source, destination address and the data length & clear flags*/
 442:Drivers/STM32G4xx_HAL_Driver/Src/stm32g4xx_hal_dma.c ****     DMA_SetConfig(hdma, SrcAddress, DstAddress, DataLength);
 443:Drivers/STM32G4xx_HAL_Driver/Src/stm32g4xx_hal_dma.c **** 
 444:Drivers/STM32G4xx_HAL_Driver/Src/stm32g4xx_hal_dma.c ****     /* Enable the transfer complete interrupt */
 445:Drivers/STM32G4xx_HAL_Driver/Src/stm32g4xx_hal_dma.c ****     /* Enable the transfer Error interrupt */
 446:Drivers/STM32G4xx_HAL_Driver/Src/stm32g4xx_hal_dma.c ****     if (NULL != hdma->XferHalfCpltCallback)
 447:Drivers/STM32G4xx_HAL_Driver/Src/stm32g4xx_hal_dma.c ****     {
 448:Drivers/STM32G4xx_HAL_Driver/Src/stm32g4xx_hal_dma.c ****       /* Enable the Half transfer complete interrupt as well */
 449:Drivers/STM32G4xx_HAL_Driver/Src/stm32g4xx_hal_dma.c ****       __HAL_DMA_ENABLE_IT(hdma, (DMA_IT_TC | DMA_IT_HT | DMA_IT_TE));
 450:Drivers/STM32G4xx_HAL_Driver/Src/stm32g4xx_hal_dma.c ****     }
 451:Drivers/STM32G4xx_HAL_Driver/Src/stm32g4xx_hal_dma.c ****     else
 452:Drivers/STM32G4xx_HAL_Driver/Src/stm32g4xx_hal_dma.c ****     {
 453:Drivers/STM32G4xx_HAL_Driver/Src/stm32g4xx_hal_dma.c ****       __HAL_DMA_DISABLE_IT(hdma, DMA_IT_HT);
 454:Drivers/STM32G4xx_HAL_Driver/Src/stm32g4xx_hal_dma.c ****       __HAL_DMA_ENABLE_IT(hdma, (DMA_IT_TC | DMA_IT_TE));
 455:Drivers/STM32G4xx_HAL_Driver/Src/stm32g4xx_hal_dma.c ****     }
 456:Drivers/STM32G4xx_HAL_Driver/Src/stm32g4xx_hal_dma.c **** 
 457:Drivers/STM32G4xx_HAL_Driver/Src/stm32g4xx_hal_dma.c ****     /* Check if DMAMUX Synchronization is enabled*/
 458:Drivers/STM32G4xx_HAL_Driver/Src/stm32g4xx_hal_dma.c ****     if ((hdma->DMAmuxChannel->CCR & DMAMUX_CxCR_SE) != 0U)
 459:Drivers/STM32G4xx_HAL_Driver/Src/stm32g4xx_hal_dma.c ****     {
 460:Drivers/STM32G4xx_HAL_Driver/Src/stm32g4xx_hal_dma.c ****       /* Enable DMAMUX sync overrun IT*/
 461:Drivers/STM32G4xx_HAL_Driver/Src/stm32g4xx_hal_dma.c ****       hdma->DMAmuxChannel->CCR |= DMAMUX_CxCR_SOIE;
 462:Drivers/STM32G4xx_HAL_Driver/Src/stm32g4xx_hal_dma.c ****     }
 463:Drivers/STM32G4xx_HAL_Driver/Src/stm32g4xx_hal_dma.c **** 
 464:Drivers/STM32G4xx_HAL_Driver/Src/stm32g4xx_hal_dma.c ****     if (hdma->DMAmuxRequestGen != 0U)
 465:Drivers/STM32G4xx_HAL_Driver/Src/stm32g4xx_hal_dma.c ****     {
 466:Drivers/STM32G4xx_HAL_Driver/Src/stm32g4xx_hal_dma.c ****       /* if using DMAMUX request generator, enable the DMAMUX request generator overrun IT*/
 467:Drivers/STM32G4xx_HAL_Driver/Src/stm32g4xx_hal_dma.c ****       /* enable the request gen overrun IT*/
 468:Drivers/STM32G4xx_HAL_Driver/Src/stm32g4xx_hal_dma.c ****       hdma->DMAmuxRequestGen->RGCR |= DMAMUX_RGxCR_OIE;
 469:Drivers/STM32G4xx_HAL_Driver/Src/stm32g4xx_hal_dma.c ****     }
 470:Drivers/STM32G4xx_HAL_Driver/Src/stm32g4xx_hal_dma.c **** 
 471:Drivers/STM32G4xx_HAL_Driver/Src/stm32g4xx_hal_dma.c ****     /* Enable the Peripheral */
 472:Drivers/STM32G4xx_HAL_Driver/Src/stm32g4xx_hal_dma.c ****     __HAL_DMA_ENABLE(hdma);
 473:Drivers/STM32G4xx_HAL_Driver/Src/stm32g4xx_hal_dma.c ****   }
 474:Drivers/STM32G4xx_HAL_Driver/Src/stm32g4xx_hal_dma.c ****   else
 475:Drivers/STM32G4xx_HAL_Driver/Src/stm32g4xx_hal_dma.c ****   {
 476:Drivers/STM32G4xx_HAL_Driver/Src/stm32g4xx_hal_dma.c ****     /* Process Unlocked */
 477:Drivers/STM32G4xx_HAL_Driver/Src/stm32g4xx_hal_dma.c ****     __HAL_UNLOCK(hdma);
 478:Drivers/STM32G4xx_HAL_Driver/Src/stm32g4xx_hal_dma.c **** 
 479:Drivers/STM32G4xx_HAL_Driver/Src/stm32g4xx_hal_dma.c ****     /* Remain BUSY */
 480:Drivers/STM32G4xx_HAL_Driver/Src/stm32g4xx_hal_dma.c ****     status = HAL_BUSY;
 481:Drivers/STM32G4xx_HAL_Driver/Src/stm32g4xx_hal_dma.c ****   }
 482:Drivers/STM32G4xx_HAL_Driver/Src/stm32g4xx_hal_dma.c ****   return status;
 483:Drivers/STM32G4xx_HAL_Driver/Src/stm32g4xx_hal_dma.c **** }
 484:Drivers/STM32G4xx_HAL_Driver/Src/stm32g4xx_hal_dma.c **** 
 485:Drivers/STM32G4xx_HAL_Driver/Src/stm32g4xx_hal_dma.c **** /**
 486:Drivers/STM32G4xx_HAL_Driver/Src/stm32g4xx_hal_dma.c ****   * @brief  Abort the DMA Transfer.
ARM GAS  C:\Users\MyPC\AppData\Local\Temp\ccS8XDvS.s 			page 10


 487:Drivers/STM32G4xx_HAL_Driver/Src/stm32g4xx_hal_dma.c ****   * @param  hdma pointer to a DMA_HandleTypeDef structure that contains
 488:Drivers/STM32G4xx_HAL_Driver/Src/stm32g4xx_hal_dma.c ****   *               the configuration information for the specified DMA Channel.
 489:Drivers/STM32G4xx_HAL_Driver/Src/stm32g4xx_hal_dma.c ****     * @retval HAL status
 490:Drivers/STM32G4xx_HAL_Driver/Src/stm32g4xx_hal_dma.c ****   */
 491:Drivers/STM32G4xx_HAL_Driver/Src/stm32g4xx_hal_dma.c **** HAL_StatusTypeDef HAL_DMA_Abort(DMA_HandleTypeDef *hdma)
 492:Drivers/STM32G4xx_HAL_Driver/Src/stm32g4xx_hal_dma.c **** {
 493:Drivers/STM32G4xx_HAL_Driver/Src/stm32g4xx_hal_dma.c ****   HAL_StatusTypeDef status = HAL_OK;
 494:Drivers/STM32G4xx_HAL_Driver/Src/stm32g4xx_hal_dma.c **** 
 495:Drivers/STM32G4xx_HAL_Driver/Src/stm32g4xx_hal_dma.c ****   /* Check the DMA peripheral handle parameter */
 496:Drivers/STM32G4xx_HAL_Driver/Src/stm32g4xx_hal_dma.c ****   if (hdma == NULL)
 497:Drivers/STM32G4xx_HAL_Driver/Src/stm32g4xx_hal_dma.c ****   {
 498:Drivers/STM32G4xx_HAL_Driver/Src/stm32g4xx_hal_dma.c ****     return HAL_ERROR;
 499:Drivers/STM32G4xx_HAL_Driver/Src/stm32g4xx_hal_dma.c ****   }
 500:Drivers/STM32G4xx_HAL_Driver/Src/stm32g4xx_hal_dma.c **** 
 501:Drivers/STM32G4xx_HAL_Driver/Src/stm32g4xx_hal_dma.c ****   if (hdma->State != HAL_DMA_STATE_BUSY)
 502:Drivers/STM32G4xx_HAL_Driver/Src/stm32g4xx_hal_dma.c ****   {
 503:Drivers/STM32G4xx_HAL_Driver/Src/stm32g4xx_hal_dma.c ****     /* no transfer ongoing */
 504:Drivers/STM32G4xx_HAL_Driver/Src/stm32g4xx_hal_dma.c ****     hdma->ErrorCode = HAL_DMA_ERROR_NO_XFER;
 505:Drivers/STM32G4xx_HAL_Driver/Src/stm32g4xx_hal_dma.c **** 
 506:Drivers/STM32G4xx_HAL_Driver/Src/stm32g4xx_hal_dma.c ****     status = HAL_ERROR;
 507:Drivers/STM32G4xx_HAL_Driver/Src/stm32g4xx_hal_dma.c ****   }
 508:Drivers/STM32G4xx_HAL_Driver/Src/stm32g4xx_hal_dma.c ****   else
 509:Drivers/STM32G4xx_HAL_Driver/Src/stm32g4xx_hal_dma.c ****   {
 510:Drivers/STM32G4xx_HAL_Driver/Src/stm32g4xx_hal_dma.c ****     /* Disable the channel */
 511:Drivers/STM32G4xx_HAL_Driver/Src/stm32g4xx_hal_dma.c ****     __HAL_DMA_DISABLE(hdma);
 512:Drivers/STM32G4xx_HAL_Driver/Src/stm32g4xx_hal_dma.c **** 
 513:Drivers/STM32G4xx_HAL_Driver/Src/stm32g4xx_hal_dma.c ****     /* Disable DMA IT */
 514:Drivers/STM32G4xx_HAL_Driver/Src/stm32g4xx_hal_dma.c ****     __HAL_DMA_DISABLE_IT(hdma, (DMA_IT_TC | DMA_IT_HT | DMA_IT_TE));
 515:Drivers/STM32G4xx_HAL_Driver/Src/stm32g4xx_hal_dma.c **** 
 516:Drivers/STM32G4xx_HAL_Driver/Src/stm32g4xx_hal_dma.c ****     /* disable the DMAMUX sync overrun IT*/
 517:Drivers/STM32G4xx_HAL_Driver/Src/stm32g4xx_hal_dma.c ****     hdma->DMAmuxChannel->CCR &= ~DMAMUX_CxCR_SOIE;
 518:Drivers/STM32G4xx_HAL_Driver/Src/stm32g4xx_hal_dma.c **** 
 519:Drivers/STM32G4xx_HAL_Driver/Src/stm32g4xx_hal_dma.c ****     /* Clear all flags */
 520:Drivers/STM32G4xx_HAL_Driver/Src/stm32g4xx_hal_dma.c ****     hdma->DmaBaseAddress->IFCR = (DMA_ISR_GIF1 << (hdma->ChannelIndex & 0x1FU));
 521:Drivers/STM32G4xx_HAL_Driver/Src/stm32g4xx_hal_dma.c **** 
 522:Drivers/STM32G4xx_HAL_Driver/Src/stm32g4xx_hal_dma.c ****     /* Clear the DMAMUX synchro overrun flag */
 523:Drivers/STM32G4xx_HAL_Driver/Src/stm32g4xx_hal_dma.c ****     hdma->DMAmuxChannelStatus->CFR = hdma->DMAmuxChannelStatusMask;
 524:Drivers/STM32G4xx_HAL_Driver/Src/stm32g4xx_hal_dma.c **** 
 525:Drivers/STM32G4xx_HAL_Driver/Src/stm32g4xx_hal_dma.c ****     if (hdma->DMAmuxRequestGen != 0U)
 526:Drivers/STM32G4xx_HAL_Driver/Src/stm32g4xx_hal_dma.c ****     {
 527:Drivers/STM32G4xx_HAL_Driver/Src/stm32g4xx_hal_dma.c ****       /* if using DMAMUX request generator, disable the DMAMUX request generator overrun IT*/
 528:Drivers/STM32G4xx_HAL_Driver/Src/stm32g4xx_hal_dma.c ****       /* disable the request gen overrun IT*/
 529:Drivers/STM32G4xx_HAL_Driver/Src/stm32g4xx_hal_dma.c ****       hdma->DMAmuxRequestGen->RGCR &= ~DMAMUX_RGxCR_OIE;
 530:Drivers/STM32G4xx_HAL_Driver/Src/stm32g4xx_hal_dma.c **** 
 531:Drivers/STM32G4xx_HAL_Driver/Src/stm32g4xx_hal_dma.c ****       /* Clear the DMAMUX request generator overrun flag */
 532:Drivers/STM32G4xx_HAL_Driver/Src/stm32g4xx_hal_dma.c ****       hdma->DMAmuxRequestGenStatus->RGCFR = hdma->DMAmuxRequestGenStatusMask;
 533:Drivers/STM32G4xx_HAL_Driver/Src/stm32g4xx_hal_dma.c ****     }
 534:Drivers/STM32G4xx_HAL_Driver/Src/stm32g4xx_hal_dma.c ****   }
 535:Drivers/STM32G4xx_HAL_Driver/Src/stm32g4xx_hal_dma.c ****   /* Change the DMA state */
 536:Drivers/STM32G4xx_HAL_Driver/Src/stm32g4xx_hal_dma.c ****   hdma->State = HAL_DMA_STATE_READY;
 537:Drivers/STM32G4xx_HAL_Driver/Src/stm32g4xx_hal_dma.c **** 
 538:Drivers/STM32G4xx_HAL_Driver/Src/stm32g4xx_hal_dma.c ****   /* Process Unlocked */
 539:Drivers/STM32G4xx_HAL_Driver/Src/stm32g4xx_hal_dma.c ****   __HAL_UNLOCK(hdma);
 540:Drivers/STM32G4xx_HAL_Driver/Src/stm32g4xx_hal_dma.c **** 
 541:Drivers/STM32G4xx_HAL_Driver/Src/stm32g4xx_hal_dma.c ****   return status;
 542:Drivers/STM32G4xx_HAL_Driver/Src/stm32g4xx_hal_dma.c **** }
 543:Drivers/STM32G4xx_HAL_Driver/Src/stm32g4xx_hal_dma.c **** 
ARM GAS  C:\Users\MyPC\AppData\Local\Temp\ccS8XDvS.s 			page 11


 544:Drivers/STM32G4xx_HAL_Driver/Src/stm32g4xx_hal_dma.c **** /**
 545:Drivers/STM32G4xx_HAL_Driver/Src/stm32g4xx_hal_dma.c ****   * @brief  Aborts the DMA Transfer in Interrupt mode.
 546:Drivers/STM32G4xx_HAL_Driver/Src/stm32g4xx_hal_dma.c ****   * @param  hdma pointer to a DMA_HandleTypeDef structure that contains
 547:Drivers/STM32G4xx_HAL_Driver/Src/stm32g4xx_hal_dma.c ****   *              the configuration information for the specified DMA Channel.
 548:Drivers/STM32G4xx_HAL_Driver/Src/stm32g4xx_hal_dma.c ****   * @retval HAL status
 549:Drivers/STM32G4xx_HAL_Driver/Src/stm32g4xx_hal_dma.c ****   */
 550:Drivers/STM32G4xx_HAL_Driver/Src/stm32g4xx_hal_dma.c **** HAL_StatusTypeDef HAL_DMA_Abort_IT(DMA_HandleTypeDef *hdma)
 551:Drivers/STM32G4xx_HAL_Driver/Src/stm32g4xx_hal_dma.c **** {
 552:Drivers/STM32G4xx_HAL_Driver/Src/stm32g4xx_hal_dma.c ****   HAL_StatusTypeDef status = HAL_OK;
 553:Drivers/STM32G4xx_HAL_Driver/Src/stm32g4xx_hal_dma.c **** 
 554:Drivers/STM32G4xx_HAL_Driver/Src/stm32g4xx_hal_dma.c ****   if (HAL_DMA_STATE_BUSY != hdma->State)
 555:Drivers/STM32G4xx_HAL_Driver/Src/stm32g4xx_hal_dma.c ****   {
 556:Drivers/STM32G4xx_HAL_Driver/Src/stm32g4xx_hal_dma.c ****     /* no transfer ongoing */
 557:Drivers/STM32G4xx_HAL_Driver/Src/stm32g4xx_hal_dma.c ****     hdma->ErrorCode = HAL_DMA_ERROR_NO_XFER;
 558:Drivers/STM32G4xx_HAL_Driver/Src/stm32g4xx_hal_dma.c **** 
 559:Drivers/STM32G4xx_HAL_Driver/Src/stm32g4xx_hal_dma.c ****     /* Change the DMA state */
 560:Drivers/STM32G4xx_HAL_Driver/Src/stm32g4xx_hal_dma.c ****     hdma->State = HAL_DMA_STATE_READY;
 561:Drivers/STM32G4xx_HAL_Driver/Src/stm32g4xx_hal_dma.c **** 
 562:Drivers/STM32G4xx_HAL_Driver/Src/stm32g4xx_hal_dma.c ****     /* Process Unlocked */
 563:Drivers/STM32G4xx_HAL_Driver/Src/stm32g4xx_hal_dma.c ****     __HAL_UNLOCK(hdma);
 564:Drivers/STM32G4xx_HAL_Driver/Src/stm32g4xx_hal_dma.c **** 
 565:Drivers/STM32G4xx_HAL_Driver/Src/stm32g4xx_hal_dma.c ****     status = HAL_ERROR;
 566:Drivers/STM32G4xx_HAL_Driver/Src/stm32g4xx_hal_dma.c ****   }
 567:Drivers/STM32G4xx_HAL_Driver/Src/stm32g4xx_hal_dma.c ****   else
 568:Drivers/STM32G4xx_HAL_Driver/Src/stm32g4xx_hal_dma.c ****   {
 569:Drivers/STM32G4xx_HAL_Driver/Src/stm32g4xx_hal_dma.c **** 
 570:Drivers/STM32G4xx_HAL_Driver/Src/stm32g4xx_hal_dma.c ****     /* Disable the channel */
 571:Drivers/STM32G4xx_HAL_Driver/Src/stm32g4xx_hal_dma.c ****     __HAL_DMA_DISABLE(hdma);
 572:Drivers/STM32G4xx_HAL_Driver/Src/stm32g4xx_hal_dma.c **** 
 573:Drivers/STM32G4xx_HAL_Driver/Src/stm32g4xx_hal_dma.c ****     /* Disable DMA IT */
 574:Drivers/STM32G4xx_HAL_Driver/Src/stm32g4xx_hal_dma.c ****     __HAL_DMA_DISABLE_IT(hdma, (DMA_IT_TC | DMA_IT_HT | DMA_IT_TE));
 575:Drivers/STM32G4xx_HAL_Driver/Src/stm32g4xx_hal_dma.c **** 
 576:Drivers/STM32G4xx_HAL_Driver/Src/stm32g4xx_hal_dma.c ****     /* disable the DMAMUX sync overrun IT*/
 577:Drivers/STM32G4xx_HAL_Driver/Src/stm32g4xx_hal_dma.c ****     hdma->DMAmuxChannel->CCR &= ~DMAMUX_CxCR_SOIE;
 578:Drivers/STM32G4xx_HAL_Driver/Src/stm32g4xx_hal_dma.c **** 
 579:Drivers/STM32G4xx_HAL_Driver/Src/stm32g4xx_hal_dma.c ****     /* Clear all flags */
 580:Drivers/STM32G4xx_HAL_Driver/Src/stm32g4xx_hal_dma.c ****     hdma->DmaBaseAddress->IFCR = (DMA_ISR_GIF1 << (hdma->ChannelIndex & 0x1FU));
 581:Drivers/STM32G4xx_HAL_Driver/Src/stm32g4xx_hal_dma.c **** 
 582:Drivers/STM32G4xx_HAL_Driver/Src/stm32g4xx_hal_dma.c ****     /* Clear the DMAMUX synchro overrun flag */
 583:Drivers/STM32G4xx_HAL_Driver/Src/stm32g4xx_hal_dma.c ****     hdma->DMAmuxChannelStatus->CFR = hdma->DMAmuxChannelStatusMask;
 584:Drivers/STM32G4xx_HAL_Driver/Src/stm32g4xx_hal_dma.c **** 
 585:Drivers/STM32G4xx_HAL_Driver/Src/stm32g4xx_hal_dma.c ****     if (hdma->DMAmuxRequestGen != 0U)
 586:Drivers/STM32G4xx_HAL_Driver/Src/stm32g4xx_hal_dma.c ****     {
 587:Drivers/STM32G4xx_HAL_Driver/Src/stm32g4xx_hal_dma.c ****       /* if using DMAMUX request generator, disable the DMAMUX request generator overrun IT*/
 588:Drivers/STM32G4xx_HAL_Driver/Src/stm32g4xx_hal_dma.c ****       /* disable the request gen overrun IT*/
 589:Drivers/STM32G4xx_HAL_Driver/Src/stm32g4xx_hal_dma.c ****       hdma->DMAmuxRequestGen->RGCR &= ~DMAMUX_RGxCR_OIE;
 590:Drivers/STM32G4xx_HAL_Driver/Src/stm32g4xx_hal_dma.c **** 
 591:Drivers/STM32G4xx_HAL_Driver/Src/stm32g4xx_hal_dma.c ****       /* Clear the DMAMUX request generator overrun flag */
 592:Drivers/STM32G4xx_HAL_Driver/Src/stm32g4xx_hal_dma.c ****       hdma->DMAmuxRequestGenStatus->RGCFR = hdma->DMAmuxRequestGenStatusMask;
 593:Drivers/STM32G4xx_HAL_Driver/Src/stm32g4xx_hal_dma.c ****     }
 594:Drivers/STM32G4xx_HAL_Driver/Src/stm32g4xx_hal_dma.c **** 
 595:Drivers/STM32G4xx_HAL_Driver/Src/stm32g4xx_hal_dma.c ****     /* Change the DMA state */
 596:Drivers/STM32G4xx_HAL_Driver/Src/stm32g4xx_hal_dma.c ****     hdma->State = HAL_DMA_STATE_READY;
 597:Drivers/STM32G4xx_HAL_Driver/Src/stm32g4xx_hal_dma.c **** 
 598:Drivers/STM32G4xx_HAL_Driver/Src/stm32g4xx_hal_dma.c ****     /* Process Unlocked */
 599:Drivers/STM32G4xx_HAL_Driver/Src/stm32g4xx_hal_dma.c ****     __HAL_UNLOCK(hdma);
 600:Drivers/STM32G4xx_HAL_Driver/Src/stm32g4xx_hal_dma.c **** 
ARM GAS  C:\Users\MyPC\AppData\Local\Temp\ccS8XDvS.s 			page 12


 601:Drivers/STM32G4xx_HAL_Driver/Src/stm32g4xx_hal_dma.c ****     /* Call User Abort callback */
 602:Drivers/STM32G4xx_HAL_Driver/Src/stm32g4xx_hal_dma.c ****     if (hdma->XferAbortCallback != NULL)
 603:Drivers/STM32G4xx_HAL_Driver/Src/stm32g4xx_hal_dma.c ****     {
 604:Drivers/STM32G4xx_HAL_Driver/Src/stm32g4xx_hal_dma.c ****       hdma->XferAbortCallback(hdma);
 605:Drivers/STM32G4xx_HAL_Driver/Src/stm32g4xx_hal_dma.c ****     }
 606:Drivers/STM32G4xx_HAL_Driver/Src/stm32g4xx_hal_dma.c ****   }
 607:Drivers/STM32G4xx_HAL_Driver/Src/stm32g4xx_hal_dma.c ****   return status;
 608:Drivers/STM32G4xx_HAL_Driver/Src/stm32g4xx_hal_dma.c **** }
 609:Drivers/STM32G4xx_HAL_Driver/Src/stm32g4xx_hal_dma.c **** 
 610:Drivers/STM32G4xx_HAL_Driver/Src/stm32g4xx_hal_dma.c **** /**
 611:Drivers/STM32G4xx_HAL_Driver/Src/stm32g4xx_hal_dma.c ****   * @brief  Polling for transfer complete.
 612:Drivers/STM32G4xx_HAL_Driver/Src/stm32g4xx_hal_dma.c ****   * @param  hdma pointer to a DMA_HandleTypeDef structure that contains
 613:Drivers/STM32G4xx_HAL_Driver/Src/stm32g4xx_hal_dma.c ****   *              the configuration information for the specified DMA Channel.
 614:Drivers/STM32G4xx_HAL_Driver/Src/stm32g4xx_hal_dma.c ****   * @param  CompleteLevel Specifies the DMA level complete.
 615:Drivers/STM32G4xx_HAL_Driver/Src/stm32g4xx_hal_dma.c ****   * @param  Timeout       Timeout duration.
 616:Drivers/STM32G4xx_HAL_Driver/Src/stm32g4xx_hal_dma.c ****   * @retval HAL status
 617:Drivers/STM32G4xx_HAL_Driver/Src/stm32g4xx_hal_dma.c ****   */
 618:Drivers/STM32G4xx_HAL_Driver/Src/stm32g4xx_hal_dma.c **** HAL_StatusTypeDef HAL_DMA_PollForTransfer(DMA_HandleTypeDef *hdma, HAL_DMA_LevelCompleteTypeDef Com
 619:Drivers/STM32G4xx_HAL_Driver/Src/stm32g4xx_hal_dma.c ****                                           uint32_t Timeout)
 620:Drivers/STM32G4xx_HAL_Driver/Src/stm32g4xx_hal_dma.c **** {
 621:Drivers/STM32G4xx_HAL_Driver/Src/stm32g4xx_hal_dma.c ****   uint32_t temp;
 622:Drivers/STM32G4xx_HAL_Driver/Src/stm32g4xx_hal_dma.c ****   uint32_t tickstart;
 623:Drivers/STM32G4xx_HAL_Driver/Src/stm32g4xx_hal_dma.c **** 
 624:Drivers/STM32G4xx_HAL_Driver/Src/stm32g4xx_hal_dma.c ****   if (HAL_DMA_STATE_BUSY != hdma->State)
 625:Drivers/STM32G4xx_HAL_Driver/Src/stm32g4xx_hal_dma.c ****   {
 626:Drivers/STM32G4xx_HAL_Driver/Src/stm32g4xx_hal_dma.c ****     /* no transfer ongoing */
 627:Drivers/STM32G4xx_HAL_Driver/Src/stm32g4xx_hal_dma.c ****     hdma->ErrorCode = HAL_DMA_ERROR_NO_XFER;
 628:Drivers/STM32G4xx_HAL_Driver/Src/stm32g4xx_hal_dma.c ****     __HAL_UNLOCK(hdma);
 629:Drivers/STM32G4xx_HAL_Driver/Src/stm32g4xx_hal_dma.c ****     return HAL_ERROR;
 630:Drivers/STM32G4xx_HAL_Driver/Src/stm32g4xx_hal_dma.c ****   }
 631:Drivers/STM32G4xx_HAL_Driver/Src/stm32g4xx_hal_dma.c **** 
 632:Drivers/STM32G4xx_HAL_Driver/Src/stm32g4xx_hal_dma.c ****   /* Polling mode not supported in circular mode */
 633:Drivers/STM32G4xx_HAL_Driver/Src/stm32g4xx_hal_dma.c ****   if (0U != (hdma->Instance->CCR & DMA_CCR_CIRC))
 634:Drivers/STM32G4xx_HAL_Driver/Src/stm32g4xx_hal_dma.c ****   {
 635:Drivers/STM32G4xx_HAL_Driver/Src/stm32g4xx_hal_dma.c ****     hdma->ErrorCode = HAL_DMA_ERROR_NOT_SUPPORTED;
 636:Drivers/STM32G4xx_HAL_Driver/Src/stm32g4xx_hal_dma.c ****     return HAL_ERROR;
 637:Drivers/STM32G4xx_HAL_Driver/Src/stm32g4xx_hal_dma.c ****   }
 638:Drivers/STM32G4xx_HAL_Driver/Src/stm32g4xx_hal_dma.c **** 
 639:Drivers/STM32G4xx_HAL_Driver/Src/stm32g4xx_hal_dma.c ****   /* Get the level transfer complete flag */
 640:Drivers/STM32G4xx_HAL_Driver/Src/stm32g4xx_hal_dma.c ****   if (HAL_DMA_FULL_TRANSFER == CompleteLevel)
 641:Drivers/STM32G4xx_HAL_Driver/Src/stm32g4xx_hal_dma.c ****   {
 642:Drivers/STM32G4xx_HAL_Driver/Src/stm32g4xx_hal_dma.c ****     /* Transfer Complete flag */
 643:Drivers/STM32G4xx_HAL_Driver/Src/stm32g4xx_hal_dma.c **** 
 644:Drivers/STM32G4xx_HAL_Driver/Src/stm32g4xx_hal_dma.c ****     temp = (uint32_t)DMA_FLAG_TC1 << (hdma->ChannelIndex & 0x1FU);
 645:Drivers/STM32G4xx_HAL_Driver/Src/stm32g4xx_hal_dma.c ****   }
 646:Drivers/STM32G4xx_HAL_Driver/Src/stm32g4xx_hal_dma.c ****   else
 647:Drivers/STM32G4xx_HAL_Driver/Src/stm32g4xx_hal_dma.c ****   {
 648:Drivers/STM32G4xx_HAL_Driver/Src/stm32g4xx_hal_dma.c ****     /* Half Transfer Complete flag */
 649:Drivers/STM32G4xx_HAL_Driver/Src/stm32g4xx_hal_dma.c ****     temp = (uint32_t)DMA_FLAG_HT1 << (hdma->ChannelIndex & 0x1FU);
 650:Drivers/STM32G4xx_HAL_Driver/Src/stm32g4xx_hal_dma.c ****   }
 651:Drivers/STM32G4xx_HAL_Driver/Src/stm32g4xx_hal_dma.c **** 
 652:Drivers/STM32G4xx_HAL_Driver/Src/stm32g4xx_hal_dma.c ****   /* Get tick */
 653:Drivers/STM32G4xx_HAL_Driver/Src/stm32g4xx_hal_dma.c ****   tickstart = HAL_GetTick();
 654:Drivers/STM32G4xx_HAL_Driver/Src/stm32g4xx_hal_dma.c **** 
 655:Drivers/STM32G4xx_HAL_Driver/Src/stm32g4xx_hal_dma.c ****   while (0U == (hdma->DmaBaseAddress->ISR & temp))
 656:Drivers/STM32G4xx_HAL_Driver/Src/stm32g4xx_hal_dma.c ****   {
 657:Drivers/STM32G4xx_HAL_Driver/Src/stm32g4xx_hal_dma.c ****     if ((0U != (hdma->DmaBaseAddress->ISR & ((uint32_t)DMA_FLAG_TE1 << (hdma->ChannelIndex & 0x1FU)
ARM GAS  C:\Users\MyPC\AppData\Local\Temp\ccS8XDvS.s 			page 13


 658:Drivers/STM32G4xx_HAL_Driver/Src/stm32g4xx_hal_dma.c ****     {
 659:Drivers/STM32G4xx_HAL_Driver/Src/stm32g4xx_hal_dma.c ****       /* When a DMA transfer error occurs */
 660:Drivers/STM32G4xx_HAL_Driver/Src/stm32g4xx_hal_dma.c ****       /* A hardware clear of its EN bits is performed */
 661:Drivers/STM32G4xx_HAL_Driver/Src/stm32g4xx_hal_dma.c ****       /* Clear all flags */
 662:Drivers/STM32G4xx_HAL_Driver/Src/stm32g4xx_hal_dma.c ****       hdma->DmaBaseAddress->IFCR = ((uint32_t)DMA_ISR_GIF1 << (hdma->ChannelIndex & 0x1FU));
 663:Drivers/STM32G4xx_HAL_Driver/Src/stm32g4xx_hal_dma.c **** 
 664:Drivers/STM32G4xx_HAL_Driver/Src/stm32g4xx_hal_dma.c ****       /* Update error code */
 665:Drivers/STM32G4xx_HAL_Driver/Src/stm32g4xx_hal_dma.c ****       hdma->ErrorCode = HAL_DMA_ERROR_TE;
 666:Drivers/STM32G4xx_HAL_Driver/Src/stm32g4xx_hal_dma.c **** 
 667:Drivers/STM32G4xx_HAL_Driver/Src/stm32g4xx_hal_dma.c ****       /* Change the DMA state */
 668:Drivers/STM32G4xx_HAL_Driver/Src/stm32g4xx_hal_dma.c ****       hdma->State = HAL_DMA_STATE_READY;
 669:Drivers/STM32G4xx_HAL_Driver/Src/stm32g4xx_hal_dma.c **** 
 670:Drivers/STM32G4xx_HAL_Driver/Src/stm32g4xx_hal_dma.c ****       /* Process Unlocked */
 671:Drivers/STM32G4xx_HAL_Driver/Src/stm32g4xx_hal_dma.c ****       __HAL_UNLOCK(hdma);
 672:Drivers/STM32G4xx_HAL_Driver/Src/stm32g4xx_hal_dma.c **** 
 673:Drivers/STM32G4xx_HAL_Driver/Src/stm32g4xx_hal_dma.c ****       return HAL_ERROR;
 674:Drivers/STM32G4xx_HAL_Driver/Src/stm32g4xx_hal_dma.c ****     }
 675:Drivers/STM32G4xx_HAL_Driver/Src/stm32g4xx_hal_dma.c ****     /* Check for the Timeout */
 676:Drivers/STM32G4xx_HAL_Driver/Src/stm32g4xx_hal_dma.c ****     if (Timeout != HAL_MAX_DELAY)
 677:Drivers/STM32G4xx_HAL_Driver/Src/stm32g4xx_hal_dma.c ****     {
 678:Drivers/STM32G4xx_HAL_Driver/Src/stm32g4xx_hal_dma.c ****       if (((HAL_GetTick() - tickstart) > Timeout) || (Timeout == 0U))
 679:Drivers/STM32G4xx_HAL_Driver/Src/stm32g4xx_hal_dma.c ****       {
 680:Drivers/STM32G4xx_HAL_Driver/Src/stm32g4xx_hal_dma.c ****         /* Update error code */
 681:Drivers/STM32G4xx_HAL_Driver/Src/stm32g4xx_hal_dma.c ****         hdma->ErrorCode = HAL_DMA_ERROR_TIMEOUT;
 682:Drivers/STM32G4xx_HAL_Driver/Src/stm32g4xx_hal_dma.c **** 
 683:Drivers/STM32G4xx_HAL_Driver/Src/stm32g4xx_hal_dma.c ****         /* Change the DMA state */
 684:Drivers/STM32G4xx_HAL_Driver/Src/stm32g4xx_hal_dma.c ****         hdma->State = HAL_DMA_STATE_READY;
 685:Drivers/STM32G4xx_HAL_Driver/Src/stm32g4xx_hal_dma.c **** 
 686:Drivers/STM32G4xx_HAL_Driver/Src/stm32g4xx_hal_dma.c ****         /* Process Unlocked */
 687:Drivers/STM32G4xx_HAL_Driver/Src/stm32g4xx_hal_dma.c ****         __HAL_UNLOCK(hdma);
 688:Drivers/STM32G4xx_HAL_Driver/Src/stm32g4xx_hal_dma.c **** 
 689:Drivers/STM32G4xx_HAL_Driver/Src/stm32g4xx_hal_dma.c ****         return HAL_ERROR;
 690:Drivers/STM32G4xx_HAL_Driver/Src/stm32g4xx_hal_dma.c ****       }
 691:Drivers/STM32G4xx_HAL_Driver/Src/stm32g4xx_hal_dma.c ****     }
 692:Drivers/STM32G4xx_HAL_Driver/Src/stm32g4xx_hal_dma.c ****   }
 693:Drivers/STM32G4xx_HAL_Driver/Src/stm32g4xx_hal_dma.c **** 
 694:Drivers/STM32G4xx_HAL_Driver/Src/stm32g4xx_hal_dma.c ****   /*Check for DMAMUX Request generator (if used) overrun status */
 695:Drivers/STM32G4xx_HAL_Driver/Src/stm32g4xx_hal_dma.c ****   if (hdma->DMAmuxRequestGen != 0U)
 696:Drivers/STM32G4xx_HAL_Driver/Src/stm32g4xx_hal_dma.c ****   {
 697:Drivers/STM32G4xx_HAL_Driver/Src/stm32g4xx_hal_dma.c ****     /* if using DMAMUX request generator Check for DMAMUX request generator overrun */
 698:Drivers/STM32G4xx_HAL_Driver/Src/stm32g4xx_hal_dma.c ****     if ((hdma->DMAmuxRequestGenStatus->RGSR & hdma->DMAmuxRequestGenStatusMask) != 0U)
 699:Drivers/STM32G4xx_HAL_Driver/Src/stm32g4xx_hal_dma.c ****     {
 700:Drivers/STM32G4xx_HAL_Driver/Src/stm32g4xx_hal_dma.c ****       /* Disable the request gen overrun interrupt */
 701:Drivers/STM32G4xx_HAL_Driver/Src/stm32g4xx_hal_dma.c ****       hdma->DMAmuxRequestGen->RGCR |= DMAMUX_RGxCR_OIE;
 702:Drivers/STM32G4xx_HAL_Driver/Src/stm32g4xx_hal_dma.c **** 
 703:Drivers/STM32G4xx_HAL_Driver/Src/stm32g4xx_hal_dma.c ****       /* Clear the DMAMUX request generator overrun flag */
 704:Drivers/STM32G4xx_HAL_Driver/Src/stm32g4xx_hal_dma.c ****       hdma->DMAmuxRequestGenStatus->RGCFR = hdma->DMAmuxRequestGenStatusMask;
 705:Drivers/STM32G4xx_HAL_Driver/Src/stm32g4xx_hal_dma.c **** 
 706:Drivers/STM32G4xx_HAL_Driver/Src/stm32g4xx_hal_dma.c ****       /* Update error code */
 707:Drivers/STM32G4xx_HAL_Driver/Src/stm32g4xx_hal_dma.c ****       hdma->ErrorCode |= HAL_DMA_ERROR_REQGEN;
 708:Drivers/STM32G4xx_HAL_Driver/Src/stm32g4xx_hal_dma.c ****     }
 709:Drivers/STM32G4xx_HAL_Driver/Src/stm32g4xx_hal_dma.c ****   }
 710:Drivers/STM32G4xx_HAL_Driver/Src/stm32g4xx_hal_dma.c **** 
 711:Drivers/STM32G4xx_HAL_Driver/Src/stm32g4xx_hal_dma.c ****   /* Check for DMAMUX Synchronization overrun */
 712:Drivers/STM32G4xx_HAL_Driver/Src/stm32g4xx_hal_dma.c ****   if ((hdma->DMAmuxChannelStatus->CSR & hdma->DMAmuxChannelStatusMask) != 0U)
 713:Drivers/STM32G4xx_HAL_Driver/Src/stm32g4xx_hal_dma.c ****   {
 714:Drivers/STM32G4xx_HAL_Driver/Src/stm32g4xx_hal_dma.c ****     /* Clear the DMAMUX synchro overrun flag */
ARM GAS  C:\Users\MyPC\AppData\Local\Temp\ccS8XDvS.s 			page 14


 715:Drivers/STM32G4xx_HAL_Driver/Src/stm32g4xx_hal_dma.c ****     hdma->DMAmuxChannelStatus->CFR = hdma->DMAmuxChannelStatusMask;
 716:Drivers/STM32G4xx_HAL_Driver/Src/stm32g4xx_hal_dma.c **** 
 717:Drivers/STM32G4xx_HAL_Driver/Src/stm32g4xx_hal_dma.c ****     /* Update error code */
 718:Drivers/STM32G4xx_HAL_Driver/Src/stm32g4xx_hal_dma.c ****     hdma->ErrorCode |= HAL_DMA_ERROR_SYNC;
 719:Drivers/STM32G4xx_HAL_Driver/Src/stm32g4xx_hal_dma.c ****   }
 720:Drivers/STM32G4xx_HAL_Driver/Src/stm32g4xx_hal_dma.c **** 
 721:Drivers/STM32G4xx_HAL_Driver/Src/stm32g4xx_hal_dma.c ****   if (HAL_DMA_FULL_TRANSFER == CompleteLevel)
 722:Drivers/STM32G4xx_HAL_Driver/Src/stm32g4xx_hal_dma.c ****   {
 723:Drivers/STM32G4xx_HAL_Driver/Src/stm32g4xx_hal_dma.c ****     /* Clear the transfer complete flag */
 724:Drivers/STM32G4xx_HAL_Driver/Src/stm32g4xx_hal_dma.c ****     hdma->DmaBaseAddress->IFCR = ((uint32_t)DMA_FLAG_TC1 << (hdma->ChannelIndex & 0x1FU));
 725:Drivers/STM32G4xx_HAL_Driver/Src/stm32g4xx_hal_dma.c **** 
 726:Drivers/STM32G4xx_HAL_Driver/Src/stm32g4xx_hal_dma.c ****     /* The selected Channelx EN bit is cleared (DMA is disabled and
 727:Drivers/STM32G4xx_HAL_Driver/Src/stm32g4xx_hal_dma.c ****     all transfers are complete) */
 728:Drivers/STM32G4xx_HAL_Driver/Src/stm32g4xx_hal_dma.c ****     hdma->State = HAL_DMA_STATE_READY;
 729:Drivers/STM32G4xx_HAL_Driver/Src/stm32g4xx_hal_dma.c ****   }
 730:Drivers/STM32G4xx_HAL_Driver/Src/stm32g4xx_hal_dma.c ****   else
 731:Drivers/STM32G4xx_HAL_Driver/Src/stm32g4xx_hal_dma.c ****   {
 732:Drivers/STM32G4xx_HAL_Driver/Src/stm32g4xx_hal_dma.c ****     /* Clear the half transfer complete flag */
 733:Drivers/STM32G4xx_HAL_Driver/Src/stm32g4xx_hal_dma.c ****     hdma->DmaBaseAddress->IFCR = ((uint32_t)DMA_FLAG_HT1 << (hdma->ChannelIndex & 0x1FU));
 734:Drivers/STM32G4xx_HAL_Driver/Src/stm32g4xx_hal_dma.c ****   }
 735:Drivers/STM32G4xx_HAL_Driver/Src/stm32g4xx_hal_dma.c **** 
 736:Drivers/STM32G4xx_HAL_Driver/Src/stm32g4xx_hal_dma.c ****   /* Process unlocked */
 737:Drivers/STM32G4xx_HAL_Driver/Src/stm32g4xx_hal_dma.c ****   __HAL_UNLOCK(hdma);
 738:Drivers/STM32G4xx_HAL_Driver/Src/stm32g4xx_hal_dma.c **** 
 739:Drivers/STM32G4xx_HAL_Driver/Src/stm32g4xx_hal_dma.c ****   return HAL_OK;
 740:Drivers/STM32G4xx_HAL_Driver/Src/stm32g4xx_hal_dma.c **** }
 741:Drivers/STM32G4xx_HAL_Driver/Src/stm32g4xx_hal_dma.c **** 
 742:Drivers/STM32G4xx_HAL_Driver/Src/stm32g4xx_hal_dma.c **** /**
 743:Drivers/STM32G4xx_HAL_Driver/Src/stm32g4xx_hal_dma.c ****   * @brief  Handle DMA interrupt request.
 744:Drivers/STM32G4xx_HAL_Driver/Src/stm32g4xx_hal_dma.c ****   * @param  hdma pointer to a DMA_HandleTypeDef structure that contains
 745:Drivers/STM32G4xx_HAL_Driver/Src/stm32g4xx_hal_dma.c ****   *               the configuration information for the specified DMA Channel.
 746:Drivers/STM32G4xx_HAL_Driver/Src/stm32g4xx_hal_dma.c ****   * @retval None
 747:Drivers/STM32G4xx_HAL_Driver/Src/stm32g4xx_hal_dma.c ****   */
 748:Drivers/STM32G4xx_HAL_Driver/Src/stm32g4xx_hal_dma.c **** void HAL_DMA_IRQHandler(DMA_HandleTypeDef *hdma)
 749:Drivers/STM32G4xx_HAL_Driver/Src/stm32g4xx_hal_dma.c **** {
 750:Drivers/STM32G4xx_HAL_Driver/Src/stm32g4xx_hal_dma.c ****   uint32_t flag_it = hdma->DmaBaseAddress->ISR;
 751:Drivers/STM32G4xx_HAL_Driver/Src/stm32g4xx_hal_dma.c ****   uint32_t source_it = hdma->Instance->CCR;
 752:Drivers/STM32G4xx_HAL_Driver/Src/stm32g4xx_hal_dma.c **** 
 753:Drivers/STM32G4xx_HAL_Driver/Src/stm32g4xx_hal_dma.c ****   /* Half Transfer Complete Interrupt management ******************************/
 754:Drivers/STM32G4xx_HAL_Driver/Src/stm32g4xx_hal_dma.c ****   if ((0U != (flag_it & ((uint32_t)DMA_FLAG_HT1 << (hdma->ChannelIndex & 0x1FU)))) && (0U != (sourc
 755:Drivers/STM32G4xx_HAL_Driver/Src/stm32g4xx_hal_dma.c ****   {
 756:Drivers/STM32G4xx_HAL_Driver/Src/stm32g4xx_hal_dma.c ****     /* Disable the half transfer interrupt if the DMA mode is not CIRCULAR */
 757:Drivers/STM32G4xx_HAL_Driver/Src/stm32g4xx_hal_dma.c ****     if ((hdma->Instance->CCR & DMA_CCR_CIRC) == 0U)
 758:Drivers/STM32G4xx_HAL_Driver/Src/stm32g4xx_hal_dma.c ****     {
 759:Drivers/STM32G4xx_HAL_Driver/Src/stm32g4xx_hal_dma.c ****       /* Disable the half transfer interrupt */
 760:Drivers/STM32G4xx_HAL_Driver/Src/stm32g4xx_hal_dma.c ****       __HAL_DMA_DISABLE_IT(hdma, DMA_IT_HT);
 761:Drivers/STM32G4xx_HAL_Driver/Src/stm32g4xx_hal_dma.c ****     }
 762:Drivers/STM32G4xx_HAL_Driver/Src/stm32g4xx_hal_dma.c ****     /* Clear the half transfer complete flag */
 763:Drivers/STM32G4xx_HAL_Driver/Src/stm32g4xx_hal_dma.c ****     hdma->DmaBaseAddress->IFCR = ((uint32_t)DMA_ISR_HTIF1 << (hdma->ChannelIndex & 0x1FU));
 764:Drivers/STM32G4xx_HAL_Driver/Src/stm32g4xx_hal_dma.c **** 
 765:Drivers/STM32G4xx_HAL_Driver/Src/stm32g4xx_hal_dma.c ****     /* DMA peripheral state is not updated in Half Transfer */
 766:Drivers/STM32G4xx_HAL_Driver/Src/stm32g4xx_hal_dma.c ****     /* but in Transfer Complete case */
 767:Drivers/STM32G4xx_HAL_Driver/Src/stm32g4xx_hal_dma.c **** 
 768:Drivers/STM32G4xx_HAL_Driver/Src/stm32g4xx_hal_dma.c ****     if (hdma->XferHalfCpltCallback != NULL)
 769:Drivers/STM32G4xx_HAL_Driver/Src/stm32g4xx_hal_dma.c ****     {
 770:Drivers/STM32G4xx_HAL_Driver/Src/stm32g4xx_hal_dma.c ****       /* Half transfer callback */
 771:Drivers/STM32G4xx_HAL_Driver/Src/stm32g4xx_hal_dma.c ****       hdma->XferHalfCpltCallback(hdma);
ARM GAS  C:\Users\MyPC\AppData\Local\Temp\ccS8XDvS.s 			page 15


 772:Drivers/STM32G4xx_HAL_Driver/Src/stm32g4xx_hal_dma.c ****     }
 773:Drivers/STM32G4xx_HAL_Driver/Src/stm32g4xx_hal_dma.c ****   }
 774:Drivers/STM32G4xx_HAL_Driver/Src/stm32g4xx_hal_dma.c ****   /* Transfer Complete Interrupt management ***********************************/
 775:Drivers/STM32G4xx_HAL_Driver/Src/stm32g4xx_hal_dma.c ****   else if ((0U != (flag_it & ((uint32_t)DMA_FLAG_TC1 << (hdma->ChannelIndex & 0x1FU))))
 776:Drivers/STM32G4xx_HAL_Driver/Src/stm32g4xx_hal_dma.c ****            && (0U != (source_it & DMA_IT_TC)))
 777:Drivers/STM32G4xx_HAL_Driver/Src/stm32g4xx_hal_dma.c ****   {
 778:Drivers/STM32G4xx_HAL_Driver/Src/stm32g4xx_hal_dma.c ****     if ((hdma->Instance->CCR & DMA_CCR_CIRC) == 0U)
 779:Drivers/STM32G4xx_HAL_Driver/Src/stm32g4xx_hal_dma.c ****     {
 780:Drivers/STM32G4xx_HAL_Driver/Src/stm32g4xx_hal_dma.c ****       /* Disable the transfer complete and error interrupt */
 781:Drivers/STM32G4xx_HAL_Driver/Src/stm32g4xx_hal_dma.c ****       __HAL_DMA_DISABLE_IT(hdma, DMA_IT_TE | DMA_IT_TC);
 782:Drivers/STM32G4xx_HAL_Driver/Src/stm32g4xx_hal_dma.c **** 
 783:Drivers/STM32G4xx_HAL_Driver/Src/stm32g4xx_hal_dma.c ****       /* Change the DMA state */
 784:Drivers/STM32G4xx_HAL_Driver/Src/stm32g4xx_hal_dma.c ****       hdma->State = HAL_DMA_STATE_READY;
 785:Drivers/STM32G4xx_HAL_Driver/Src/stm32g4xx_hal_dma.c ****     }
 786:Drivers/STM32G4xx_HAL_Driver/Src/stm32g4xx_hal_dma.c ****     /* Clear the transfer complete flag */
 787:Drivers/STM32G4xx_HAL_Driver/Src/stm32g4xx_hal_dma.c ****     hdma->DmaBaseAddress->IFCR = ((uint32_t)DMA_ISR_TCIF1 << (hdma->ChannelIndex & 0x1FU));
 788:Drivers/STM32G4xx_HAL_Driver/Src/stm32g4xx_hal_dma.c **** 
 789:Drivers/STM32G4xx_HAL_Driver/Src/stm32g4xx_hal_dma.c ****     /* Process Unlocked */
 790:Drivers/STM32G4xx_HAL_Driver/Src/stm32g4xx_hal_dma.c ****     __HAL_UNLOCK(hdma);
 791:Drivers/STM32G4xx_HAL_Driver/Src/stm32g4xx_hal_dma.c **** 
 792:Drivers/STM32G4xx_HAL_Driver/Src/stm32g4xx_hal_dma.c ****     if (hdma->XferCpltCallback != NULL)
 793:Drivers/STM32G4xx_HAL_Driver/Src/stm32g4xx_hal_dma.c ****     {
 794:Drivers/STM32G4xx_HAL_Driver/Src/stm32g4xx_hal_dma.c ****       /* Transfer complete callback */
 795:Drivers/STM32G4xx_HAL_Driver/Src/stm32g4xx_hal_dma.c ****       hdma->XferCpltCallback(hdma);
 796:Drivers/STM32G4xx_HAL_Driver/Src/stm32g4xx_hal_dma.c ****     }
 797:Drivers/STM32G4xx_HAL_Driver/Src/stm32g4xx_hal_dma.c ****   }
 798:Drivers/STM32G4xx_HAL_Driver/Src/stm32g4xx_hal_dma.c ****   /* Transfer Error Interrupt management **************************************/
 799:Drivers/STM32G4xx_HAL_Driver/Src/stm32g4xx_hal_dma.c ****   else if ((0U != (flag_it & ((uint32_t)DMA_FLAG_TE1 << (hdma->ChannelIndex & 0x1FU))))
 800:Drivers/STM32G4xx_HAL_Driver/Src/stm32g4xx_hal_dma.c ****            && (0U != (source_it & DMA_IT_TE)))
 801:Drivers/STM32G4xx_HAL_Driver/Src/stm32g4xx_hal_dma.c ****   {
 802:Drivers/STM32G4xx_HAL_Driver/Src/stm32g4xx_hal_dma.c ****     /* When a DMA transfer error occurs */
 803:Drivers/STM32G4xx_HAL_Driver/Src/stm32g4xx_hal_dma.c ****     /* A hardware clear of its EN bits is performed */
 804:Drivers/STM32G4xx_HAL_Driver/Src/stm32g4xx_hal_dma.c ****     /* Disable ALL DMA IT */
 805:Drivers/STM32G4xx_HAL_Driver/Src/stm32g4xx_hal_dma.c ****     __HAL_DMA_DISABLE_IT(hdma, (DMA_IT_TC | DMA_IT_HT | DMA_IT_TE));
 806:Drivers/STM32G4xx_HAL_Driver/Src/stm32g4xx_hal_dma.c **** 
 807:Drivers/STM32G4xx_HAL_Driver/Src/stm32g4xx_hal_dma.c ****     /* Clear all flags */
 808:Drivers/STM32G4xx_HAL_Driver/Src/stm32g4xx_hal_dma.c ****     hdma->DmaBaseAddress->IFCR = ((uint32_t)DMA_ISR_GIF1 << (hdma->ChannelIndex & 0x1FU));
 809:Drivers/STM32G4xx_HAL_Driver/Src/stm32g4xx_hal_dma.c **** 
 810:Drivers/STM32G4xx_HAL_Driver/Src/stm32g4xx_hal_dma.c ****     /* Update error code */
 811:Drivers/STM32G4xx_HAL_Driver/Src/stm32g4xx_hal_dma.c ****     hdma->ErrorCode = HAL_DMA_ERROR_TE;
 812:Drivers/STM32G4xx_HAL_Driver/Src/stm32g4xx_hal_dma.c **** 
 813:Drivers/STM32G4xx_HAL_Driver/Src/stm32g4xx_hal_dma.c ****     /* Change the DMA state */
 814:Drivers/STM32G4xx_HAL_Driver/Src/stm32g4xx_hal_dma.c ****     hdma->State = HAL_DMA_STATE_READY;
 815:Drivers/STM32G4xx_HAL_Driver/Src/stm32g4xx_hal_dma.c **** 
 816:Drivers/STM32G4xx_HAL_Driver/Src/stm32g4xx_hal_dma.c ****     /* Process Unlocked */
 817:Drivers/STM32G4xx_HAL_Driver/Src/stm32g4xx_hal_dma.c ****     __HAL_UNLOCK(hdma);
 818:Drivers/STM32G4xx_HAL_Driver/Src/stm32g4xx_hal_dma.c **** 
 819:Drivers/STM32G4xx_HAL_Driver/Src/stm32g4xx_hal_dma.c ****     if (hdma->XferErrorCallback != NULL)
 820:Drivers/STM32G4xx_HAL_Driver/Src/stm32g4xx_hal_dma.c ****     {
 821:Drivers/STM32G4xx_HAL_Driver/Src/stm32g4xx_hal_dma.c ****       /* Transfer error callback */
 822:Drivers/STM32G4xx_HAL_Driver/Src/stm32g4xx_hal_dma.c ****       hdma->XferErrorCallback(hdma);
 823:Drivers/STM32G4xx_HAL_Driver/Src/stm32g4xx_hal_dma.c ****     }
 824:Drivers/STM32G4xx_HAL_Driver/Src/stm32g4xx_hal_dma.c ****   }
 825:Drivers/STM32G4xx_HAL_Driver/Src/stm32g4xx_hal_dma.c ****   else
 826:Drivers/STM32G4xx_HAL_Driver/Src/stm32g4xx_hal_dma.c ****   {
 827:Drivers/STM32G4xx_HAL_Driver/Src/stm32g4xx_hal_dma.c ****     /* Nothing To Do */
 828:Drivers/STM32G4xx_HAL_Driver/Src/stm32g4xx_hal_dma.c ****   }
ARM GAS  C:\Users\MyPC\AppData\Local\Temp\ccS8XDvS.s 			page 16


 829:Drivers/STM32G4xx_HAL_Driver/Src/stm32g4xx_hal_dma.c ****   return;
 830:Drivers/STM32G4xx_HAL_Driver/Src/stm32g4xx_hal_dma.c **** }
 831:Drivers/STM32G4xx_HAL_Driver/Src/stm32g4xx_hal_dma.c **** 
 832:Drivers/STM32G4xx_HAL_Driver/Src/stm32g4xx_hal_dma.c **** /**
 833:Drivers/STM32G4xx_HAL_Driver/Src/stm32g4xx_hal_dma.c ****   * @brief  Register callbacks
 834:Drivers/STM32G4xx_HAL_Driver/Src/stm32g4xx_hal_dma.c ****   * @param  hdma                 pointer to a DMA_HandleTypeDef structure that contains
 835:Drivers/STM32G4xx_HAL_Driver/Src/stm32g4xx_hal_dma.c ****   *                               the configuration information for the specified DMA Channel.
 836:Drivers/STM32G4xx_HAL_Driver/Src/stm32g4xx_hal_dma.c ****   * @param  CallbackID           User Callback identifier
 837:Drivers/STM32G4xx_HAL_Driver/Src/stm32g4xx_hal_dma.c ****   *                               a HAL_DMA_CallbackIDTypeDef ENUM as parameter.
 838:Drivers/STM32G4xx_HAL_Driver/Src/stm32g4xx_hal_dma.c ****   * @param  pCallback            pointer to private callbacsk function which has pointer to
 839:Drivers/STM32G4xx_HAL_Driver/Src/stm32g4xx_hal_dma.c ****   *                               a DMA_HandleTypeDef structure as parameter.
 840:Drivers/STM32G4xx_HAL_Driver/Src/stm32g4xx_hal_dma.c ****   * @retval HAL status
 841:Drivers/STM32G4xx_HAL_Driver/Src/stm32g4xx_hal_dma.c ****   */
 842:Drivers/STM32G4xx_HAL_Driver/Src/stm32g4xx_hal_dma.c **** HAL_StatusTypeDef HAL_DMA_RegisterCallback(DMA_HandleTypeDef *hdma, HAL_DMA_CallbackIDTypeDef Callb
 843:Drivers/STM32G4xx_HAL_Driver/Src/stm32g4xx_hal_dma.c **** {
 844:Drivers/STM32G4xx_HAL_Driver/Src/stm32g4xx_hal_dma.c ****   HAL_StatusTypeDef status = HAL_OK;
 845:Drivers/STM32G4xx_HAL_Driver/Src/stm32g4xx_hal_dma.c **** 
 846:Drivers/STM32G4xx_HAL_Driver/Src/stm32g4xx_hal_dma.c ****   /* Process locked */
 847:Drivers/STM32G4xx_HAL_Driver/Src/stm32g4xx_hal_dma.c ****   __HAL_LOCK(hdma);
 848:Drivers/STM32G4xx_HAL_Driver/Src/stm32g4xx_hal_dma.c **** 
 849:Drivers/STM32G4xx_HAL_Driver/Src/stm32g4xx_hal_dma.c ****   if (HAL_DMA_STATE_READY == hdma->State)
 850:Drivers/STM32G4xx_HAL_Driver/Src/stm32g4xx_hal_dma.c ****   {
 851:Drivers/STM32G4xx_HAL_Driver/Src/stm32g4xx_hal_dma.c ****     switch (CallbackID)
 852:Drivers/STM32G4xx_HAL_Driver/Src/stm32g4xx_hal_dma.c ****     {
 853:Drivers/STM32G4xx_HAL_Driver/Src/stm32g4xx_hal_dma.c ****       case  HAL_DMA_XFER_CPLT_CB_ID:
 854:Drivers/STM32G4xx_HAL_Driver/Src/stm32g4xx_hal_dma.c ****         hdma->XferCpltCallback = pCallback;
 855:Drivers/STM32G4xx_HAL_Driver/Src/stm32g4xx_hal_dma.c ****         break;
 856:Drivers/STM32G4xx_HAL_Driver/Src/stm32g4xx_hal_dma.c **** 
 857:Drivers/STM32G4xx_HAL_Driver/Src/stm32g4xx_hal_dma.c ****       case  HAL_DMA_XFER_HALFCPLT_CB_ID:
 858:Drivers/STM32G4xx_HAL_Driver/Src/stm32g4xx_hal_dma.c ****         hdma->XferHalfCpltCallback = pCallback;
 859:Drivers/STM32G4xx_HAL_Driver/Src/stm32g4xx_hal_dma.c ****         break;
 860:Drivers/STM32G4xx_HAL_Driver/Src/stm32g4xx_hal_dma.c **** 
 861:Drivers/STM32G4xx_HAL_Driver/Src/stm32g4xx_hal_dma.c ****       case  HAL_DMA_XFER_ERROR_CB_ID:
 862:Drivers/STM32G4xx_HAL_Driver/Src/stm32g4xx_hal_dma.c ****         hdma->XferErrorCallback = pCallback;
 863:Drivers/STM32G4xx_HAL_Driver/Src/stm32g4xx_hal_dma.c ****         break;
 864:Drivers/STM32G4xx_HAL_Driver/Src/stm32g4xx_hal_dma.c **** 
 865:Drivers/STM32G4xx_HAL_Driver/Src/stm32g4xx_hal_dma.c ****       case  HAL_DMA_XFER_ABORT_CB_ID:
 866:Drivers/STM32G4xx_HAL_Driver/Src/stm32g4xx_hal_dma.c ****         hdma->XferAbortCallback = pCallback;
 867:Drivers/STM32G4xx_HAL_Driver/Src/stm32g4xx_hal_dma.c ****         break;
 868:Drivers/STM32G4xx_HAL_Driver/Src/stm32g4xx_hal_dma.c **** 
 869:Drivers/STM32G4xx_HAL_Driver/Src/stm32g4xx_hal_dma.c ****       default:
 870:Drivers/STM32G4xx_HAL_Driver/Src/stm32g4xx_hal_dma.c ****         status = HAL_ERROR;
 871:Drivers/STM32G4xx_HAL_Driver/Src/stm32g4xx_hal_dma.c ****         break;
 872:Drivers/STM32G4xx_HAL_Driver/Src/stm32g4xx_hal_dma.c ****     }
 873:Drivers/STM32G4xx_HAL_Driver/Src/stm32g4xx_hal_dma.c ****   }
 874:Drivers/STM32G4xx_HAL_Driver/Src/stm32g4xx_hal_dma.c ****   else
 875:Drivers/STM32G4xx_HAL_Driver/Src/stm32g4xx_hal_dma.c ****   {
 876:Drivers/STM32G4xx_HAL_Driver/Src/stm32g4xx_hal_dma.c ****     status = HAL_ERROR;
 877:Drivers/STM32G4xx_HAL_Driver/Src/stm32g4xx_hal_dma.c ****   }
 878:Drivers/STM32G4xx_HAL_Driver/Src/stm32g4xx_hal_dma.c **** 
 879:Drivers/STM32G4xx_HAL_Driver/Src/stm32g4xx_hal_dma.c ****   /* Release Lock */
 880:Drivers/STM32G4xx_HAL_Driver/Src/stm32g4xx_hal_dma.c ****   __HAL_UNLOCK(hdma);
 881:Drivers/STM32G4xx_HAL_Driver/Src/stm32g4xx_hal_dma.c **** 
 882:Drivers/STM32G4xx_HAL_Driver/Src/stm32g4xx_hal_dma.c ****   return status;
 883:Drivers/STM32G4xx_HAL_Driver/Src/stm32g4xx_hal_dma.c **** }
 884:Drivers/STM32G4xx_HAL_Driver/Src/stm32g4xx_hal_dma.c **** 
 885:Drivers/STM32G4xx_HAL_Driver/Src/stm32g4xx_hal_dma.c **** /**
ARM GAS  C:\Users\MyPC\AppData\Local\Temp\ccS8XDvS.s 			page 17


 886:Drivers/STM32G4xx_HAL_Driver/Src/stm32g4xx_hal_dma.c ****   * @brief  UnRegister callbacks
 887:Drivers/STM32G4xx_HAL_Driver/Src/stm32g4xx_hal_dma.c ****   * @param  hdma                 pointer to a DMA_HandleTypeDef structure that contains
 888:Drivers/STM32G4xx_HAL_Driver/Src/stm32g4xx_hal_dma.c ****   *                               the configuration information for the specified DMA Channel.
 889:Drivers/STM32G4xx_HAL_Driver/Src/stm32g4xx_hal_dma.c ****   * @param  CallbackID           User Callback identifier
 890:Drivers/STM32G4xx_HAL_Driver/Src/stm32g4xx_hal_dma.c ****   *                               a HAL_DMA_CallbackIDTypeDef ENUM as parameter.
 891:Drivers/STM32G4xx_HAL_Driver/Src/stm32g4xx_hal_dma.c ****   * @retval HAL status
 892:Drivers/STM32G4xx_HAL_Driver/Src/stm32g4xx_hal_dma.c ****   */
 893:Drivers/STM32G4xx_HAL_Driver/Src/stm32g4xx_hal_dma.c **** HAL_StatusTypeDef HAL_DMA_UnRegisterCallback(DMA_HandleTypeDef *hdma, HAL_DMA_CallbackIDTypeDef Cal
 894:Drivers/STM32G4xx_HAL_Driver/Src/stm32g4xx_hal_dma.c **** {
 895:Drivers/STM32G4xx_HAL_Driver/Src/stm32g4xx_hal_dma.c ****   HAL_StatusTypeDef status = HAL_OK;
 896:Drivers/STM32G4xx_HAL_Driver/Src/stm32g4xx_hal_dma.c **** 
 897:Drivers/STM32G4xx_HAL_Driver/Src/stm32g4xx_hal_dma.c ****   /* Process locked */
 898:Drivers/STM32G4xx_HAL_Driver/Src/stm32g4xx_hal_dma.c ****   __HAL_LOCK(hdma);
 899:Drivers/STM32G4xx_HAL_Driver/Src/stm32g4xx_hal_dma.c **** 
 900:Drivers/STM32G4xx_HAL_Driver/Src/stm32g4xx_hal_dma.c ****   if (HAL_DMA_STATE_READY == hdma->State)
 901:Drivers/STM32G4xx_HAL_Driver/Src/stm32g4xx_hal_dma.c ****   {
 902:Drivers/STM32G4xx_HAL_Driver/Src/stm32g4xx_hal_dma.c ****     switch (CallbackID)
 903:Drivers/STM32G4xx_HAL_Driver/Src/stm32g4xx_hal_dma.c ****     {
 904:Drivers/STM32G4xx_HAL_Driver/Src/stm32g4xx_hal_dma.c ****       case  HAL_DMA_XFER_CPLT_CB_ID:
 905:Drivers/STM32G4xx_HAL_Driver/Src/stm32g4xx_hal_dma.c ****         hdma->XferCpltCallback = NULL;
 906:Drivers/STM32G4xx_HAL_Driver/Src/stm32g4xx_hal_dma.c ****         break;
 907:Drivers/STM32G4xx_HAL_Driver/Src/stm32g4xx_hal_dma.c **** 
 908:Drivers/STM32G4xx_HAL_Driver/Src/stm32g4xx_hal_dma.c ****       case  HAL_DMA_XFER_HALFCPLT_CB_ID:
 909:Drivers/STM32G4xx_HAL_Driver/Src/stm32g4xx_hal_dma.c ****         hdma->XferHalfCpltCallback = NULL;
 910:Drivers/STM32G4xx_HAL_Driver/Src/stm32g4xx_hal_dma.c ****         break;
 911:Drivers/STM32G4xx_HAL_Driver/Src/stm32g4xx_hal_dma.c **** 
 912:Drivers/STM32G4xx_HAL_Driver/Src/stm32g4xx_hal_dma.c ****       case  HAL_DMA_XFER_ERROR_CB_ID:
 913:Drivers/STM32G4xx_HAL_Driver/Src/stm32g4xx_hal_dma.c ****         hdma->XferErrorCallback = NULL;
 914:Drivers/STM32G4xx_HAL_Driver/Src/stm32g4xx_hal_dma.c ****         break;
 915:Drivers/STM32G4xx_HAL_Driver/Src/stm32g4xx_hal_dma.c **** 
 916:Drivers/STM32G4xx_HAL_Driver/Src/stm32g4xx_hal_dma.c ****       case  HAL_DMA_XFER_ABORT_CB_ID:
 917:Drivers/STM32G4xx_HAL_Driver/Src/stm32g4xx_hal_dma.c ****         hdma->XferAbortCallback = NULL;
 918:Drivers/STM32G4xx_HAL_Driver/Src/stm32g4xx_hal_dma.c ****         break;
 919:Drivers/STM32G4xx_HAL_Driver/Src/stm32g4xx_hal_dma.c **** 
 920:Drivers/STM32G4xx_HAL_Driver/Src/stm32g4xx_hal_dma.c ****       case   HAL_DMA_XFER_ALL_CB_ID:
 921:Drivers/STM32G4xx_HAL_Driver/Src/stm32g4xx_hal_dma.c ****         hdma->XferCpltCallback = NULL;
 922:Drivers/STM32G4xx_HAL_Driver/Src/stm32g4xx_hal_dma.c ****         hdma->XferHalfCpltCallback = NULL;
 923:Drivers/STM32G4xx_HAL_Driver/Src/stm32g4xx_hal_dma.c ****         hdma->XferErrorCallback = NULL;
 924:Drivers/STM32G4xx_HAL_Driver/Src/stm32g4xx_hal_dma.c ****         hdma->XferAbortCallback = NULL;
 925:Drivers/STM32G4xx_HAL_Driver/Src/stm32g4xx_hal_dma.c ****         break;
 926:Drivers/STM32G4xx_HAL_Driver/Src/stm32g4xx_hal_dma.c **** 
 927:Drivers/STM32G4xx_HAL_Driver/Src/stm32g4xx_hal_dma.c ****       default:
 928:Drivers/STM32G4xx_HAL_Driver/Src/stm32g4xx_hal_dma.c ****         status = HAL_ERROR;
 929:Drivers/STM32G4xx_HAL_Driver/Src/stm32g4xx_hal_dma.c ****         break;
 930:Drivers/STM32G4xx_HAL_Driver/Src/stm32g4xx_hal_dma.c ****     }
 931:Drivers/STM32G4xx_HAL_Driver/Src/stm32g4xx_hal_dma.c ****   }
 932:Drivers/STM32G4xx_HAL_Driver/Src/stm32g4xx_hal_dma.c ****   else
 933:Drivers/STM32G4xx_HAL_Driver/Src/stm32g4xx_hal_dma.c ****   {
 934:Drivers/STM32G4xx_HAL_Driver/Src/stm32g4xx_hal_dma.c ****     status = HAL_ERROR;
 935:Drivers/STM32G4xx_HAL_Driver/Src/stm32g4xx_hal_dma.c ****   }
 936:Drivers/STM32G4xx_HAL_Driver/Src/stm32g4xx_hal_dma.c **** 
 937:Drivers/STM32G4xx_HAL_Driver/Src/stm32g4xx_hal_dma.c ****   /* Release Lock */
 938:Drivers/STM32G4xx_HAL_Driver/Src/stm32g4xx_hal_dma.c ****   __HAL_UNLOCK(hdma);
 939:Drivers/STM32G4xx_HAL_Driver/Src/stm32g4xx_hal_dma.c **** 
 940:Drivers/STM32G4xx_HAL_Driver/Src/stm32g4xx_hal_dma.c ****   return status;
 941:Drivers/STM32G4xx_HAL_Driver/Src/stm32g4xx_hal_dma.c **** }
 942:Drivers/STM32G4xx_HAL_Driver/Src/stm32g4xx_hal_dma.c **** 
ARM GAS  C:\Users\MyPC\AppData\Local\Temp\ccS8XDvS.s 			page 18


 943:Drivers/STM32G4xx_HAL_Driver/Src/stm32g4xx_hal_dma.c **** /**
 944:Drivers/STM32G4xx_HAL_Driver/Src/stm32g4xx_hal_dma.c ****   * @}
 945:Drivers/STM32G4xx_HAL_Driver/Src/stm32g4xx_hal_dma.c ****   */
 946:Drivers/STM32G4xx_HAL_Driver/Src/stm32g4xx_hal_dma.c **** 
 947:Drivers/STM32G4xx_HAL_Driver/Src/stm32g4xx_hal_dma.c **** 
 948:Drivers/STM32G4xx_HAL_Driver/Src/stm32g4xx_hal_dma.c **** /** @defgroup DMA_Exported_Functions_Group3 Peripheral State and Errors functions
 949:Drivers/STM32G4xx_HAL_Driver/Src/stm32g4xx_hal_dma.c ****   *  @brief    Peripheral State and Errors functions
 950:Drivers/STM32G4xx_HAL_Driver/Src/stm32g4xx_hal_dma.c ****   *
 951:Drivers/STM32G4xx_HAL_Driver/Src/stm32g4xx_hal_dma.c **** @verbatim
 952:Drivers/STM32G4xx_HAL_Driver/Src/stm32g4xx_hal_dma.c ****  ===============================================================================
 953:Drivers/STM32G4xx_HAL_Driver/Src/stm32g4xx_hal_dma.c ****             ##### Peripheral State and Errors functions #####
 954:Drivers/STM32G4xx_HAL_Driver/Src/stm32g4xx_hal_dma.c ****  ===============================================================================
 955:Drivers/STM32G4xx_HAL_Driver/Src/stm32g4xx_hal_dma.c ****     [..]
 956:Drivers/STM32G4xx_HAL_Driver/Src/stm32g4xx_hal_dma.c ****     This subsection provides functions allowing to
 957:Drivers/STM32G4xx_HAL_Driver/Src/stm32g4xx_hal_dma.c ****       (+) Check the DMA state
 958:Drivers/STM32G4xx_HAL_Driver/Src/stm32g4xx_hal_dma.c ****       (+) Get error code
 959:Drivers/STM32G4xx_HAL_Driver/Src/stm32g4xx_hal_dma.c **** 
 960:Drivers/STM32G4xx_HAL_Driver/Src/stm32g4xx_hal_dma.c **** @endverbatim
 961:Drivers/STM32G4xx_HAL_Driver/Src/stm32g4xx_hal_dma.c ****   * @{
 962:Drivers/STM32G4xx_HAL_Driver/Src/stm32g4xx_hal_dma.c ****   */
 963:Drivers/STM32G4xx_HAL_Driver/Src/stm32g4xx_hal_dma.c **** 
 964:Drivers/STM32G4xx_HAL_Driver/Src/stm32g4xx_hal_dma.c **** /**
 965:Drivers/STM32G4xx_HAL_Driver/Src/stm32g4xx_hal_dma.c ****   * @brief  Return the DMA hande state.
 966:Drivers/STM32G4xx_HAL_Driver/Src/stm32g4xx_hal_dma.c ****   * @param  hdma pointer to a DMA_HandleTypeDef structure that contains
 967:Drivers/STM32G4xx_HAL_Driver/Src/stm32g4xx_hal_dma.c ****   *               the configuration information for the specified DMA Channel.
 968:Drivers/STM32G4xx_HAL_Driver/Src/stm32g4xx_hal_dma.c ****   * @retval HAL state
 969:Drivers/STM32G4xx_HAL_Driver/Src/stm32g4xx_hal_dma.c ****   */
 970:Drivers/STM32G4xx_HAL_Driver/Src/stm32g4xx_hal_dma.c **** HAL_DMA_StateTypeDef HAL_DMA_GetState(DMA_HandleTypeDef *hdma)
 971:Drivers/STM32G4xx_HAL_Driver/Src/stm32g4xx_hal_dma.c **** {
 972:Drivers/STM32G4xx_HAL_Driver/Src/stm32g4xx_hal_dma.c ****   /* Return DMA handle state */
 973:Drivers/STM32G4xx_HAL_Driver/Src/stm32g4xx_hal_dma.c ****   return hdma->State;
 974:Drivers/STM32G4xx_HAL_Driver/Src/stm32g4xx_hal_dma.c **** }
 975:Drivers/STM32G4xx_HAL_Driver/Src/stm32g4xx_hal_dma.c **** 
 976:Drivers/STM32G4xx_HAL_Driver/Src/stm32g4xx_hal_dma.c **** /**
 977:Drivers/STM32G4xx_HAL_Driver/Src/stm32g4xx_hal_dma.c ****   * @brief  Return the DMA error code.
 978:Drivers/STM32G4xx_HAL_Driver/Src/stm32g4xx_hal_dma.c ****   * @param  hdma : pointer to a DMA_HandleTypeDef structure that contains
 979:Drivers/STM32G4xx_HAL_Driver/Src/stm32g4xx_hal_dma.c ****   *              the configuration information for the specified DMA Channel.
 980:Drivers/STM32G4xx_HAL_Driver/Src/stm32g4xx_hal_dma.c ****   * @retval DMA Error Code
 981:Drivers/STM32G4xx_HAL_Driver/Src/stm32g4xx_hal_dma.c ****   */
 982:Drivers/STM32G4xx_HAL_Driver/Src/stm32g4xx_hal_dma.c **** uint32_t HAL_DMA_GetError(DMA_HandleTypeDef *hdma)
 983:Drivers/STM32G4xx_HAL_Driver/Src/stm32g4xx_hal_dma.c **** {
 984:Drivers/STM32G4xx_HAL_Driver/Src/stm32g4xx_hal_dma.c ****   return hdma->ErrorCode;
 985:Drivers/STM32G4xx_HAL_Driver/Src/stm32g4xx_hal_dma.c **** }
 986:Drivers/STM32G4xx_HAL_Driver/Src/stm32g4xx_hal_dma.c **** 
 987:Drivers/STM32G4xx_HAL_Driver/Src/stm32g4xx_hal_dma.c **** /**
 988:Drivers/STM32G4xx_HAL_Driver/Src/stm32g4xx_hal_dma.c ****   * @}
 989:Drivers/STM32G4xx_HAL_Driver/Src/stm32g4xx_hal_dma.c ****   */
 990:Drivers/STM32G4xx_HAL_Driver/Src/stm32g4xx_hal_dma.c **** 
 991:Drivers/STM32G4xx_HAL_Driver/Src/stm32g4xx_hal_dma.c **** /**
 992:Drivers/STM32G4xx_HAL_Driver/Src/stm32g4xx_hal_dma.c ****   * @}
 993:Drivers/STM32G4xx_HAL_Driver/Src/stm32g4xx_hal_dma.c ****   */
 994:Drivers/STM32G4xx_HAL_Driver/Src/stm32g4xx_hal_dma.c **** 
 995:Drivers/STM32G4xx_HAL_Driver/Src/stm32g4xx_hal_dma.c **** /** @addtogroup DMA_Private_Functions
 996:Drivers/STM32G4xx_HAL_Driver/Src/stm32g4xx_hal_dma.c ****   * @{
 997:Drivers/STM32G4xx_HAL_Driver/Src/stm32g4xx_hal_dma.c ****   */
 998:Drivers/STM32G4xx_HAL_Driver/Src/stm32g4xx_hal_dma.c **** 
 999:Drivers/STM32G4xx_HAL_Driver/Src/stm32g4xx_hal_dma.c **** /**
ARM GAS  C:\Users\MyPC\AppData\Local\Temp\ccS8XDvS.s 			page 19


1000:Drivers/STM32G4xx_HAL_Driver/Src/stm32g4xx_hal_dma.c ****   * @brief  Sets the DMA Transfer parameter.
1001:Drivers/STM32G4xx_HAL_Driver/Src/stm32g4xx_hal_dma.c ****   * @param  hdma       pointer to a DMA_HandleTypeDef structure that contains
1002:Drivers/STM32G4xx_HAL_Driver/Src/stm32g4xx_hal_dma.c ****   *                     the configuration information for the specified DMA Channel.
1003:Drivers/STM32G4xx_HAL_Driver/Src/stm32g4xx_hal_dma.c ****   * @param  SrcAddress The source memory Buffer address
1004:Drivers/STM32G4xx_HAL_Driver/Src/stm32g4xx_hal_dma.c ****   * @param  DstAddress The destination memory Buffer address
1005:Drivers/STM32G4xx_HAL_Driver/Src/stm32g4xx_hal_dma.c ****   * @param  DataLength The length of data to be transferred from source to destination
1006:Drivers/STM32G4xx_HAL_Driver/Src/stm32g4xx_hal_dma.c ****   * @retval HAL status
1007:Drivers/STM32G4xx_HAL_Driver/Src/stm32g4xx_hal_dma.c ****   */
1008:Drivers/STM32G4xx_HAL_Driver/Src/stm32g4xx_hal_dma.c **** static void DMA_SetConfig(DMA_HandleTypeDef *hdma, uint32_t SrcAddress, uint32_t DstAddress, uint32
1009:Drivers/STM32G4xx_HAL_Driver/Src/stm32g4xx_hal_dma.c **** {
  29              		.loc 1 1009 1 view -0
  30              		.cfi_startproc
  31              		@ args = 0, pretend = 0, frame = 0
  32              		@ frame_needed = 0, uses_anonymous_args = 0
  33              		.loc 1 1009 1 is_stmt 0 view .LVU1
  34 0000 30B5     		push	{r4, r5, lr}
  35              	.LCFI0:
  36              		.cfi_def_cfa_offset 12
  37              		.cfi_offset 4, -12
  38              		.cfi_offset 5, -8
  39              		.cfi_offset 14, -4
1010:Drivers/STM32G4xx_HAL_Driver/Src/stm32g4xx_hal_dma.c ****   /* Clear the DMAMUX synchro overrun flag */
1011:Drivers/STM32G4xx_HAL_Driver/Src/stm32g4xx_hal_dma.c ****   hdma->DMAmuxChannelStatus->CFR = hdma->DMAmuxChannelStatusMask;
  40              		.loc 1 1011 3 is_stmt 1 view .LVU2
  41              		.loc 1 1011 34 is_stmt 0 view .LVU3
  42 0002 C46C     		ldr	r4, [r0, #76]
  43 0004 056D     		ldr	r5, [r0, #80]
  44 0006 6560     		str	r5, [r4, #4]
1012:Drivers/STM32G4xx_HAL_Driver/Src/stm32g4xx_hal_dma.c **** 
1013:Drivers/STM32G4xx_HAL_Driver/Src/stm32g4xx_hal_dma.c ****   if (hdma->DMAmuxRequestGen != 0U)
  45              		.loc 1 1013 3 is_stmt 1 view .LVU4
  46              		.loc 1 1013 6 is_stmt 0 view .LVU5
  47 0008 446D     		ldr	r4, [r0, #84]
  48 000a 14B1     		cbz	r4, .L2
1014:Drivers/STM32G4xx_HAL_Driver/Src/stm32g4xx_hal_dma.c ****   {
1015:Drivers/STM32G4xx_HAL_Driver/Src/stm32g4xx_hal_dma.c ****     /* Clear the DMAMUX request generator overrun flag */
1016:Drivers/STM32G4xx_HAL_Driver/Src/stm32g4xx_hal_dma.c ****     hdma->DMAmuxRequestGenStatus->RGCFR = hdma->DMAmuxRequestGenStatusMask;
  49              		.loc 1 1016 5 is_stmt 1 view .LVU6
  50              		.loc 1 1016 41 is_stmt 0 view .LVU7
  51 000c 846D     		ldr	r4, [r0, #88]
  52 000e C56D     		ldr	r5, [r0, #92]
  53 0010 6560     		str	r5, [r4, #4]
  54              	.L2:
1017:Drivers/STM32G4xx_HAL_Driver/Src/stm32g4xx_hal_dma.c ****   }
1018:Drivers/STM32G4xx_HAL_Driver/Src/stm32g4xx_hal_dma.c **** 
1019:Drivers/STM32G4xx_HAL_Driver/Src/stm32g4xx_hal_dma.c ****   /* Clear all flags */
1020:Drivers/STM32G4xx_HAL_Driver/Src/stm32g4xx_hal_dma.c ****   hdma->DmaBaseAddress->IFCR = (DMA_ISR_GIF1 << (hdma->ChannelIndex & 0x1FU));
  55              		.loc 1 1020 3 is_stmt 1 view .LVU8
  56              		.loc 1 1020 69 is_stmt 0 view .LVU9
  57 0012 446C     		ldr	r4, [r0, #68]
  58 0014 04F01F0E 		and	lr, r4, #31
  59              		.loc 1 1020 46 view .LVU10
  60 0018 4FF0010C 		mov	ip, #1
  61 001c 0CFA0EFC 		lsl	ip, ip, lr
  62              		.loc 1 1020 30 view .LVU11
  63 0020 046C     		ldr	r4, [r0, #64]
  64 0022 C4F804C0 		str	ip, [r4, #4]
ARM GAS  C:\Users\MyPC\AppData\Local\Temp\ccS8XDvS.s 			page 20


1021:Drivers/STM32G4xx_HAL_Driver/Src/stm32g4xx_hal_dma.c **** 
1022:Drivers/STM32G4xx_HAL_Driver/Src/stm32g4xx_hal_dma.c ****   /* Configure DMA Channel data length */
1023:Drivers/STM32G4xx_HAL_Driver/Src/stm32g4xx_hal_dma.c ****   hdma->Instance->CNDTR = DataLength;
  65              		.loc 1 1023 3 is_stmt 1 view .LVU12
  66              		.loc 1 1023 25 is_stmt 0 view .LVU13
  67 0026 0468     		ldr	r4, [r0]
  68 0028 6360     		str	r3, [r4, #4]
1024:Drivers/STM32G4xx_HAL_Driver/Src/stm32g4xx_hal_dma.c **** 
1025:Drivers/STM32G4xx_HAL_Driver/Src/stm32g4xx_hal_dma.c ****   /* Memory to Peripheral */
1026:Drivers/STM32G4xx_HAL_Driver/Src/stm32g4xx_hal_dma.c ****   if ((hdma->Init.Direction) == DMA_MEMORY_TO_PERIPH)
  69              		.loc 1 1026 3 is_stmt 1 view .LVU14
  70              		.loc 1 1026 18 is_stmt 0 view .LVU15
  71 002a 8368     		ldr	r3, [r0, #8]
  72              	.LVL1:
  73              		.loc 1 1026 6 view .LVU16
  74 002c 102B     		cmp	r3, #16
  75 002e 04D0     		beq	.L6
1027:Drivers/STM32G4xx_HAL_Driver/Src/stm32g4xx_hal_dma.c ****   {
1028:Drivers/STM32G4xx_HAL_Driver/Src/stm32g4xx_hal_dma.c ****     /* Configure DMA Channel destination address */
1029:Drivers/STM32G4xx_HAL_Driver/Src/stm32g4xx_hal_dma.c ****     hdma->Instance->CPAR = DstAddress;
1030:Drivers/STM32G4xx_HAL_Driver/Src/stm32g4xx_hal_dma.c **** 
1031:Drivers/STM32G4xx_HAL_Driver/Src/stm32g4xx_hal_dma.c ****     /* Configure DMA Channel source address */
1032:Drivers/STM32G4xx_HAL_Driver/Src/stm32g4xx_hal_dma.c ****     hdma->Instance->CMAR = SrcAddress;
1033:Drivers/STM32G4xx_HAL_Driver/Src/stm32g4xx_hal_dma.c ****   }
1034:Drivers/STM32G4xx_HAL_Driver/Src/stm32g4xx_hal_dma.c ****   /* Peripheral to Memory */
1035:Drivers/STM32G4xx_HAL_Driver/Src/stm32g4xx_hal_dma.c ****   else
1036:Drivers/STM32G4xx_HAL_Driver/Src/stm32g4xx_hal_dma.c ****   {
1037:Drivers/STM32G4xx_HAL_Driver/Src/stm32g4xx_hal_dma.c ****     /* Configure DMA Channel source address */
1038:Drivers/STM32G4xx_HAL_Driver/Src/stm32g4xx_hal_dma.c ****     hdma->Instance->CPAR = SrcAddress;
  76              		.loc 1 1038 5 is_stmt 1 view .LVU17
  77              		.loc 1 1038 9 is_stmt 0 view .LVU18
  78 0030 0368     		ldr	r3, [r0]
  79              		.loc 1 1038 26 view .LVU19
  80 0032 9960     		str	r1, [r3, #8]
  81              	.LVL2:
1039:Drivers/STM32G4xx_HAL_Driver/Src/stm32g4xx_hal_dma.c **** 
1040:Drivers/STM32G4xx_HAL_Driver/Src/stm32g4xx_hal_dma.c ****     /* Configure DMA Channel destination address */
1041:Drivers/STM32G4xx_HAL_Driver/Src/stm32g4xx_hal_dma.c ****     hdma->Instance->CMAR = DstAddress;
  82              		.loc 1 1041 5 is_stmt 1 view .LVU20
  83              		.loc 1 1041 9 is_stmt 0 view .LVU21
  84 0034 0368     		ldr	r3, [r0]
  85              		.loc 1 1041 26 view .LVU22
  86 0036 DA60     		str	r2, [r3, #12]
  87              	.L1:
1042:Drivers/STM32G4xx_HAL_Driver/Src/stm32g4xx_hal_dma.c ****   }
1043:Drivers/STM32G4xx_HAL_Driver/Src/stm32g4xx_hal_dma.c **** }
  88              		.loc 1 1043 1 view .LVU23
  89 0038 30BD     		pop	{r4, r5, pc}
  90              	.LVL3:
  91              	.L6:
1029:Drivers/STM32G4xx_HAL_Driver/Src/stm32g4xx_hal_dma.c **** 
  92              		.loc 1 1029 5 is_stmt 1 view .LVU24
1029:Drivers/STM32G4xx_HAL_Driver/Src/stm32g4xx_hal_dma.c **** 
  93              		.loc 1 1029 9 is_stmt 0 view .LVU25
  94 003a 0368     		ldr	r3, [r0]
1029:Drivers/STM32G4xx_HAL_Driver/Src/stm32g4xx_hal_dma.c **** 
  95              		.loc 1 1029 26 view .LVU26
ARM GAS  C:\Users\MyPC\AppData\Local\Temp\ccS8XDvS.s 			page 21


  96 003c 9A60     		str	r2, [r3, #8]
  97              	.LVL4:
1032:Drivers/STM32G4xx_HAL_Driver/Src/stm32g4xx_hal_dma.c ****   }
  98              		.loc 1 1032 5 is_stmt 1 view .LVU27
1032:Drivers/STM32G4xx_HAL_Driver/Src/stm32g4xx_hal_dma.c ****   }
  99              		.loc 1 1032 9 is_stmt 0 view .LVU28
 100 003e 0368     		ldr	r3, [r0]
1032:Drivers/STM32G4xx_HAL_Driver/Src/stm32g4xx_hal_dma.c ****   }
 101              		.loc 1 1032 26 view .LVU29
 102 0040 D960     		str	r1, [r3, #12]
 103 0042 F9E7     		b	.L1
 104              		.cfi_endproc
 105              	.LFE144:
 107              		.section	.text.DMA_CalcDMAMUXChannelBaseAndMask,"ax",%progbits
 108              		.align	1
 109              		.syntax unified
 110              		.thumb
 111              		.thumb_func
 113              	DMA_CalcDMAMUXChannelBaseAndMask:
 114              	.LVL5:
 115              	.LFB145:
1044:Drivers/STM32G4xx_HAL_Driver/Src/stm32g4xx_hal_dma.c **** 
1045:Drivers/STM32G4xx_HAL_Driver/Src/stm32g4xx_hal_dma.c **** /**
1046:Drivers/STM32G4xx_HAL_Driver/Src/stm32g4xx_hal_dma.c ****   * @brief  Updates the DMA handle with the DMAMUX  channel and status mask depending on stream num
1047:Drivers/STM32G4xx_HAL_Driver/Src/stm32g4xx_hal_dma.c ****   * @param  hdma        pointer to a DMA_HandleTypeDef structure that contains
1048:Drivers/STM32G4xx_HAL_Driver/Src/stm32g4xx_hal_dma.c ****   *                     the configuration information for the specified DMA Stream.
1049:Drivers/STM32G4xx_HAL_Driver/Src/stm32g4xx_hal_dma.c ****   * @retval None
1050:Drivers/STM32G4xx_HAL_Driver/Src/stm32g4xx_hal_dma.c ****   */
1051:Drivers/STM32G4xx_HAL_Driver/Src/stm32g4xx_hal_dma.c **** static void DMA_CalcDMAMUXChannelBaseAndMask(DMA_HandleTypeDef *hdma)
1052:Drivers/STM32G4xx_HAL_Driver/Src/stm32g4xx_hal_dma.c **** {
 116              		.loc 1 1052 1 is_stmt 1 view -0
 117              		.cfi_startproc
 118              		@ args = 0, pretend = 0, frame = 0
 119              		@ frame_needed = 0, uses_anonymous_args = 0
 120              		@ link register save eliminated.
1053:Drivers/STM32G4xx_HAL_Driver/Src/stm32g4xx_hal_dma.c ****   uint32_t dmamux_base_addr;
 121              		.loc 1 1053 3 view .LVU31
1054:Drivers/STM32G4xx_HAL_Driver/Src/stm32g4xx_hal_dma.c ****   uint32_t channel_number;
 122              		.loc 1 1054 3 view .LVU32
1055:Drivers/STM32G4xx_HAL_Driver/Src/stm32g4xx_hal_dma.c ****   DMAMUX_Channel_TypeDef *DMAMUX1_ChannelBase;
 123              		.loc 1 1055 3 view .LVU33
1056:Drivers/STM32G4xx_HAL_Driver/Src/stm32g4xx_hal_dma.c **** 
1057:Drivers/STM32G4xx_HAL_Driver/Src/stm32g4xx_hal_dma.c ****   /* check if instance is not outside the DMA channel range */
1058:Drivers/STM32G4xx_HAL_Driver/Src/stm32g4xx_hal_dma.c ****   if ((uint32_t)hdma->Instance < (uint32_t)DMA2_Channel1)
 124              		.loc 1 1058 3 view .LVU34
 125              		.loc 1 1058 21 is_stmt 0 view .LVU35
 126 0000 0368     		ldr	r3, [r0]
 127              		.loc 1 1058 6 view .LVU36
 128 0002 104A     		ldr	r2, .L10
 129 0004 9342     		cmp	r3, r2
 130 0006 14D8     		bhi	.L8
1059:Drivers/STM32G4xx_HAL_Driver/Src/stm32g4xx_hal_dma.c ****   {
1060:Drivers/STM32G4xx_HAL_Driver/Src/stm32g4xx_hal_dma.c ****     /* DMA1 */
1061:Drivers/STM32G4xx_HAL_Driver/Src/stm32g4xx_hal_dma.c ****     DMAMUX1_ChannelBase = DMAMUX1_Channel0;
 131              		.loc 1 1061 5 is_stmt 1 view .LVU37
 132              	.LVL6:
1062:Drivers/STM32G4xx_HAL_Driver/Src/stm32g4xx_hal_dma.c ****     channel_number = (((uint32_t)hdma->Instance & 0xFFU) - 8U) / 20U;
ARM GAS  C:\Users\MyPC\AppData\Local\Temp\ccS8XDvS.s 			page 22


 133              		.loc 1 1062 5 view .LVU38
 134              		.loc 1 1062 49 is_stmt 0 view .LVU39
 135 0008 DBB2     		uxtb	r3, r3
 136              		.loc 1 1062 58 view .LVU40
 137 000a 083B     		subs	r3, r3, #8
 138              		.loc 1 1062 20 view .LVU41
 139 000c 0E4A     		ldr	r2, .L10+4
 140 000e A2FB0323 		umull	r2, r3, r2, r3
 141 0012 1B09     		lsrs	r3, r3, #4
 142              	.LVL7:
1061:Drivers/STM32G4xx_HAL_Driver/Src/stm32g4xx_hal_dma.c ****     channel_number = (((uint32_t)hdma->Instance & 0xFFU) - 8U) / 20U;
 143              		.loc 1 1061 25 view .LVU42
 144 0014 0D49     		ldr	r1, .L10+8
 145              	.LVL8:
 146              	.L9:
1063:Drivers/STM32G4xx_HAL_Driver/Src/stm32g4xx_hal_dma.c ****   }
1064:Drivers/STM32G4xx_HAL_Driver/Src/stm32g4xx_hal_dma.c ****   else
1065:Drivers/STM32G4xx_HAL_Driver/Src/stm32g4xx_hal_dma.c ****   {
1066:Drivers/STM32G4xx_HAL_Driver/Src/stm32g4xx_hal_dma.c ****     /* DMA2 */
1067:Drivers/STM32G4xx_HAL_Driver/Src/stm32g4xx_hal_dma.c **** #if defined (STM32G471xx) || defined (STM32G473xx) || defined (STM32G474xx) || defined (STM32G414xx
1068:Drivers/STM32G4xx_HAL_Driver/Src/stm32g4xx_hal_dma.c ****     DMAMUX1_ChannelBase = DMAMUX1_Channel8;
1069:Drivers/STM32G4xx_HAL_Driver/Src/stm32g4xx_hal_dma.c ****     channel_number = ((((uint32_t)hdma->Instance & 0xFFU) - 8U) / 20U) + 8U;
1070:Drivers/STM32G4xx_HAL_Driver/Src/stm32g4xx_hal_dma.c **** #elif defined (STM32G411xB) || defined (STM32G431xx) || defined (STM32G441xx) || defined (STM32GBK1
1071:Drivers/STM32G4xx_HAL_Driver/Src/stm32g4xx_hal_dma.c ****     DMAMUX1_ChannelBase = DMAMUX1_Channel6;
1072:Drivers/STM32G4xx_HAL_Driver/Src/stm32g4xx_hal_dma.c ****     channel_number = ((((uint32_t)hdma->Instance & 0xFFU) - 8U) / 20U) + 6U;
1073:Drivers/STM32G4xx_HAL_Driver/Src/stm32g4xx_hal_dma.c **** #else
1074:Drivers/STM32G4xx_HAL_Driver/Src/stm32g4xx_hal_dma.c ****     DMAMUX1_ChannelBase = DMAMUX1_Channel7;
1075:Drivers/STM32G4xx_HAL_Driver/Src/stm32g4xx_hal_dma.c ****     channel_number = ((((uint32_t)hdma->Instance & 0xFFU) - 8U) / 20U) + 7U;
1076:Drivers/STM32G4xx_HAL_Driver/Src/stm32g4xx_hal_dma.c **** #endif /* STM32G4x1xx) */
1077:Drivers/STM32G4xx_HAL_Driver/Src/stm32g4xx_hal_dma.c ****   }
1078:Drivers/STM32G4xx_HAL_Driver/Src/stm32g4xx_hal_dma.c **** 
1079:Drivers/STM32G4xx_HAL_Driver/Src/stm32g4xx_hal_dma.c ****   dmamux_base_addr = (uint32_t)DMAMUX1_ChannelBase;
 147              		.loc 1 1079 3 is_stmt 1 view .LVU43
1080:Drivers/STM32G4xx_HAL_Driver/Src/stm32g4xx_hal_dma.c ****   hdma->DMAmuxChannel = (DMAMUX_Channel_TypeDef *)(uint32_t)(dmamux_base_addr + ((hdma->ChannelInde
 148              		.loc 1 1080 3 view .LVU44
 149              		.loc 1 1080 87 is_stmt 0 view .LVU45
 150 0016 426C     		ldr	r2, [r0, #68]
 151              		.loc 1 1080 109 view .LVU46
 152 0018 22F00302 		bic	r2, r2, #3
 153              		.loc 1 1080 51 view .LVU47
 154 001c 0A44     		add	r2, r2, r1
 155              		.loc 1 1080 23 view .LVU48
 156 001e 8264     		str	r2, [r0, #72]
1081:Drivers/STM32G4xx_HAL_Driver/Src/stm32g4xx_hal_dma.c ****   hdma->DMAmuxChannelStatus = DMAMUX1_ChannelStatus;
 157              		.loc 1 1081 3 is_stmt 1 view .LVU49
 158              		.loc 1 1081 29 is_stmt 0 view .LVU50
 159 0020 0B4A     		ldr	r2, .L10+12
 160 0022 C264     		str	r2, [r0, #76]
1082:Drivers/STM32G4xx_HAL_Driver/Src/stm32g4xx_hal_dma.c ****   hdma->DMAmuxChannelStatusMask = 1UL << (channel_number & 0x1FU);
 161              		.loc 1 1082 3 is_stmt 1 view .LVU51
 162              		.loc 1 1082 58 is_stmt 0 view .LVU52
 163 0024 03F01F03 		and	r3, r3, #31
 164              	.LVL9:
 165              		.loc 1 1082 39 view .LVU53
 166 0028 0122     		movs	r2, #1
 167 002a 02FA03F3 		lsl	r3, r2, r3
 168              		.loc 1 1082 33 view .LVU54
ARM GAS  C:\Users\MyPC\AppData\Local\Temp\ccS8XDvS.s 			page 23


 169 002e 0365     		str	r3, [r0, #80]
1083:Drivers/STM32G4xx_HAL_Driver/Src/stm32g4xx_hal_dma.c **** }
 170              		.loc 1 1083 1 view .LVU55
 171 0030 7047     		bx	lr
 172              	.LVL10:
 173              	.L8:
1071:Drivers/STM32G4xx_HAL_Driver/Src/stm32g4xx_hal_dma.c ****     channel_number = ((((uint32_t)hdma->Instance & 0xFFU) - 8U) / 20U) + 6U;
 174              		.loc 1 1071 5 is_stmt 1 view .LVU56
1072:Drivers/STM32G4xx_HAL_Driver/Src/stm32g4xx_hal_dma.c **** #else
 175              		.loc 1 1072 5 view .LVU57
1072:Drivers/STM32G4xx_HAL_Driver/Src/stm32g4xx_hal_dma.c **** #else
 176              		.loc 1 1072 50 is_stmt 0 view .LVU58
 177 0032 DBB2     		uxtb	r3, r3
1072:Drivers/STM32G4xx_HAL_Driver/Src/stm32g4xx_hal_dma.c **** #else
 178              		.loc 1 1072 59 view .LVU59
 179 0034 083B     		subs	r3, r3, #8
1072:Drivers/STM32G4xx_HAL_Driver/Src/stm32g4xx_hal_dma.c **** #else
 180              		.loc 1 1072 65 view .LVU60
 181 0036 044A     		ldr	r2, .L10+4
 182 0038 A2FB0323 		umull	r2, r3, r2, r3
 183 003c 1B09     		lsrs	r3, r3, #4
1072:Drivers/STM32G4xx_HAL_Driver/Src/stm32g4xx_hal_dma.c **** #else
 184              		.loc 1 1072 20 view .LVU61
 185 003e 0633     		adds	r3, r3, #6
 186              	.LVL11:
1071:Drivers/STM32G4xx_HAL_Driver/Src/stm32g4xx_hal_dma.c ****     channel_number = ((((uint32_t)hdma->Instance & 0xFFU) - 8U) / 20U) + 6U;
 187              		.loc 1 1071 25 view .LVU62
 188 0040 0449     		ldr	r1, .L10+16
 189 0042 E8E7     		b	.L9
 190              	.L11:
 191              		.align	2
 192              	.L10:
 193 0044 07040240 		.word	1073873927
 194 0048 CDCCCCCC 		.word	-858993459
 195 004c 00080240 		.word	1073874944
 196 0050 80080240 		.word	1073875072
 197 0054 20080240 		.word	1073874976
 198              		.cfi_endproc
 199              	.LFE145:
 201              		.section	.text.DMA_CalcDMAMUXRequestGenBaseAndMask,"ax",%progbits
 202              		.align	1
 203              		.syntax unified
 204              		.thumb
 205              		.thumb_func
 207              	DMA_CalcDMAMUXRequestGenBaseAndMask:
 208              	.LVL12:
 209              	.LFB146:
1084:Drivers/STM32G4xx_HAL_Driver/Src/stm32g4xx_hal_dma.c **** 
1085:Drivers/STM32G4xx_HAL_Driver/Src/stm32g4xx_hal_dma.c **** /**
1086:Drivers/STM32G4xx_HAL_Driver/Src/stm32g4xx_hal_dma.c ****   * @brief  Updates the DMA handle with the DMAMUX  request generator params
1087:Drivers/STM32G4xx_HAL_Driver/Src/stm32g4xx_hal_dma.c ****   * @param  hdma        pointer to a DMA_HandleTypeDef structure that contains
1088:Drivers/STM32G4xx_HAL_Driver/Src/stm32g4xx_hal_dma.c ****   *                     the configuration information for the specified DMA Channel.
1089:Drivers/STM32G4xx_HAL_Driver/Src/stm32g4xx_hal_dma.c ****   * @retval None
1090:Drivers/STM32G4xx_HAL_Driver/Src/stm32g4xx_hal_dma.c ****   */
1091:Drivers/STM32G4xx_HAL_Driver/Src/stm32g4xx_hal_dma.c **** 
1092:Drivers/STM32G4xx_HAL_Driver/Src/stm32g4xx_hal_dma.c **** static void DMA_CalcDMAMUXRequestGenBaseAndMask(DMA_HandleTypeDef *hdma)
1093:Drivers/STM32G4xx_HAL_Driver/Src/stm32g4xx_hal_dma.c **** {
ARM GAS  C:\Users\MyPC\AppData\Local\Temp\ccS8XDvS.s 			page 24


 210              		.loc 1 1093 1 is_stmt 1 view -0
 211              		.cfi_startproc
 212              		@ args = 0, pretend = 0, frame = 0
 213              		@ frame_needed = 0, uses_anonymous_args = 0
 214              		@ link register save eliminated.
1094:Drivers/STM32G4xx_HAL_Driver/Src/stm32g4xx_hal_dma.c ****   uint32_t request =  hdma->Init.Request & DMAMUX_CxCR_DMAREQ_ID;
 215              		.loc 1 1094 3 view .LVU64
 216              		.loc 1 1094 33 is_stmt 0 view .LVU65
 217 0000 4368     		ldr	r3, [r0, #4]
 218              		.loc 1 1094 12 view .LVU66
 219 0002 03F07F03 		and	r3, r3, #127
 220              	.LVL13:
1095:Drivers/STM32G4xx_HAL_Driver/Src/stm32g4xx_hal_dma.c **** 
1096:Drivers/STM32G4xx_HAL_Driver/Src/stm32g4xx_hal_dma.c ****   /* DMA Channels are connected to DMAMUX1 request generator blocks*/
1097:Drivers/STM32G4xx_HAL_Driver/Src/stm32g4xx_hal_dma.c ****   hdma->DMAmuxRequestGen = (DMAMUX_RequestGen_TypeDef *)((uint32_t)(((uint32_t)DMAMUX1_RequestGener
 221              		.loc 1 1097 3 is_stmt 1 view .LVU67
 222              		.loc 1 1097 58 is_stmt 0 view .LVU68
 223 0006 074A     		ldr	r2, .L13
 224 0008 1A44     		add	r2, r2, r3
 225 000a 9200     		lsls	r2, r2, #2
 226              		.loc 1 1097 26 view .LVU69
 227 000c 4265     		str	r2, [r0, #84]
1098:Drivers/STM32G4xx_HAL_Driver/Src/stm32g4xx_hal_dma.c **** 
1099:Drivers/STM32G4xx_HAL_Driver/Src/stm32g4xx_hal_dma.c ****   hdma->DMAmuxRequestGenStatus = DMAMUX1_RequestGenStatus;
 228              		.loc 1 1099 3 is_stmt 1 view .LVU70
 229              		.loc 1 1099 32 is_stmt 0 view .LVU71
 230 000e 064A     		ldr	r2, .L13+4
 231 0010 8265     		str	r2, [r0, #88]
1100:Drivers/STM32G4xx_HAL_Driver/Src/stm32g4xx_hal_dma.c **** 
1101:Drivers/STM32G4xx_HAL_Driver/Src/stm32g4xx_hal_dma.c ****   hdma->DMAmuxRequestGenStatusMask = 1UL << ((request - 1U) & 0x1FU);
 232              		.loc 1 1101 3 is_stmt 1 view .LVU72
 233              		.loc 1 1101 55 is_stmt 0 view .LVU73
 234 0012 013B     		subs	r3, r3, #1
 235              	.LVL14:
 236              		.loc 1 1101 61 view .LVU74
 237 0014 03F01F03 		and	r3, r3, #31
 238              	.LVL15:
 239              		.loc 1 1101 42 view .LVU75
 240 0018 0122     		movs	r2, #1
 241 001a 02FA03F3 		lsl	r3, r2, r3
 242              		.loc 1 1101 36 view .LVU76
 243 001e C365     		str	r3, [r0, #92]
1102:Drivers/STM32G4xx_HAL_Driver/Src/stm32g4xx_hal_dma.c **** }
 244              		.loc 1 1102 1 view .LVU77
 245 0020 7047     		bx	lr
 246              	.L14:
 247 0022 00BF     		.align	2
 248              	.L13:
 249 0024 3F820010 		.word	268468799
 250 0028 40090240 		.word	1073875264
 251              		.cfi_endproc
 252              	.LFE146:
 254              		.section	.text.HAL_DMA_Init,"ax",%progbits
 255              		.align	1
 256              		.global	HAL_DMA_Init
 257              		.syntax unified
 258              		.thumb
ARM GAS  C:\Users\MyPC\AppData\Local\Temp\ccS8XDvS.s 			page 25


 259              		.thumb_func
 261              	HAL_DMA_Init:
 262              	.LVL16:
 263              	.LFB132:
 153:Drivers/STM32G4xx_HAL_Driver/Src/stm32g4xx_hal_dma.c ****   uint32_t tmp;
 264              		.loc 1 153 1 is_stmt 1 view -0
 265              		.cfi_startproc
 266              		@ args = 0, pretend = 0, frame = 0
 267              		@ frame_needed = 0, uses_anonymous_args = 0
 154:Drivers/STM32G4xx_HAL_Driver/Src/stm32g4xx_hal_dma.c **** 
 268              		.loc 1 154 3 view .LVU79
 157:Drivers/STM32G4xx_HAL_Driver/Src/stm32g4xx_hal_dma.c ****   {
 269              		.loc 1 157 3 view .LVU80
 157:Drivers/STM32G4xx_HAL_Driver/Src/stm32g4xx_hal_dma.c ****   {
 270              		.loc 1 157 6 is_stmt 0 view .LVU81
 271 0000 0028     		cmp	r0, #0
 272 0002 5BD0     		beq	.L22
 153:Drivers/STM32G4xx_HAL_Driver/Src/stm32g4xx_hal_dma.c ****   uint32_t tmp;
 273              		.loc 1 153 1 view .LVU82
 274 0004 10B5     		push	{r4, lr}
 275              	.LCFI1:
 276              		.cfi_def_cfa_offset 8
 277              		.cfi_offset 4, -8
 278              		.cfi_offset 14, -4
 279 0006 0446     		mov	r4, r0
 163:Drivers/STM32G4xx_HAL_Driver/Src/stm32g4xx_hal_dma.c ****   assert_param(IS_DMA_DIRECTION(hdma->Init.Direction));
 280              		.loc 1 163 3 is_stmt 1 view .LVU83
 164:Drivers/STM32G4xx_HAL_Driver/Src/stm32g4xx_hal_dma.c ****   assert_param(IS_DMA_PERIPHERAL_INC_STATE(hdma->Init.PeriphInc));
 281              		.loc 1 164 3 view .LVU84
 165:Drivers/STM32G4xx_HAL_Driver/Src/stm32g4xx_hal_dma.c ****   assert_param(IS_DMA_MEMORY_INC_STATE(hdma->Init.MemInc));
 282              		.loc 1 165 3 view .LVU85
 166:Drivers/STM32G4xx_HAL_Driver/Src/stm32g4xx_hal_dma.c ****   assert_param(IS_DMA_PERIPHERAL_DATA_SIZE(hdma->Init.PeriphDataAlignment));
 283              		.loc 1 166 3 view .LVU86
 167:Drivers/STM32G4xx_HAL_Driver/Src/stm32g4xx_hal_dma.c ****   assert_param(IS_DMA_MEMORY_DATA_SIZE(hdma->Init.MemDataAlignment));
 284              		.loc 1 167 3 view .LVU87
 168:Drivers/STM32G4xx_HAL_Driver/Src/stm32g4xx_hal_dma.c ****   assert_param(IS_DMA_MODE(hdma->Init.Mode));
 285              		.loc 1 168 3 view .LVU88
 169:Drivers/STM32G4xx_HAL_Driver/Src/stm32g4xx_hal_dma.c ****   assert_param(IS_DMA_PRIORITY(hdma->Init.Priority));
 286              		.loc 1 169 3 view .LVU89
 170:Drivers/STM32G4xx_HAL_Driver/Src/stm32g4xx_hal_dma.c **** 
 287              		.loc 1 170 3 view .LVU90
 172:Drivers/STM32G4xx_HAL_Driver/Src/stm32g4xx_hal_dma.c **** 
 288              		.loc 1 172 3 view .LVU91
 175:Drivers/STM32G4xx_HAL_Driver/Src/stm32g4xx_hal_dma.c ****   {
 289              		.loc 1 175 3 view .LVU92
 175:Drivers/STM32G4xx_HAL_Driver/Src/stm32g4xx_hal_dma.c ****   {
 290              		.loc 1 175 22 is_stmt 0 view .LVU93
 291 0008 0268     		ldr	r2, [r0]
 175:Drivers/STM32G4xx_HAL_Driver/Src/stm32g4xx_hal_dma.c ****   {
 292              		.loc 1 175 6 view .LVU94
 293 000a 2D4B     		ldr	r3, .L29
 294 000c 9A42     		cmp	r2, r3
 295 000e 3DD8     		bhi	.L17
 178:Drivers/STM32G4xx_HAL_Driver/Src/stm32g4xx_hal_dma.c ****     hdma->DmaBaseAddress = DMA1;
 296              		.loc 1 178 5 is_stmt 1 view .LVU95
 178:Drivers/STM32G4xx_HAL_Driver/Src/stm32g4xx_hal_dma.c ****     hdma->DmaBaseAddress = DMA1;
 297              		.loc 1 178 53 is_stmt 0 view .LVU96
ARM GAS  C:\Users\MyPC\AppData\Local\Temp\ccS8XDvS.s 			page 26


 298 0010 2C4B     		ldr	r3, .L29+4
 299 0012 1344     		add	r3, r3, r2
 178:Drivers/STM32G4xx_HAL_Driver/Src/stm32g4xx_hal_dma.c ****     hdma->DmaBaseAddress = DMA1;
 300              		.loc 1 178 80 view .LVU97
 301 0014 2C49     		ldr	r1, .L29+8
 302 0016 A1FB0313 		umull	r1, r3, r1, r3
 303 001a 1B09     		lsrs	r3, r3, #4
 178:Drivers/STM32G4xx_HAL_Driver/Src/stm32g4xx_hal_dma.c ****     hdma->DmaBaseAddress = DMA1;
 304              		.loc 1 178 135 view .LVU98
 305 001c 9B00     		lsls	r3, r3, #2
 178:Drivers/STM32G4xx_HAL_Driver/Src/stm32g4xx_hal_dma.c ****     hdma->DmaBaseAddress = DMA1;
 306              		.loc 1 178 24 view .LVU99
 307 001e 4364     		str	r3, [r0, #68]
 179:Drivers/STM32G4xx_HAL_Driver/Src/stm32g4xx_hal_dma.c ****   }
 308              		.loc 1 179 5 is_stmt 1 view .LVU100
 179:Drivers/STM32G4xx_HAL_Driver/Src/stm32g4xx_hal_dma.c ****   }
 309              		.loc 1 179 26 is_stmt 0 view .LVU101
 310 0020 2A4B     		ldr	r3, .L29+12
 311 0022 0364     		str	r3, [r0, #64]
 312              	.L18:
 189:Drivers/STM32G4xx_HAL_Driver/Src/stm32g4xx_hal_dma.c **** 
 313              		.loc 1 189 3 is_stmt 1 view .LVU102
 189:Drivers/STM32G4xx_HAL_Driver/Src/stm32g4xx_hal_dma.c **** 
 314              		.loc 1 189 15 is_stmt 0 view .LVU103
 315 0024 0223     		movs	r3, #2
 316 0026 84F82530 		strb	r3, [r4, #37]
 192:Drivers/STM32G4xx_HAL_Driver/Src/stm32g4xx_hal_dma.c **** 
 317              		.loc 1 192 3 is_stmt 1 view .LVU104
 192:Drivers/STM32G4xx_HAL_Driver/Src/stm32g4xx_hal_dma.c **** 
 318              		.loc 1 192 7 is_stmt 0 view .LVU105
 319 002a 1168     		ldr	r1, [r2]
 320              	.LVL17:
 195:Drivers/STM32G4xx_HAL_Driver/Src/stm32g4xx_hal_dma.c ****                       DMA_CCR_MINC  | DMA_CCR_PINC   | DMA_CCR_CIRC   |
 321              		.loc 1 195 3 is_stmt 1 view .LVU106
 195:Drivers/STM32G4xx_HAL_Driver/Src/stm32g4xx_hal_dma.c ****                       DMA_CCR_MINC  | DMA_CCR_PINC   | DMA_CCR_CIRC   |
 322              		.loc 1 195 7 is_stmt 0 view .LVU107
 323 002c 6FF30E11 		bfc	r1, #4, #11
 324              	.LVL18:
 200:Drivers/STM32G4xx_HAL_Driver/Src/stm32g4xx_hal_dma.c ****           hdma->Init.PeriphInc           | hdma->Init.MemInc           |
 325              		.loc 1 200 3 is_stmt 1 view .LVU108
 200:Drivers/STM32G4xx_HAL_Driver/Src/stm32g4xx_hal_dma.c ****           hdma->Init.PeriphInc           | hdma->Init.MemInc           |
 326              		.loc 1 200 21 is_stmt 0 view .LVU109
 327 0030 A368     		ldr	r3, [r4, #8]
 201:Drivers/STM32G4xx_HAL_Driver/Src/stm32g4xx_hal_dma.c ****           hdma->Init.PeriphDataAlignment | hdma->Init.MemDataAlignment |
 328              		.loc 1 201 21 view .LVU110
 329 0032 E068     		ldr	r0, [r4, #12]
 330              	.LVL19:
 200:Drivers/STM32G4xx_HAL_Driver/Src/stm32g4xx_hal_dma.c ****           hdma->Init.PeriphInc           | hdma->Init.MemInc           |
 331              		.loc 1 200 39 view .LVU111
 332 0034 0343     		orrs	r3, r3, r0
 201:Drivers/STM32G4xx_HAL_Driver/Src/stm32g4xx_hal_dma.c ****           hdma->Init.PeriphDataAlignment | hdma->Init.MemDataAlignment |
 333              		.loc 1 201 54 view .LVU112
 334 0036 2069     		ldr	r0, [r4, #16]
 201:Drivers/STM32G4xx_HAL_Driver/Src/stm32g4xx_hal_dma.c ****           hdma->Init.PeriphDataAlignment | hdma->Init.MemDataAlignment |
 335              		.loc 1 201 42 view .LVU113
 336 0038 0343     		orrs	r3, r3, r0
 202:Drivers/STM32G4xx_HAL_Driver/Src/stm32g4xx_hal_dma.c ****           hdma->Init.Mode                | hdma->Init.Priority;
ARM GAS  C:\Users\MyPC\AppData\Local\Temp\ccS8XDvS.s 			page 27


 337              		.loc 1 202 21 view .LVU114
 338 003a 6069     		ldr	r0, [r4, #20]
 201:Drivers/STM32G4xx_HAL_Driver/Src/stm32g4xx_hal_dma.c ****           hdma->Init.PeriphDataAlignment | hdma->Init.MemDataAlignment |
 339              		.loc 1 201 72 view .LVU115
 340 003c 0343     		orrs	r3, r3, r0
 202:Drivers/STM32G4xx_HAL_Driver/Src/stm32g4xx_hal_dma.c ****           hdma->Init.Mode                | hdma->Init.Priority;
 341              		.loc 1 202 54 view .LVU116
 342 003e A069     		ldr	r0, [r4, #24]
 202:Drivers/STM32G4xx_HAL_Driver/Src/stm32g4xx_hal_dma.c ****           hdma->Init.Mode                | hdma->Init.Priority;
 343              		.loc 1 202 42 view .LVU117
 344 0040 0343     		orrs	r3, r3, r0
 203:Drivers/STM32G4xx_HAL_Driver/Src/stm32g4xx_hal_dma.c **** 
 345              		.loc 1 203 21 view .LVU118
 346 0042 E069     		ldr	r0, [r4, #28]
 202:Drivers/STM32G4xx_HAL_Driver/Src/stm32g4xx_hal_dma.c ****           hdma->Init.Mode                | hdma->Init.Priority;
 347              		.loc 1 202 72 view .LVU119
 348 0044 0343     		orrs	r3, r3, r0
 203:Drivers/STM32G4xx_HAL_Driver/Src/stm32g4xx_hal_dma.c **** 
 349              		.loc 1 203 54 view .LVU120
 350 0046 206A     		ldr	r0, [r4, #32]
 203:Drivers/STM32G4xx_HAL_Driver/Src/stm32g4xx_hal_dma.c **** 
 351              		.loc 1 203 42 view .LVU121
 352 0048 0343     		orrs	r3, r3, r0
 200:Drivers/STM32G4xx_HAL_Driver/Src/stm32g4xx_hal_dma.c ****           hdma->Init.PeriphInc           | hdma->Init.MemInc           |
 353              		.loc 1 200 7 view .LVU122
 354 004a 0B43     		orrs	r3, r3, r1
 355              	.LVL20:
 206:Drivers/STM32G4xx_HAL_Driver/Src/stm32g4xx_hal_dma.c **** 
 356              		.loc 1 206 3 is_stmt 1 view .LVU123
 206:Drivers/STM32G4xx_HAL_Driver/Src/stm32g4xx_hal_dma.c **** 
 357              		.loc 1 206 23 is_stmt 0 view .LVU124
 358 004c 1360     		str	r3, [r2]
 211:Drivers/STM32G4xx_HAL_Driver/Src/stm32g4xx_hal_dma.c **** 
 359              		.loc 1 211 3 is_stmt 1 view .LVU125
 360 004e 2046     		mov	r0, r4
 361 0050 FFF7FEFF 		bl	DMA_CalcDMAMUXChannelBaseAndMask
 362              	.LVL21:
 213:Drivers/STM32G4xx_HAL_Driver/Src/stm32g4xx_hal_dma.c ****   {
 363              		.loc 1 213 3 view .LVU126
 213:Drivers/STM32G4xx_HAL_Driver/Src/stm32g4xx_hal_dma.c ****   {
 364              		.loc 1 213 17 is_stmt 0 view .LVU127
 365 0054 A368     		ldr	r3, [r4, #8]
 213:Drivers/STM32G4xx_HAL_Driver/Src/stm32g4xx_hal_dma.c ****   {
 366              		.loc 1 213 6 view .LVU128
 367 0056 B3F5804F 		cmp	r3, #16384
 368 005a 22D0     		beq	.L27
 369              	.L19:
 220:Drivers/STM32G4xx_HAL_Driver/Src/stm32g4xx_hal_dma.c **** 
 370              		.loc 1 220 3 is_stmt 1 view .LVU129
 220:Drivers/STM32G4xx_HAL_Driver/Src/stm32g4xx_hal_dma.c **** 
 371              		.loc 1 220 41 is_stmt 0 view .LVU130
 372 005c 6368     		ldr	r3, [r4, #4]
 220:Drivers/STM32G4xx_HAL_Driver/Src/stm32g4xx_hal_dma.c **** 
 373              		.loc 1 220 7 view .LVU131
 374 005e A26C     		ldr	r2, [r4, #72]
 220:Drivers/STM32G4xx_HAL_Driver/Src/stm32g4xx_hal_dma.c **** 
 375              		.loc 1 220 50 view .LVU132
ARM GAS  C:\Users\MyPC\AppData\Local\Temp\ccS8XDvS.s 			page 28


 376 0060 03F07F03 		and	r3, r3, #127
 220:Drivers/STM32G4xx_HAL_Driver/Src/stm32g4xx_hal_dma.c **** 
 377              		.loc 1 220 28 view .LVU133
 378 0064 1360     		str	r3, [r2]
 223:Drivers/STM32G4xx_HAL_Driver/Src/stm32g4xx_hal_dma.c **** 
 379              		.loc 1 223 3 is_stmt 1 view .LVU134
 223:Drivers/STM32G4xx_HAL_Driver/Src/stm32g4xx_hal_dma.c **** 
 380              		.loc 1 223 7 is_stmt 0 view .LVU135
 381 0066 E36C     		ldr	r3, [r4, #76]
 223:Drivers/STM32G4xx_HAL_Driver/Src/stm32g4xx_hal_dma.c **** 
 382              		.loc 1 223 40 view .LVU136
 383 0068 226D     		ldr	r2, [r4, #80]
 223:Drivers/STM32G4xx_HAL_Driver/Src/stm32g4xx_hal_dma.c **** 
 384              		.loc 1 223 34 view .LVU137
 385 006a 5A60     		str	r2, [r3, #4]
 225:Drivers/STM32G4xx_HAL_Driver/Src/stm32g4xx_hal_dma.c ****   {
 386              		.loc 1 225 3 is_stmt 1 view .LVU138
 225:Drivers/STM32G4xx_HAL_Driver/Src/stm32g4xx_hal_dma.c ****   {
 387              		.loc 1 225 19 is_stmt 0 view .LVU139
 388 006c 6368     		ldr	r3, [r4, #4]
 225:Drivers/STM32G4xx_HAL_Driver/Src/stm32g4xx_hal_dma.c ****   {
 389              		.loc 1 225 35 view .LVU140
 390 006e 013B     		subs	r3, r3, #1
 225:Drivers/STM32G4xx_HAL_Driver/Src/stm32g4xx_hal_dma.c ****   {
 391              		.loc 1 225 6 view .LVU141
 392 0070 032B     		cmp	r3, #3
 393 0072 19D9     		bls	.L28
 240:Drivers/STM32G4xx_HAL_Driver/Src/stm32g4xx_hal_dma.c ****     hdma->DMAmuxRequestGenStatus = 0U;
 394              		.loc 1 240 5 is_stmt 1 view .LVU142
 240:Drivers/STM32G4xx_HAL_Driver/Src/stm32g4xx_hal_dma.c ****     hdma->DMAmuxRequestGenStatus = 0U;
 395              		.loc 1 240 28 is_stmt 0 view .LVU143
 396 0074 0023     		movs	r3, #0
 397 0076 6365     		str	r3, [r4, #84]
 241:Drivers/STM32G4xx_HAL_Driver/Src/stm32g4xx_hal_dma.c ****     hdma->DMAmuxRequestGenStatusMask = 0U;
 398              		.loc 1 241 5 is_stmt 1 view .LVU144
 241:Drivers/STM32G4xx_HAL_Driver/Src/stm32g4xx_hal_dma.c ****     hdma->DMAmuxRequestGenStatusMask = 0U;
 399              		.loc 1 241 34 is_stmt 0 view .LVU145
 400 0078 A365     		str	r3, [r4, #88]
 242:Drivers/STM32G4xx_HAL_Driver/Src/stm32g4xx_hal_dma.c ****   }
 401              		.loc 1 242 5 is_stmt 1 view .LVU146
 242:Drivers/STM32G4xx_HAL_Driver/Src/stm32g4xx_hal_dma.c ****   }
 402              		.loc 1 242 38 is_stmt 0 view .LVU147
 403 007a E365     		str	r3, [r4, #92]
 404              	.L21:
 246:Drivers/STM32G4xx_HAL_Driver/Src/stm32g4xx_hal_dma.c **** 
 405              		.loc 1 246 3 is_stmt 1 view .LVU148
 246:Drivers/STM32G4xx_HAL_Driver/Src/stm32g4xx_hal_dma.c **** 
 406              		.loc 1 246 19 is_stmt 0 view .LVU149
 407 007c 0020     		movs	r0, #0
 408 007e E063     		str	r0, [r4, #60]
 249:Drivers/STM32G4xx_HAL_Driver/Src/stm32g4xx_hal_dma.c **** 
 409              		.loc 1 249 3 is_stmt 1 view .LVU150
 249:Drivers/STM32G4xx_HAL_Driver/Src/stm32g4xx_hal_dma.c **** 
 410              		.loc 1 249 16 is_stmt 0 view .LVU151
 411 0080 0123     		movs	r3, #1
 412 0082 84F82530 		strb	r3, [r4, #37]
 252:Drivers/STM32G4xx_HAL_Driver/Src/stm32g4xx_hal_dma.c **** 
ARM GAS  C:\Users\MyPC\AppData\Local\Temp\ccS8XDvS.s 			page 29


 413              		.loc 1 252 3 is_stmt 1 view .LVU152
 252:Drivers/STM32G4xx_HAL_Driver/Src/stm32g4xx_hal_dma.c **** 
 414              		.loc 1 252 14 is_stmt 0 view .LVU153
 415 0086 84F82400 		strb	r0, [r4, #36]
 254:Drivers/STM32G4xx_HAL_Driver/Src/stm32g4xx_hal_dma.c **** }
 416              		.loc 1 254 3 is_stmt 1 view .LVU154
 255:Drivers/STM32G4xx_HAL_Driver/Src/stm32g4xx_hal_dma.c **** 
 417              		.loc 1 255 1 is_stmt 0 view .LVU155
 418 008a 10BD     		pop	{r4, pc}
 419              	.LVL22:
 420              	.L17:
 184:Drivers/STM32G4xx_HAL_Driver/Src/stm32g4xx_hal_dma.c ****     hdma->DmaBaseAddress = DMA2;
 421              		.loc 1 184 5 is_stmt 1 view .LVU156
 184:Drivers/STM32G4xx_HAL_Driver/Src/stm32g4xx_hal_dma.c ****     hdma->DmaBaseAddress = DMA2;
 422              		.loc 1 184 53 is_stmt 0 view .LVU157
 423 008c 104B     		ldr	r3, .L29+16
 424 008e 1344     		add	r3, r3, r2
 184:Drivers/STM32G4xx_HAL_Driver/Src/stm32g4xx_hal_dma.c ****     hdma->DmaBaseAddress = DMA2;
 425              		.loc 1 184 80 view .LVU158
 426 0090 0D49     		ldr	r1, .L29+8
 427 0092 A1FB0313 		umull	r1, r3, r1, r3
 428 0096 1B09     		lsrs	r3, r3, #4
 184:Drivers/STM32G4xx_HAL_Driver/Src/stm32g4xx_hal_dma.c ****     hdma->DmaBaseAddress = DMA2;
 429              		.loc 1 184 135 view .LVU159
 430 0098 9B00     		lsls	r3, r3, #2
 184:Drivers/STM32G4xx_HAL_Driver/Src/stm32g4xx_hal_dma.c ****     hdma->DmaBaseAddress = DMA2;
 431              		.loc 1 184 24 view .LVU160
 432 009a 4364     		str	r3, [r0, #68]
 185:Drivers/STM32G4xx_HAL_Driver/Src/stm32g4xx_hal_dma.c ****   }
 433              		.loc 1 185 5 is_stmt 1 view .LVU161
 185:Drivers/STM32G4xx_HAL_Driver/Src/stm32g4xx_hal_dma.c ****   }
 434              		.loc 1 185 26 is_stmt 0 view .LVU162
 435 009c 0D4B     		ldr	r3, .L29+20
 436 009e 0364     		str	r3, [r0, #64]
 437 00a0 C0E7     		b	.L18
 438              	.LVL23:
 439              	.L27:
 216:Drivers/STM32G4xx_HAL_Driver/Src/stm32g4xx_hal_dma.c ****   }
 440              		.loc 1 216 5 is_stmt 1 view .LVU163
 216:Drivers/STM32G4xx_HAL_Driver/Src/stm32g4xx_hal_dma.c ****   }
 441              		.loc 1 216 24 is_stmt 0 view .LVU164
 442 00a2 0023     		movs	r3, #0
 443 00a4 6360     		str	r3, [r4, #4]
 444 00a6 D9E7     		b	.L19
 445              	.L28:
 230:Drivers/STM32G4xx_HAL_Driver/Src/stm32g4xx_hal_dma.c **** 
 446              		.loc 1 230 5 is_stmt 1 view .LVU165
 447 00a8 2046     		mov	r0, r4
 448 00aa FFF7FEFF 		bl	DMA_CalcDMAMUXRequestGenBaseAndMask
 449              	.LVL24:
 233:Drivers/STM32G4xx_HAL_Driver/Src/stm32g4xx_hal_dma.c **** 
 450              		.loc 1 233 5 view .LVU166
 233:Drivers/STM32G4xx_HAL_Driver/Src/stm32g4xx_hal_dma.c **** 
 451              		.loc 1 233 9 is_stmt 0 view .LVU167
 452 00ae 636D     		ldr	r3, [r4, #84]
 233:Drivers/STM32G4xx_HAL_Driver/Src/stm32g4xx_hal_dma.c **** 
 453              		.loc 1 233 34 view .LVU168
ARM GAS  C:\Users\MyPC\AppData\Local\Temp\ccS8XDvS.s 			page 30


 454 00b0 0022     		movs	r2, #0
 455 00b2 1A60     		str	r2, [r3]
 236:Drivers/STM32G4xx_HAL_Driver/Src/stm32g4xx_hal_dma.c ****   }
 456              		.loc 1 236 5 is_stmt 1 view .LVU169
 236:Drivers/STM32G4xx_HAL_Driver/Src/stm32g4xx_hal_dma.c ****   }
 457              		.loc 1 236 9 is_stmt 0 view .LVU170
 458 00b4 A36D     		ldr	r3, [r4, #88]
 236:Drivers/STM32G4xx_HAL_Driver/Src/stm32g4xx_hal_dma.c ****   }
 459              		.loc 1 236 47 view .LVU171
 460 00b6 E26D     		ldr	r2, [r4, #92]
 236:Drivers/STM32G4xx_HAL_Driver/Src/stm32g4xx_hal_dma.c ****   }
 461              		.loc 1 236 41 view .LVU172
 462 00b8 5A60     		str	r2, [r3, #4]
 463 00ba DFE7     		b	.L21
 464              	.LVL25:
 465              	.L22:
 466              	.LCFI2:
 467              		.cfi_def_cfa_offset 0
 468              		.cfi_restore 4
 469              		.cfi_restore 14
 159:Drivers/STM32G4xx_HAL_Driver/Src/stm32g4xx_hal_dma.c ****   }
 470              		.loc 1 159 12 view .LVU173
 471 00bc 0120     		movs	r0, #1
 472              	.LVL26:
 255:Drivers/STM32G4xx_HAL_Driver/Src/stm32g4xx_hal_dma.c **** 
 473              		.loc 1 255 1 view .LVU174
 474 00be 7047     		bx	lr
 475              	.L30:
 476              		.align	2
 477              	.L29:
 478 00c0 07040240 		.word	1073873927
 479 00c4 F8FFFDBF 		.word	-1073872904
 480 00c8 CDCCCCCC 		.word	-858993459
 481 00cc 00000240 		.word	1073872896
 482 00d0 F8FBFDBF 		.word	-1073873928
 483 00d4 00040240 		.word	1073873920
 484              		.cfi_endproc
 485              	.LFE132:
 487              		.section	.text.HAL_DMA_DeInit,"ax",%progbits
 488              		.align	1
 489              		.global	HAL_DMA_DeInit
 490              		.syntax unified
 491              		.thumb
 492              		.thumb_func
 494              	HAL_DMA_DeInit:
 495              	.LVL27:
 496              	.LFB133:
 264:Drivers/STM32G4xx_HAL_Driver/Src/stm32g4xx_hal_dma.c **** 
 497              		.loc 1 264 1 is_stmt 1 view -0
 498              		.cfi_startproc
 499              		@ args = 0, pretend = 0, frame = 0
 500              		@ frame_needed = 0, uses_anonymous_args = 0
 267:Drivers/STM32G4xx_HAL_Driver/Src/stm32g4xx_hal_dma.c ****   {
 501              		.loc 1 267 3 view .LVU176
 267:Drivers/STM32G4xx_HAL_Driver/Src/stm32g4xx_hal_dma.c ****   {
 502              		.loc 1 267 6 is_stmt 0 view .LVU177
 503 0000 0028     		cmp	r0, #0
ARM GAS  C:\Users\MyPC\AppData\Local\Temp\ccS8XDvS.s 			page 31


 504 0002 4BD0     		beq	.L36
 264:Drivers/STM32G4xx_HAL_Driver/Src/stm32g4xx_hal_dma.c **** 
 505              		.loc 1 264 1 view .LVU178
 506 0004 38B5     		push	{r3, r4, r5, lr}
 507              	.LCFI3:
 508              		.cfi_def_cfa_offset 16
 509              		.cfi_offset 3, -16
 510              		.cfi_offset 4, -12
 511              		.cfi_offset 5, -8
 512              		.cfi_offset 14, -4
 513 0006 0446     		mov	r4, r0
 273:Drivers/STM32G4xx_HAL_Driver/Src/stm32g4xx_hal_dma.c **** 
 514              		.loc 1 273 3 is_stmt 1 view .LVU179
 276:Drivers/STM32G4xx_HAL_Driver/Src/stm32g4xx_hal_dma.c **** 
 515              		.loc 1 276 3 view .LVU180
 516 0008 0268     		ldr	r2, [r0]
 517 000a 1368     		ldr	r3, [r2]
 518 000c 23F00103 		bic	r3, r3, #1
 519 0010 1360     		str	r3, [r2]
 279:Drivers/STM32G4xx_HAL_Driver/Src/stm32g4xx_hal_dma.c ****   {
 520              		.loc 1 279 3 view .LVU181
 279:Drivers/STM32G4xx_HAL_Driver/Src/stm32g4xx_hal_dma.c ****   {
 521              		.loc 1 279 22 is_stmt 0 view .LVU182
 522 0012 0268     		ldr	r2, [r0]
 279:Drivers/STM32G4xx_HAL_Driver/Src/stm32g4xx_hal_dma.c ****   {
 523              		.loc 1 279 6 view .LVU183
 524 0014 224B     		ldr	r3, .L42
 525 0016 9A42     		cmp	r2, r3
 526 0018 2CD8     		bhi	.L33
 282:Drivers/STM32G4xx_HAL_Driver/Src/stm32g4xx_hal_dma.c ****     hdma->DmaBaseAddress = DMA1;
 527              		.loc 1 282 5 is_stmt 1 view .LVU184
 282:Drivers/STM32G4xx_HAL_Driver/Src/stm32g4xx_hal_dma.c ****     hdma->DmaBaseAddress = DMA1;
 528              		.loc 1 282 53 is_stmt 0 view .LVU185
 529 001a 224B     		ldr	r3, .L42+4
 530 001c 1344     		add	r3, r3, r2
 282:Drivers/STM32G4xx_HAL_Driver/Src/stm32g4xx_hal_dma.c ****     hdma->DmaBaseAddress = DMA1;
 531              		.loc 1 282 80 view .LVU186
 532 001e 2249     		ldr	r1, .L42+8
 533 0020 A1FB0313 		umull	r1, r3, r1, r3
 534 0024 1B09     		lsrs	r3, r3, #4
 282:Drivers/STM32G4xx_HAL_Driver/Src/stm32g4xx_hal_dma.c ****     hdma->DmaBaseAddress = DMA1;
 535              		.loc 1 282 135 view .LVU187
 536 0026 9B00     		lsls	r3, r3, #2
 282:Drivers/STM32G4xx_HAL_Driver/Src/stm32g4xx_hal_dma.c ****     hdma->DmaBaseAddress = DMA1;
 537              		.loc 1 282 24 view .LVU188
 538 0028 4364     		str	r3, [r0, #68]
 283:Drivers/STM32G4xx_HAL_Driver/Src/stm32g4xx_hal_dma.c ****   }
 539              		.loc 1 283 5 is_stmt 1 view .LVU189
 283:Drivers/STM32G4xx_HAL_Driver/Src/stm32g4xx_hal_dma.c ****   }
 540              		.loc 1 283 26 is_stmt 0 view .LVU190
 541 002a 204B     		ldr	r3, .L42+12
 542 002c 0364     		str	r3, [r0, #64]
 543              	.L34:
 293:Drivers/STM32G4xx_HAL_Driver/Src/stm32g4xx_hal_dma.c **** 
 544              		.loc 1 293 3 is_stmt 1 view .LVU191
 293:Drivers/STM32G4xx_HAL_Driver/Src/stm32g4xx_hal_dma.c **** 
 545              		.loc 1 293 24 is_stmt 0 view .LVU192
ARM GAS  C:\Users\MyPC\AppData\Local\Temp\ccS8XDvS.s 			page 32


 546 002e 0025     		movs	r5, #0
 547 0030 1560     		str	r5, [r2]
 296:Drivers/STM32G4xx_HAL_Driver/Src/stm32g4xx_hal_dma.c **** 
 548              		.loc 1 296 3 is_stmt 1 view .LVU193
 296:Drivers/STM32G4xx_HAL_Driver/Src/stm32g4xx_hal_dma.c **** 
 549              		.loc 1 296 54 is_stmt 0 view .LVU194
 550 0032 636C     		ldr	r3, [r4, #68]
 296:Drivers/STM32G4xx_HAL_Driver/Src/stm32g4xx_hal_dma.c **** 
 551              		.loc 1 296 69 view .LVU195
 552 0034 03F01F02 		and	r2, r3, #31
 296:Drivers/STM32G4xx_HAL_Driver/Src/stm32g4xx_hal_dma.c **** 
 553              		.loc 1 296 7 view .LVU196
 554 0038 216C     		ldr	r1, [r4, #64]
 296:Drivers/STM32G4xx_HAL_Driver/Src/stm32g4xx_hal_dma.c **** 
 555              		.loc 1 296 46 view .LVU197
 556 003a 0123     		movs	r3, #1
 557 003c 9340     		lsls	r3, r3, r2
 296:Drivers/STM32G4xx_HAL_Driver/Src/stm32g4xx_hal_dma.c **** 
 558              		.loc 1 296 30 view .LVU198
 559 003e 4B60     		str	r3, [r1, #4]
 301:Drivers/STM32G4xx_HAL_Driver/Src/stm32g4xx_hal_dma.c **** 
 560              		.loc 1 301 3 is_stmt 1 view .LVU199
 561 0040 2046     		mov	r0, r4
 562              	.LVL28:
 301:Drivers/STM32G4xx_HAL_Driver/Src/stm32g4xx_hal_dma.c **** 
 563              		.loc 1 301 3 is_stmt 0 view .LVU200
 564 0042 FFF7FEFF 		bl	DMA_CalcDMAMUXChannelBaseAndMask
 565              	.LVL29:
 304:Drivers/STM32G4xx_HAL_Driver/Src/stm32g4xx_hal_dma.c **** 
 566              		.loc 1 304 3 is_stmt 1 view .LVU201
 304:Drivers/STM32G4xx_HAL_Driver/Src/stm32g4xx_hal_dma.c **** 
 567              		.loc 1 304 7 is_stmt 0 view .LVU202
 568 0046 A36C     		ldr	r3, [r4, #72]
 304:Drivers/STM32G4xx_HAL_Driver/Src/stm32g4xx_hal_dma.c **** 
 569              		.loc 1 304 28 view .LVU203
 570 0048 1D60     		str	r5, [r3]
 307:Drivers/STM32G4xx_HAL_Driver/Src/stm32g4xx_hal_dma.c **** 
 571              		.loc 1 307 3 is_stmt 1 view .LVU204
 307:Drivers/STM32G4xx_HAL_Driver/Src/stm32g4xx_hal_dma.c **** 
 572              		.loc 1 307 7 is_stmt 0 view .LVU205
 573 004a E36C     		ldr	r3, [r4, #76]
 307:Drivers/STM32G4xx_HAL_Driver/Src/stm32g4xx_hal_dma.c **** 
 574              		.loc 1 307 40 view .LVU206
 575 004c 226D     		ldr	r2, [r4, #80]
 307:Drivers/STM32G4xx_HAL_Driver/Src/stm32g4xx_hal_dma.c **** 
 576              		.loc 1 307 34 view .LVU207
 577 004e 5A60     		str	r2, [r3, #4]
 310:Drivers/STM32G4xx_HAL_Driver/Src/stm32g4xx_hal_dma.c ****   {
 578              		.loc 1 310 3 is_stmt 1 view .LVU208
 310:Drivers/STM32G4xx_HAL_Driver/Src/stm32g4xx_hal_dma.c ****   {
 579              		.loc 1 310 19 is_stmt 0 view .LVU209
 580 0050 6368     		ldr	r3, [r4, #4]
 310:Drivers/STM32G4xx_HAL_Driver/Src/stm32g4xx_hal_dma.c ****   {
 581              		.loc 1 310 35 view .LVU210
 582 0052 013B     		subs	r3, r3, #1
 310:Drivers/STM32G4xx_HAL_Driver/Src/stm32g4xx_hal_dma.c ****   {
 583              		.loc 1 310 6 view .LVU211
ARM GAS  C:\Users\MyPC\AppData\Local\Temp\ccS8XDvS.s 			page 33


 584 0054 032B     		cmp	r3, #3
 585 0056 18D9     		bls	.L41
 586              	.L35:
 324:Drivers/STM32G4xx_HAL_Driver/Src/stm32g4xx_hal_dma.c ****   hdma->DMAmuxRequestGenStatus = 0U;
 587              		.loc 1 324 3 is_stmt 1 view .LVU212
 324:Drivers/STM32G4xx_HAL_Driver/Src/stm32g4xx_hal_dma.c ****   hdma->DMAmuxRequestGenStatus = 0U;
 588              		.loc 1 324 26 is_stmt 0 view .LVU213
 589 0058 0020     		movs	r0, #0
 590 005a 6065     		str	r0, [r4, #84]
 325:Drivers/STM32G4xx_HAL_Driver/Src/stm32g4xx_hal_dma.c ****   hdma->DMAmuxRequestGenStatusMask = 0U;
 591              		.loc 1 325 3 is_stmt 1 view .LVU214
 325:Drivers/STM32G4xx_HAL_Driver/Src/stm32g4xx_hal_dma.c ****   hdma->DMAmuxRequestGenStatusMask = 0U;
 592              		.loc 1 325 32 is_stmt 0 view .LVU215
 593 005c A065     		str	r0, [r4, #88]
 326:Drivers/STM32G4xx_HAL_Driver/Src/stm32g4xx_hal_dma.c **** 
 594              		.loc 1 326 3 is_stmt 1 view .LVU216
 326:Drivers/STM32G4xx_HAL_Driver/Src/stm32g4xx_hal_dma.c **** 
 595              		.loc 1 326 36 is_stmt 0 view .LVU217
 596 005e E065     		str	r0, [r4, #92]
 329:Drivers/STM32G4xx_HAL_Driver/Src/stm32g4xx_hal_dma.c ****   hdma->XferHalfCpltCallback = NULL;
 597              		.loc 1 329 3 is_stmt 1 view .LVU218
 329:Drivers/STM32G4xx_HAL_Driver/Src/stm32g4xx_hal_dma.c ****   hdma->XferHalfCpltCallback = NULL;
 598              		.loc 1 329 26 is_stmt 0 view .LVU219
 599 0060 E062     		str	r0, [r4, #44]
 330:Drivers/STM32G4xx_HAL_Driver/Src/stm32g4xx_hal_dma.c ****   hdma->XferErrorCallback = NULL;
 600              		.loc 1 330 3 is_stmt 1 view .LVU220
 330:Drivers/STM32G4xx_HAL_Driver/Src/stm32g4xx_hal_dma.c ****   hdma->XferErrorCallback = NULL;
 601              		.loc 1 330 30 is_stmt 0 view .LVU221
 602 0062 2063     		str	r0, [r4, #48]
 331:Drivers/STM32G4xx_HAL_Driver/Src/stm32g4xx_hal_dma.c ****   hdma->XferAbortCallback = NULL;
 603              		.loc 1 331 3 is_stmt 1 view .LVU222
 331:Drivers/STM32G4xx_HAL_Driver/Src/stm32g4xx_hal_dma.c ****   hdma->XferAbortCallback = NULL;
 604              		.loc 1 331 27 is_stmt 0 view .LVU223
 605 0064 6063     		str	r0, [r4, #52]
 332:Drivers/STM32G4xx_HAL_Driver/Src/stm32g4xx_hal_dma.c **** 
 606              		.loc 1 332 3 is_stmt 1 view .LVU224
 332:Drivers/STM32G4xx_HAL_Driver/Src/stm32g4xx_hal_dma.c **** 
 607              		.loc 1 332 27 is_stmt 0 view .LVU225
 608 0066 A063     		str	r0, [r4, #56]
 335:Drivers/STM32G4xx_HAL_Driver/Src/stm32g4xx_hal_dma.c **** 
 609              		.loc 1 335 3 is_stmt 1 view .LVU226
 335:Drivers/STM32G4xx_HAL_Driver/Src/stm32g4xx_hal_dma.c **** 
 610              		.loc 1 335 19 is_stmt 0 view .LVU227
 611 0068 E063     		str	r0, [r4, #60]
 338:Drivers/STM32G4xx_HAL_Driver/Src/stm32g4xx_hal_dma.c **** 
 612              		.loc 1 338 3 is_stmt 1 view .LVU228
 338:Drivers/STM32G4xx_HAL_Driver/Src/stm32g4xx_hal_dma.c **** 
 613              		.loc 1 338 15 is_stmt 0 view .LVU229
 614 006a 84F82500 		strb	r0, [r4, #37]
 341:Drivers/STM32G4xx_HAL_Driver/Src/stm32g4xx_hal_dma.c **** 
 615              		.loc 1 341 3 is_stmt 1 view .LVU230
 341:Drivers/STM32G4xx_HAL_Driver/Src/stm32g4xx_hal_dma.c **** 
 616              		.loc 1 341 3 view .LVU231
 617 006e 84F82400 		strb	r0, [r4, #36]
 341:Drivers/STM32G4xx_HAL_Driver/Src/stm32g4xx_hal_dma.c **** 
 618              		.loc 1 341 3 view .LVU232
 343:Drivers/STM32G4xx_HAL_Driver/Src/stm32g4xx_hal_dma.c **** }
ARM GAS  C:\Users\MyPC\AppData\Local\Temp\ccS8XDvS.s 			page 34


 619              		.loc 1 343 3 view .LVU233
 344:Drivers/STM32G4xx_HAL_Driver/Src/stm32g4xx_hal_dma.c **** 
 620              		.loc 1 344 1 is_stmt 0 view .LVU234
 621 0072 38BD     		pop	{r3, r4, r5, pc}
 622              	.LVL30:
 623              	.L33:
 288:Drivers/STM32G4xx_HAL_Driver/Src/stm32g4xx_hal_dma.c ****     hdma->DmaBaseAddress = DMA2;
 624              		.loc 1 288 5 is_stmt 1 view .LVU235
 288:Drivers/STM32G4xx_HAL_Driver/Src/stm32g4xx_hal_dma.c ****     hdma->DmaBaseAddress = DMA2;
 625              		.loc 1 288 53 is_stmt 0 view .LVU236
 626 0074 0E4B     		ldr	r3, .L42+16
 627 0076 1344     		add	r3, r3, r2
 288:Drivers/STM32G4xx_HAL_Driver/Src/stm32g4xx_hal_dma.c ****     hdma->DmaBaseAddress = DMA2;
 628              		.loc 1 288 80 view .LVU237
 629 0078 0B49     		ldr	r1, .L42+8
 630 007a A1FB0313 		umull	r1, r3, r1, r3
 631 007e 1B09     		lsrs	r3, r3, #4
 288:Drivers/STM32G4xx_HAL_Driver/Src/stm32g4xx_hal_dma.c ****     hdma->DmaBaseAddress = DMA2;
 632              		.loc 1 288 135 view .LVU238
 633 0080 9B00     		lsls	r3, r3, #2
 288:Drivers/STM32G4xx_HAL_Driver/Src/stm32g4xx_hal_dma.c ****     hdma->DmaBaseAddress = DMA2;
 634              		.loc 1 288 24 view .LVU239
 635 0082 4364     		str	r3, [r0, #68]
 289:Drivers/STM32G4xx_HAL_Driver/Src/stm32g4xx_hal_dma.c ****   }
 636              		.loc 1 289 5 is_stmt 1 view .LVU240
 289:Drivers/STM32G4xx_HAL_Driver/Src/stm32g4xx_hal_dma.c ****   }
 637              		.loc 1 289 26 is_stmt 0 view .LVU241
 638 0084 0B4B     		ldr	r3, .L42+20
 639 0086 0364     		str	r3, [r0, #64]
 640 0088 D1E7     		b	.L34
 641              	.LVL31:
 642              	.L41:
 315:Drivers/STM32G4xx_HAL_Driver/Src/stm32g4xx_hal_dma.c **** 
 643              		.loc 1 315 5 is_stmt 1 view .LVU242
 644 008a 2046     		mov	r0, r4
 645 008c FFF7FEFF 		bl	DMA_CalcDMAMUXRequestGenBaseAndMask
 646              	.LVL32:
 318:Drivers/STM32G4xx_HAL_Driver/Src/stm32g4xx_hal_dma.c **** 
 647              		.loc 1 318 5 view .LVU243
 318:Drivers/STM32G4xx_HAL_Driver/Src/stm32g4xx_hal_dma.c **** 
 648              		.loc 1 318 9 is_stmt 0 view .LVU244
 649 0090 636D     		ldr	r3, [r4, #84]
 318:Drivers/STM32G4xx_HAL_Driver/Src/stm32g4xx_hal_dma.c **** 
 650              		.loc 1 318 34 view .LVU245
 651 0092 1D60     		str	r5, [r3]
 321:Drivers/STM32G4xx_HAL_Driver/Src/stm32g4xx_hal_dma.c ****   }
 652              		.loc 1 321 5 is_stmt 1 view .LVU246
 321:Drivers/STM32G4xx_HAL_Driver/Src/stm32g4xx_hal_dma.c ****   }
 653              		.loc 1 321 9 is_stmt 0 view .LVU247
 654 0094 A36D     		ldr	r3, [r4, #88]
 321:Drivers/STM32G4xx_HAL_Driver/Src/stm32g4xx_hal_dma.c ****   }
 655              		.loc 1 321 47 view .LVU248
 656 0096 E26D     		ldr	r2, [r4, #92]
 321:Drivers/STM32G4xx_HAL_Driver/Src/stm32g4xx_hal_dma.c ****   }
 657              		.loc 1 321 41 view .LVU249
 658 0098 5A60     		str	r2, [r3, #4]
 659 009a DDE7     		b	.L35
ARM GAS  C:\Users\MyPC\AppData\Local\Temp\ccS8XDvS.s 			page 35


 660              	.LVL33:
 661              	.L36:
 662              	.LCFI4:
 663              		.cfi_def_cfa_offset 0
 664              		.cfi_restore 3
 665              		.cfi_restore 4
 666              		.cfi_restore 5
 667              		.cfi_restore 14
 269:Drivers/STM32G4xx_HAL_Driver/Src/stm32g4xx_hal_dma.c ****   }
 668              		.loc 1 269 12 view .LVU250
 669 009c 0120     		movs	r0, #1
 670              	.LVL34:
 344:Drivers/STM32G4xx_HAL_Driver/Src/stm32g4xx_hal_dma.c **** 
 671              		.loc 1 344 1 view .LVU251
 672 009e 7047     		bx	lr
 673              	.L43:
 674              		.align	2
 675              	.L42:
 676 00a0 07040240 		.word	1073873927
 677 00a4 F8FFFDBF 		.word	-1073872904
 678 00a8 CDCCCCCC 		.word	-858993459
 679 00ac 00000240 		.word	1073872896
 680 00b0 F8FBFDBF 		.word	-1073873928
 681 00b4 00040240 		.word	1073873920
 682              		.cfi_endproc
 683              	.LFE133:
 685              		.section	.text.HAL_DMA_Start,"ax",%progbits
 686              		.align	1
 687              		.global	HAL_DMA_Start
 688              		.syntax unified
 689              		.thumb
 690              		.thumb_func
 692              	HAL_DMA_Start:
 693              	.LVL35:
 694              	.LFB134:
 379:Drivers/STM32G4xx_HAL_Driver/Src/stm32g4xx_hal_dma.c ****   HAL_StatusTypeDef status = HAL_OK;
 695              		.loc 1 379 1 is_stmt 1 view -0
 696              		.cfi_startproc
 697              		@ args = 0, pretend = 0, frame = 0
 698              		@ frame_needed = 0, uses_anonymous_args = 0
 379:Drivers/STM32G4xx_HAL_Driver/Src/stm32g4xx_hal_dma.c ****   HAL_StatusTypeDef status = HAL_OK;
 699              		.loc 1 379 1 is_stmt 0 view .LVU253
 700 0000 10B5     		push	{r4, lr}
 701              	.LCFI5:
 702              		.cfi_def_cfa_offset 8
 703              		.cfi_offset 4, -8
 704              		.cfi_offset 14, -4
 705 0002 0446     		mov	r4, r0
 380:Drivers/STM32G4xx_HAL_Driver/Src/stm32g4xx_hal_dma.c **** 
 706              		.loc 1 380 3 is_stmt 1 view .LVU254
 707              	.LVL36:
 383:Drivers/STM32G4xx_HAL_Driver/Src/stm32g4xx_hal_dma.c **** 
 708              		.loc 1 383 3 view .LVU255
 386:Drivers/STM32G4xx_HAL_Driver/Src/stm32g4xx_hal_dma.c **** 
 709              		.loc 1 386 3 view .LVU256
 386:Drivers/STM32G4xx_HAL_Driver/Src/stm32g4xx_hal_dma.c **** 
 710              		.loc 1 386 3 view .LVU257
ARM GAS  C:\Users\MyPC\AppData\Local\Temp\ccS8XDvS.s 			page 36


 711 0004 90F82400 		ldrb	r0, [r0, #36]	@ zero_extendqisi2
 712              	.LVL37:
 386:Drivers/STM32G4xx_HAL_Driver/Src/stm32g4xx_hal_dma.c **** 
 713              		.loc 1 386 3 is_stmt 0 view .LVU258
 714 0008 0128     		cmp	r0, #1
 715 000a 22D0     		beq	.L47
 386:Drivers/STM32G4xx_HAL_Driver/Src/stm32g4xx_hal_dma.c **** 
 716              		.loc 1 386 3 is_stmt 1 discriminator 2 view .LVU259
 717 000c 0120     		movs	r0, #1
 718 000e 84F82400 		strb	r0, [r4, #36]
 386:Drivers/STM32G4xx_HAL_Driver/Src/stm32g4xx_hal_dma.c **** 
 719              		.loc 1 386 3 view .LVU260
 388:Drivers/STM32G4xx_HAL_Driver/Src/stm32g4xx_hal_dma.c ****   {
 720              		.loc 1 388 3 view .LVU261
 388:Drivers/STM32G4xx_HAL_Driver/Src/stm32g4xx_hal_dma.c ****   {
 721              		.loc 1 388 34 is_stmt 0 view .LVU262
 722 0012 94F82500 		ldrb	r0, [r4, #37]	@ zero_extendqisi2
 388:Drivers/STM32G4xx_HAL_Driver/Src/stm32g4xx_hal_dma.c ****   {
 723              		.loc 1 388 6 view .LVU263
 724 0016 0128     		cmp	r0, #1
 725 0018 04D0     		beq	.L49
 406:Drivers/STM32G4xx_HAL_Driver/Src/stm32g4xx_hal_dma.c ****     status = HAL_BUSY;
 726              		.loc 1 406 5 is_stmt 1 view .LVU264
 406:Drivers/STM32G4xx_HAL_Driver/Src/stm32g4xx_hal_dma.c ****     status = HAL_BUSY;
 727              		.loc 1 406 5 view .LVU265
 728 001a 0023     		movs	r3, #0
 729              	.LVL38:
 406:Drivers/STM32G4xx_HAL_Driver/Src/stm32g4xx_hal_dma.c ****     status = HAL_BUSY;
 730              		.loc 1 406 5 is_stmt 0 view .LVU266
 731 001c 84F82430 		strb	r3, [r4, #36]
 406:Drivers/STM32G4xx_HAL_Driver/Src/stm32g4xx_hal_dma.c ****     status = HAL_BUSY;
 732              		.loc 1 406 5 is_stmt 1 view .LVU267
 407:Drivers/STM32G4xx_HAL_Driver/Src/stm32g4xx_hal_dma.c ****   }
 733              		.loc 1 407 5 view .LVU268
 734              	.LVL39:
 407:Drivers/STM32G4xx_HAL_Driver/Src/stm32g4xx_hal_dma.c ****   }
 735              		.loc 1 407 12 is_stmt 0 view .LVU269
 736 0020 0220     		movs	r0, #2
 737              	.LVL40:
 738              	.L45:
 410:Drivers/STM32G4xx_HAL_Driver/Src/stm32g4xx_hal_dma.c **** 
 739              		.loc 1 410 1 view .LVU270
 740 0022 10BD     		pop	{r4, pc}
 741              	.LVL41:
 742              	.L49:
 391:Drivers/STM32G4xx_HAL_Driver/Src/stm32g4xx_hal_dma.c ****     hdma->ErrorCode = HAL_DMA_ERROR_NONE;
 743              		.loc 1 391 5 is_stmt 1 view .LVU271
 391:Drivers/STM32G4xx_HAL_Driver/Src/stm32g4xx_hal_dma.c ****     hdma->ErrorCode = HAL_DMA_ERROR_NONE;
 744              		.loc 1 391 17 is_stmt 0 view .LVU272
 745 0024 0220     		movs	r0, #2
 746 0026 84F82500 		strb	r0, [r4, #37]
 392:Drivers/STM32G4xx_HAL_Driver/Src/stm32g4xx_hal_dma.c **** 
 747              		.loc 1 392 5 is_stmt 1 view .LVU273
 392:Drivers/STM32G4xx_HAL_Driver/Src/stm32g4xx_hal_dma.c **** 
 748              		.loc 1 392 21 is_stmt 0 view .LVU274
 749 002a 0020     		movs	r0, #0
 750 002c E063     		str	r0, [r4, #60]
ARM GAS  C:\Users\MyPC\AppData\Local\Temp\ccS8XDvS.s 			page 37


 395:Drivers/STM32G4xx_HAL_Driver/Src/stm32g4xx_hal_dma.c **** 
 751              		.loc 1 395 5 is_stmt 1 view .LVU275
 752 002e D4F800C0 		ldr	ip, [r4]
 753 0032 DCF80000 		ldr	r0, [ip]
 754 0036 20F00100 		bic	r0, r0, #1
 755 003a CCF80000 		str	r0, [ip]
 398:Drivers/STM32G4xx_HAL_Driver/Src/stm32g4xx_hal_dma.c **** 
 756              		.loc 1 398 5 view .LVU276
 757 003e 2046     		mov	r0, r4
 758 0040 FFF7FEFF 		bl	DMA_SetConfig
 759              	.LVL42:
 401:Drivers/STM32G4xx_HAL_Driver/Src/stm32g4xx_hal_dma.c ****   }
 760              		.loc 1 401 5 view .LVU277
 761 0044 2268     		ldr	r2, [r4]
 762 0046 1368     		ldr	r3, [r2]
 763 0048 43F00103 		orr	r3, r3, #1
 764 004c 1360     		str	r3, [r2]
 380:Drivers/STM32G4xx_HAL_Driver/Src/stm32g4xx_hal_dma.c **** 
 765              		.loc 1 380 21 is_stmt 0 view .LVU278
 766 004e 0020     		movs	r0, #0
 767 0050 E7E7     		b	.L45
 768              	.LVL43:
 769              	.L47:
 386:Drivers/STM32G4xx_HAL_Driver/Src/stm32g4xx_hal_dma.c **** 
 770              		.loc 1 386 3 discriminator 1 view .LVU279
 771 0052 0220     		movs	r0, #2
 772 0054 E5E7     		b	.L45
 773              		.cfi_endproc
 774              	.LFE134:
 776              		.section	.text.HAL_DMA_Start_IT,"ax",%progbits
 777              		.align	1
 778              		.global	HAL_DMA_Start_IT
 779              		.syntax unified
 780              		.thumb
 781              		.thumb_func
 783              	HAL_DMA_Start_IT:
 784              	.LVL44:
 785              	.LFB135:
 423:Drivers/STM32G4xx_HAL_Driver/Src/stm32g4xx_hal_dma.c ****   HAL_StatusTypeDef status = HAL_OK;
 786              		.loc 1 423 1 is_stmt 1 view -0
 787              		.cfi_startproc
 788              		@ args = 0, pretend = 0, frame = 0
 789              		@ frame_needed = 0, uses_anonymous_args = 0
 423:Drivers/STM32G4xx_HAL_Driver/Src/stm32g4xx_hal_dma.c ****   HAL_StatusTypeDef status = HAL_OK;
 790              		.loc 1 423 1 is_stmt 0 view .LVU281
 791 0000 10B5     		push	{r4, lr}
 792              	.LCFI6:
 793              		.cfi_def_cfa_offset 8
 794              		.cfi_offset 4, -8
 795              		.cfi_offset 14, -4
 796 0002 0446     		mov	r4, r0
 424:Drivers/STM32G4xx_HAL_Driver/Src/stm32g4xx_hal_dma.c **** 
 797              		.loc 1 424 3 is_stmt 1 view .LVU282
 798              	.LVL45:
 427:Drivers/STM32G4xx_HAL_Driver/Src/stm32g4xx_hal_dma.c **** 
 799              		.loc 1 427 3 view .LVU283
 430:Drivers/STM32G4xx_HAL_Driver/Src/stm32g4xx_hal_dma.c **** 
ARM GAS  C:\Users\MyPC\AppData\Local\Temp\ccS8XDvS.s 			page 38


 800              		.loc 1 430 3 view .LVU284
 430:Drivers/STM32G4xx_HAL_Driver/Src/stm32g4xx_hal_dma.c **** 
 801              		.loc 1 430 3 view .LVU285
 802 0004 90F82400 		ldrb	r0, [r0, #36]	@ zero_extendqisi2
 803              	.LVL46:
 430:Drivers/STM32G4xx_HAL_Driver/Src/stm32g4xx_hal_dma.c **** 
 804              		.loc 1 430 3 is_stmt 0 view .LVU286
 805 0008 0128     		cmp	r0, #1
 806 000a 43D0     		beq	.L57
 430:Drivers/STM32G4xx_HAL_Driver/Src/stm32g4xx_hal_dma.c **** 
 807              		.loc 1 430 3 is_stmt 1 discriminator 2 view .LVU287
 808 000c 0120     		movs	r0, #1
 809 000e 84F82400 		strb	r0, [r4, #36]
 430:Drivers/STM32G4xx_HAL_Driver/Src/stm32g4xx_hal_dma.c **** 
 810              		.loc 1 430 3 view .LVU288
 432:Drivers/STM32G4xx_HAL_Driver/Src/stm32g4xx_hal_dma.c ****   {
 811              		.loc 1 432 3 view .LVU289
 432:Drivers/STM32G4xx_HAL_Driver/Src/stm32g4xx_hal_dma.c ****   {
 812              		.loc 1 432 34 is_stmt 0 view .LVU290
 813 0012 94F82500 		ldrb	r0, [r4, #37]	@ zero_extendqisi2
 432:Drivers/STM32G4xx_HAL_Driver/Src/stm32g4xx_hal_dma.c ****   {
 814              		.loc 1 432 6 view .LVU291
 815 0016 0128     		cmp	r0, #1
 816 0018 04D0     		beq	.L59
 477:Drivers/STM32G4xx_HAL_Driver/Src/stm32g4xx_hal_dma.c **** 
 817              		.loc 1 477 5 is_stmt 1 view .LVU292
 477:Drivers/STM32G4xx_HAL_Driver/Src/stm32g4xx_hal_dma.c **** 
 818              		.loc 1 477 5 view .LVU293
 819 001a 0023     		movs	r3, #0
 820              	.LVL47:
 477:Drivers/STM32G4xx_HAL_Driver/Src/stm32g4xx_hal_dma.c **** 
 821              		.loc 1 477 5 is_stmt 0 view .LVU294
 822 001c 84F82430 		strb	r3, [r4, #36]
 477:Drivers/STM32G4xx_HAL_Driver/Src/stm32g4xx_hal_dma.c **** 
 823              		.loc 1 477 5 is_stmt 1 view .LVU295
 480:Drivers/STM32G4xx_HAL_Driver/Src/stm32g4xx_hal_dma.c ****   }
 824              		.loc 1 480 5 view .LVU296
 825              	.LVL48:
 480:Drivers/STM32G4xx_HAL_Driver/Src/stm32g4xx_hal_dma.c ****   }
 826              		.loc 1 480 12 is_stmt 0 view .LVU297
 827 0020 0220     		movs	r0, #2
 828              	.LVL49:
 829              	.L51:
 483:Drivers/STM32G4xx_HAL_Driver/Src/stm32g4xx_hal_dma.c **** 
 830              		.loc 1 483 1 view .LVU298
 831 0022 10BD     		pop	{r4, pc}
 832              	.LVL50:
 833              	.L59:
 435:Drivers/STM32G4xx_HAL_Driver/Src/stm32g4xx_hal_dma.c ****     hdma->ErrorCode = HAL_DMA_ERROR_NONE;
 834              		.loc 1 435 5 is_stmt 1 view .LVU299
 435:Drivers/STM32G4xx_HAL_Driver/Src/stm32g4xx_hal_dma.c ****     hdma->ErrorCode = HAL_DMA_ERROR_NONE;
 835              		.loc 1 435 17 is_stmt 0 view .LVU300
 836 0024 0220     		movs	r0, #2
 837 0026 84F82500 		strb	r0, [r4, #37]
 436:Drivers/STM32G4xx_HAL_Driver/Src/stm32g4xx_hal_dma.c **** 
 838              		.loc 1 436 5 is_stmt 1 view .LVU301
 436:Drivers/STM32G4xx_HAL_Driver/Src/stm32g4xx_hal_dma.c **** 
ARM GAS  C:\Users\MyPC\AppData\Local\Temp\ccS8XDvS.s 			page 39


 839              		.loc 1 436 21 is_stmt 0 view .LVU302
 840 002a 0020     		movs	r0, #0
 841 002c E063     		str	r0, [r4, #60]
 439:Drivers/STM32G4xx_HAL_Driver/Src/stm32g4xx_hal_dma.c **** 
 842              		.loc 1 439 5 is_stmt 1 view .LVU303
 843 002e D4F800C0 		ldr	ip, [r4]
 844 0032 DCF80000 		ldr	r0, [ip]
 845 0036 20F00100 		bic	r0, r0, #1
 846 003a CCF80000 		str	r0, [ip]
 442:Drivers/STM32G4xx_HAL_Driver/Src/stm32g4xx_hal_dma.c **** 
 847              		.loc 1 442 5 view .LVU304
 848 003e 2046     		mov	r0, r4
 849 0040 FFF7FEFF 		bl	DMA_SetConfig
 850              	.LVL51:
 446:Drivers/STM32G4xx_HAL_Driver/Src/stm32g4xx_hal_dma.c ****     {
 851              		.loc 1 446 5 view .LVU305
 446:Drivers/STM32G4xx_HAL_Driver/Src/stm32g4xx_hal_dma.c ****     {
 852              		.loc 1 446 21 is_stmt 0 view .LVU306
 853 0044 236B     		ldr	r3, [r4, #48]
 446:Drivers/STM32G4xx_HAL_Driver/Src/stm32g4xx_hal_dma.c ****     {
 854              		.loc 1 446 8 view .LVU307
 855 0046 D3B1     		cbz	r3, .L53
 449:Drivers/STM32G4xx_HAL_Driver/Src/stm32g4xx_hal_dma.c ****     }
 856              		.loc 1 449 7 is_stmt 1 view .LVU308
 857 0048 2268     		ldr	r2, [r4]
 858 004a 1368     		ldr	r3, [r2]
 859 004c 43F00E03 		orr	r3, r3, #14
 860 0050 1360     		str	r3, [r2]
 861              	.L54:
 458:Drivers/STM32G4xx_HAL_Driver/Src/stm32g4xx_hal_dma.c ****     {
 862              		.loc 1 458 5 view .LVU309
 458:Drivers/STM32G4xx_HAL_Driver/Src/stm32g4xx_hal_dma.c ****     {
 863              		.loc 1 458 14 is_stmt 0 view .LVU310
 864 0052 A36C     		ldr	r3, [r4, #72]
 458:Drivers/STM32G4xx_HAL_Driver/Src/stm32g4xx_hal_dma.c ****     {
 865              		.loc 1 458 29 view .LVU311
 866 0054 1A68     		ldr	r2, [r3]
 458:Drivers/STM32G4xx_HAL_Driver/Src/stm32g4xx_hal_dma.c ****     {
 867              		.loc 1 458 8 view .LVU312
 868 0056 12F4803F 		tst	r2, #65536
 869 005a 03D0     		beq	.L55
 461:Drivers/STM32G4xx_HAL_Driver/Src/stm32g4xx_hal_dma.c ****     }
 870              		.loc 1 461 7 is_stmt 1 view .LVU313
 461:Drivers/STM32G4xx_HAL_Driver/Src/stm32g4xx_hal_dma.c ****     }
 871              		.loc 1 461 26 is_stmt 0 view .LVU314
 872 005c 1A68     		ldr	r2, [r3]
 461:Drivers/STM32G4xx_HAL_Driver/Src/stm32g4xx_hal_dma.c ****     }
 873              		.loc 1 461 32 view .LVU315
 874 005e 42F48072 		orr	r2, r2, #256
 875 0062 1A60     		str	r2, [r3]
 876              	.L55:
 464:Drivers/STM32G4xx_HAL_Driver/Src/stm32g4xx_hal_dma.c ****     {
 877              		.loc 1 464 5 is_stmt 1 view .LVU316
 464:Drivers/STM32G4xx_HAL_Driver/Src/stm32g4xx_hal_dma.c ****     {
 878              		.loc 1 464 13 is_stmt 0 view .LVU317
 879 0064 636D     		ldr	r3, [r4, #84]
 464:Drivers/STM32G4xx_HAL_Driver/Src/stm32g4xx_hal_dma.c ****     {
ARM GAS  C:\Users\MyPC\AppData\Local\Temp\ccS8XDvS.s 			page 40


 880              		.loc 1 464 8 view .LVU318
 881 0066 1BB1     		cbz	r3, .L56
 468:Drivers/STM32G4xx_HAL_Driver/Src/stm32g4xx_hal_dma.c ****     }
 882              		.loc 1 468 7 is_stmt 1 view .LVU319
 468:Drivers/STM32G4xx_HAL_Driver/Src/stm32g4xx_hal_dma.c ****     }
 883              		.loc 1 468 29 is_stmt 0 view .LVU320
 884 0068 1A68     		ldr	r2, [r3]
 468:Drivers/STM32G4xx_HAL_Driver/Src/stm32g4xx_hal_dma.c ****     }
 885              		.loc 1 468 36 view .LVU321
 886 006a 42F48072 		orr	r2, r2, #256
 887 006e 1A60     		str	r2, [r3]
 888              	.L56:
 472:Drivers/STM32G4xx_HAL_Driver/Src/stm32g4xx_hal_dma.c ****   }
 889              		.loc 1 472 5 is_stmt 1 view .LVU322
 890 0070 2268     		ldr	r2, [r4]
 891 0072 1368     		ldr	r3, [r2]
 892 0074 43F00103 		orr	r3, r3, #1
 893 0078 1360     		str	r3, [r2]
 424:Drivers/STM32G4xx_HAL_Driver/Src/stm32g4xx_hal_dma.c **** 
 894              		.loc 1 424 21 is_stmt 0 view .LVU323
 895 007a 0020     		movs	r0, #0
 896 007c D1E7     		b	.L51
 897              	.L53:
 453:Drivers/STM32G4xx_HAL_Driver/Src/stm32g4xx_hal_dma.c ****       __HAL_DMA_ENABLE_IT(hdma, (DMA_IT_TC | DMA_IT_TE));
 898              		.loc 1 453 7 is_stmt 1 view .LVU324
 899 007e 2268     		ldr	r2, [r4]
 900 0080 1368     		ldr	r3, [r2]
 901 0082 23F00403 		bic	r3, r3, #4
 902 0086 1360     		str	r3, [r2]
 454:Drivers/STM32G4xx_HAL_Driver/Src/stm32g4xx_hal_dma.c ****     }
 903              		.loc 1 454 7 view .LVU325
 904 0088 2268     		ldr	r2, [r4]
 905 008a 1368     		ldr	r3, [r2]
 906 008c 43F00A03 		orr	r3, r3, #10
 907 0090 1360     		str	r3, [r2]
 908 0092 DEE7     		b	.L54
 909              	.LVL52:
 910              	.L57:
 430:Drivers/STM32G4xx_HAL_Driver/Src/stm32g4xx_hal_dma.c **** 
 911              		.loc 1 430 3 is_stmt 0 discriminator 1 view .LVU326
 912 0094 0220     		movs	r0, #2
 913 0096 C4E7     		b	.L51
 914              		.cfi_endproc
 915              	.LFE135:
 917              		.section	.text.HAL_DMA_Abort,"ax",%progbits
 918              		.align	1
 919              		.global	HAL_DMA_Abort
 920              		.syntax unified
 921              		.thumb
 922              		.thumb_func
 924              	HAL_DMA_Abort:
 925              	.LVL53:
 926              	.LFB136:
 492:Drivers/STM32G4xx_HAL_Driver/Src/stm32g4xx_hal_dma.c ****   HAL_StatusTypeDef status = HAL_OK;
 927              		.loc 1 492 1 is_stmt 1 view -0
 928              		.cfi_startproc
 929              		@ args = 0, pretend = 0, frame = 0
ARM GAS  C:\Users\MyPC\AppData\Local\Temp\ccS8XDvS.s 			page 41


 930              		@ frame_needed = 0, uses_anonymous_args = 0
 931              		@ link register save eliminated.
 493:Drivers/STM32G4xx_HAL_Driver/Src/stm32g4xx_hal_dma.c **** 
 932              		.loc 1 493 3 view .LVU328
 496:Drivers/STM32G4xx_HAL_Driver/Src/stm32g4xx_hal_dma.c ****   {
 933              		.loc 1 496 3 view .LVU329
 496:Drivers/STM32G4xx_HAL_Driver/Src/stm32g4xx_hal_dma.c ****   {
 934              		.loc 1 496 6 is_stmt 0 view .LVU330
 935 0000 0346     		mov	r3, r0
 936 0002 0028     		cmp	r0, #0
 937 0004 33D0     		beq	.L64
 501:Drivers/STM32G4xx_HAL_Driver/Src/stm32g4xx_hal_dma.c ****   {
 938              		.loc 1 501 3 is_stmt 1 view .LVU331
 501:Drivers/STM32G4xx_HAL_Driver/Src/stm32g4xx_hal_dma.c ****   {
 939              		.loc 1 501 11 is_stmt 0 view .LVU332
 940 0006 90F82520 		ldrb	r2, [r0, #37]	@ zero_extendqisi2
 501:Drivers/STM32G4xx_HAL_Driver/Src/stm32g4xx_hal_dma.c ****   {
 941              		.loc 1 501 6 view .LVU333
 942 000a 022A     		cmp	r2, #2
 943 000c 09D0     		beq	.L62
 504:Drivers/STM32G4xx_HAL_Driver/Src/stm32g4xx_hal_dma.c **** 
 944              		.loc 1 504 5 is_stmt 1 view .LVU334
 504:Drivers/STM32G4xx_HAL_Driver/Src/stm32g4xx_hal_dma.c **** 
 945              		.loc 1 504 21 is_stmt 0 view .LVU335
 946 000e 0422     		movs	r2, #4
 947 0010 C263     		str	r2, [r0, #60]
 506:Drivers/STM32G4xx_HAL_Driver/Src/stm32g4xx_hal_dma.c ****   }
 948              		.loc 1 506 5 is_stmt 1 view .LVU336
 949              	.LVL54:
 506:Drivers/STM32G4xx_HAL_Driver/Src/stm32g4xx_hal_dma.c ****   }
 950              		.loc 1 506 12 is_stmt 0 view .LVU337
 951 0012 0120     		movs	r0, #1
 952              	.LVL55:
 953              	.L63:
 536:Drivers/STM32G4xx_HAL_Driver/Src/stm32g4xx_hal_dma.c **** 
 954              		.loc 1 536 3 is_stmt 1 view .LVU338
 536:Drivers/STM32G4xx_HAL_Driver/Src/stm32g4xx_hal_dma.c **** 
 955              		.loc 1 536 15 is_stmt 0 view .LVU339
 956 0014 0122     		movs	r2, #1
 957 0016 83F82520 		strb	r2, [r3, #37]
 539:Drivers/STM32G4xx_HAL_Driver/Src/stm32g4xx_hal_dma.c **** 
 958              		.loc 1 539 3 is_stmt 1 view .LVU340
 539:Drivers/STM32G4xx_HAL_Driver/Src/stm32g4xx_hal_dma.c **** 
 959              		.loc 1 539 3 view .LVU341
 960 001a 0022     		movs	r2, #0
 961 001c 83F82420 		strb	r2, [r3, #36]
 539:Drivers/STM32G4xx_HAL_Driver/Src/stm32g4xx_hal_dma.c **** 
 962              		.loc 1 539 3 view .LVU342
 541:Drivers/STM32G4xx_HAL_Driver/Src/stm32g4xx_hal_dma.c **** }
 963              		.loc 1 541 3 view .LVU343
 541:Drivers/STM32G4xx_HAL_Driver/Src/stm32g4xx_hal_dma.c **** }
 964              		.loc 1 541 10 is_stmt 0 view .LVU344
 965 0020 7047     		bx	lr
 966              	.LVL56:
 967              	.L62:
 511:Drivers/STM32G4xx_HAL_Driver/Src/stm32g4xx_hal_dma.c **** 
 968              		.loc 1 511 5 is_stmt 1 view .LVU345
ARM GAS  C:\Users\MyPC\AppData\Local\Temp\ccS8XDvS.s 			page 42


 969 0022 0168     		ldr	r1, [r0]
 970 0024 0A68     		ldr	r2, [r1]
 971 0026 22F00102 		bic	r2, r2, #1
 972 002a 0A60     		str	r2, [r1]
 514:Drivers/STM32G4xx_HAL_Driver/Src/stm32g4xx_hal_dma.c **** 
 973              		.loc 1 514 5 view .LVU346
 974 002c 0168     		ldr	r1, [r0]
 975 002e 0A68     		ldr	r2, [r1]
 976 0030 22F00E02 		bic	r2, r2, #14
 977 0034 0A60     		str	r2, [r1]
 517:Drivers/STM32G4xx_HAL_Driver/Src/stm32g4xx_hal_dma.c **** 
 978              		.loc 1 517 5 view .LVU347
 517:Drivers/STM32G4xx_HAL_Driver/Src/stm32g4xx_hal_dma.c **** 
 979              		.loc 1 517 9 is_stmt 0 view .LVU348
 980 0036 816C     		ldr	r1, [r0, #72]
 517:Drivers/STM32G4xx_HAL_Driver/Src/stm32g4xx_hal_dma.c **** 
 981              		.loc 1 517 24 view .LVU349
 982 0038 0A68     		ldr	r2, [r1]
 517:Drivers/STM32G4xx_HAL_Driver/Src/stm32g4xx_hal_dma.c **** 
 983              		.loc 1 517 30 view .LVU350
 984 003a 22F48072 		bic	r2, r2, #256
 985 003e 0A60     		str	r2, [r1]
 520:Drivers/STM32G4xx_HAL_Driver/Src/stm32g4xx_hal_dma.c **** 
 986              		.loc 1 520 5 is_stmt 1 view .LVU351
 520:Drivers/STM32G4xx_HAL_Driver/Src/stm32g4xx_hal_dma.c **** 
 987              		.loc 1 520 56 is_stmt 0 view .LVU352
 988 0040 426C     		ldr	r2, [r0, #68]
 520:Drivers/STM32G4xx_HAL_Driver/Src/stm32g4xx_hal_dma.c **** 
 989              		.loc 1 520 71 view .LVU353
 990 0042 02F01F01 		and	r1, r2, #31
 520:Drivers/STM32G4xx_HAL_Driver/Src/stm32g4xx_hal_dma.c **** 
 991              		.loc 1 520 9 view .LVU354
 992 0046 006C     		ldr	r0, [r0, #64]
 993              	.LVL57:
 520:Drivers/STM32G4xx_HAL_Driver/Src/stm32g4xx_hal_dma.c **** 
 994              		.loc 1 520 48 view .LVU355
 995 0048 0122     		movs	r2, #1
 996 004a 8A40     		lsls	r2, r2, r1
 520:Drivers/STM32G4xx_HAL_Driver/Src/stm32g4xx_hal_dma.c **** 
 997              		.loc 1 520 32 view .LVU356
 998 004c 4260     		str	r2, [r0, #4]
 523:Drivers/STM32G4xx_HAL_Driver/Src/stm32g4xx_hal_dma.c **** 
 999              		.loc 1 523 5 is_stmt 1 view .LVU357
 523:Drivers/STM32G4xx_HAL_Driver/Src/stm32g4xx_hal_dma.c **** 
 1000              		.loc 1 523 9 is_stmt 0 view .LVU358
 1001 004e DA6C     		ldr	r2, [r3, #76]
 523:Drivers/STM32G4xx_HAL_Driver/Src/stm32g4xx_hal_dma.c **** 
 1002              		.loc 1 523 42 view .LVU359
 1003 0050 196D     		ldr	r1, [r3, #80]
 523:Drivers/STM32G4xx_HAL_Driver/Src/stm32g4xx_hal_dma.c **** 
 1004              		.loc 1 523 36 view .LVU360
 1005 0052 5160     		str	r1, [r2, #4]
 525:Drivers/STM32G4xx_HAL_Driver/Src/stm32g4xx_hal_dma.c ****     {
 1006              		.loc 1 525 5 is_stmt 1 view .LVU361
 525:Drivers/STM32G4xx_HAL_Driver/Src/stm32g4xx_hal_dma.c ****     {
 1007              		.loc 1 525 13 is_stmt 0 view .LVU362
 1008 0054 5A6D     		ldr	r2, [r3, #84]
ARM GAS  C:\Users\MyPC\AppData\Local\Temp\ccS8XDvS.s 			page 43


 525:Drivers/STM32G4xx_HAL_Driver/Src/stm32g4xx_hal_dma.c ****     {
 1009              		.loc 1 525 8 view .LVU363
 1010 0056 42B1     		cbz	r2, .L65
 529:Drivers/STM32G4xx_HAL_Driver/Src/stm32g4xx_hal_dma.c **** 
 1011              		.loc 1 529 7 is_stmt 1 view .LVU364
 529:Drivers/STM32G4xx_HAL_Driver/Src/stm32g4xx_hal_dma.c **** 
 1012              		.loc 1 529 29 is_stmt 0 view .LVU365
 1013 0058 1168     		ldr	r1, [r2]
 529:Drivers/STM32G4xx_HAL_Driver/Src/stm32g4xx_hal_dma.c **** 
 1014              		.loc 1 529 36 view .LVU366
 1015 005a 21F48071 		bic	r1, r1, #256
 1016 005e 1160     		str	r1, [r2]
 532:Drivers/STM32G4xx_HAL_Driver/Src/stm32g4xx_hal_dma.c ****     }
 1017              		.loc 1 532 7 is_stmt 1 view .LVU367
 532:Drivers/STM32G4xx_HAL_Driver/Src/stm32g4xx_hal_dma.c ****     }
 1018              		.loc 1 532 11 is_stmt 0 view .LVU368
 1019 0060 9A6D     		ldr	r2, [r3, #88]
 532:Drivers/STM32G4xx_HAL_Driver/Src/stm32g4xx_hal_dma.c ****     }
 1020              		.loc 1 532 49 view .LVU369
 1021 0062 D96D     		ldr	r1, [r3, #92]
 532:Drivers/STM32G4xx_HAL_Driver/Src/stm32g4xx_hal_dma.c ****     }
 1022              		.loc 1 532 43 view .LVU370
 1023 0064 5160     		str	r1, [r2, #4]
 493:Drivers/STM32G4xx_HAL_Driver/Src/stm32g4xx_hal_dma.c **** 
 1024              		.loc 1 493 21 view .LVU371
 1025 0066 0020     		movs	r0, #0
 1026 0068 D4E7     		b	.L63
 1027              	.L65:
 1028 006a 1046     		mov	r0, r2
 1029 006c D2E7     		b	.L63
 1030              	.LVL58:
 1031              	.L64:
 498:Drivers/STM32G4xx_HAL_Driver/Src/stm32g4xx_hal_dma.c ****   }
 1032              		.loc 1 498 12 view .LVU372
 1033 006e 0120     		movs	r0, #1
 1034              	.LVL59:
 542:Drivers/STM32G4xx_HAL_Driver/Src/stm32g4xx_hal_dma.c **** 
 1035              		.loc 1 542 1 view .LVU373
 1036 0070 7047     		bx	lr
 1037              		.cfi_endproc
 1038              	.LFE136:
 1040              		.section	.text.HAL_DMA_Abort_IT,"ax",%progbits
 1041              		.align	1
 1042              		.global	HAL_DMA_Abort_IT
 1043              		.syntax unified
 1044              		.thumb
 1045              		.thumb_func
 1047              	HAL_DMA_Abort_IT:
 1048              	.LVL60:
 1049              	.LFB137:
 551:Drivers/STM32G4xx_HAL_Driver/Src/stm32g4xx_hal_dma.c ****   HAL_StatusTypeDef status = HAL_OK;
 1050              		.loc 1 551 1 is_stmt 1 view -0
 1051              		.cfi_startproc
 1052              		@ args = 0, pretend = 0, frame = 0
 1053              		@ frame_needed = 0, uses_anonymous_args = 0
 551:Drivers/STM32G4xx_HAL_Driver/Src/stm32g4xx_hal_dma.c ****   HAL_StatusTypeDef status = HAL_OK;
 1054              		.loc 1 551 1 is_stmt 0 view .LVU375
ARM GAS  C:\Users\MyPC\AppData\Local\Temp\ccS8XDvS.s 			page 44


 1055 0000 08B5     		push	{r3, lr}
 1056              	.LCFI7:
 1057              		.cfi_def_cfa_offset 8
 1058              		.cfi_offset 3, -8
 1059              		.cfi_offset 14, -4
 552:Drivers/STM32G4xx_HAL_Driver/Src/stm32g4xx_hal_dma.c **** 
 1060              		.loc 1 552 3 is_stmt 1 view .LVU376
 1061              	.LVL61:
 554:Drivers/STM32G4xx_HAL_Driver/Src/stm32g4xx_hal_dma.c ****   {
 1062              		.loc 1 554 3 view .LVU377
 554:Drivers/STM32G4xx_HAL_Driver/Src/stm32g4xx_hal_dma.c ****   {
 1063              		.loc 1 554 33 is_stmt 0 view .LVU378
 1064 0002 90F82530 		ldrb	r3, [r0, #37]	@ zero_extendqisi2
 554:Drivers/STM32G4xx_HAL_Driver/Src/stm32g4xx_hal_dma.c ****   {
 1065              		.loc 1 554 6 view .LVU379
 1066 0006 022B     		cmp	r3, #2
 1067 0008 09D0     		beq	.L67
 557:Drivers/STM32G4xx_HAL_Driver/Src/stm32g4xx_hal_dma.c **** 
 1068              		.loc 1 557 5 is_stmt 1 view .LVU380
 557:Drivers/STM32G4xx_HAL_Driver/Src/stm32g4xx_hal_dma.c **** 
 1069              		.loc 1 557 21 is_stmt 0 view .LVU381
 1070 000a 0423     		movs	r3, #4
 1071 000c C363     		str	r3, [r0, #60]
 560:Drivers/STM32G4xx_HAL_Driver/Src/stm32g4xx_hal_dma.c **** 
 1072              		.loc 1 560 5 is_stmt 1 view .LVU382
 560:Drivers/STM32G4xx_HAL_Driver/Src/stm32g4xx_hal_dma.c **** 
 1073              		.loc 1 560 17 is_stmt 0 view .LVU383
 1074 000e 0123     		movs	r3, #1
 1075 0010 80F82530 		strb	r3, [r0, #37]
 563:Drivers/STM32G4xx_HAL_Driver/Src/stm32g4xx_hal_dma.c **** 
 1076              		.loc 1 563 5 is_stmt 1 view .LVU384
 563:Drivers/STM32G4xx_HAL_Driver/Src/stm32g4xx_hal_dma.c **** 
 1077              		.loc 1 563 5 view .LVU385
 1078 0014 0022     		movs	r2, #0
 1079 0016 80F82420 		strb	r2, [r0, #36]
 563:Drivers/STM32G4xx_HAL_Driver/Src/stm32g4xx_hal_dma.c **** 
 1080              		.loc 1 563 5 view .LVU386
 565:Drivers/STM32G4xx_HAL_Driver/Src/stm32g4xx_hal_dma.c ****   }
 1081              		.loc 1 565 5 view .LVU387
 1082              	.LVL62:
 565:Drivers/STM32G4xx_HAL_Driver/Src/stm32g4xx_hal_dma.c ****   }
 1083              		.loc 1 565 12 is_stmt 0 view .LVU388
 1084 001a 1846     		mov	r0, r3
 1085              	.LVL63:
 1086              	.L68:
 607:Drivers/STM32G4xx_HAL_Driver/Src/stm32g4xx_hal_dma.c **** }
 1087              		.loc 1 607 3 is_stmt 1 view .LVU389
 608:Drivers/STM32G4xx_HAL_Driver/Src/stm32g4xx_hal_dma.c **** 
 1088              		.loc 1 608 1 is_stmt 0 view .LVU390
 1089 001c 08BD     		pop	{r3, pc}
 1090              	.LVL64:
 1091              	.L67:
 571:Drivers/STM32G4xx_HAL_Driver/Src/stm32g4xx_hal_dma.c **** 
 1092              		.loc 1 571 5 is_stmt 1 view .LVU391
 1093 001e 0268     		ldr	r2, [r0]
 1094 0020 1368     		ldr	r3, [r2]
 1095 0022 23F00103 		bic	r3, r3, #1
ARM GAS  C:\Users\MyPC\AppData\Local\Temp\ccS8XDvS.s 			page 45


 1096 0026 1360     		str	r3, [r2]
 574:Drivers/STM32G4xx_HAL_Driver/Src/stm32g4xx_hal_dma.c **** 
 1097              		.loc 1 574 5 view .LVU392
 1098 0028 0268     		ldr	r2, [r0]
 1099 002a 1368     		ldr	r3, [r2]
 1100 002c 23F00E03 		bic	r3, r3, #14
 1101 0030 1360     		str	r3, [r2]
 577:Drivers/STM32G4xx_HAL_Driver/Src/stm32g4xx_hal_dma.c **** 
 1102              		.loc 1 577 5 view .LVU393
 577:Drivers/STM32G4xx_HAL_Driver/Src/stm32g4xx_hal_dma.c **** 
 1103              		.loc 1 577 9 is_stmt 0 view .LVU394
 1104 0032 826C     		ldr	r2, [r0, #72]
 577:Drivers/STM32G4xx_HAL_Driver/Src/stm32g4xx_hal_dma.c **** 
 1105              		.loc 1 577 24 view .LVU395
 1106 0034 1368     		ldr	r3, [r2]
 577:Drivers/STM32G4xx_HAL_Driver/Src/stm32g4xx_hal_dma.c **** 
 1107              		.loc 1 577 30 view .LVU396
 1108 0036 23F48073 		bic	r3, r3, #256
 1109 003a 1360     		str	r3, [r2]
 580:Drivers/STM32G4xx_HAL_Driver/Src/stm32g4xx_hal_dma.c **** 
 1110              		.loc 1 580 5 is_stmt 1 view .LVU397
 580:Drivers/STM32G4xx_HAL_Driver/Src/stm32g4xx_hal_dma.c **** 
 1111              		.loc 1 580 56 is_stmt 0 view .LVU398
 1112 003c 436C     		ldr	r3, [r0, #68]
 580:Drivers/STM32G4xx_HAL_Driver/Src/stm32g4xx_hal_dma.c **** 
 1113              		.loc 1 580 71 view .LVU399
 1114 003e 03F01F02 		and	r2, r3, #31
 580:Drivers/STM32G4xx_HAL_Driver/Src/stm32g4xx_hal_dma.c **** 
 1115              		.loc 1 580 9 view .LVU400
 1116 0042 016C     		ldr	r1, [r0, #64]
 580:Drivers/STM32G4xx_HAL_Driver/Src/stm32g4xx_hal_dma.c **** 
 1117              		.loc 1 580 48 view .LVU401
 1118 0044 0123     		movs	r3, #1
 1119 0046 9340     		lsls	r3, r3, r2
 580:Drivers/STM32G4xx_HAL_Driver/Src/stm32g4xx_hal_dma.c **** 
 1120              		.loc 1 580 32 view .LVU402
 1121 0048 4B60     		str	r3, [r1, #4]
 583:Drivers/STM32G4xx_HAL_Driver/Src/stm32g4xx_hal_dma.c **** 
 1122              		.loc 1 583 5 is_stmt 1 view .LVU403
 583:Drivers/STM32G4xx_HAL_Driver/Src/stm32g4xx_hal_dma.c **** 
 1123              		.loc 1 583 9 is_stmt 0 view .LVU404
 1124 004a C36C     		ldr	r3, [r0, #76]
 583:Drivers/STM32G4xx_HAL_Driver/Src/stm32g4xx_hal_dma.c **** 
 1125              		.loc 1 583 42 view .LVU405
 1126 004c 026D     		ldr	r2, [r0, #80]
 583:Drivers/STM32G4xx_HAL_Driver/Src/stm32g4xx_hal_dma.c **** 
 1127              		.loc 1 583 36 view .LVU406
 1128 004e 5A60     		str	r2, [r3, #4]
 585:Drivers/STM32G4xx_HAL_Driver/Src/stm32g4xx_hal_dma.c ****     {
 1129              		.loc 1 585 5 is_stmt 1 view .LVU407
 585:Drivers/STM32G4xx_HAL_Driver/Src/stm32g4xx_hal_dma.c ****     {
 1130              		.loc 1 585 13 is_stmt 0 view .LVU408
 1131 0050 436D     		ldr	r3, [r0, #84]
 585:Drivers/STM32G4xx_HAL_Driver/Src/stm32g4xx_hal_dma.c ****     {
 1132              		.loc 1 585 8 view .LVU409
 1133 0052 33B1     		cbz	r3, .L69
 589:Drivers/STM32G4xx_HAL_Driver/Src/stm32g4xx_hal_dma.c **** 
ARM GAS  C:\Users\MyPC\AppData\Local\Temp\ccS8XDvS.s 			page 46


 1134              		.loc 1 589 7 is_stmt 1 view .LVU410
 589:Drivers/STM32G4xx_HAL_Driver/Src/stm32g4xx_hal_dma.c **** 
 1135              		.loc 1 589 29 is_stmt 0 view .LVU411
 1136 0054 1A68     		ldr	r2, [r3]
 589:Drivers/STM32G4xx_HAL_Driver/Src/stm32g4xx_hal_dma.c **** 
 1137              		.loc 1 589 36 view .LVU412
 1138 0056 22F48072 		bic	r2, r2, #256
 1139 005a 1A60     		str	r2, [r3]
 592:Drivers/STM32G4xx_HAL_Driver/Src/stm32g4xx_hal_dma.c ****     }
 1140              		.loc 1 592 7 is_stmt 1 view .LVU413
 592:Drivers/STM32G4xx_HAL_Driver/Src/stm32g4xx_hal_dma.c ****     }
 1141              		.loc 1 592 11 is_stmt 0 view .LVU414
 1142 005c 836D     		ldr	r3, [r0, #88]
 592:Drivers/STM32G4xx_HAL_Driver/Src/stm32g4xx_hal_dma.c ****     }
 1143              		.loc 1 592 49 view .LVU415
 1144 005e C26D     		ldr	r2, [r0, #92]
 592:Drivers/STM32G4xx_HAL_Driver/Src/stm32g4xx_hal_dma.c ****     }
 1145              		.loc 1 592 43 view .LVU416
 1146 0060 5A60     		str	r2, [r3, #4]
 1147              	.L69:
 596:Drivers/STM32G4xx_HAL_Driver/Src/stm32g4xx_hal_dma.c **** 
 1148              		.loc 1 596 5 is_stmt 1 view .LVU417
 596:Drivers/STM32G4xx_HAL_Driver/Src/stm32g4xx_hal_dma.c **** 
 1149              		.loc 1 596 17 is_stmt 0 view .LVU418
 1150 0062 0123     		movs	r3, #1
 1151 0064 80F82530 		strb	r3, [r0, #37]
 599:Drivers/STM32G4xx_HAL_Driver/Src/stm32g4xx_hal_dma.c **** 
 1152              		.loc 1 599 5 is_stmt 1 view .LVU419
 599:Drivers/STM32G4xx_HAL_Driver/Src/stm32g4xx_hal_dma.c **** 
 1153              		.loc 1 599 5 view .LVU420
 1154 0068 0023     		movs	r3, #0
 1155 006a 80F82430 		strb	r3, [r0, #36]
 599:Drivers/STM32G4xx_HAL_Driver/Src/stm32g4xx_hal_dma.c **** 
 1156              		.loc 1 599 5 view .LVU421
 602:Drivers/STM32G4xx_HAL_Driver/Src/stm32g4xx_hal_dma.c ****     {
 1157              		.loc 1 602 5 view .LVU422
 602:Drivers/STM32G4xx_HAL_Driver/Src/stm32g4xx_hal_dma.c ****     {
 1158              		.loc 1 602 13 is_stmt 0 view .LVU423
 1159 006e 836B     		ldr	r3, [r0, #56]
 602:Drivers/STM32G4xx_HAL_Driver/Src/stm32g4xx_hal_dma.c ****     {
 1160              		.loc 1 602 8 view .LVU424
 1161 0070 13B1     		cbz	r3, .L70
 604:Drivers/STM32G4xx_HAL_Driver/Src/stm32g4xx_hal_dma.c ****     }
 1162              		.loc 1 604 7 is_stmt 1 view .LVU425
 1163 0072 9847     		blx	r3
 1164              	.LVL65:
 552:Drivers/STM32G4xx_HAL_Driver/Src/stm32g4xx_hal_dma.c **** 
 1165              		.loc 1 552 21 is_stmt 0 view .LVU426
 1166 0074 0020     		movs	r0, #0
 1167 0076 D1E7     		b	.L68
 1168              	.LVL66:
 1169              	.L70:
 552:Drivers/STM32G4xx_HAL_Driver/Src/stm32g4xx_hal_dma.c **** 
 1170              		.loc 1 552 21 view .LVU427
 1171 0078 1846     		mov	r0, r3
 1172              	.LVL67:
 552:Drivers/STM32G4xx_HAL_Driver/Src/stm32g4xx_hal_dma.c **** 
ARM GAS  C:\Users\MyPC\AppData\Local\Temp\ccS8XDvS.s 			page 47


 1173              		.loc 1 552 21 view .LVU428
 1174 007a CFE7     		b	.L68
 1175              		.cfi_endproc
 1176              	.LFE137:
 1178              		.section	.text.HAL_DMA_PollForTransfer,"ax",%progbits
 1179              		.align	1
 1180              		.global	HAL_DMA_PollForTransfer
 1181              		.syntax unified
 1182              		.thumb
 1183              		.thumb_func
 1185              	HAL_DMA_PollForTransfer:
 1186              	.LVL68:
 1187              	.LFB138:
 620:Drivers/STM32G4xx_HAL_Driver/Src/stm32g4xx_hal_dma.c ****   uint32_t temp;
 1188              		.loc 1 620 1 is_stmt 1 view -0
 1189              		.cfi_startproc
 1190              		@ args = 0, pretend = 0, frame = 0
 1191              		@ frame_needed = 0, uses_anonymous_args = 0
 620:Drivers/STM32G4xx_HAL_Driver/Src/stm32g4xx_hal_dma.c ****   uint32_t temp;
 1192              		.loc 1 620 1 is_stmt 0 view .LVU430
 1193 0000 2DE9F041 		push	{r4, r5, r6, r7, r8, lr}
 1194              	.LCFI8:
 1195              		.cfi_def_cfa_offset 24
 1196              		.cfi_offset 4, -24
 1197              		.cfi_offset 5, -20
 1198              		.cfi_offset 6, -16
 1199              		.cfi_offset 7, -12
 1200              		.cfi_offset 8, -8
 1201              		.cfi_offset 14, -4
 1202 0004 0446     		mov	r4, r0
 621:Drivers/STM32G4xx_HAL_Driver/Src/stm32g4xx_hal_dma.c ****   uint32_t tickstart;
 1203              		.loc 1 621 3 is_stmt 1 view .LVU431
 622:Drivers/STM32G4xx_HAL_Driver/Src/stm32g4xx_hal_dma.c **** 
 1204              		.loc 1 622 3 view .LVU432
 624:Drivers/STM32G4xx_HAL_Driver/Src/stm32g4xx_hal_dma.c ****   {
 1205              		.loc 1 624 3 view .LVU433
 624:Drivers/STM32G4xx_HAL_Driver/Src/stm32g4xx_hal_dma.c ****   {
 1206              		.loc 1 624 33 is_stmt 0 view .LVU434
 1207 0006 90F82530 		ldrb	r3, [r0, #37]	@ zero_extendqisi2
 624:Drivers/STM32G4xx_HAL_Driver/Src/stm32g4xx_hal_dma.c ****   {
 1208              		.loc 1 624 6 view .LVU435
 1209 000a 022B     		cmp	r3, #2
 1210 000c 07D0     		beq	.L73
 627:Drivers/STM32G4xx_HAL_Driver/Src/stm32g4xx_hal_dma.c ****     __HAL_UNLOCK(hdma);
 1211              		.loc 1 627 5 is_stmt 1 view .LVU436
 627:Drivers/STM32G4xx_HAL_Driver/Src/stm32g4xx_hal_dma.c ****     __HAL_UNLOCK(hdma);
 1212              		.loc 1 627 21 is_stmt 0 view .LVU437
 1213 000e 0423     		movs	r3, #4
 1214 0010 C363     		str	r3, [r0, #60]
 628:Drivers/STM32G4xx_HAL_Driver/Src/stm32g4xx_hal_dma.c ****     return HAL_ERROR;
 1215              		.loc 1 628 5 is_stmt 1 view .LVU438
 628:Drivers/STM32G4xx_HAL_Driver/Src/stm32g4xx_hal_dma.c ****     return HAL_ERROR;
 1216              		.loc 1 628 5 view .LVU439
 1217 0012 0023     		movs	r3, #0
 1218 0014 80F82430 		strb	r3, [r0, #36]
 628:Drivers/STM32G4xx_HAL_Driver/Src/stm32g4xx_hal_dma.c ****     return HAL_ERROR;
 1219              		.loc 1 628 5 view .LVU440
ARM GAS  C:\Users\MyPC\AppData\Local\Temp\ccS8XDvS.s 			page 48


 629:Drivers/STM32G4xx_HAL_Driver/Src/stm32g4xx_hal_dma.c ****   }
 1220              		.loc 1 629 5 view .LVU441
 629:Drivers/STM32G4xx_HAL_Driver/Src/stm32g4xx_hal_dma.c ****   }
 1221              		.loc 1 629 12 is_stmt 0 view .LVU442
 1222 0018 0120     		movs	r0, #1
 1223              	.LVL69:
 1224              	.L74:
 740:Drivers/STM32G4xx_HAL_Driver/Src/stm32g4xx_hal_dma.c **** 
 1225              		.loc 1 740 1 view .LVU443
 1226 001a BDE8F081 		pop	{r4, r5, r6, r7, r8, pc}
 1227              	.LVL70:
 1228              	.L73:
 740:Drivers/STM32G4xx_HAL_Driver/Src/stm32g4xx_hal_dma.c **** 
 1229              		.loc 1 740 1 view .LVU444
 1230 001e 0F46     		mov	r7, r1
 1231 0020 1546     		mov	r5, r2
 633:Drivers/STM32G4xx_HAL_Driver/Src/stm32g4xx_hal_dma.c ****   {
 1232              		.loc 1 633 3 is_stmt 1 view .LVU445
 633:Drivers/STM32G4xx_HAL_Driver/Src/stm32g4xx_hal_dma.c ****   {
 1233              		.loc 1 633 18 is_stmt 0 view .LVU446
 1234 0022 0368     		ldr	r3, [r0]
 633:Drivers/STM32G4xx_HAL_Driver/Src/stm32g4xx_hal_dma.c ****   {
 1235              		.loc 1 633 28 view .LVU447
 1236 0024 1B68     		ldr	r3, [r3]
 633:Drivers/STM32G4xx_HAL_Driver/Src/stm32g4xx_hal_dma.c ****   {
 1237              		.loc 1 633 6 view .LVU448
 1238 0026 13F0200F 		tst	r3, #32
 1239 002a 2BD1     		bne	.L88
 640:Drivers/STM32G4xx_HAL_Driver/Src/stm32g4xx_hal_dma.c ****   {
 1240              		.loc 1 640 3 is_stmt 1 view .LVU449
 640:Drivers/STM32G4xx_HAL_Driver/Src/stm32g4xx_hal_dma.c ****   {
 1241              		.loc 1 640 6 is_stmt 0 view .LVU450
 1242 002c 79BB     		cbnz	r1, .L76
 644:Drivers/STM32G4xx_HAL_Driver/Src/stm32g4xx_hal_dma.c ****   }
 1243              		.loc 1 644 5 is_stmt 1 view .LVU451
 644:Drivers/STM32G4xx_HAL_Driver/Src/stm32g4xx_hal_dma.c ****   }
 1244              		.loc 1 644 43 is_stmt 0 view .LVU452
 1245 002e 436C     		ldr	r3, [r0, #68]
 644:Drivers/STM32G4xx_HAL_Driver/Src/stm32g4xx_hal_dma.c ****   }
 1246              		.loc 1 644 58 view .LVU453
 1247 0030 03F01F03 		and	r3, r3, #31
 644:Drivers/STM32G4xx_HAL_Driver/Src/stm32g4xx_hal_dma.c ****   }
 1248              		.loc 1 644 10 view .LVU454
 1249 0034 0226     		movs	r6, #2
 1250 0036 9E40     		lsls	r6, r6, r3
 1251              	.LVL71:
 1252              	.L77:
 653:Drivers/STM32G4xx_HAL_Driver/Src/stm32g4xx_hal_dma.c **** 
 1253              		.loc 1 653 3 is_stmt 1 view .LVU455
 653:Drivers/STM32G4xx_HAL_Driver/Src/stm32g4xx_hal_dma.c **** 
 1254              		.loc 1 653 15 is_stmt 0 view .LVU456
 1255 0038 FFF7FEFF 		bl	HAL_GetTick
 1256              	.LVL72:
 653:Drivers/STM32G4xx_HAL_Driver/Src/stm32g4xx_hal_dma.c **** 
 1257              		.loc 1 653 15 view .LVU457
 1258 003c 8046     		mov	r8, r0
 1259              	.LVL73:
ARM GAS  C:\Users\MyPC\AppData\Local\Temp\ccS8XDvS.s 			page 49


 655:Drivers/STM32G4xx_HAL_Driver/Src/stm32g4xx_hal_dma.c ****   {
 1260              		.loc 1 655 3 is_stmt 1 view .LVU458
 1261              	.L80:
 655:Drivers/STM32G4xx_HAL_Driver/Src/stm32g4xx_hal_dma.c ****   {
 1262              		.loc 1 655 13 view .LVU459
 655:Drivers/STM32G4xx_HAL_Driver/Src/stm32g4xx_hal_dma.c ****   {
 1263              		.loc 1 655 21 is_stmt 0 view .LVU460
 1264 003e 226C     		ldr	r2, [r4, #64]
 655:Drivers/STM32G4xx_HAL_Driver/Src/stm32g4xx_hal_dma.c ****   {
 1265              		.loc 1 655 37 view .LVU461
 1266 0040 1368     		ldr	r3, [r2]
 655:Drivers/STM32G4xx_HAL_Driver/Src/stm32g4xx_hal_dma.c ****   {
 1267              		.loc 1 655 13 view .LVU462
 1268 0042 3342     		tst	r3, r6
 1269 0044 34D1     		bne	.L89
 657:Drivers/STM32G4xx_HAL_Driver/Src/stm32g4xx_hal_dma.c ****     {
 1270              		.loc 1 657 5 is_stmt 1 view .LVU463
 657:Drivers/STM32G4xx_HAL_Driver/Src/stm32g4xx_hal_dma.c ****     {
 1271              		.loc 1 657 37 is_stmt 0 view .LVU464
 1272 0046 1168     		ldr	r1, [r2]
 657:Drivers/STM32G4xx_HAL_Driver/Src/stm32g4xx_hal_dma.c ****     {
 1273              		.loc 1 657 77 view .LVU465
 1274 0048 636C     		ldr	r3, [r4, #68]
 657:Drivers/STM32G4xx_HAL_Driver/Src/stm32g4xx_hal_dma.c ****     {
 1275              		.loc 1 657 92 view .LVU466
 1276 004a 03F01F03 		and	r3, r3, #31
 657:Drivers/STM32G4xx_HAL_Driver/Src/stm32g4xx_hal_dma.c ****     {
 1277              		.loc 1 657 69 view .LVU467
 1278 004e 4FF0080C 		mov	ip, #8
 1279 0052 0CFA03FC 		lsl	ip, ip, r3
 657:Drivers/STM32G4xx_HAL_Driver/Src/stm32g4xx_hal_dma.c ****     {
 1280              		.loc 1 657 8 view .LVU468
 1281 0056 11EA0C0F 		tst	r1, ip
 1282 005a 1ED1     		bne	.L90
 676:Drivers/STM32G4xx_HAL_Driver/Src/stm32g4xx_hal_dma.c ****     {
 1283              		.loc 1 676 5 is_stmt 1 view .LVU469
 676:Drivers/STM32G4xx_HAL_Driver/Src/stm32g4xx_hal_dma.c ****     {
 1284              		.loc 1 676 8 is_stmt 0 view .LVU470
 1285 005c B5F1FF3F 		cmp	r5, #-1
 1286 0060 EDD0     		beq	.L80
 678:Drivers/STM32G4xx_HAL_Driver/Src/stm32g4xx_hal_dma.c ****       {
 1287              		.loc 1 678 7 is_stmt 1 view .LVU471
 678:Drivers/STM32G4xx_HAL_Driver/Src/stm32g4xx_hal_dma.c ****       {
 1288              		.loc 1 678 13 is_stmt 0 view .LVU472
 1289 0062 FFF7FEFF 		bl	HAL_GetTick
 1290              	.LVL74:
 678:Drivers/STM32G4xx_HAL_Driver/Src/stm32g4xx_hal_dma.c ****       {
 1291              		.loc 1 678 27 discriminator 1 view .LVU473
 1292 0066 4346     		mov	r3, r8
 1293 0068 C01A     		subs	r0, r0, r3
 678:Drivers/STM32G4xx_HAL_Driver/Src/stm32g4xx_hal_dma.c ****       {
 1294              		.loc 1 678 10 discriminator 1 view .LVU474
 1295 006a A842     		cmp	r0, r5
 1296 006c 01D8     		bhi	.L81
 1297              	.LVL75:
 678:Drivers/STM32G4xx_HAL_Driver/Src/stm32g4xx_hal_dma.c ****       {
 1298              		.loc 1 678 51 discriminator 2 view .LVU475
ARM GAS  C:\Users\MyPC\AppData\Local\Temp\ccS8XDvS.s 			page 50


 1299 006e 002D     		cmp	r5, #0
 1300 0070 E5D1     		bne	.L80
 1301              	.L81:
 681:Drivers/STM32G4xx_HAL_Driver/Src/stm32g4xx_hal_dma.c **** 
 1302              		.loc 1 681 9 is_stmt 1 view .LVU476
 681:Drivers/STM32G4xx_HAL_Driver/Src/stm32g4xx_hal_dma.c **** 
 1303              		.loc 1 681 25 is_stmt 0 view .LVU477
 1304 0072 2023     		movs	r3, #32
 1305              	.LVL76:
 681:Drivers/STM32G4xx_HAL_Driver/Src/stm32g4xx_hal_dma.c **** 
 1306              		.loc 1 681 25 view .LVU478
 1307 0074 E363     		str	r3, [r4, #60]
 684:Drivers/STM32G4xx_HAL_Driver/Src/stm32g4xx_hal_dma.c **** 
 1308              		.loc 1 684 9 is_stmt 1 view .LVU479
 684:Drivers/STM32G4xx_HAL_Driver/Src/stm32g4xx_hal_dma.c **** 
 1309              		.loc 1 684 21 is_stmt 0 view .LVU480
 1310 0076 0120     		movs	r0, #1
 1311 0078 84F82500 		strb	r0, [r4, #37]
 687:Drivers/STM32G4xx_HAL_Driver/Src/stm32g4xx_hal_dma.c **** 
 1312              		.loc 1 687 9 is_stmt 1 view .LVU481
 687:Drivers/STM32G4xx_HAL_Driver/Src/stm32g4xx_hal_dma.c **** 
 1313              		.loc 1 687 9 view .LVU482
 1314 007c 0023     		movs	r3, #0
 1315 007e 84F82430 		strb	r3, [r4, #36]
 687:Drivers/STM32G4xx_HAL_Driver/Src/stm32g4xx_hal_dma.c **** 
 1316              		.loc 1 687 9 view .LVU483
 689:Drivers/STM32G4xx_HAL_Driver/Src/stm32g4xx_hal_dma.c ****       }
 1317              		.loc 1 689 9 view .LVU484
 689:Drivers/STM32G4xx_HAL_Driver/Src/stm32g4xx_hal_dma.c ****       }
 1318              		.loc 1 689 16 is_stmt 0 view .LVU485
 1319 0082 CAE7     		b	.L74
 1320              	.LVL77:
 1321              	.L88:
 635:Drivers/STM32G4xx_HAL_Driver/Src/stm32g4xx_hal_dma.c ****     return HAL_ERROR;
 1322              		.loc 1 635 5 is_stmt 1 view .LVU486
 635:Drivers/STM32G4xx_HAL_Driver/Src/stm32g4xx_hal_dma.c ****     return HAL_ERROR;
 1323              		.loc 1 635 21 is_stmt 0 view .LVU487
 1324 0084 4FF48073 		mov	r3, #256
 1325 0088 C363     		str	r3, [r0, #60]
 636:Drivers/STM32G4xx_HAL_Driver/Src/stm32g4xx_hal_dma.c ****   }
 1326              		.loc 1 636 5 is_stmt 1 view .LVU488
 636:Drivers/STM32G4xx_HAL_Driver/Src/stm32g4xx_hal_dma.c ****   }
 1327              		.loc 1 636 12 is_stmt 0 view .LVU489
 1328 008a 0120     		movs	r0, #1
 1329              	.LVL78:
 636:Drivers/STM32G4xx_HAL_Driver/Src/stm32g4xx_hal_dma.c ****   }
 1330              		.loc 1 636 12 view .LVU490
 1331 008c C5E7     		b	.L74
 1332              	.LVL79:
 1333              	.L76:
 649:Drivers/STM32G4xx_HAL_Driver/Src/stm32g4xx_hal_dma.c ****   }
 1334              		.loc 1 649 5 is_stmt 1 view .LVU491
 649:Drivers/STM32G4xx_HAL_Driver/Src/stm32g4xx_hal_dma.c ****   }
 1335              		.loc 1 649 43 is_stmt 0 view .LVU492
 1336 008e 436C     		ldr	r3, [r0, #68]
 649:Drivers/STM32G4xx_HAL_Driver/Src/stm32g4xx_hal_dma.c ****   }
 1337              		.loc 1 649 58 view .LVU493
ARM GAS  C:\Users\MyPC\AppData\Local\Temp\ccS8XDvS.s 			page 51


 1338 0090 03F01F03 		and	r3, r3, #31
 649:Drivers/STM32G4xx_HAL_Driver/Src/stm32g4xx_hal_dma.c ****   }
 1339              		.loc 1 649 10 view .LVU494
 1340 0094 0426     		movs	r6, #4
 1341 0096 9E40     		lsls	r6, r6, r3
 1342 0098 CEE7     		b	.L77
 1343              	.LVL80:
 1344              	.L90:
 662:Drivers/STM32G4xx_HAL_Driver/Src/stm32g4xx_hal_dma.c **** 
 1345              		.loc 1 662 7 is_stmt 1 view .LVU495
 662:Drivers/STM32G4xx_HAL_Driver/Src/stm32g4xx_hal_dma.c **** 
 1346              		.loc 1 662 60 is_stmt 0 view .LVU496
 1347 009a 0120     		movs	r0, #1
 1348 009c 00FA03F3 		lsl	r3, r0, r3
 662:Drivers/STM32G4xx_HAL_Driver/Src/stm32g4xx_hal_dma.c **** 
 1349              		.loc 1 662 34 view .LVU497
 1350 00a0 5360     		str	r3, [r2, #4]
 665:Drivers/STM32G4xx_HAL_Driver/Src/stm32g4xx_hal_dma.c **** 
 1351              		.loc 1 665 7 is_stmt 1 view .LVU498
 665:Drivers/STM32G4xx_HAL_Driver/Src/stm32g4xx_hal_dma.c **** 
 1352              		.loc 1 665 23 is_stmt 0 view .LVU499
 1353 00a2 E063     		str	r0, [r4, #60]
 668:Drivers/STM32G4xx_HAL_Driver/Src/stm32g4xx_hal_dma.c **** 
 1354              		.loc 1 668 7 is_stmt 1 view .LVU500
 668:Drivers/STM32G4xx_HAL_Driver/Src/stm32g4xx_hal_dma.c **** 
 1355              		.loc 1 668 19 is_stmt 0 view .LVU501
 1356 00a4 84F82500 		strb	r0, [r4, #37]
 671:Drivers/STM32G4xx_HAL_Driver/Src/stm32g4xx_hal_dma.c **** 
 1357              		.loc 1 671 7 is_stmt 1 view .LVU502
 671:Drivers/STM32G4xx_HAL_Driver/Src/stm32g4xx_hal_dma.c **** 
 1358              		.loc 1 671 7 view .LVU503
 1359 00a8 0023     		movs	r3, #0
 1360 00aa 84F82430 		strb	r3, [r4, #36]
 671:Drivers/STM32G4xx_HAL_Driver/Src/stm32g4xx_hal_dma.c **** 
 1361              		.loc 1 671 7 view .LVU504
 673:Drivers/STM32G4xx_HAL_Driver/Src/stm32g4xx_hal_dma.c ****     }
 1362              		.loc 1 673 7 view .LVU505
 673:Drivers/STM32G4xx_HAL_Driver/Src/stm32g4xx_hal_dma.c ****     }
 1363              		.loc 1 673 14 is_stmt 0 view .LVU506
 1364 00ae B4E7     		b	.L74
 1365              	.L89:
 695:Drivers/STM32G4xx_HAL_Driver/Src/stm32g4xx_hal_dma.c ****   {
 1366              		.loc 1 695 3 is_stmt 1 view .LVU507
 695:Drivers/STM32G4xx_HAL_Driver/Src/stm32g4xx_hal_dma.c ****   {
 1367              		.loc 1 695 11 is_stmt 0 view .LVU508
 1368 00b0 636D     		ldr	r3, [r4, #84]
 695:Drivers/STM32G4xx_HAL_Driver/Src/stm32g4xx_hal_dma.c ****   {
 1369              		.loc 1 695 6 view .LVU509
 1370 00b2 7BB1     		cbz	r3, .L83
 698:Drivers/STM32G4xx_HAL_Driver/Src/stm32g4xx_hal_dma.c ****     {
 1371              		.loc 1 698 5 is_stmt 1 view .LVU510
 698:Drivers/STM32G4xx_HAL_Driver/Src/stm32g4xx_hal_dma.c ****     {
 1372              		.loc 1 698 14 is_stmt 0 view .LVU511
 1373 00b4 A26D     		ldr	r2, [r4, #88]
 698:Drivers/STM32G4xx_HAL_Driver/Src/stm32g4xx_hal_dma.c ****     {
 1374              		.loc 1 698 38 view .LVU512
 1375 00b6 1168     		ldr	r1, [r2]
ARM GAS  C:\Users\MyPC\AppData\Local\Temp\ccS8XDvS.s 			page 52


 698:Drivers/STM32G4xx_HAL_Driver/Src/stm32g4xx_hal_dma.c ****     {
 1376              		.loc 1 698 51 view .LVU513
 1377 00b8 E26D     		ldr	r2, [r4, #92]
 698:Drivers/STM32G4xx_HAL_Driver/Src/stm32g4xx_hal_dma.c ****     {
 1378              		.loc 1 698 8 view .LVU514
 1379 00ba 1142     		tst	r1, r2
 1380 00bc 0AD0     		beq	.L83
 701:Drivers/STM32G4xx_HAL_Driver/Src/stm32g4xx_hal_dma.c **** 
 1381              		.loc 1 701 7 is_stmt 1 view .LVU515
 701:Drivers/STM32G4xx_HAL_Driver/Src/stm32g4xx_hal_dma.c **** 
 1382              		.loc 1 701 29 is_stmt 0 view .LVU516
 1383 00be 1A68     		ldr	r2, [r3]
 701:Drivers/STM32G4xx_HAL_Driver/Src/stm32g4xx_hal_dma.c **** 
 1384              		.loc 1 701 36 view .LVU517
 1385 00c0 42F48072 		orr	r2, r2, #256
 1386 00c4 1A60     		str	r2, [r3]
 704:Drivers/STM32G4xx_HAL_Driver/Src/stm32g4xx_hal_dma.c **** 
 1387              		.loc 1 704 7 is_stmt 1 view .LVU518
 704:Drivers/STM32G4xx_HAL_Driver/Src/stm32g4xx_hal_dma.c **** 
 1388              		.loc 1 704 11 is_stmt 0 view .LVU519
 1389 00c6 A36D     		ldr	r3, [r4, #88]
 704:Drivers/STM32G4xx_HAL_Driver/Src/stm32g4xx_hal_dma.c **** 
 1390              		.loc 1 704 49 view .LVU520
 1391 00c8 E26D     		ldr	r2, [r4, #92]
 704:Drivers/STM32G4xx_HAL_Driver/Src/stm32g4xx_hal_dma.c **** 
 1392              		.loc 1 704 43 view .LVU521
 1393 00ca 5A60     		str	r2, [r3, #4]
 707:Drivers/STM32G4xx_HAL_Driver/Src/stm32g4xx_hal_dma.c ****     }
 1394              		.loc 1 707 7 is_stmt 1 view .LVU522
 707:Drivers/STM32G4xx_HAL_Driver/Src/stm32g4xx_hal_dma.c ****     }
 1395              		.loc 1 707 11 is_stmt 0 view .LVU523
 1396 00cc E36B     		ldr	r3, [r4, #60]
 707:Drivers/STM32G4xx_HAL_Driver/Src/stm32g4xx_hal_dma.c ****     }
 1397              		.loc 1 707 23 view .LVU524
 1398 00ce 43F48063 		orr	r3, r3, #1024
 1399 00d2 E363     		str	r3, [r4, #60]
 1400              	.L83:
 712:Drivers/STM32G4xx_HAL_Driver/Src/stm32g4xx_hal_dma.c ****   {
 1401              		.loc 1 712 3 is_stmt 1 view .LVU525
 712:Drivers/STM32G4xx_HAL_Driver/Src/stm32g4xx_hal_dma.c ****   {
 1402              		.loc 1 712 12 is_stmt 0 view .LVU526
 1403 00d4 E36C     		ldr	r3, [r4, #76]
 712:Drivers/STM32G4xx_HAL_Driver/Src/stm32g4xx_hal_dma.c ****   {
 1404              		.loc 1 712 33 view .LVU527
 1405 00d6 1968     		ldr	r1, [r3]
 712:Drivers/STM32G4xx_HAL_Driver/Src/stm32g4xx_hal_dma.c ****   {
 1406              		.loc 1 712 45 view .LVU528
 1407 00d8 226D     		ldr	r2, [r4, #80]
 712:Drivers/STM32G4xx_HAL_Driver/Src/stm32g4xx_hal_dma.c ****   {
 1408              		.loc 1 712 6 view .LVU529
 1409 00da 1142     		tst	r1, r2
 1410 00dc 04D0     		beq	.L84
 715:Drivers/STM32G4xx_HAL_Driver/Src/stm32g4xx_hal_dma.c **** 
 1411              		.loc 1 715 5 is_stmt 1 view .LVU530
 715:Drivers/STM32G4xx_HAL_Driver/Src/stm32g4xx_hal_dma.c **** 
 1412              		.loc 1 715 36 is_stmt 0 view .LVU531
 1413 00de 5A60     		str	r2, [r3, #4]
ARM GAS  C:\Users\MyPC\AppData\Local\Temp\ccS8XDvS.s 			page 53


 718:Drivers/STM32G4xx_HAL_Driver/Src/stm32g4xx_hal_dma.c ****   }
 1414              		.loc 1 718 5 is_stmt 1 view .LVU532
 718:Drivers/STM32G4xx_HAL_Driver/Src/stm32g4xx_hal_dma.c ****   }
 1415              		.loc 1 718 9 is_stmt 0 view .LVU533
 1416 00e0 E36B     		ldr	r3, [r4, #60]
 718:Drivers/STM32G4xx_HAL_Driver/Src/stm32g4xx_hal_dma.c ****   }
 1417              		.loc 1 718 21 view .LVU534
 1418 00e2 43F40073 		orr	r3, r3, #512
 1419 00e6 E363     		str	r3, [r4, #60]
 1420              	.L84:
 721:Drivers/STM32G4xx_HAL_Driver/Src/stm32g4xx_hal_dma.c ****   {
 1421              		.loc 1 721 3 is_stmt 1 view .LVU535
 721:Drivers/STM32G4xx_HAL_Driver/Src/stm32g4xx_hal_dma.c ****   {
 1422              		.loc 1 721 6 is_stmt 0 view .LVU536
 1423 00e8 6FB9     		cbnz	r7, .L85
 724:Drivers/STM32G4xx_HAL_Driver/Src/stm32g4xx_hal_dma.c **** 
 1424              		.loc 1 724 5 is_stmt 1 view .LVU537
 724:Drivers/STM32G4xx_HAL_Driver/Src/stm32g4xx_hal_dma.c **** 
 1425              		.loc 1 724 66 is_stmt 0 view .LVU538
 1426 00ea 636C     		ldr	r3, [r4, #68]
 724:Drivers/STM32G4xx_HAL_Driver/Src/stm32g4xx_hal_dma.c **** 
 1427              		.loc 1 724 81 view .LVU539
 1428 00ec 03F01F02 		and	r2, r3, #31
 724:Drivers/STM32G4xx_HAL_Driver/Src/stm32g4xx_hal_dma.c **** 
 1429              		.loc 1 724 9 view .LVU540
 1430 00f0 216C     		ldr	r1, [r4, #64]
 724:Drivers/STM32G4xx_HAL_Driver/Src/stm32g4xx_hal_dma.c **** 
 1431              		.loc 1 724 58 view .LVU541
 1432 00f2 0223     		movs	r3, #2
 1433 00f4 9340     		lsls	r3, r3, r2
 724:Drivers/STM32G4xx_HAL_Driver/Src/stm32g4xx_hal_dma.c **** 
 1434              		.loc 1 724 32 view .LVU542
 1435 00f6 4B60     		str	r3, [r1, #4]
 728:Drivers/STM32G4xx_HAL_Driver/Src/stm32g4xx_hal_dma.c ****   }
 1436              		.loc 1 728 5 is_stmt 1 view .LVU543
 728:Drivers/STM32G4xx_HAL_Driver/Src/stm32g4xx_hal_dma.c ****   }
 1437              		.loc 1 728 17 is_stmt 0 view .LVU544
 1438 00f8 0123     		movs	r3, #1
 1439 00fa 84F82530 		strb	r3, [r4, #37]
 1440              	.L86:
 737:Drivers/STM32G4xx_HAL_Driver/Src/stm32g4xx_hal_dma.c **** 
 1441              		.loc 1 737 3 is_stmt 1 view .LVU545
 737:Drivers/STM32G4xx_HAL_Driver/Src/stm32g4xx_hal_dma.c **** 
 1442              		.loc 1 737 3 view .LVU546
 1443 00fe 0020     		movs	r0, #0
 1444 0100 84F82400 		strb	r0, [r4, #36]
 737:Drivers/STM32G4xx_HAL_Driver/Src/stm32g4xx_hal_dma.c **** 
 1445              		.loc 1 737 3 view .LVU547
 739:Drivers/STM32G4xx_HAL_Driver/Src/stm32g4xx_hal_dma.c **** }
 1446              		.loc 1 739 3 view .LVU548
 739:Drivers/STM32G4xx_HAL_Driver/Src/stm32g4xx_hal_dma.c **** }
 1447              		.loc 1 739 10 is_stmt 0 view .LVU549
 1448 0104 89E7     		b	.L74
 1449              	.L85:
 733:Drivers/STM32G4xx_HAL_Driver/Src/stm32g4xx_hal_dma.c ****   }
 1450              		.loc 1 733 5 is_stmt 1 view .LVU550
 733:Drivers/STM32G4xx_HAL_Driver/Src/stm32g4xx_hal_dma.c ****   }
ARM GAS  C:\Users\MyPC\AppData\Local\Temp\ccS8XDvS.s 			page 54


 1451              		.loc 1 733 66 is_stmt 0 view .LVU551
 1452 0106 636C     		ldr	r3, [r4, #68]
 733:Drivers/STM32G4xx_HAL_Driver/Src/stm32g4xx_hal_dma.c ****   }
 1453              		.loc 1 733 81 view .LVU552
 1454 0108 03F01F02 		and	r2, r3, #31
 733:Drivers/STM32G4xx_HAL_Driver/Src/stm32g4xx_hal_dma.c ****   }
 1455              		.loc 1 733 9 view .LVU553
 1456 010c 216C     		ldr	r1, [r4, #64]
 733:Drivers/STM32G4xx_HAL_Driver/Src/stm32g4xx_hal_dma.c ****   }
 1457              		.loc 1 733 58 view .LVU554
 1458 010e 0423     		movs	r3, #4
 1459 0110 9340     		lsls	r3, r3, r2
 733:Drivers/STM32G4xx_HAL_Driver/Src/stm32g4xx_hal_dma.c ****   }
 1460              		.loc 1 733 32 view .LVU555
 1461 0112 4B60     		str	r3, [r1, #4]
 1462 0114 F3E7     		b	.L86
 1463              		.cfi_endproc
 1464              	.LFE138:
 1466              		.section	.text.HAL_DMA_IRQHandler,"ax",%progbits
 1467              		.align	1
 1468              		.global	HAL_DMA_IRQHandler
 1469              		.syntax unified
 1470              		.thumb
 1471              		.thumb_func
 1473              	HAL_DMA_IRQHandler:
 1474              	.LVL81:
 1475              	.LFB139:
 749:Drivers/STM32G4xx_HAL_Driver/Src/stm32g4xx_hal_dma.c ****   uint32_t flag_it = hdma->DmaBaseAddress->ISR;
 1476              		.loc 1 749 1 is_stmt 1 view -0
 1477              		.cfi_startproc
 1478              		@ args = 0, pretend = 0, frame = 0
 1479              		@ frame_needed = 0, uses_anonymous_args = 0
 749:Drivers/STM32G4xx_HAL_Driver/Src/stm32g4xx_hal_dma.c ****   uint32_t flag_it = hdma->DmaBaseAddress->ISR;
 1480              		.loc 1 749 1 is_stmt 0 view .LVU557
 1481 0000 08B5     		push	{r3, lr}
 1482              	.LCFI9:
 1483              		.cfi_def_cfa_offset 8
 1484              		.cfi_offset 3, -8
 1485              		.cfi_offset 14, -4
 750:Drivers/STM32G4xx_HAL_Driver/Src/stm32g4xx_hal_dma.c ****   uint32_t source_it = hdma->Instance->CCR;
 1486              		.loc 1 750 3 is_stmt 1 view .LVU558
 750:Drivers/STM32G4xx_HAL_Driver/Src/stm32g4xx_hal_dma.c ****   uint32_t source_it = hdma->Instance->CCR;
 1487              		.loc 1 750 26 is_stmt 0 view .LVU559
 1488 0002 036C     		ldr	r3, [r0, #64]
 750:Drivers/STM32G4xx_HAL_Driver/Src/stm32g4xx_hal_dma.c ****   uint32_t source_it = hdma->Instance->CCR;
 1489              		.loc 1 750 12 view .LVU560
 1490 0004 1968     		ldr	r1, [r3]
 1491              	.LVL82:
 751:Drivers/STM32G4xx_HAL_Driver/Src/stm32g4xx_hal_dma.c **** 
 1492              		.loc 1 751 3 is_stmt 1 view .LVU561
 751:Drivers/STM32G4xx_HAL_Driver/Src/stm32g4xx_hal_dma.c **** 
 1493              		.loc 1 751 28 is_stmt 0 view .LVU562
 1494 0006 D0F800C0 		ldr	ip, [r0]
 751:Drivers/STM32G4xx_HAL_Driver/Src/stm32g4xx_hal_dma.c **** 
 1495              		.loc 1 751 12 view .LVU563
 1496 000a DCF800E0 		ldr	lr, [ip]
 1497              	.LVL83:
ARM GAS  C:\Users\MyPC\AppData\Local\Temp\ccS8XDvS.s 			page 55


 754:Drivers/STM32G4xx_HAL_Driver/Src/stm32g4xx_hal_dma.c ****   {
 1498              		.loc 1 754 3 is_stmt 1 view .LVU564
 754:Drivers/STM32G4xx_HAL_Driver/Src/stm32g4xx_hal_dma.c ****   {
 1499              		.loc 1 754 57 is_stmt 0 view .LVU565
 1500 000e 436C     		ldr	r3, [r0, #68]
 754:Drivers/STM32G4xx_HAL_Driver/Src/stm32g4xx_hal_dma.c ****   {
 1501              		.loc 1 754 72 view .LVU566
 1502 0010 03F01F03 		and	r3, r3, #31
 754:Drivers/STM32G4xx_HAL_Driver/Src/stm32g4xx_hal_dma.c ****   {
 1503              		.loc 1 754 49 view .LVU567
 1504 0014 0422     		movs	r2, #4
 1505 0016 9A40     		lsls	r2, r2, r3
 754:Drivers/STM32G4xx_HAL_Driver/Src/stm32g4xx_hal_dma.c ****   {
 1506              		.loc 1 754 6 view .LVU568
 1507 0018 0A42     		tst	r2, r1
 1508 001a 18D0     		beq	.L92
 754:Drivers/STM32G4xx_HAL_Driver/Src/stm32g4xx_hal_dma.c ****   {
 1509              		.loc 1 754 84 discriminator 1 view .LVU569
 1510 001c 1EF0040F 		tst	lr, #4
 1511 0020 15D0     		beq	.L92
 757:Drivers/STM32G4xx_HAL_Driver/Src/stm32g4xx_hal_dma.c ****     {
 1512              		.loc 1 757 5 is_stmt 1 view .LVU570
 757:Drivers/STM32G4xx_HAL_Driver/Src/stm32g4xx_hal_dma.c ****     {
 1513              		.loc 1 757 24 is_stmt 0 view .LVU571
 1514 0022 DCF80030 		ldr	r3, [ip]
 757:Drivers/STM32G4xx_HAL_Driver/Src/stm32g4xx_hal_dma.c ****     {
 1515              		.loc 1 757 8 view .LVU572
 1516 0026 13F0200F 		tst	r3, #32
 1517 002a 05D1     		bne	.L93
 760:Drivers/STM32G4xx_HAL_Driver/Src/stm32g4xx_hal_dma.c ****     }
 1518              		.loc 1 760 7 is_stmt 1 view .LVU573
 1519 002c DCF80030 		ldr	r3, [ip]
 1520 0030 23F00403 		bic	r3, r3, #4
 1521 0034 CCF80030 		str	r3, [ip]
 1522              	.L93:
 763:Drivers/STM32G4xx_HAL_Driver/Src/stm32g4xx_hal_dma.c **** 
 1523              		.loc 1 763 5 view .LVU574
 763:Drivers/STM32G4xx_HAL_Driver/Src/stm32g4xx_hal_dma.c **** 
 1524              		.loc 1 763 67 is_stmt 0 view .LVU575
 1525 0038 436C     		ldr	r3, [r0, #68]
 763:Drivers/STM32G4xx_HAL_Driver/Src/stm32g4xx_hal_dma.c **** 
 1526              		.loc 1 763 82 view .LVU576
 1527 003a 03F01F02 		and	r2, r3, #31
 763:Drivers/STM32G4xx_HAL_Driver/Src/stm32g4xx_hal_dma.c **** 
 1528              		.loc 1 763 9 view .LVU577
 1529 003e 016C     		ldr	r1, [r0, #64]
 1530              	.LVL84:
 763:Drivers/STM32G4xx_HAL_Driver/Src/stm32g4xx_hal_dma.c **** 
 1531              		.loc 1 763 59 view .LVU578
 1532 0040 0423     		movs	r3, #4
 1533 0042 9340     		lsls	r3, r3, r2
 763:Drivers/STM32G4xx_HAL_Driver/Src/stm32g4xx_hal_dma.c **** 
 1534              		.loc 1 763 32 view .LVU579
 1535 0044 4B60     		str	r3, [r1, #4]
 768:Drivers/STM32G4xx_HAL_Driver/Src/stm32g4xx_hal_dma.c ****     {
 1536              		.loc 1 768 5 is_stmt 1 view .LVU580
 768:Drivers/STM32G4xx_HAL_Driver/Src/stm32g4xx_hal_dma.c ****     {
ARM GAS  C:\Users\MyPC\AppData\Local\Temp\ccS8XDvS.s 			page 56


 1537              		.loc 1 768 13 is_stmt 0 view .LVU581
 1538 0046 036B     		ldr	r3, [r0, #48]
 768:Drivers/STM32G4xx_HAL_Driver/Src/stm32g4xx_hal_dma.c ****     {
 1539              		.loc 1 768 8 view .LVU582
 1540 0048 03B1     		cbz	r3, .L91
 771:Drivers/STM32G4xx_HAL_Driver/Src/stm32g4xx_hal_dma.c ****     }
 1541              		.loc 1 771 7 is_stmt 1 view .LVU583
 1542 004a 9847     		blx	r3
 1543              	.LVL85:
 1544              	.L91:
 830:Drivers/STM32G4xx_HAL_Driver/Src/stm32g4xx_hal_dma.c **** 
 1545              		.loc 1 830 1 is_stmt 0 view .LVU584
 1546 004c 08BD     		pop	{r3, pc}
 1547              	.LVL86:
 1548              	.L92:
 775:Drivers/STM32G4xx_HAL_Driver/Src/stm32g4xx_hal_dma.c ****            && (0U != (source_it & DMA_IT_TC)))
 1549              		.loc 1 775 8 is_stmt 1 view .LVU585
 775:Drivers/STM32G4xx_HAL_Driver/Src/stm32g4xx_hal_dma.c ****            && (0U != (source_it & DMA_IT_TC)))
 1550              		.loc 1 775 54 is_stmt 0 view .LVU586
 1551 004e 0222     		movs	r2, #2
 1552 0050 9A40     		lsls	r2, r2, r3
 775:Drivers/STM32G4xx_HAL_Driver/Src/stm32g4xx_hal_dma.c ****            && (0U != (source_it & DMA_IT_TC)))
 1553              		.loc 1 775 11 view .LVU587
 1554 0052 0A42     		tst	r2, r1
 1555 0054 1FD0     		beq	.L95
 776:Drivers/STM32G4xx_HAL_Driver/Src/stm32g4xx_hal_dma.c ****   {
 1556              		.loc 1 776 12 view .LVU588
 1557 0056 1EF0020F 		tst	lr, #2
 1558 005a 1CD0     		beq	.L95
 778:Drivers/STM32G4xx_HAL_Driver/Src/stm32g4xx_hal_dma.c ****     {
 1559              		.loc 1 778 5 is_stmt 1 view .LVU589
 778:Drivers/STM32G4xx_HAL_Driver/Src/stm32g4xx_hal_dma.c ****     {
 1560              		.loc 1 778 24 is_stmt 0 view .LVU590
 1561 005c DCF80030 		ldr	r3, [ip]
 778:Drivers/STM32G4xx_HAL_Driver/Src/stm32g4xx_hal_dma.c ****     {
 1562              		.loc 1 778 8 view .LVU591
 1563 0060 13F0200F 		tst	r3, #32
 1564 0064 08D1     		bne	.L96
 781:Drivers/STM32G4xx_HAL_Driver/Src/stm32g4xx_hal_dma.c **** 
 1565              		.loc 1 781 7 is_stmt 1 view .LVU592
 1566 0066 DCF80030 		ldr	r3, [ip]
 1567 006a 23F00A03 		bic	r3, r3, #10
 1568 006e CCF80030 		str	r3, [ip]
 784:Drivers/STM32G4xx_HAL_Driver/Src/stm32g4xx_hal_dma.c ****     }
 1569              		.loc 1 784 7 view .LVU593
 784:Drivers/STM32G4xx_HAL_Driver/Src/stm32g4xx_hal_dma.c ****     }
 1570              		.loc 1 784 19 is_stmt 0 view .LVU594
 1571 0072 0123     		movs	r3, #1
 1572 0074 80F82530 		strb	r3, [r0, #37]
 1573              	.L96:
 787:Drivers/STM32G4xx_HAL_Driver/Src/stm32g4xx_hal_dma.c **** 
 1574              		.loc 1 787 5 is_stmt 1 view .LVU595
 787:Drivers/STM32G4xx_HAL_Driver/Src/stm32g4xx_hal_dma.c **** 
 1575              		.loc 1 787 67 is_stmt 0 view .LVU596
 1576 0078 436C     		ldr	r3, [r0, #68]
 787:Drivers/STM32G4xx_HAL_Driver/Src/stm32g4xx_hal_dma.c **** 
 1577              		.loc 1 787 82 view .LVU597
ARM GAS  C:\Users\MyPC\AppData\Local\Temp\ccS8XDvS.s 			page 57


 1578 007a 03F01F02 		and	r2, r3, #31
 787:Drivers/STM32G4xx_HAL_Driver/Src/stm32g4xx_hal_dma.c **** 
 1579              		.loc 1 787 9 view .LVU598
 1580 007e 016C     		ldr	r1, [r0, #64]
 1581              	.LVL87:
 787:Drivers/STM32G4xx_HAL_Driver/Src/stm32g4xx_hal_dma.c **** 
 1582              		.loc 1 787 59 view .LVU599
 1583 0080 0223     		movs	r3, #2
 1584 0082 9340     		lsls	r3, r3, r2
 787:Drivers/STM32G4xx_HAL_Driver/Src/stm32g4xx_hal_dma.c **** 
 1585              		.loc 1 787 32 view .LVU600
 1586 0084 4B60     		str	r3, [r1, #4]
 790:Drivers/STM32G4xx_HAL_Driver/Src/stm32g4xx_hal_dma.c **** 
 1587              		.loc 1 790 5 is_stmt 1 view .LVU601
 790:Drivers/STM32G4xx_HAL_Driver/Src/stm32g4xx_hal_dma.c **** 
 1588              		.loc 1 790 5 view .LVU602
 1589 0086 0023     		movs	r3, #0
 1590 0088 80F82430 		strb	r3, [r0, #36]
 790:Drivers/STM32G4xx_HAL_Driver/Src/stm32g4xx_hal_dma.c **** 
 1591              		.loc 1 790 5 view .LVU603
 792:Drivers/STM32G4xx_HAL_Driver/Src/stm32g4xx_hal_dma.c ****     {
 1592              		.loc 1 792 5 view .LVU604
 792:Drivers/STM32G4xx_HAL_Driver/Src/stm32g4xx_hal_dma.c ****     {
 1593              		.loc 1 792 13 is_stmt 0 view .LVU605
 1594 008c C36A     		ldr	r3, [r0, #44]
 792:Drivers/STM32G4xx_HAL_Driver/Src/stm32g4xx_hal_dma.c ****     {
 1595              		.loc 1 792 8 view .LVU606
 1596 008e 002B     		cmp	r3, #0
 1597 0090 DCD0     		beq	.L91
 795:Drivers/STM32G4xx_HAL_Driver/Src/stm32g4xx_hal_dma.c ****     }
 1598              		.loc 1 795 7 is_stmt 1 view .LVU607
 1599 0092 9847     		blx	r3
 1600              	.LVL88:
 795:Drivers/STM32G4xx_HAL_Driver/Src/stm32g4xx_hal_dma.c ****     }
 1601              		.loc 1 795 7 is_stmt 0 view .LVU608
 1602 0094 DAE7     		b	.L91
 1603              	.LVL89:
 1604              	.L95:
 799:Drivers/STM32G4xx_HAL_Driver/Src/stm32g4xx_hal_dma.c ****            && (0U != (source_it & DMA_IT_TE)))
 1605              		.loc 1 799 8 is_stmt 1 view .LVU609
 799:Drivers/STM32G4xx_HAL_Driver/Src/stm32g4xx_hal_dma.c ****            && (0U != (source_it & DMA_IT_TE)))
 1606              		.loc 1 799 54 is_stmt 0 view .LVU610
 1607 0096 0822     		movs	r2, #8
 1608 0098 02FA03F3 		lsl	r3, r2, r3
 799:Drivers/STM32G4xx_HAL_Driver/Src/stm32g4xx_hal_dma.c ****            && (0U != (source_it & DMA_IT_TE)))
 1609              		.loc 1 799 11 view .LVU611
 1610 009c 0B42     		tst	r3, r1
 1611 009e D5D0     		beq	.L91
 800:Drivers/STM32G4xx_HAL_Driver/Src/stm32g4xx_hal_dma.c ****   {
 1612              		.loc 1 800 12 view .LVU612
 1613 00a0 1EF0080F 		tst	lr, #8
 1614 00a4 D2D0     		beq	.L91
 805:Drivers/STM32G4xx_HAL_Driver/Src/stm32g4xx_hal_dma.c **** 
 1615              		.loc 1 805 5 is_stmt 1 view .LVU613
 1616 00a6 DCF80030 		ldr	r3, [ip]
 1617 00aa 23F00E03 		bic	r3, r3, #14
 1618 00ae CCF80030 		str	r3, [ip]
ARM GAS  C:\Users\MyPC\AppData\Local\Temp\ccS8XDvS.s 			page 58


 808:Drivers/STM32G4xx_HAL_Driver/Src/stm32g4xx_hal_dma.c **** 
 1619              		.loc 1 808 5 view .LVU614
 808:Drivers/STM32G4xx_HAL_Driver/Src/stm32g4xx_hal_dma.c **** 
 1620              		.loc 1 808 66 is_stmt 0 view .LVU615
 1621 00b2 436C     		ldr	r3, [r0, #68]
 808:Drivers/STM32G4xx_HAL_Driver/Src/stm32g4xx_hal_dma.c **** 
 1622              		.loc 1 808 81 view .LVU616
 1623 00b4 03F01F03 		and	r3, r3, #31
 808:Drivers/STM32G4xx_HAL_Driver/Src/stm32g4xx_hal_dma.c **** 
 1624              		.loc 1 808 9 view .LVU617
 1625 00b8 016C     		ldr	r1, [r0, #64]
 1626              	.LVL90:
 808:Drivers/STM32G4xx_HAL_Driver/Src/stm32g4xx_hal_dma.c **** 
 1627              		.loc 1 808 58 view .LVU618
 1628 00ba 0122     		movs	r2, #1
 1629 00bc 02FA03F3 		lsl	r3, r2, r3
 808:Drivers/STM32G4xx_HAL_Driver/Src/stm32g4xx_hal_dma.c **** 
 1630              		.loc 1 808 32 view .LVU619
 1631 00c0 4B60     		str	r3, [r1, #4]
 811:Drivers/STM32G4xx_HAL_Driver/Src/stm32g4xx_hal_dma.c **** 
 1632              		.loc 1 811 5 is_stmt 1 view .LVU620
 811:Drivers/STM32G4xx_HAL_Driver/Src/stm32g4xx_hal_dma.c **** 
 1633              		.loc 1 811 21 is_stmt 0 view .LVU621
 1634 00c2 C263     		str	r2, [r0, #60]
 814:Drivers/STM32G4xx_HAL_Driver/Src/stm32g4xx_hal_dma.c **** 
 1635              		.loc 1 814 5 is_stmt 1 view .LVU622
 814:Drivers/STM32G4xx_HAL_Driver/Src/stm32g4xx_hal_dma.c **** 
 1636              		.loc 1 814 17 is_stmt 0 view .LVU623
 1637 00c4 80F82520 		strb	r2, [r0, #37]
 817:Drivers/STM32G4xx_HAL_Driver/Src/stm32g4xx_hal_dma.c **** 
 1638              		.loc 1 817 5 is_stmt 1 view .LVU624
 817:Drivers/STM32G4xx_HAL_Driver/Src/stm32g4xx_hal_dma.c **** 
 1639              		.loc 1 817 5 view .LVU625
 1640 00c8 0023     		movs	r3, #0
 1641 00ca 80F82430 		strb	r3, [r0, #36]
 817:Drivers/STM32G4xx_HAL_Driver/Src/stm32g4xx_hal_dma.c **** 
 1642              		.loc 1 817 5 view .LVU626
 819:Drivers/STM32G4xx_HAL_Driver/Src/stm32g4xx_hal_dma.c ****     {
 1643              		.loc 1 819 5 view .LVU627
 819:Drivers/STM32G4xx_HAL_Driver/Src/stm32g4xx_hal_dma.c ****     {
 1644              		.loc 1 819 13 is_stmt 0 view .LVU628
 1645 00ce 436B     		ldr	r3, [r0, #52]
 819:Drivers/STM32G4xx_HAL_Driver/Src/stm32g4xx_hal_dma.c ****     {
 1646              		.loc 1 819 8 view .LVU629
 1647 00d0 002B     		cmp	r3, #0
 1648 00d2 BBD0     		beq	.L91
 822:Drivers/STM32G4xx_HAL_Driver/Src/stm32g4xx_hal_dma.c ****     }
 1649              		.loc 1 822 7 is_stmt 1 view .LVU630
 1650 00d4 9847     		blx	r3
 1651              	.LVL91:
 828:Drivers/STM32G4xx_HAL_Driver/Src/stm32g4xx_hal_dma.c ****   return;
 1652              		.loc 1 828 3 view .LVU631
 829:Drivers/STM32G4xx_HAL_Driver/Src/stm32g4xx_hal_dma.c **** }
 1653              		.loc 1 829 3 view .LVU632
 1654 00d6 B9E7     		b	.L91
 1655              		.cfi_endproc
 1656              	.LFE139:
ARM GAS  C:\Users\MyPC\AppData\Local\Temp\ccS8XDvS.s 			page 59


 1658              		.section	.text.HAL_DMA_RegisterCallback,"ax",%progbits
 1659              		.align	1
 1660              		.global	HAL_DMA_RegisterCallback
 1661              		.syntax unified
 1662              		.thumb
 1663              		.thumb_func
 1665              	HAL_DMA_RegisterCallback:
 1666              	.LVL92:
 1667              	.LFB140:
 843:Drivers/STM32G4xx_HAL_Driver/Src/stm32g4xx_hal_dma.c ****   HAL_StatusTypeDef status = HAL_OK;
 1668              		.loc 1 843 1 view -0
 1669              		.cfi_startproc
 1670              		@ args = 0, pretend = 0, frame = 0
 1671              		@ frame_needed = 0, uses_anonymous_args = 0
 1672              		@ link register save eliminated.
 843:Drivers/STM32G4xx_HAL_Driver/Src/stm32g4xx_hal_dma.c ****   HAL_StatusTypeDef status = HAL_OK;
 1673              		.loc 1 843 1 is_stmt 0 view .LVU634
 1674 0000 0346     		mov	r3, r0
 844:Drivers/STM32G4xx_HAL_Driver/Src/stm32g4xx_hal_dma.c **** 
 1675              		.loc 1 844 3 is_stmt 1 view .LVU635
 1676              	.LVL93:
 847:Drivers/STM32G4xx_HAL_Driver/Src/stm32g4xx_hal_dma.c **** 
 1677              		.loc 1 847 3 view .LVU636
 847:Drivers/STM32G4xx_HAL_Driver/Src/stm32g4xx_hal_dma.c **** 
 1678              		.loc 1 847 3 view .LVU637
 1679 0002 90F82400 		ldrb	r0, [r0, #36]	@ zero_extendqisi2
 1680              	.LVL94:
 847:Drivers/STM32G4xx_HAL_Driver/Src/stm32g4xx_hal_dma.c **** 
 1681              		.loc 1 847 3 is_stmt 0 view .LVU638
 1682 0006 0128     		cmp	r0, #1
 1683 0008 22D0     		beq	.L106
 847:Drivers/STM32G4xx_HAL_Driver/Src/stm32g4xx_hal_dma.c **** 
 1684              		.loc 1 847 3 is_stmt 1 discriminator 2 view .LVU639
 1685 000a 0120     		movs	r0, #1
 1686 000c 83F82400 		strb	r0, [r3, #36]
 847:Drivers/STM32G4xx_HAL_Driver/Src/stm32g4xx_hal_dma.c **** 
 1687              		.loc 1 847 3 view .LVU640
 849:Drivers/STM32G4xx_HAL_Driver/Src/stm32g4xx_hal_dma.c ****   {
 1688              		.loc 1 849 3 view .LVU641
 849:Drivers/STM32G4xx_HAL_Driver/Src/stm32g4xx_hal_dma.c ****   {
 1689              		.loc 1 849 34 is_stmt 0 view .LVU642
 1690 0010 93F825C0 		ldrb	ip, [r3, #37]	@ zero_extendqisi2
 1691 0014 5FFA8CF0 		uxtb	r0, ip
 849:Drivers/STM32G4xx_HAL_Driver/Src/stm32g4xx_hal_dma.c ****   {
 1692              		.loc 1 849 6 view .LVU643
 1693 0018 BCF1010F 		cmp	ip, #1
 1694 001c 04D0     		beq	.L108
 876:Drivers/STM32G4xx_HAL_Driver/Src/stm32g4xx_hal_dma.c ****   }
 1695              		.loc 1 876 12 view .LVU644
 1696 001e 0120     		movs	r0, #1
 1697              	.L100:
 1698              	.LVL95:
 880:Drivers/STM32G4xx_HAL_Driver/Src/stm32g4xx_hal_dma.c **** 
 1699              		.loc 1 880 3 is_stmt 1 view .LVU645
 880:Drivers/STM32G4xx_HAL_Driver/Src/stm32g4xx_hal_dma.c **** 
 1700              		.loc 1 880 3 view .LVU646
 1701 0020 0022     		movs	r2, #0
ARM GAS  C:\Users\MyPC\AppData\Local\Temp\ccS8XDvS.s 			page 60


 1702              	.LVL96:
 880:Drivers/STM32G4xx_HAL_Driver/Src/stm32g4xx_hal_dma.c **** 
 1703              		.loc 1 880 3 is_stmt 0 view .LVU647
 1704 0022 83F82420 		strb	r2, [r3, #36]
 880:Drivers/STM32G4xx_HAL_Driver/Src/stm32g4xx_hal_dma.c **** 
 1705              		.loc 1 880 3 is_stmt 1 view .LVU648
 882:Drivers/STM32G4xx_HAL_Driver/Src/stm32g4xx_hal_dma.c **** }
 1706              		.loc 1 882 3 view .LVU649
 882:Drivers/STM32G4xx_HAL_Driver/Src/stm32g4xx_hal_dma.c **** }
 1707              		.loc 1 882 10 is_stmt 0 view .LVU650
 1708 0026 7047     		bx	lr
 1709              	.LVL97:
 1710              	.L108:
 851:Drivers/STM32G4xx_HAL_Driver/Src/stm32g4xx_hal_dma.c ****     {
 1711              		.loc 1 851 5 is_stmt 1 view .LVU651
 1712 0028 0229     		cmp	r1, #2
 1713 002a 0ED0     		beq	.L101
 1714 002c 05D8     		bhi	.L102
 1715 002e 49B1     		cbz	r1, .L103
 1716 0030 0129     		cmp	r1, #1
 1717 0032 F5D1     		bne	.L100
 858:Drivers/STM32G4xx_HAL_Driver/Src/stm32g4xx_hal_dma.c ****         break;
 1718              		.loc 1 858 9 view .LVU652
 858:Drivers/STM32G4xx_HAL_Driver/Src/stm32g4xx_hal_dma.c ****         break;
 1719              		.loc 1 858 36 is_stmt 0 view .LVU653
 1720 0034 1A63     		str	r2, [r3, #48]
 859:Drivers/STM32G4xx_HAL_Driver/Src/stm32g4xx_hal_dma.c **** 
 1721              		.loc 1 859 9 is_stmt 1 view .LVU654
 844:Drivers/STM32G4xx_HAL_Driver/Src/stm32g4xx_hal_dma.c **** 
 1722              		.loc 1 844 21 is_stmt 0 view .LVU655
 1723 0036 0020     		movs	r0, #0
 859:Drivers/STM32G4xx_HAL_Driver/Src/stm32g4xx_hal_dma.c **** 
 1724              		.loc 1 859 9 view .LVU656
 1725 0038 F2E7     		b	.L100
 1726              	.L102:
 851:Drivers/STM32G4xx_HAL_Driver/Src/stm32g4xx_hal_dma.c ****     {
 1727              		.loc 1 851 5 view .LVU657
 1728 003a 0329     		cmp	r1, #3
 1729 003c F0D1     		bne	.L100
 866:Drivers/STM32G4xx_HAL_Driver/Src/stm32g4xx_hal_dma.c ****         break;
 1730              		.loc 1 866 9 is_stmt 1 view .LVU658
 866:Drivers/STM32G4xx_HAL_Driver/Src/stm32g4xx_hal_dma.c ****         break;
 1731              		.loc 1 866 33 is_stmt 0 view .LVU659
 1732 003e 9A63     		str	r2, [r3, #56]
 867:Drivers/STM32G4xx_HAL_Driver/Src/stm32g4xx_hal_dma.c **** 
 1733              		.loc 1 867 9 is_stmt 1 view .LVU660
 844:Drivers/STM32G4xx_HAL_Driver/Src/stm32g4xx_hal_dma.c **** 
 1734              		.loc 1 844 21 is_stmt 0 view .LVU661
 1735 0040 0020     		movs	r0, #0
 867:Drivers/STM32G4xx_HAL_Driver/Src/stm32g4xx_hal_dma.c **** 
 1736              		.loc 1 867 9 view .LVU662
 1737 0042 EDE7     		b	.L100
 1738              	.L103:
 854:Drivers/STM32G4xx_HAL_Driver/Src/stm32g4xx_hal_dma.c ****         break;
 1739              		.loc 1 854 9 is_stmt 1 view .LVU663
 854:Drivers/STM32G4xx_HAL_Driver/Src/stm32g4xx_hal_dma.c ****         break;
 1740              		.loc 1 854 32 is_stmt 0 view .LVU664
ARM GAS  C:\Users\MyPC\AppData\Local\Temp\ccS8XDvS.s 			page 61


 1741 0044 DA62     		str	r2, [r3, #44]
 855:Drivers/STM32G4xx_HAL_Driver/Src/stm32g4xx_hal_dma.c **** 
 1742              		.loc 1 855 9 is_stmt 1 view .LVU665
 844:Drivers/STM32G4xx_HAL_Driver/Src/stm32g4xx_hal_dma.c **** 
 1743              		.loc 1 844 21 is_stmt 0 view .LVU666
 1744 0046 0846     		mov	r0, r1
 855:Drivers/STM32G4xx_HAL_Driver/Src/stm32g4xx_hal_dma.c **** 
 1745              		.loc 1 855 9 view .LVU667
 1746 0048 EAE7     		b	.L100
 1747              	.L101:
 862:Drivers/STM32G4xx_HAL_Driver/Src/stm32g4xx_hal_dma.c ****         break;
 1748              		.loc 1 862 9 is_stmt 1 view .LVU668
 862:Drivers/STM32G4xx_HAL_Driver/Src/stm32g4xx_hal_dma.c ****         break;
 1749              		.loc 1 862 33 is_stmt 0 view .LVU669
 1750 004a 5A63     		str	r2, [r3, #52]
 863:Drivers/STM32G4xx_HAL_Driver/Src/stm32g4xx_hal_dma.c **** 
 1751              		.loc 1 863 9 is_stmt 1 view .LVU670
 844:Drivers/STM32G4xx_HAL_Driver/Src/stm32g4xx_hal_dma.c **** 
 1752              		.loc 1 844 21 is_stmt 0 view .LVU671
 1753 004c 0020     		movs	r0, #0
 863:Drivers/STM32G4xx_HAL_Driver/Src/stm32g4xx_hal_dma.c **** 
 1754              		.loc 1 863 9 view .LVU672
 1755 004e E7E7     		b	.L100
 1756              	.L106:
 847:Drivers/STM32G4xx_HAL_Driver/Src/stm32g4xx_hal_dma.c **** 
 1757              		.loc 1 847 3 discriminator 1 view .LVU673
 1758 0050 0220     		movs	r0, #2
 883:Drivers/STM32G4xx_HAL_Driver/Src/stm32g4xx_hal_dma.c **** 
 1759              		.loc 1 883 1 view .LVU674
 1760 0052 7047     		bx	lr
 1761              		.cfi_endproc
 1762              	.LFE140:
 1764              		.section	.text.HAL_DMA_UnRegisterCallback,"ax",%progbits
 1765              		.align	1
 1766              		.global	HAL_DMA_UnRegisterCallback
 1767              		.syntax unified
 1768              		.thumb
 1769              		.thumb_func
 1771              	HAL_DMA_UnRegisterCallback:
 1772              	.LVL98:
 1773              	.LFB141:
 894:Drivers/STM32G4xx_HAL_Driver/Src/stm32g4xx_hal_dma.c ****   HAL_StatusTypeDef status = HAL_OK;
 1774              		.loc 1 894 1 is_stmt 1 view -0
 1775              		.cfi_startproc
 1776              		@ args = 0, pretend = 0, frame = 0
 1777              		@ frame_needed = 0, uses_anonymous_args = 0
 1778              		@ link register save eliminated.
 894:Drivers/STM32G4xx_HAL_Driver/Src/stm32g4xx_hal_dma.c ****   HAL_StatusTypeDef status = HAL_OK;
 1779              		.loc 1 894 1 is_stmt 0 view .LVU676
 1780 0000 0346     		mov	r3, r0
 895:Drivers/STM32G4xx_HAL_Driver/Src/stm32g4xx_hal_dma.c **** 
 1781              		.loc 1 895 3 is_stmt 1 view .LVU677
 1782              	.LVL99:
 898:Drivers/STM32G4xx_HAL_Driver/Src/stm32g4xx_hal_dma.c **** 
 1783              		.loc 1 898 3 view .LVU678
 898:Drivers/STM32G4xx_HAL_Driver/Src/stm32g4xx_hal_dma.c **** 
 1784              		.loc 1 898 3 view .LVU679
ARM GAS  C:\Users\MyPC\AppData\Local\Temp\ccS8XDvS.s 			page 62


 1785 0002 90F82420 		ldrb	r2, [r0, #36]	@ zero_extendqisi2
 1786 0006 012A     		cmp	r2, #1
 1787 0008 28D0     		beq	.L118
 898:Drivers/STM32G4xx_HAL_Driver/Src/stm32g4xx_hal_dma.c **** 
 1788              		.loc 1 898 3 discriminator 2 view .LVU680
 1789 000a 0122     		movs	r2, #1
 1790 000c 80F82420 		strb	r2, [r0, #36]
 898:Drivers/STM32G4xx_HAL_Driver/Src/stm32g4xx_hal_dma.c **** 
 1791              		.loc 1 898 3 view .LVU681
 900:Drivers/STM32G4xx_HAL_Driver/Src/stm32g4xx_hal_dma.c ****   {
 1792              		.loc 1 900 3 view .LVU682
 900:Drivers/STM32G4xx_HAL_Driver/Src/stm32g4xx_hal_dma.c ****   {
 1793              		.loc 1 900 34 is_stmt 0 view .LVU683
 1794 0010 90F82520 		ldrb	r2, [r0, #37]	@ zero_extendqisi2
 1795 0014 D0B2     		uxtb	r0, r2
 1796              	.LVL100:
 900:Drivers/STM32G4xx_HAL_Driver/Src/stm32g4xx_hal_dma.c ****   {
 1797              		.loc 1 900 6 view .LVU684
 1798 0016 012A     		cmp	r2, #1
 1799 0018 04D0     		beq	.L120
 934:Drivers/STM32G4xx_HAL_Driver/Src/stm32g4xx_hal_dma.c ****   }
 1800              		.loc 1 934 12 view .LVU685
 1801 001a 0120     		movs	r0, #1
 1802              	.L111:
 1803              	.LVL101:
 938:Drivers/STM32G4xx_HAL_Driver/Src/stm32g4xx_hal_dma.c **** 
 1804              		.loc 1 938 3 is_stmt 1 view .LVU686
 938:Drivers/STM32G4xx_HAL_Driver/Src/stm32g4xx_hal_dma.c **** 
 1805              		.loc 1 938 3 view .LVU687
 1806 001c 0022     		movs	r2, #0
 1807 001e 83F82420 		strb	r2, [r3, #36]
 938:Drivers/STM32G4xx_HAL_Driver/Src/stm32g4xx_hal_dma.c **** 
 1808              		.loc 1 938 3 view .LVU688
 940:Drivers/STM32G4xx_HAL_Driver/Src/stm32g4xx_hal_dma.c **** }
 1809              		.loc 1 940 3 view .LVU689
 940:Drivers/STM32G4xx_HAL_Driver/Src/stm32g4xx_hal_dma.c **** }
 1810              		.loc 1 940 10 is_stmt 0 view .LVU690
 1811 0022 7047     		bx	lr
 1812              	.LVL102:
 1813              	.L120:
 902:Drivers/STM32G4xx_HAL_Driver/Src/stm32g4xx_hal_dma.c ****     {
 1814              		.loc 1 902 5 is_stmt 1 view .LVU691
 1815 0024 0229     		cmp	r1, #2
 1816 0026 13D0     		beq	.L112
 1817 0028 09D9     		bls	.L121
 1818 002a 0329     		cmp	r1, #3
 1819 002c 13D0     		beq	.L116
 1820 002e 0429     		cmp	r1, #4
 1821 0030 F4D1     		bne	.L111
 921:Drivers/STM32G4xx_HAL_Driver/Src/stm32g4xx_hal_dma.c ****         hdma->XferHalfCpltCallback = NULL;
 1822              		.loc 1 921 9 view .LVU692
 921:Drivers/STM32G4xx_HAL_Driver/Src/stm32g4xx_hal_dma.c ****         hdma->XferHalfCpltCallback = NULL;
 1823              		.loc 1 921 32 is_stmt 0 view .LVU693
 1824 0032 0020     		movs	r0, #0
 1825 0034 D862     		str	r0, [r3, #44]
 922:Drivers/STM32G4xx_HAL_Driver/Src/stm32g4xx_hal_dma.c ****         hdma->XferErrorCallback = NULL;
 1826              		.loc 1 922 9 is_stmt 1 view .LVU694
ARM GAS  C:\Users\MyPC\AppData\Local\Temp\ccS8XDvS.s 			page 63


 922:Drivers/STM32G4xx_HAL_Driver/Src/stm32g4xx_hal_dma.c ****         hdma->XferErrorCallback = NULL;
 1827              		.loc 1 922 36 is_stmt 0 view .LVU695
 1828 0036 1863     		str	r0, [r3, #48]
 923:Drivers/STM32G4xx_HAL_Driver/Src/stm32g4xx_hal_dma.c ****         hdma->XferAbortCallback = NULL;
 1829              		.loc 1 923 9 is_stmt 1 view .LVU696
 923:Drivers/STM32G4xx_HAL_Driver/Src/stm32g4xx_hal_dma.c ****         hdma->XferAbortCallback = NULL;
 1830              		.loc 1 923 33 is_stmt 0 view .LVU697
 1831 0038 5863     		str	r0, [r3, #52]
 924:Drivers/STM32G4xx_HAL_Driver/Src/stm32g4xx_hal_dma.c ****         break;
 1832              		.loc 1 924 9 is_stmt 1 view .LVU698
 924:Drivers/STM32G4xx_HAL_Driver/Src/stm32g4xx_hal_dma.c ****         break;
 1833              		.loc 1 924 33 is_stmt 0 view .LVU699
 1834 003a 9863     		str	r0, [r3, #56]
 925:Drivers/STM32G4xx_HAL_Driver/Src/stm32g4xx_hal_dma.c **** 
 1835              		.loc 1 925 9 is_stmt 1 view .LVU700
 1836 003c EEE7     		b	.L111
 1837              	.L121:
 902:Drivers/STM32G4xx_HAL_Driver/Src/stm32g4xx_hal_dma.c ****     {
 1838              		.loc 1 902 5 is_stmt 0 view .LVU701
 1839 003e 21B1     		cbz	r1, .L114
 1840 0040 0129     		cmp	r1, #1
 1841 0042 EBD1     		bne	.L111
 909:Drivers/STM32G4xx_HAL_Driver/Src/stm32g4xx_hal_dma.c ****         break;
 1842              		.loc 1 909 9 is_stmt 1 view .LVU702
 909:Drivers/STM32G4xx_HAL_Driver/Src/stm32g4xx_hal_dma.c ****         break;
 1843              		.loc 1 909 36 is_stmt 0 view .LVU703
 1844 0044 0020     		movs	r0, #0
 1845 0046 1863     		str	r0, [r3, #48]
 910:Drivers/STM32G4xx_HAL_Driver/Src/stm32g4xx_hal_dma.c **** 
 1846              		.loc 1 910 9 is_stmt 1 view .LVU704
 1847 0048 E8E7     		b	.L111
 1848              	.L114:
 905:Drivers/STM32G4xx_HAL_Driver/Src/stm32g4xx_hal_dma.c ****         break;
 1849              		.loc 1 905 9 view .LVU705
 905:Drivers/STM32G4xx_HAL_Driver/Src/stm32g4xx_hal_dma.c ****         break;
 1850              		.loc 1 905 32 is_stmt 0 view .LVU706
 1851 004a D962     		str	r1, [r3, #44]
 906:Drivers/STM32G4xx_HAL_Driver/Src/stm32g4xx_hal_dma.c **** 
 1852              		.loc 1 906 9 is_stmt 1 view .LVU707
 895:Drivers/STM32G4xx_HAL_Driver/Src/stm32g4xx_hal_dma.c **** 
 1853              		.loc 1 895 21 is_stmt 0 view .LVU708
 1854 004c 0846     		mov	r0, r1
 906:Drivers/STM32G4xx_HAL_Driver/Src/stm32g4xx_hal_dma.c **** 
 1855              		.loc 1 906 9 view .LVU709
 1856 004e E5E7     		b	.L111
 1857              	.L112:
 913:Drivers/STM32G4xx_HAL_Driver/Src/stm32g4xx_hal_dma.c ****         break;
 1858              		.loc 1 913 9 is_stmt 1 view .LVU710
 913:Drivers/STM32G4xx_HAL_Driver/Src/stm32g4xx_hal_dma.c ****         break;
 1859              		.loc 1 913 33 is_stmt 0 view .LVU711
 1860 0050 0020     		movs	r0, #0
 1861 0052 5863     		str	r0, [r3, #52]
 914:Drivers/STM32G4xx_HAL_Driver/Src/stm32g4xx_hal_dma.c **** 
 1862              		.loc 1 914 9 is_stmt 1 view .LVU712
 1863 0054 E2E7     		b	.L111
 1864              	.L116:
 917:Drivers/STM32G4xx_HAL_Driver/Src/stm32g4xx_hal_dma.c ****         break;
ARM GAS  C:\Users\MyPC\AppData\Local\Temp\ccS8XDvS.s 			page 64


 1865              		.loc 1 917 9 view .LVU713
 917:Drivers/STM32G4xx_HAL_Driver/Src/stm32g4xx_hal_dma.c ****         break;
 1866              		.loc 1 917 33 is_stmt 0 view .LVU714
 1867 0056 0020     		movs	r0, #0
 1868 0058 9863     		str	r0, [r3, #56]
 918:Drivers/STM32G4xx_HAL_Driver/Src/stm32g4xx_hal_dma.c **** 
 1869              		.loc 1 918 9 is_stmt 1 view .LVU715
 1870 005a DFE7     		b	.L111
 1871              	.LVL103:
 1872              	.L118:
 898:Drivers/STM32G4xx_HAL_Driver/Src/stm32g4xx_hal_dma.c **** 
 1873              		.loc 1 898 3 is_stmt 0 discriminator 1 view .LVU716
 1874 005c 0220     		movs	r0, #2
 1875              	.LVL104:
 941:Drivers/STM32G4xx_HAL_Driver/Src/stm32g4xx_hal_dma.c **** 
 1876              		.loc 1 941 1 view .LVU717
 1877 005e 7047     		bx	lr
 1878              		.cfi_endproc
 1879              	.LFE141:
 1881              		.section	.text.HAL_DMA_GetState,"ax",%progbits
 1882              		.align	1
 1883              		.global	HAL_DMA_GetState
 1884              		.syntax unified
 1885              		.thumb
 1886              		.thumb_func
 1888              	HAL_DMA_GetState:
 1889              	.LVL105:
 1890              	.LFB142:
 971:Drivers/STM32G4xx_HAL_Driver/Src/stm32g4xx_hal_dma.c ****   /* Return DMA handle state */
 1891              		.loc 1 971 1 is_stmt 1 view -0
 1892              		.cfi_startproc
 1893              		@ args = 0, pretend = 0, frame = 0
 1894              		@ frame_needed = 0, uses_anonymous_args = 0
 1895              		@ link register save eliminated.
 973:Drivers/STM32G4xx_HAL_Driver/Src/stm32g4xx_hal_dma.c **** }
 1896              		.loc 1 973 3 view .LVU719
 973:Drivers/STM32G4xx_HAL_Driver/Src/stm32g4xx_hal_dma.c **** }
 1897              		.loc 1 973 14 is_stmt 0 view .LVU720
 1898 0000 90F82500 		ldrb	r0, [r0, #37]	@ zero_extendqisi2
 1899              	.LVL106:
 974:Drivers/STM32G4xx_HAL_Driver/Src/stm32g4xx_hal_dma.c **** 
 1900              		.loc 1 974 1 view .LVU721
 1901 0004 7047     		bx	lr
 1902              		.cfi_endproc
 1903              	.LFE142:
 1905              		.section	.text.HAL_DMA_GetError,"ax",%progbits
 1906              		.align	1
 1907              		.global	HAL_DMA_GetError
 1908              		.syntax unified
 1909              		.thumb
 1910              		.thumb_func
 1912              	HAL_DMA_GetError:
 1913              	.LVL107:
 1914              	.LFB143:
 983:Drivers/STM32G4xx_HAL_Driver/Src/stm32g4xx_hal_dma.c ****   return hdma->ErrorCode;
 1915              		.loc 1 983 1 is_stmt 1 view -0
 1916              		.cfi_startproc
ARM GAS  C:\Users\MyPC\AppData\Local\Temp\ccS8XDvS.s 			page 65


 1917              		@ args = 0, pretend = 0, frame = 0
 1918              		@ frame_needed = 0, uses_anonymous_args = 0
 1919              		@ link register save eliminated.
 984:Drivers/STM32G4xx_HAL_Driver/Src/stm32g4xx_hal_dma.c **** }
 1920              		.loc 1 984 3 view .LVU723
 984:Drivers/STM32G4xx_HAL_Driver/Src/stm32g4xx_hal_dma.c **** }
 1921              		.loc 1 984 14 is_stmt 0 view .LVU724
 1922 0000 C06B     		ldr	r0, [r0, #60]
 1923              	.LVL108:
 985:Drivers/STM32G4xx_HAL_Driver/Src/stm32g4xx_hal_dma.c **** 
 1924              		.loc 1 985 1 view .LVU725
 1925 0002 7047     		bx	lr
 1926              		.cfi_endproc
 1927              	.LFE143:
 1929              		.text
 1930              	.Letext0:
 1931              		.file 2 "D:/Program Files (x86)/Arm/GNU Toolchain mingw-w64-i686-arm-none-eabi/arm-none-eabi/inclu
 1932              		.file 3 "D:/Program Files (x86)/Arm/GNU Toolchain mingw-w64-i686-arm-none-eabi/arm-none-eabi/inclu
 1933              		.file 4 "Drivers/CMSIS/Device/ST/STM32G4xx/Include/stm32g431xx.h"
 1934              		.file 5 "Drivers/STM32G4xx_HAL_Driver/Inc/stm32g4xx_hal_def.h"
 1935              		.file 6 "Drivers/STM32G4xx_HAL_Driver/Inc/stm32g4xx_hal_dma.h"
 1936              		.file 7 "Drivers/STM32G4xx_HAL_Driver/Inc/stm32g4xx_hal.h"
ARM GAS  C:\Users\MyPC\AppData\Local\Temp\ccS8XDvS.s 			page 66


DEFINED SYMBOLS
                            *ABS*:00000000 stm32g4xx_hal_dma.c
C:\Users\MyPC\AppData\Local\Temp\ccS8XDvS.s:21     .text.DMA_SetConfig:00000000 $t
C:\Users\MyPC\AppData\Local\Temp\ccS8XDvS.s:26     .text.DMA_SetConfig:00000000 DMA_SetConfig
C:\Users\MyPC\AppData\Local\Temp\ccS8XDvS.s:108    .text.DMA_CalcDMAMUXChannelBaseAndMask:00000000 $t
C:\Users\MyPC\AppData\Local\Temp\ccS8XDvS.s:113    .text.DMA_CalcDMAMUXChannelBaseAndMask:00000000 DMA_CalcDMAMUXChannelBaseAndMask
C:\Users\MyPC\AppData\Local\Temp\ccS8XDvS.s:193    .text.DMA_CalcDMAMUXChannelBaseAndMask:00000044 $d
C:\Users\MyPC\AppData\Local\Temp\ccS8XDvS.s:202    .text.DMA_CalcDMAMUXRequestGenBaseAndMask:00000000 $t
C:\Users\MyPC\AppData\Local\Temp\ccS8XDvS.s:207    .text.DMA_CalcDMAMUXRequestGenBaseAndMask:00000000 DMA_CalcDMAMUXRequestGenBaseAndMask
C:\Users\MyPC\AppData\Local\Temp\ccS8XDvS.s:249    .text.DMA_CalcDMAMUXRequestGenBaseAndMask:00000024 $d
C:\Users\MyPC\AppData\Local\Temp\ccS8XDvS.s:255    .text.HAL_DMA_Init:00000000 $t
C:\Users\MyPC\AppData\Local\Temp\ccS8XDvS.s:261    .text.HAL_DMA_Init:00000000 HAL_DMA_Init
C:\Users\MyPC\AppData\Local\Temp\ccS8XDvS.s:478    .text.HAL_DMA_Init:000000c0 $d
C:\Users\MyPC\AppData\Local\Temp\ccS8XDvS.s:488    .text.HAL_DMA_DeInit:00000000 $t
C:\Users\MyPC\AppData\Local\Temp\ccS8XDvS.s:494    .text.HAL_DMA_DeInit:00000000 HAL_DMA_DeInit
C:\Users\MyPC\AppData\Local\Temp\ccS8XDvS.s:676    .text.HAL_DMA_DeInit:000000a0 $d
C:\Users\MyPC\AppData\Local\Temp\ccS8XDvS.s:686    .text.HAL_DMA_Start:00000000 $t
C:\Users\MyPC\AppData\Local\Temp\ccS8XDvS.s:692    .text.HAL_DMA_Start:00000000 HAL_DMA_Start
C:\Users\MyPC\AppData\Local\Temp\ccS8XDvS.s:777    .text.HAL_DMA_Start_IT:00000000 $t
C:\Users\MyPC\AppData\Local\Temp\ccS8XDvS.s:783    .text.HAL_DMA_Start_IT:00000000 HAL_DMA_Start_IT
C:\Users\MyPC\AppData\Local\Temp\ccS8XDvS.s:918    .text.HAL_DMA_Abort:00000000 $t
C:\Users\MyPC\AppData\Local\Temp\ccS8XDvS.s:924    .text.HAL_DMA_Abort:00000000 HAL_DMA_Abort
C:\Users\MyPC\AppData\Local\Temp\ccS8XDvS.s:1041   .text.HAL_DMA_Abort_IT:00000000 $t
C:\Users\MyPC\AppData\Local\Temp\ccS8XDvS.s:1047   .text.HAL_DMA_Abort_IT:00000000 HAL_DMA_Abort_IT
C:\Users\MyPC\AppData\Local\Temp\ccS8XDvS.s:1179   .text.HAL_DMA_PollForTransfer:00000000 $t
C:\Users\MyPC\AppData\Local\Temp\ccS8XDvS.s:1185   .text.HAL_DMA_PollForTransfer:00000000 HAL_DMA_PollForTransfer
C:\Users\MyPC\AppData\Local\Temp\ccS8XDvS.s:1467   .text.HAL_DMA_IRQHandler:00000000 $t
C:\Users\MyPC\AppData\Local\Temp\ccS8XDvS.s:1473   .text.HAL_DMA_IRQHandler:00000000 HAL_DMA_IRQHandler
C:\Users\MyPC\AppData\Local\Temp\ccS8XDvS.s:1659   .text.HAL_DMA_RegisterCallback:00000000 $t
C:\Users\MyPC\AppData\Local\Temp\ccS8XDvS.s:1665   .text.HAL_DMA_RegisterCallback:00000000 HAL_DMA_RegisterCallback
C:\Users\MyPC\AppData\Local\Temp\ccS8XDvS.s:1765   .text.HAL_DMA_UnRegisterCallback:00000000 $t
C:\Users\MyPC\AppData\Local\Temp\ccS8XDvS.s:1771   .text.HAL_DMA_UnRegisterCallback:00000000 HAL_DMA_UnRegisterCallback
C:\Users\MyPC\AppData\Local\Temp\ccS8XDvS.s:1882   .text.HAL_DMA_GetState:00000000 $t
C:\Users\MyPC\AppData\Local\Temp\ccS8XDvS.s:1888   .text.HAL_DMA_GetState:00000000 HAL_DMA_GetState
C:\Users\MyPC\AppData\Local\Temp\ccS8XDvS.s:1906   .text.HAL_DMA_GetError:00000000 $t
C:\Users\MyPC\AppData\Local\Temp\ccS8XDvS.s:1912   .text.HAL_DMA_GetError:00000000 HAL_DMA_GetError

UNDEFINED SYMBOLS
HAL_GetTick
